cluster_0	5	PRR20A	PRR20B	PRR20C	PRR20D	PRR20E
cluster_1	3	GATB	GATC	QRSL1
cluster_2	3	NFYA	NFYB	NFYC
cluster_3	3	USP17L24	USP17L25	USP17L26
cluster_4	4	TSEN15	TSEN2	TSEN34	TSEN54
cluster_5	3	BABAM2	BRCC3	SHMT2
cluster_6	8	BLOC1S1	BLOC1S2	BORCS5	BORCS6	BORCS7	BORCS8	KXD1	SNAPIN
cluster_7	5	CBFB	CUL5	ELOB	ELOC	RNF7
cluster_8	3	ABRAXAS2	BABAM1	SHMT2
cluster_9	9	CCT2	CCT3	CCT4	CCT5	CCT6A	CCT7	CCT8	CDC20	TCP1
cluster_10	3	CALR	HSP90B1	LRP1
cluster_11	3	CTBP1	CTBP2	RBBP8
cluster_12	4	EZR	MSN	RDX	SLC9A1
cluster_13	3	CAV1	CAV2	CAV3
cluster_14	3	LAMP1	MTOR	RPTOR
cluster_15	3	PPP1CA	PPP1CB	PPP1CC
cluster_16	5	ANAPC4	BUB1B	CDC20	CDC27	MXI1
cluster_17	3	SHLD1	SHLD2	SHLD3
cluster_18	10	EMC1	EMC10	EMC2	EMC3	EMC4	EMC6	EMC7	EMC8	EMC9	MMGT1
cluster_19	4	BTBD9	FAF1	UBXN1	UBXN7
cluster_20	4	MTOR	PSMC5	PSMC6	PSMD14
cluster_21	4	SMAD2	SMAD3	SMAD4	TRIM33
cluster_22	3	ABCC8	KCNJ11	KCNJ8
cluster_23	3	FTH1	FTL	NCOA4
cluster_24	4	NANOG	POU5F1	SALL4	SOX2
cluster_25	3	ANXA2	PLG	S100A10
cluster_26	3	CDK5RAP1	EXOSC3	EXOSC5
cluster_27	3	FIS1	TBC1D15	TBC1D17
cluster_28	3	FAF2	MAGED1	UBXN1
cluster_29	3	INTS1	INTS6	PPP1CB
cluster_30	3	LACTB	NSFL1C	UBXN2A
cluster_31	3	NDUFA13	TIMMDC1	YME1L1
cluster_32	5	CYFIP1	CYFIP2	FMR1	FXR1	FXR2
cluster_33	6	AGK	TIMM10	TIMM10B	TIMM22	TIMM29	TIMM9
cluster_34	3	ADIPOR1	ADIPOR2	APPL1
cluster_35	5	RPS27A	UBA52	UBB	UBC	USP7
cluster_36	4	HSP90AA1	HSP90AB1	HSPA4	LRP1
cluster_37	3	APOE	APP	MAPT
cluster_38	3	ADRB2	ARRB1	ARRB2
cluster_39	3	CAPZA1	CAPZA2	S100B
cluster_40	5	LMNA	SUN1	SUN2	SYNE1	SYNE2
cluster_41	4	CD151	COL17A1	DST	PLEC
cluster_42	3	ANXA1	FPR1	FPR2
cluster_43	3	HSP90AA1	HSP90AB1	TERT
cluster_44	4	GNAT3	TAS1R1	TAS1R2	TAS1R3
cluster_45	3	FUS	SOD1	TARDBP
cluster_46	5	ATG12	ATG5	DDX58	IFIH1	MAVS
cluster_47	3	CBFB	RUNX1	RUNX3
cluster_48	3	CUL1	HEY1	SKP1
cluster_49	3	PRKN	SNCA	TARDBP
cluster_50	86	CDH1	ETF1	FAU	H3BNC9_HUMAN	RACK1	RPL10	RPL10A	RPL10L	RPL11	RPL12	RPL13	RPL13A	RPL14	RPL15	RPL17	RPL17-C18orf32	RPL18	RPL18A	RPL19	RPL21	RPL22	RPL23	RPL23A	RPL24	RPL26	RPL26L1	RPL27	RPL27A	RPL28	RPL29	RPL3	RPL30	RPL31	RPL32	RPL34	RPL35	RPL35A	RPL36	RPL36A	RPL36AL	RPL37	RPL37A	RPL38	RPL39	RPL4	RPL5	RPL6	RPL7	RPL7A	RPL8	RPL9	RPLP0	RPS10	RPS10-NUDT3	RPS11	RPS12	RPS13	RPS14	RPS15	RPS15A	RPS16	RPS17	RPS18	RPS19	RPS2	RPS20	RPS21	RPS23	RPS24	RPS25	RPS26	RPS27	RPS27A	RPS28	RPS29	RPS3	RPS3A	RPS4X	RPS4Y1	RPS5	RPS6	RPS7	RPS8	RPS9	RPSA	UBA52
cluster_51	3	ERLIN1	ERLIN2	PHB
cluster_52	3	FGFR1OP	PPP2CA	PPP2CB
cluster_53	3	DGCR8	METTL14	METTL3
cluster_54	4	GPS2	TBL1X	TBL1XR1	TBL1Y
cluster_55	3	KAT2A	SOD2	WDR5
cluster_56	4	HSPB3	IGF1	IGF2	INS
cluster_57	4	ARRB1	ARRB2	MAPK1	MAPK3
cluster_58	3	AXIN1	CHKA	GSK3B
cluster_59	4	CYLD	THOC1	THOC2	THOC3
cluster_60	3	CASP3	DFFA	DFFB
cluster_61	3	PPIA	PPP3CA	PPP3R1
cluster_62	3	CDK5	CDK5R1	MAPT
cluster_63	3	APIP	ENOPH1	MRI1
cluster_64	3	CD209	ERVW-1	ITIH4
cluster_65	4	AMT	GCSH	GLDC	MYBPH
cluster_66	6	ASH2L	RBBP5	SDC1	SETD1A	WDR5	WDR82
cluster_67	3	DCAF15	DDA1	RBM39
cluster_68	4	C9orf72	RAB39B	SMCR8	WDR41
cluster_69	4	GGA1	GGA2	GGA3	IGF2R
cluster_70	3	ARNTL	CLOCK	KDM5A
cluster_71	4	DISC1	NDE1	NDEL1	PAFAH1B1
cluster_72	3	CD209	ICAM2	ICAM3
cluster_73	8	PRKAA1	PRKAA2	PRKAB1	PRKAB2	PRKAG1	PRKAG2	PRKAG3	STK11
cluster_74	3	CDC37	CDK4	CDK6
cluster_75	3	FKBP4	FKBP5	PHLPP1
cluster_76	3	MCM3AP	PCID2	SEM1
cluster_77	3	CD151	MEI4	REC114
cluster_78	3	DDX17	DDX5	ESR1
cluster_79	3	GNPTAB	GNPTG	NAGPA
cluster_80	3	GP1BA	ITGAM	ITGB2
cluster_81	3	ARNT	ARNT2	NPAS4
cluster_82	4	CFL1	CFL2	LIMK1	LIMK2
cluster_83	4	EZR	PRKACA	PRKACB	PRKACG
cluster_84	3	HCRT	HLA-DQA1	HLA-DQB1
cluster_85	5	AKT1	AKT2	AKT3	PHLPP1	PHLPP2
cluster_86	3	MAP2K1	MAP2K2	MAP3K1
cluster_87	3	ACBD5	VAPA	VAPB
cluster_88	3	GTPBP3	MTO1	TRMU
cluster_89	3	LRP8	RELN	VLDLR
cluster_90	3	PTK2	PTK2B	RB1CC1
cluster_91	4	ARNTL	CLOCK	PER2	SIRT1
cluster_92	3	LEMD3	SMAD2	SMAD3
cluster_93	3	MDM2	NUMB	NUMBL
cluster_94	3	BECN1	ITPR1	ITPR3
cluster_95	3	GNA13	ITGA2B	ITGB3
cluster_96	8	CALM3	CALML3	CALML4	CALML5	CALML6	PRKACA	PRKACB	PRKACG
cluster_97	5	ACE	AGT	AGTR1	KNG1	REN
cluster_98	8	CASP10	CASP8	CFLAR	FADD	FAF1	FAS	RIPK1	TRADD
cluster_99	3	GNB5	RGS7BP	RGS9BP
cluster_100	6	HAT1	ORC1	ORC2	ORC3	ORC4	ORC5
cluster_101	3	CPLANE2	FUZ	INTU
cluster_102	3	GP1BA	GP1BB	YWHAZ
cluster_103	7	APH1A	APH1B	NCSTN	PSEN1	PSEN2	PSENEN	TMED10
cluster_104	8	GRIN1	GRIN2A	GRIN2B	GRIN2C	GRIN2D	GRIN3A	GRIN3B	PDYN
cluster_105	4	SUMO1	SUMO2	TDG	UBE2I
cluster_106	4	CUL1	FBH1	RBX1	SKP1
cluster_107	7	LATS1	LATS2	MOB1A	MOB1B	SAV1	STK3	STK4
cluster_108	3	FDPS	GGPS1	RSAD2
cluster_109	3	MCOLN1	MCOLN2	MCOLN3
cluster_110	3	ILK	LIMS1	TMSB4X
cluster_111	3	PRKCI	PRKCZ	SQSTM1
cluster_112	3	RAPGEF2	TJP1	TJP2
cluster_113	3	FOXO1	FOXO3	PPARGC1A
cluster_114	6	CYBA	CYBB	NCF1	NCF2	NCF4	RAP1A
cluster_115	4	APOE	APP	CLU	TREM2
cluster_116	7	AKAP1	PRKACA	PRKACB	PRKACG	PRKAR1A	PRKAR2A	PRKAR2B
cluster_117	3	CDC14A	SIRT1	SIRT2
cluster_118	4	DVL1	DVL2	DVL3	NKD1
cluster_119	4	CAB39	CAB39L	STRADA	STRADB
cluster_120	3	NUFIP1	ZNHIT3	ZNHIT6
cluster_121	4	CAPRIN1	G3BP1	G3BP2	USP10
cluster_122	3	PPP1R10	TOX4	WDR82
cluster_123	4	GADD45A	GADD45B	GADD45G	MAP3K4
cluster_124	10	ABI1	ARF1	BRK1	CYFIP1	CYFIP2	NCKAP1	NCKAP1L	WASF1	WASF2	WASF3
cluster_125	3	ALB	FN1	MYOM2
cluster_126	3	DCDC2	DNAAF4	KIAA0319
cluster_127	3	PHGDH	PSAT1	PSPH
cluster_128	3	ACKR1	NECTIN1	NECTIN2
cluster_129	3	GYG1	GYG2	TRIM7
cluster_130	3	ALKBH3	ASCC2	ASCC3
cluster_131	3	S100A12	S100A8	S100A9
cluster_132	3	PRKD1	PRKD2	PRKD3
cluster_133	4	GSPT2	PABPC1	SMG1	UPF1
cluster_134	3	FLAD1	PAPSS1	PAPSS2
cluster_135	3	ABL2	CRK	CRKL
cluster_136	3	CAV1	FLOT1	FLOT2
cluster_137	3	CD226	ITGAL	ITGB2
cluster_138	3	BCL2	BCL2L1	FKBP8
cluster_139	5	CIAO1	CIAO2B	MMS19	SLC25A5	SLC25A6
cluster_140	3	FRS3	GRB2	PTPN11
cluster_141	6	BTRC	CD4	CUL1	FBXW11	RBX1	SKP1
cluster_142	6	AKT1S1	DEPTOR	IGBP1	MLST8	MTOR	RPTOR
cluster_143	4	STAR	VDAC1	VDAC2	VDAC3
cluster_144	3	ACTB	ACTG1	IQGAP1
cluster_145	5	ACAN	BCAN	NCAN	PTPRZ1	VCAN
cluster_146	7	MAPKAP1	MLST8	RICTOR	RPTOR	SMG1	TELO2	TTI1
cluster_147	3	FAH	HPD	TAT
cluster_148	3	IGHV3-43D	IGLL5	LOC102723407
cluster_149	3	IGSF5	JAM2	JAM3
cluster_150	3	SDC1	SDC4	SDCBP
cluster_151	8	GSK3B	KIF5A	KIF5B	KIF5C	KLC1	KLC2	KLC3	KLC4
cluster_152	3	KANK1	TLN1	TLN2
cluster_153	3	ATXN2	ATXN2L	LSM12
cluster_154	3	CCND1	CDK4	YBX3
cluster_155	3	CD163	HP	HPX
cluster_156	3	GGA1	GGA2	SORL1
cluster_157	4	ATG12	ATG16L1	ATG5	TUFM
cluster_158	4	ELL	SNF8	VPS25	VPS36
cluster_159	6	ARAF	BRAF	GSK3B	MAP2K1	MAP2K2	RAF1
cluster_160	5	HRAS	KRAS	MAP2K1	MAP2K2	NRAS
cluster_161	4	ARRB1	ARRB2	MAP2K4	MAP3K5
cluster_162	6	CHUK	IKBKB	IKBKG	MAP3K3	MAP3K7	TRAF6
cluster_163	4	CAMK2A	CAMK2B	CAMK2D	CAMK2G
cluster_164	3	BTN3A1	BTN3A2	BTN3A3
cluster_165	7	PPP1CA	PPP1CB	PPP1CC	PPP1R3A	PPP1R3B	PPP1R3C	PPP1R3D
cluster_166	14	ENY2	KAT2A	KAT2B	SARS1	SGF29	SUPT20H	SUPT3H	TADA2A	TADA3	TAF10	TAF12	TAF9	TAF9B	TRRAP
cluster_167	3	RAN	RANBP1	RANGRF
cluster_168	3	DLG1	LCK	ZAP70
cluster_169	3	MEIG1	SPAG16	SPAG6
cluster_170	3	LLGL1	LLGL2	SCRIB
cluster_171	3	NBR1	SQSTM1	TTN
cluster_172	7	HSP90AA1	HSP90AB1	HSPA1B	HSPA4	HSPA8	MAPT	STUB1
cluster_173	4	BIRC2	BIRC3	SEPTIN4	XIAP
cluster_174	5	CHUK	ERC1	IKBKB	IKBKG	NFKBIA
cluster_175	3	BAG2	HSPH1	SGTA
cluster_176	3	TBX5	WWTR1	YAP1
cluster_177	5	CETN3	ENY2	MAD1L1	MCM3AP	PCID2
cluster_178	6	CTC1	POLA1	POLA2	PRIM1	PRIM2	TEN1
cluster_179	3	CAMK2A	CAMK2B	MAPT
cluster_180	6	EIPR1	VPS50	VPS51	VPS52	VPS53	VPS54
cluster_181	8	CALM3	CALML3	CALML4	CALML5	CALML6	PDE1A	PDE1B	PDE1C
cluster_182	9	BOC	CDON	DHH	GAS1	IHH	LRP2	PTCH1	PTCH2	SHH
cluster_183	3	PTF1A	RBPJ	RBPJL
cluster_184	5	TNFRSF13B	TNFRSF13C	TNFRSF17	TNFSF13	TNFSF13B
cluster_185	5	B3GNT6	C1GALT1	C1GALT1C1	GCNT1	ST6GALNAC1
cluster_186	6	LINGO1	MAG	NGFR	OMG	RTN4	RTN4R
cluster_187	4	MAP3K11	MAPK8IP1	MAPK8IP2	MAPK8IP3
cluster_188	5	ADD1	ADD2	ADD3	DMTN	EPB41
cluster_189	4	AURKB	CDCA8	INCENP	KCNJ6
cluster_190	5	CETN2	NUP153	NUP98	RANBP2	TPR
cluster_191	3	ACTN1	ACTN4	MAGI1
cluster_192	4	AKT1S1	MTOR	PPARG	RPTOR
cluster_193	4	MAPK8	MAPK9	SMAD3	SMAD4
cluster_194	3	HRAS	KRAS	MAPKAP1
cluster_195	3	TPSAB1	TPSB2	TPSD1
cluster_196	3	TSC1	TSC2	UBE3A
cluster_197	4	CASP6	LMNA	LMNB1	LMNB2
cluster_198	9	OCLN	PPP2CA	PPP2CB	PPP2R1A	PPP2R1B	PPP2R2A	PPP2R2B	PPP2R2C	PPP2R2D
cluster_199	6	FCER1A	FCER1G	FYN	LYN	MS4A2	SYK
cluster_200	3	PML	RUNX1	SPI1
cluster_201	5	PTGDS	PTGES	PTGES2	PTGES3	PTGIS
cluster_202	3	BAD	MAP2K1	RAF1
cluster_203	3	CASP3	CASP9	DCC
cluster_204	6	JAK1	JAK2	JAK3	STAM	STAM2	TYK2
cluster_205	6	C1QA	C1QB	C1QC	C1R	C1S	LOC102723407
cluster_206	4	GLUD1	GLUD2	GLUL	RIPK3
cluster_207	3	FBXL2	PTAR1	RABGGTB
cluster_208	6	MAPK1	MAPK3	PPP2CA	PPP2CB	PPP2R1A	PPP2R1B
cluster_209	3	COMMD1	KAT2A	KAT2B
cluster_210	4	ASTN2	KIAA1328	MIPOL1	RPAP2
cluster_211	3	ARHGAP17	MPP5	PATJ
cluster_212	6	AFF1	ELL	MLLT1	MLLT10	MLLT3	MLLT6
cluster_213	6	GMPS	HPRT1	IMPDH1	IMPDH2	ITPA	TPMT
cluster_214	7	CUL3	GLI1	GLI2	GLI3	SPOP	SPOPL	SUFU
cluster_215	6	DCTN4	EMC1	EMC2	EMC3	EMC4	EMC6
cluster_216	3	GSTP1	JUN	MAPK8
cluster_217	3	GYPA	GYPB	GYPC
cluster_218	3	ACTA2	ACTC1	GC
cluster_219	3	RNF152	RRAGA	RRAGB
cluster_220	7	AZI2	IKBKE	IKBKG	TANK	TBK1	TBKBP1	TRAF3
cluster_221	10	ACTR10	ACTR1A	ACTR1B	DCTN1	DCTN2	DCTN3	DCTN4	DCTN5	DCTN6	HAP1
cluster_222	4	BCL2	BCL2L1	BID	CTSD
cluster_223	3	C4A	C4B	PROS1
cluster_224	3	CEBPA	CEBPB	KLF5
cluster_225	4	ITCH	JUN	MAPK8	MAPK9
cluster_226	6	AJUBA	LATS1	LATS2	LIMD1	SAV1	WTIP
cluster_227	3	CCNK	CDK12	DDB1
cluster_228	12	AIMP1	AIMP2	DARS1	EEF1E1	EPRS1	IARS1	KARS1	LARS1	MARS1	QARS1	RARS1	SDCBP
cluster_229	7	CDC45	CLSPN	MCM10	MRC1	TIMELESS	TIPIN	WDHD1
cluster_230	5	INSR	IRS1	IRS2	IRS4	PRKCE
cluster_231	4	CLPB	CLPP	CLPX	TBX22
cluster_232	3	PRKCA	PRKCB	PRKCD
cluster_233	3	DAXX	TGFBR1	TGFBR2
cluster_234	5	CLUAP1	IFT74	IFT88	TTC26	UBXN10
cluster_235	4	AGER	CYBB	NOX1	NOX4
cluster_236	3	BMPR1B	BMPR2	LIMK1
cluster_237	4	BRS3	GRPR	NMB	NMBR
cluster_238	4	BTRC	FBXW11	WWTR1	YAP1
cluster_239	3	BRCA1	BRCA2	FLNA
cluster_240	3	HTT	PRPF40A	TCERG1
cluster_241	3	LGALS3	MUC1	MUC16
cluster_242	6	PPP3CA	PPP3CB	PPP3CC	PPP3R1	PPP3R2	TARDBP
cluster_243	3	FCGR2B	INPP5D	INPPL1
cluster_244	4	RAP1A	RAP1B	RAPGEF3	RAPGEF4
cluster_245	3	HIPK2	SUMO1	UBE2I
cluster_246	6	ADSL	ATIC	GART	PAICS	PFAS	PPAT
cluster_247	4	ADM	CALCRL	CRCP	RAMP1
cluster_248	3	CD55	CD59	PIGA
cluster_249	3	DDX58	TRIM25	ZC3HAV1
cluster_250	3	GALE	GALT	IL11RA
cluster_251	3	INIP	NABP1	NABP2
cluster_252	3	CTIF	NCBP1	NCBP2
cluster_253	4	PYGB	PYGL	PYGM	RIPK3
cluster_254	12	GTF2A1	GTF2A2	GTF2B	GTF2F1	GTF2F2	POLR2E	POLR2F	POLR2H	POLR2K	POLR2L	SNAPC3	TBP
cluster_255	24	COX5A	CYC1	MT-CO1	MT-CO2	MT-CO3	MT-ND1	MT-ND2	MT-ND3	MT-ND4	MT-ND5	NDUFS1	NDUFS2	NDUFS3	NDUFS8	NDUFV1	NDUFV2	PPP1R15A	PWWP3A	SDHB	UQCR10	UQCRB	UQCRC2	UQCRFS1	UQCRQ
cluster_256	3	ANP32A	NME1	SET
cluster_257	3	CTSG	ELANE	SLPI
cluster_258	3	FXR1	FXR2	PUF60
cluster_259	3	BCCIP	BRCA2	RAD51
cluster_260	3	CELSR2	PSRC1	SORT1
cluster_261	6	IP6K1	IP6K2	IP6K3	IPPK	PPIP5K1	PPIP5K2
cluster_262	4	EFNB1	EFNB2	EFNB3	RGS3
cluster_263	5	TNFRSF11A	TRAF2	TRAF3	TRAF5	TRAF6
cluster_264	9	INSR	IRS1	OGT	PIK3CA	PIK3CB	PIK3CD	PIK3R1	PIK3R2	PIK3R3
cluster_265	3	DAPP1	LYN	PLCG2
cluster_266	6	ANAPC1	ANAPC2	ANAPC4	ANAPC5	CDC16	HSPB11
cluster_267	4	CD151	CD63	CD81	CD9
cluster_268	3	H1-6	H1-7	H1-8
cluster_269	3	MAP2K3	MAP2K6	MAP3K3
cluster_270	10	CYC1	GPD2	MT-CO1	MT-CO2	MT-CO3	NDUFS8	SDHA	SDHB	SDHC	UQCRFS1
cluster_271	4	CD74	CTSB	CTSL	CTSS
cluster_272	3	ACOT1	ACOT2	ACOT8
cluster_273	3	BCAR1	PTK6	PXN
cluster_274	4	KIF5B	KIF5C	KLC1	RANBP2
cluster_275	3	GJA1	MAPK1	MAPK3
cluster_276	4	PLAT	PLAU	SERPINB2	SERPINE1
cluster_277	3	ADAT1	ADAT2	ADAT3
cluster_278	3	UTS2	UTS2B	UTS2R
cluster_279	4	CAPZA1	CAPZA2	CAPZB	CD2AP
cluster_280	3	CCL3	CCL4	IDE
cluster_281	3	KCNE3	KCNN4	KCNQ1
cluster_282	4	CD99	CD99L2	PILRA	PILRB
cluster_283	4	ETS1	ETS2	MAPK1	MAPK3
cluster_284	4	MORF4L1	MORF4L2	MRFAP1	MRGBP
cluster_285	4	DNMT3A	DNMT3B	DNMT3L	TRDMT1
cluster_286	11	CNOT1	CNOT10	CNOT11	CNOT2	CNOT3	CNOT6	CNOT6L	CNOT7	CNOT9	MMP7	TNKS1BP1
cluster_287	6	ITPR1	ITPR2	ITPR3	PRKACA	PRKACB	PRKACG
cluster_288	4	AXIN1	AXIN2	GSK3B	TCHP
cluster_289	4	CSNK2A1	CSNK2A2	CSNK2A3	CSNK2B
cluster_290	3	GGCX	NQO1	VKORC1
cluster_291	3	ARHGEF1	ARHGEF12	CD44
cluster_292	3	CARD8	DPP9	NLRP1
cluster_293	3	CYLD	IKBKE	LSP1
cluster_294	3	MAP3K5	PRDX1	TXN
cluster_295	3	PTEN	ROCK1	ROCK2
cluster_296	9	AHSA1	CFTR	DNAJA1	DNAJB1	HSP90AA1	HSP90AB1	HSPA4	HSPA8	STUB1
cluster_297	3	KIF2A	TUBA1B	TUBB2B
cluster_298	4	MAPK8	MAPK9	NFATC1	NFATC3
cluster_299	4	CDC45	MCM3	MCM5	SLF1
cluster_300	8	EXOC1	EXOC2	EXOC3	EXOC4	EXOC5	EXOC6	EXOC7	RHOQ
cluster_301	4	ARF1	ARF6	PLD1	PLD2
cluster_302	5	IDO1	IDO2	TDO2	TPH1	TPH2
cluster_303	3	CFTR	SLC9A3R1	SLC9A3R2
cluster_304	3	CTSS	IL10RA	IL10RB
cluster_305	3	GAMT	GATM	SLC6A8
cluster_306	3	TNFRSF10A	TNFRSF25	TOR1A
cluster_307	4	BCCIP	CCNH	CDK7	MNAT1
cluster_308	5	GOT1	GOT1L1	GOT2	MPST	TST
cluster_309	4	CLNS1A	PRMT5	RIOK1	WDR77
cluster_310	4	IPO13	MAGOH	MAGOHB	RBM8A
cluster_311	5	PHKA1	PHKA2	PHKB	PHKG1	PHKG2
cluster_312	3	CAMK4	HDAC4	HDAC5
cluster_313	3	RAB3IP	RAB8A	RAB8B
cluster_314	3	RAB5B	RAB5C	RIN1
cluster_315	3	LRP5	LRP6	SERPINF1
cluster_316	5	MAPK1	MAPK14	MAPK3	MKNK1	MKNK2
cluster_317	4	CRK	CRKL	MAPK8	MAPK9
cluster_318	4	AMOT	AMOTL1	AMOTL2	ARHGAP17
cluster_319	4	RALA	RALB	RALGDS	RHOA
cluster_320	3	B3GAT3	CSGALNACT1	CSGALNACT2
cluster_321	3	HDAC4	NUP155	RANBP2
cluster_322	6	GABBR1	GABBR2	KCNJ3	KCNJ5	KCNJ6	KCNJ9
cluster_323	8	DNMT1	DNMT3A	DNMT3B	DNMT3L	EZH2	HDAC1	HDAC2	TET2
cluster_324	10	COX5B	MT-CYB	MT-ND1	MT-ND2	MT-ND3	MT-ND4	MT-ND4L	MT-ND5	MT-ND6	PTGS1
cluster_325	5	AGRN	COLQ	DOK7	MUSK	RAPSN
cluster_326	3	FHL2	TRAF2	TRAF6
cluster_327	3	RFK	TNFRSF1A	TRADD
cluster_328	6	CIR1	HDAC1	HDAC2	SAP30	SAP30L	SIN3A
cluster_329	4	EXOC1	EXOC4	EXOC7	IQGAP1
cluster_330	3	ATXN3	ATXN3L	BECN1
cluster_331	3	EEA1	RAB11A	RAB5A
cluster_332	3	GJA1	GJB1	SRC
cluster_333	6	CSNK2A1	CSNK2A2	CSNK2B	DVL1	DVL2	DVL3
cluster_334	9	PPIF	PRKCE	SLC25A31	SLC25A4	SLC25A5	SLC25A6	VDAC1	VDAC2	VDAC3
cluster_335	9	GLI1	GLI2	GLI3	KIF7	PRKACA	PRKACB	PRKACG	SMO	SUFU
cluster_336	4	PRPS1	PRPS1L1	PRPS2	RBKS
cluster_337	4	INF2	NPHS1	NPHS2	TRPC6
cluster_338	5	DDX58	IKBKE	IRF3	SIKE1	TBK1
cluster_339	3	AGO1	AGO2	IPO8
cluster_340	3	CASP3	CASP8	IFT57
cluster_341	3	DCTN1	SNX5	SNX6
cluster_342	3	HDAC1	PHB	PHB2
cluster_343	3	RAB18	RAB3GAP1	RAB3GAP2
cluster_344	7	AKT1	AKT2	AKT3	BCL2	MAPK1	MAPK3	NR4A1
cluster_345	4	CENPJ	TUBA1B	TUBB2A	TUBB2B
cluster_346	3	GP5	GP9	GTPBP1
cluster_347	3	RAB1A	RAB1B	TBC1D20
cluster_348	6	ABI1	ABI2	ABL1	NCKAP1	WASF1	WASF2
cluster_349	8	ASAP1	CRK	CRKL	GRB2	PTK2	PTK2B	PXN	SRC
cluster_350	3	AHR	AIP	PTGES3
cluster_351	4	AURKB	CUL3	KLHL13	KLHL9
cluster_352	6	CD47	GYPA	GYPB	RHAG	RHCE	RHD
cluster_353	3	CASP1	NLRP3	TXNIP
cluster_354	3	CLIP1	TUBA1A	TUBA1B
cluster_355	5	CFL1	CFL2	PFN1	PFN3	PFN4
cluster_356	3	MAGI1	RAPGEF2	RAPGEF6
cluster_357	10	COPS2	COPS3	COPS4	COPS5	COPS6	COPS7B	COPS8	ELOB	ELOC	GPS1
cluster_358	8	SEPTIN11	SEPTIN12	SEPTIN2	SEPTIN3	SEPTIN6	SEPTIN8	SEPTIN9	SQSTM1
cluster_359	3	ATG101	ATG13	CIB1
cluster_360	4	LIMK1	LIMK2	ROCK1	ROCK2
cluster_361	3	ARF6	RAB11FIP3	RAB11FIP4
cluster_362	5	IRS1	IRS2	IRS4	MAPK8	MAPK9
cluster_363	4	CDH3	KIRREL1	NPHS1	NPHS2
cluster_364	5	KAT2A	KAT2B	NCOA1	NCOA2	NCOA3
cluster_365	3	AKR1B1	AKR1B10	SORD
cluster_366	3	INSM1	KDM1A	RCOR1
cluster_367	4	IL2RA	IL2RB	IL2RG	RHOA
cluster_368	4	CHRNA3	CHRNA5	CHRNB4	PSMA4
cluster_369	3	HNMT	MAOA	MAOB
cluster_370	4	DLG1	DLG2	DLG3	UBE3A
cluster_371	3	PGA3	PGA4	PGA5
cluster_372	3	RUNX2	TWIST1	TWIST2
cluster_373	4	ATF3	FOS	JUN	MAFB
cluster_374	3	EXOC3	EXOC4	MYRIP
cluster_375	3	FPGT-TNNI3K	TNNI3	TNNI3K
cluster_376	3	FAM161A	POC1B	POC5
cluster_377	3	APOBEC3F	APOBEC3G	CBFB
cluster_378	7	HMGA2	SMAD1	SMAD2	SMAD3	SMAD4	SMAD5	SMAD9
cluster_379	6	CHUK	IKBKB	IKBKG	IRS1	IRS2	IRS4
cluster_380	3	CPPED1	CST1	CST2
cluster_381	3	PTGES3	PTGS1	PTGS2
cluster_382	5	AANAT	DDC	INMT	MAOA	MAOB
cluster_383	4	GUCY1A1	GUCY1A2	GUCY1B1	NOS1
cluster_384	5	ITPR1	ITPR2	ITPR3	PSEN1	PSEN2
cluster_385	3	MYC	NCL	TP53
cluster_386	4	GRIA1	GRIA2	GRIA3	LYN
cluster_387	4	FLNA	FLNB	FLNC	MAP2K4
cluster_388	5	GFPT1	GFPT2	GLS	GLS2	GLUL
cluster_389	5	PIAS4	PRKCZ	SUMO1	SUMO2	SUMO4
cluster_390	4	CARNS1	CNDP1	CNDP2	HDC
cluster_391	7	KANSL1	KANSL2	KANSL3	KAT8	MCRS1	PHF20	PHF20L1
cluster_392	5	CDC42	EXOC1	EXOC5	EXOC6	EXOC7
cluster_393	5	MAML1	NOTCH1	RBPJ	RBPJL	SNW1
cluster_394	4	CFTR	YWHAB	YWHAG	YWHAZ
cluster_395	4	FOXO1	FOXO3	FOXO4	SGK1
cluster_396	4	IGBP1	PPP2CA	PPP2CB	PPP4C
cluster_397	15	CTU1	MT-ND1	MT-ND4	NDUFA10	NDUFA5	NDUFAF2	NDUFAF3	NDUFB10	NDUFC1	NDUFS1	NDUFS2	NDUFS3	NDUFS8	NDUFV1	NDUFV2
cluster_398	6	CHMP4A	CHMP4C	PDCD6	PDCD6IP	TSG101	VPS4B
cluster_399	4	ORM1	SPTLC1	SPTLC2	SPTLC3
cluster_400	3	CNTN2	KCNA1	KCNA2
cluster_401	3	SELENOF	UGGT1	UGGT2
cluster_402	8	CREB1	CREBBP	EP300	FOS	JUN	PRKACA	PRKACB	PRKACG
cluster_403	6	ASL	ASS1	NOS1	NOS2	NOS3	OTC
cluster_404	9	CHMP1B	CHMP2A	CHMP2B	CHMP3	CHMP4A	CHMP6	CHMP7	IST1	SPAST
cluster_405	3	RAP1A	RAP1B	RAPGEF1
cluster_406	6	GRB2	PTPN11	PTPN6	SIRPA	SRC	SYK
cluster_407	3	CD247	FCGR3A	LILRA4
cluster_408	3	CYP1A2	CYP2A6	XDH
cluster_409	3	KMT2E	NCR2	NCR3
cluster_410	3	PDPK1	SGK2	SGK3
cluster_411	6	CTH	GOT1	GOT1L1	GOT2	KYAT1	KYAT3
cluster_412	4	CCNT1	CCNT2	CDK9	MMS19
cluster_413	6	ARG1	ARG2	AZIN2	NOS1	NOS2	NOS3
cluster_414	5	ACE2	MEP1A	MEP1B	PRCP	XPNPEP2
cluster_415	4	EGFR	GPER1	PTK2	SRC
cluster_416	3	ARHGEF2	NOD1	RIPK2
cluster_417	7	GOLGA7	SPTLC1	SPTLC2	SPTLC3	SPTSSA	SPTSSB	ZDHHC9
cluster_418	4	NFKB1	RELA	ROCK1	ROCK2
cluster_419	4	ACTB	ACTG1	AFDN	VCL
cluster_420	4	CASP3	PRKCA	PRKCB	PRKCG
cluster_421	4	CTBP1	CTBP2	RBPJ	RBPJL
cluster_422	3	CHEK2	TP53BP1	USP28
cluster_423	3	CHMP7	IST1	LEMD2
cluster_424	3	HTT	MAPK8	MAPK9
cluster_425	4	PLD1	PLD2	RALA	RALB
cluster_426	4	ANXA1	ANXA2	DYSF	S100A10
cluster_427	4	CDC25C	CDK1	CDK2	SPDYE11
cluster_428	5	GSK3B	PARD3	PARD6A	PARD6B	PARD6G
cluster_429	3	EGFR	ERBB2	TRIM21
cluster_430	3	NIN	PCM1	PCNT
cluster_431	3	MBTPS1	MBTPS2	SCAP
cluster_432	5	EPCAM	MLH1	MSH2	MSH6	PMS2
cluster_433	4	CCL5	CD74	CXCR2	CXCR4
cluster_434	3	ALK	EML4	NPM1
cluster_435	3	CD72	PLXNB1	SEMA4D
cluster_436	3	GAB2	SFN	SOS1
cluster_437	3	MEFV	PSTPIP1	PYCARD
cluster_438	5	IMMT	PIK3CB	PIK3CD	PIK3CG	PIK3R5
cluster_439	4	POLG	POLG2	SLC25A4	TWNK
cluster_440	3	HEATR3	RPL11	RPL5
cluster_441	4	TJP1	TJP2	WWTR1	YAP1
cluster_442	4	CREBBP	EP300	HIPK2	TP53
cluster_443	6	ALDH18A1	LOC102724788	PRODH	PYCR1	PYCR2	PYCR3
cluster_444	3	FLNA	IQGAP1	TLN1
cluster_445	3	ASGR1	ASGR2	TG
cluster_446	7	CT47A10	CT47A2	CT47A3	CT47A4	CT47A5	CT47A8	CT47A9
cluster_447	4	DOCK4	ELMO1	ELMO2	ELMO3
cluster_448	5	BCAR1	CRK	CRKL	GRB2	MAP3K1
cluster_449	4	CASP3	SAV1	STK3	STK4
cluster_450	3	CPSF2	CPSF3	DCLRE1A
cluster_451	3	GRHPR	HAO1	HAO2
cluster_452	6	ANK1	ANK2	ANK3	ITPR1	ITPR2	ITPR3
cluster_453	4	ITGA4	ITGA5	ITGB1	SKAP2
cluster_454	4	IKBKB	KEAP1	NFKB1	RELA
cluster_455	8	ATG5	ATG7	BECN1	GABARAPL1	GABARAPL2	MAP1LC3B	SIRT1	SQSTM1
cluster_456	3	CTSS	ELANE	MPO
cluster_457	3	ITGA1	ITGB1	SEMA7A
cluster_458	3	FCER1A	LOC102723407	MS4A2
cluster_459	6	DLG1	DLG2	DLG3	DLG4	LLGL1	LLGL2
cluster_460	5	GCLC	GCLM	HMOX1	NFE2L2	NQO1
cluster_461	3	CAPN1	CAPN2	TP53
cluster_462	3	DLG3	NEDD4	NEDD4L
cluster_463	5	APP	KLC1	KLC2	KLC3	KLC4
cluster_464	4	RAB7A	RAB7B	TBC1D15	TBC1D17
cluster_465	3	CHIT1	GBA	UGCG
cluster_466	3	MEFV	PKN1	PKN2
cluster_467	10	GRIN1	GRIN2A	GRIN2C	GRIN2D	P2RX1	P2RX3	P2RX4	P2RX5	P2RX6	P2RX7
cluster_468	6	HSP90AA1	HSP90AB1	HSPA4	HSPA5	HSPA8	SOD1
cluster_469	3	CLASRP	ERC1	PHLDB2
cluster_470	6	IGF2R	SNX2	SNX5	SNX6	VPS26A	VPS35
cluster_471	4	LPIN1	LPIN2	LPIN3	MTOR
cluster_472	4	MAPK1	MAPK3	ROCK1	ROCK2
cluster_473	4	MLKL	PGAM5	RIPK1	RIPK3
cluster_474	3	ASPA	FOLH1	NAT8L
cluster_475	3	CCND1	CDKN2A	RASSF1
cluster_476	3	KNG1	TRPA1	TRPV1
cluster_477	3	LAIR1	PTPN11	PTPN6
cluster_478	4	AKAP5	DLG1	DLG4	GRIA1
cluster_479	4	BECN1	DAPK1	DAPK2	DAPK3
cluster_480	6	CALCR	CALCRL	GRM1	RAMP1	RAMP2	RAMP3
cluster_481	3	AMFR	DERL1	NGLY1
cluster_482	5	ATXN3	ATXN3L	RAD23A	RAD23B	UBQLN1
cluster_483	5	BPGM	PGAM1	PGAM2	PGAM4	PHGDH
cluster_484	4	ARRB1	ARRB2	RAPGEF3	RAPGEF4
cluster_485	10	KCNMA1	KCNMB1	KCNMB2	KCNMB3	KCNMB4	KCNN1	KCNN2	KCNN3	KCNN4	KCNU1
cluster_486	7	ADGRV1	MYO7A	PDZD7	USH1C	USH2A	VEZT	WHRN
cluster_487	3	GLMN	NLRC4	NLRP3
cluster_488	3	GPLD1	PIGL	PIGW
cluster_489	5	ATXN3	ATXN3L	ITPR1	ITPR2	ITPR3
cluster_490	4	SMAD7	STRAP	TGFBR1	TGFBR2
cluster_491	4	GNAI1	GNAI2	GNAI3	NOS3
cluster_492	4	ILK	LIMS1	NCK2	PARVA
cluster_493	8	GABARAP	GABARAPL1	GABARAPL2	PRKACA	PRKACB	PRKACG	ULK1	ULK2
cluster_494	5	POLR2A	POLR2D	POLR2E	POLR2G	RECQL5
cluster_495	4	CRY1	CRY2	NR3C1	PER2
cluster_496	3	UBE2E1	UBE2E2	UBE2E3
cluster_497	5	EP300	EZH2	FOXP3	H4C6	HDAC1
cluster_498	5	MAPK1	MAPK3	SMAD1	SMAD5	SMAD9
cluster_499	6	CUL3	KCTD17	KCTD2	RBX1	SPOP	SPOPL
cluster_500	4	MAPK1	MAPK3	SPHK1	SPHK2
cluster_501	4	RNF20	RNF40	UBE2A	WAC
cluster_502	4	BAK1	BAX	CAPN1	CAPN2
cluster_503	4	CD38	RYR1	RYR2	RYR3
cluster_504	5	ATG101	PPP2CA	PPP2CB	ULK1	ULK2
cluster_505	3	KIF7	TUBA1A	TUBB2B
cluster_506	3	ATXN7	ATXN7-2	CACNA1A
cluster_507	6	DSC2	DSG2	DSP	GJA1	JUP	PKP2
cluster_508	3	B4GALT1	B4GALT2	LALBA
cluster_509	3	CD24	SELE	SELP
cluster_510	5	IL31	IL31RA	JAK1	OSM	OSMR
cluster_511	6	MAPT	YWHAB	YWHAE	YWHAG	YWHAQ	YWHAZ
cluster_512	9	ACTB	ACTG1	MZT1	TUBG1	TUBGCP2	TUBGCP3	TUBGCP4	TUBGCP5	TUBGCP6
cluster_513	4	PTCH1	PTCH2	SMURF1	SMURF2
cluster_514	3	BCL2L2-PABPN1	PABPN1	PABPN1L
cluster_515	3	GK	GK2	MGLL
cluster_516	3	MDM2	RASSF1	RASSF5
cluster_517	5	AKT1	AKT2	APPL1	PIK3CA	SRC
cluster_518	6	AKT1S1	PRKACA	PRKACB	PRKACG	RPS6KB1	RPS6KB2
cluster_519	3	ATXN1	ATXN1L	CIC
cluster_520	3	CCR2	CCR5	NUP85
cluster_521	3	GOLGA7	ZDHHC9	ZFP36L2
cluster_522	3	LIPT1	LIPT2	MECR
cluster_523	4	EEFSEC	PSTK	SECISBP2	SEPSECS
cluster_524	4	ARHGEF1	ARHGEF12	ARHGEF6	ARHGEF7
cluster_525	3	ABL2	RAC2	RAC3
cluster_526	3	CASP3	PAK1	PAK2
cluster_527	4	NFKB1	RAC2	RAC3	RELA
cluster_528	3	PRKG1	PRKG2	VASP
cluster_529	5	LIPE	PRKAR1A	PRKAR1B	PRKAR2A	PRKAR2B
cluster_530	4	AGXT	AGXT2	DAO	HOGA1
cluster_531	4	APC	APC2	ARHGEF4	SPATA13
cluster_532	5	ANK1	ANK2	ANK3	L1CAM	SPTBN4
cluster_533	3	CTH	MARS1	MARS2
cluster_534	3	ADAR	AGO2	DICER1
cluster_535	3	GABPA	GABPB1	PPARGC1A
cluster_536	6	CAMK2A	CAMK2B	SCN1B	SCN4B	SCN5A	SCN7A
cluster_537	10	CTCF	NIPBL	PDS5A	RAD21	RAD21L1	SMC1A	SMC3	STAG1	STAG2	WAPL
cluster_538	7	PSMA1	PSMA4	PSMA5	PSMA7	PSMB1	PSMB5	SORT1
cluster_539	6	APTX	COQ2	COQ8A	COQ9	PDSS1	PDSS2
cluster_540	3	FKBP3	HDAC1	HDAC2
cluster_541	4	ENO1	HLA-DRA	HLA-DRB1	TPI1
cluster_542	8	CTRL	PSMB10	PSMB5	PSMB6	PSMB8	PSMB9	PSME1	PSME2
cluster_543	3	ARF6	EXOC5	EXOC7
cluster_544	3	BARD1	BRCA1	OLA1
cluster_545	6	CPSF3	FIP1L1	RBBP6	SYMPK	WDR77	WDR82
cluster_546	4	ARF1	ARF6	GGA1	GGA3
cluster_547	3	OR13G1	PALLD	TAS2R50
cluster_548	3	PTPN23	ZFYVE16	ZFYVE9
cluster_549	3	NANS	NPL	RENBP
cluster_550	3	COX4I1	COX4I2	EMC8
cluster_551	6	FRAS1	FREM1	FREM2	ITGA8	ITGB1	NPNT
cluster_552	6	ARAF	BRAF	PRKCA	PRKCB	PRKCG	RAF1
cluster_553	5	MAPT	PARK7	PINK1	PRKN	SNCA
cluster_554	4	KCNE3	KCNJ13	KCNK5	KCNQ1
cluster_555	3	CAT	HAAO	KYNU
cluster_556	3	CUL1	RBX1	RICTOR
cluster_557	3	MCC	MCCC1	MCCC2
cluster_558	5	DNMT1	DNMT3A	DNMT3B	HDAC1	UHRF2
cluster_559	6	ENO1	GAPDH	PGK1	PGK2	PLG	TPI1
cluster_560	7	CACNA1C	CACNA1D	CACNA1F	CACNA1S	HTR2A	HTR2B	HTR2C
cluster_561	5	MAPK1	MAPK3	NFATC1	NFATC2	NFATC3
cluster_562	3	DCAF1	DDB1	NF2
cluster_563	3	FGF13	FGF17	SCN5A
cluster_564	3	G6PD	H6PD	NADK
cluster_565	3	GABBR1	GABBR2	KCNJ11
cluster_566	4	RNASEH2A	RNASEH2B	RNASEH2C	TREX1
cluster_567	6	ITPR1	ITPR2	ITPR3	PRKCA	PRKCB	PRKCG
cluster_568	13	EIF3A	EIF3B	EIF3C	EIF3CL	EIF3D	EIF3E	EIF3H	EIF3K	EIF3M	FAU	MICALL1	RPS3	SELENOP
cluster_569	4	ARHGDIA	ARHGDIB	ARHGDIG	NGFR
cluster_570	4	CDC6	CDT1	KAT7	ORC1
cluster_571	4	TCF7	TCF7L1	TCF7L2	TERT
cluster_572	4	TNIP1	TNIP2	UBB	UBC
cluster_573	6	CACNA1C	CACNA1D	CACNA1F	CACNA1S	PRKG1	PRKG2
cluster_574	4	IGF2	IGF2BP1	IGF2BP2	IGF2BP3
cluster_575	4	ATF4	CEBPG	DDIT3	TRIB3
cluster_576	3	AXIN1	AXIN2	RNF146
cluster_577	3	LYVE1	VEGFC	VEGFD
cluster_578	4	BTRC	CUL1	FBXW4	SKP1
cluster_579	3	GAD1	GAD2	MECP2
cluster_580	3	MAP4K1	MAPK8IP1	MAPK8IP2
cluster_581	3	GLB1	LALBA	LCT
cluster_582	5	EP300	ESR1	MYC	NPM1	TP53
cluster_583	22	DAP3	DICER1	DROSHA	MRPL17	MRPL19	MRPL27	MRPL32	MRPL33	MRPL34	MRPL36	MRPL40	MRPL41	MRPL43	MRPL46	MRPL47	MRPL49	MRPS16	MRPS35	MRPS6	MRPS9	RPL4	RPS2
cluster_584	7	GOT1	GOT1L1	GOT2	HPD	IL4I1	MIF	TAT
cluster_585	8	BMI1	CBX1	CBX2	COMMD3-BMI1	PCGF2	RING1	RNF2	SLC25A3
cluster_586	3	PLD1	PLD2	PRKCA
cluster_587	3	HM13	RNF139	USH2A
cluster_588	8	AP1G1	BBIP1	BBS1	BBS2	BBS4	BBS5	BBS7	BBS9
cluster_589	5	CAD	GART	GFPT1	GFPT2	PPAT
cluster_590	4	CALHM1	SCN2A	SCN3A	SCN9A
cluster_591	4	SLC34A1	SLC34A2	SLC34A3	SLC9A3R1
cluster_592	3	BCL11A	BCL11B	NR2F2
cluster_593	5	ATF4	ATF6	DDIT3	EIF2AK3	PPP1R15A
cluster_594	4	CACNA1G	CACNA1H	CACNA1I	ESR2
cluster_595	5	PIK3R1	PLCG1	PLCG2	SH2D2A	SRC
cluster_596	6	BMPR2	TRPC1	TRPC3	TRPC4	TRPC5	TRPC6
cluster_597	3	KCNJ13	KCNK5	KCNN4
cluster_598	4	KRAS	PIK3CA	PTEN	STK11
cluster_599	4	PSTK	SEPHS1	SEPHS2	SEPSECS
cluster_600	3	EP300	MYC	ZBTB17
cluster_601	3	EPPIN	LTF	SEMG1
cluster_602	3	MOCS3	NFS1	URM1
cluster_603	4	AKAP1	AKAP6	MAPK7	RAPGEF3
cluster_604	4	PIP5K1A	PIP5K1B	PIP5K1C	RHOA
cluster_605	5	ARHGEF6	ARHGEF7	GIT1	PAK2	SCRIB
cluster_606	4	CREB1	FOS	GDNF	JUN
cluster_607	3	ATP7A	EIF4E	EIF4G1
cluster_608	4	ATXN2	ATXN2L	ATXN3	ATXN3L
cluster_609	4	EPX	PRG2	RNASE2	RNASE3
cluster_610	5	AHSP	CYB5R3	HBA1	HBA2	HBB
cluster_611	5	METTL14	METTL3	SMAD2	SMAD3	WTAP
cluster_612	5	BRD4	HEXIM1	HEXIM2	LARP7	MEPCE
cluster_613	4	HTR3B	HTR3C	HTR3D	HTR3E
cluster_614	3	ANXA1	ANXA2	CAV3
cluster_615	3	HPSE	HPSE2	SDC1
cluster_616	3	SIAH1	SIAH2	SNCA
cluster_617	3	APP	NGFR	NTRK1
cluster_618	6	AR	CTNNB1	ESR1	MYC	TP53	UBE3A
cluster_619	8	DDX58	IFIH1	IKBKB	IKBKE	MAVS	MYOM2	TBK1	TRAF3
cluster_620	4	ABL1	ATG14	BECN1	PIK3C3
cluster_621	18	FOXRED1	NDUFA11	NDUFAF1	NDUFAF2	NDUFAF3	NDUFAF4	NDUFAF5	NDUFAF6	NDUFS1	NDUFS2	NDUFS3	NDUFS4	NDUFS6	NDUFS7	NDUFS8	NDUFV1	NDUFV2	NUBPL
cluster_622	10	ATP5F1A	ATP5F1B	ATP5F1C	ATP5MC3	ATP5PB	ATP5PO	COX5A	SLC25A3	UQCRC2	UQCRFS1
cluster_623	3	HLA-DRA	HLA-DRB1	MLANA
cluster_624	3	NR1H3	PSME3	RXRA
cluster_625	4	CDC42	RABIF	RAC2	RHOA
cluster_626	3	C1S	KLK4	SERPING1
cluster_627	3	ELK1	ELK4	SRF
cluster_628	3	MDM2	PSMD10	PSMD4
cluster_629	6	ITGA2	ITGB1	PRKACA	PRKACB	PRKACG	PTK2
cluster_630	4	FIS1	GDAP1	MFN1	MFN2
cluster_631	3	AKAP10	PDZK1	PRKAR2A
cluster_632	5	CYP1A1	CYP1A2	CYP1B1	IDO1	IDO2
cluster_633	4	ATM	ATR	RAD51	SQSTM1
cluster_634	4	APP	GNAI2	GNB1	GNG2
cluster_635	4	HSP90AA1	HSP90AB1	HSPA8	UCHL1
cluster_636	4	HLA-DRA	HLA-DRB1	HLA-DRB5	VIM
cluster_637	4	CALM1	CALM2	CALM3	GRK5
cluster_638	5	FLNC	SYNM	TLN1	TLN2	VCL
cluster_639	3	ALB	INS	LTF
cluster_640	6	CPSF1	CPSF2	CPSF3	CSTF2	LSM11	SYMPK
cluster_641	7	INPP4A	INPP4B	INPP5D	INPPL1	PIK3C2A	PIK3C2B	PIK3C2G
cluster_642	3	MPV17	POLG	TWNK
cluster_643	3	BCR	STAT5A	STAT5B
cluster_644	3	AKR1C4	AKR1D1	CYP8B1
cluster_645	3	CHRM3	CHRM5	GRM5
cluster_646	3	DDX21	DEK	MYBBP1A
cluster_647	3	EHMT2	LIG1	UHRF1
cluster_648	4	NPHS1	NPHS2	PODXL	SYNPO
cluster_649	10	ADPGK	G6PC	G6PC2	G6PC3	GALM	GCK	HK1	HK2	HK3	HKDC1
cluster_650	4	ACD	NUPR2	POT1	TERF1
cluster_651	6	RNF20	RNF40	UBE2A	UBE2N	UBE2V1	UBE2V2
cluster_652	7	ARHGEF11	ARHGEF12	PLXNB1	PLXNB2	PLXNB3	RND1	SEMA4D
cluster_653	3	GCC2	RAB9A	RAB9B
cluster_654	4	GABARAPL1	GABARAPL2	PEX10	PEX6
cluster_655	3	PRRT2	SNAP25	SYT1
cluster_656	8	BCAR1	CRK	CRKL	LYN	NEDD9	PTK2	PTK2B	SRC
cluster_657	7	GK	GK2	GPAM	GPAT2	GPAT3	GPAT4	GPD2
cluster_658	3	AMY1A	AMY1B	AMY1C
cluster_659	5	LCP2	RAP1A	RAP1B	VAV2	VAV3
cluster_660	6	E2F1	EP300	HDAC1	MYC	TP53	TP73
cluster_661	8	ACOT1	ACOT2	ACOT4	FBP1	FBP2	PFKL	PFKM	PFKP
cluster_662	17	FDX1	FDX2	MT-ND1	MT-ND2	MT-ND3	MT-ND4	MT-ND4L	MT-ND5	NDUFAB1	NDUFS2	NDUFS3	NDUFS6	NDUFS8	NDUFV1	NDUFV2	SDHA	UQCRFS1
cluster_663	3	FPR2	MTRNR2L12	MTRNR2L8
cluster_664	4	GPC3	IHH	PTCH1	SHH
cluster_665	4	RET	SDHB	SDHC	SDHD
cluster_666	6	CINP	LEO1	PAF1	RTF1	SSRP1	SUPT16H
cluster_667	6	RAB7A	SNX3	TBC1D5	VPS26A	VPS29	VPS35
cluster_668	5	CDKN1A	CDKN2A	E2F1	MDM2	MDM4
cluster_669	4	CHMP4A	PDCD6IP	SDCBP	TSG101
cluster_670	9	KCNMA1	KCNMB1	KCNMB2	KCNMB3	KCNMB4	KCNU1	PRKACA	PRKACB	PRKACG
cluster_671	5	ATM	BRCA1	CHEK1	CHEK2	MDM4
cluster_672	5	ATXN2	ATXN2L	ITPR1	ITPR2	ITPR3
cluster_673	3	EBP	FADS1	SC5D
cluster_674	4	KXD1	RPL32	RPS27A	UBA52
cluster_675	3	BRD4	NIPBL	SMC1A
cluster_676	8	KAT2A	KAT2B	MAML1	MAML2	MAML3	NOTCH1	RBPJ	RBPJL
cluster_677	6	CARM1	ESR2	NCOA3	RPS6KB1	RPS6KB2	SP1
cluster_678	4	ECSIT	FOXRED1	NDUFS5	TMEM70
cluster_679	4	FCGRT	IGHV3-16	IGHV3-43D	IGLL5
cluster_680	3	ANG	RNASE2	RNASE3
cluster_681	3	BBC3	BCL2L11	DDIT3
cluster_682	3	KPNA1	KPNA4	SOX2
cluster_683	3	MAP2K4	MAP2K7	MAP3K8
cluster_684	3	OTUD7B	WIPI1	WIPI2
cluster_685	3	PLXNA1	TREM2	TYROBP
cluster_686	3	MLX	MLXIP	OGT
cluster_687	4	AVL9	DENND10	DENND11	DENND6A
cluster_688	4	NUCKS1	PM20D1	RAB29	SLC41A1
cluster_689	3	CFAP20	GTF2B	TBP
cluster_690	3	EP300	TP53	TP63
cluster_691	3	NCAPD3	NCAPG2	PHF8
cluster_692	4	BCAP31	BCL2	BCL2L1	CASP8
cluster_693	7	LSM5	LSM6	PRPF3	PRPF31	PRPF4	SART3	TUT1
cluster_694	4	PDPK1	PKN1	PKN2	PKN3
cluster_695	5	ARHGEF1	ARHGEF12	ARHGEF28	PTK2	PTK2B
cluster_696	4	ACTA2	ACTC1	ACTG2	SETD3
cluster_697	5	AOX1	PDXK	PDXP	PHOSPHO2	PNPO
cluster_698	4	IREB2	RBCK1	RNF31	SHARPIN
cluster_699	3	EEF1A1	EEF1A2	PTPN6
cluster_700	3	HCN1	HCN2	HCN3
cluster_701	3	LEMD3	SMAD1	SMAD9
cluster_702	4	TKT	TKTL1	TKTL2	TPK1
cluster_703	6	ALDOA	ALDOB	ALDOC	GLYCTK	TKFC	TPI1
cluster_704	13	AIM2	CARD8	CASP1	CASP5	DDX3X	DHX33	GSDMD	NLRC4	NLRP1	NLRP3	NLRP6	NLRP9	PYCARD
cluster_705	4	DDX41	IRF3	MAVS	TBK1
cluster_706	3	CHUK	GPR83	IKBKB
cluster_707	6	APLF	APTX	CHFR	LIG3	PARP1	XRCC1
cluster_708	6	COMMD5	FAU	RPL8	RPS27A	RPS7	UBA52
cluster_709	3	FBXW7	MTOR	RICTOR
cluster_710	3	FYCO1	RAB7A	RAB7B
cluster_711	4	DUSP3	PTPN5	PTPN7	PTPRR
cluster_712	4	MAPK8	MAPK9	RAP1A	RAP1B
cluster_713	3	CTNNB1	EMD	LMNB1
cluster_714	3	MARCKS	MARCKSL1	PRKCD
cluster_715	4	CHM	CHML	RABGGTA	RABGGTB
cluster_716	5	CTSG	ELANE	MPO	PADI4	PRTN3
cluster_717	4	EMD	GUCA2A	GUCA2B	NPR3
cluster_718	4	SNX27	SORL1	VPS26A	VPS35
cluster_719	3	ADCY3	ADCY9	KCNQ1
cluster_720	3	CLEC1B	LCP2	SYK
cluster_721	3	LGALS3BP	LGALS7	LGALS7B
cluster_722	6	ADAR	AXIN1	DVL1	DVL2	DVL3	GSK3B
cluster_723	4	MAP2K3	MAP2K4	MAP2K6	MAP3K4
cluster_724	4	MOB1A	MOB1B	STK38	STK38L
cluster_725	7	CREBBP	EP300	HDAC1	JUN	KLF5	NFKB1	TP53
cluster_726	5	APP	DLG4	GRIN1	GRIN2A	GRIN2B
cluster_727	5	IGF1	INS	IRS1	IRS2	SIRT1
cluster_728	3	CALM2	CALM3	IQSEC1
cluster_729	4	CAMKMT	PLOD1	PLOD2	PLOD3
cluster_730	3	DISC1	YWHAE	YWHAZ
cluster_731	6	EIF3E	EIF3F	EIF3H	EIF3I	EIF3L	PRRC2B
cluster_732	3	CARD10	CARD14	PRKCB
cluster_733	3	MECP2	TBL1X	TBL1XR1
cluster_734	5	RHO	SRP19	SRP54	SRP68	SRP9
cluster_735	4	BCAP31	DNM1L	FIS1	MFN2
cluster_736	4	CSNK1D	CSNK1E	WWTR1	YAP1
cluster_737	4	CD200	CD200R1	CX3CL1	CX3CR1
cluster_738	4	B4GALT1	B4GALT2	GALE	GALT
cluster_739	4	LPCAT1	LPCAT2	LPCAT4	LPGAT1
cluster_740	3	INSM1	NEUROD1	NEUROG3
cluster_741	4	RXRA	THRA	THRB	TXNRD2
cluster_742	3	OGT	TRAK1	TRAK2
cluster_743	5	SMG5	SMG6	SMG7	SULT1E1	UPF1
cluster_744	4	ANGPTL3	ANGPTL4	ANGPTL8	GPIHBP1
cluster_745	4	ANP32A	NUP214	SET	XPO1
cluster_746	3	ACY1	ARG1	ARG2
cluster_747	3	CASP3	SPTA1	SPTAN1
cluster_748	3	AKR1C3	CBR1	PTS
cluster_749	4	ITGAV	ITGB3	ITGB5	MFGE8
cluster_750	7	PTMA	RPL15	RPL23A	RPL7	RPLP1	RPS19	RPS3
cluster_751	4	AKR1B1	AKR1B10	DHFR	DHFR2
cluster_752	4	PRKCI	PRKCZ	RAP1A	RAP1B
cluster_753	6	GNAS	GNB1	GNG2	HTR2A	HTR2B	HTR2C
cluster_754	4	RBPJ	RBPJL	SAP30	SAP30L
cluster_755	4	GATC	NARS1	NARS2	QARS1
cluster_756	13	CPSF1	CPSF2	CPSF3	CPSF4	FIP1L1	PPP1CA	PPP1CB	PPP1CC	RBBP6	SSU72	SYMPK	WDR33	WDR82
cluster_757	3	D2HGDH	IDH1	IDH2
cluster_758	3	NOS3	PLCG1	PLCG2
cluster_759	7	GPX2	GPX3	GPX5	GPX6	GPX7	GPX8	PPARGC1A
cluster_760	6	EGFR	ERBB2	ERBB3	ERBIN	GRB2	KRAS
cluster_761	5	CS	FH	IDH1	IDH2	L2HGDH
cluster_762	3	ALK	MDK	PTN
cluster_763	3	ARL3	UNC119	UNC119B
cluster_764	3	CDX2	POU5F1	SOX2
cluster_765	3	ENG	NT5E	THY1
cluster_766	7	EIF6	GNL2	LSG1	NMD3	PA2G4	RETREG1	RSL24D1
cluster_767	4	FMR1	FXR1	G3BP1	SND1
cluster_768	4	FUS	MAPT	SFPQ	TARDBP
cluster_769	9	H3-2	H3-3B	H3-4	H3-5	H3C12	H3C13	HDAC1	HDAC2	SPHK2
cluster_770	3	MYO6	PAK1	PAK3
cluster_771	4	CBL	LYN	NEDD4	SYK
cluster_772	3	FSIP1	HSD17B10	PRORP
cluster_773	5	ATM	ENSP00000491596	MRE11	RAD50	XRCC6
cluster_774	3	ACKR1	BTLA	TNFRSF14
cluster_775	3	ADI1	IL4I1	TAT
cluster_776	3	AGXT2	GPT	GPT2
cluster_777	3	GOLGA2	GORASP1	PLK1
cluster_778	3	MYOD1	TAF3	TBP
cluster_779	4	AMFR	CFTR	DERL1	RNF5
cluster_780	9	DDX58	IFIT1	IFNB1	IKBKE	IRF3	MAVS	STING1	TBK1	TRAF3
cluster_781	4	BAG4	TNF	TNFRSF1A	TRADD
cluster_782	8	ATM	BRCA1	BRCA2	MLH1	MSH2	MSH6	NF1	PMS2
cluster_783	5	CCNA2	CCNL2	CDK1	CDK2	SAMHD1
cluster_784	10	DDC	GOT1	GOT1L1	GOT2	IL4I1	PAH	TAT	TH	TPO	TYR
cluster_785	4	PTH1R	PTH2	PTH2R	PTHLH
cluster_786	3	EGF	INS	P4HB
cluster_787	4	HSP90AA1	HSP90AB1	PPIF	VDAC1
cluster_788	6	CHPF	CHPF2	CHSY1	CHSY3	CSGALNACT1	CSGALNACT2
cluster_789	6	EGLN1	EGLN2	EGLN3	PRKCA	PRKCB	PRKCG
cluster_790	3	CYREN	XRCC5	XRCC6
cluster_791	3	EDN3	EDNRB	SOX10
cluster_792	3	RBX1	SESN1	SESN2
cluster_793	4	ADRB2	ERBB2	GRB2	SRC
cluster_794	3	NAT1	NAT2	XDH
cluster_795	3	DISC1	RHOT1	TRAK1
cluster_796	4	PLXNB2	PLXNB3	RAC2	RAC3
cluster_797	4	FHL2	STX11	STXBP2	UNC13D
cluster_798	5	DLG3	DLG4	GRIN2A	GRIN2B	PTK2B
cluster_799	3	DNM2	MTM1	MTMR14
cluster_800	3	BBOX1	TRAT1	TRIM5
cluster_801	3	IKBKB	IKBKG	MUC1
cluster_802	4	FRAS1	FREM1	FREM2	GRIP1
cluster_803	4	CCND1	CDK4	PRMT5	WDR77
cluster_804	5	CHUK	IRF7	MYD88	SPP1	TRAF3
cluster_805	3	BCL2L1	ELOB	ELOC
cluster_806	3	CDA	CES1	CES2
cluster_807	3	ARHGEF2	PTK2	PXN
cluster_808	4	LIPE	PLIN1	PRKG1	PRKG2
cluster_809	5	ADGRD1	KPNB1	RANBP2	RANGAP1	XPO1
cluster_810	4	ATG5	BECN1	HTT	SQSTM1
cluster_811	4	HIF1A	MYC	SLC2A1	TP53
cluster_812	4	ALB	CRP	INS	MB
cluster_813	6	CTH	KYAT1	KYAT3	TXNRD1	TXNRD2	TXNRD3
cluster_814	10	GFPT1	GFPT2	GPI	HK1	HK2	HK3	HKDC1	MPI	PGM2	TALDO1
cluster_815	4	LRP1	MMP9	PLAT	SERPINE1
cluster_816	4	PLD1	PLD2	SPHK1	SPHK2
cluster_817	4	B4GALT1	B4GALT2	B4GALT3	POMGNT1
cluster_818	4	GID8	MKLN1	MPHOSPH8	RANBP9
cluster_819	5	GOT2	NUP107	NUP133	NUP214	NUP85
cluster_820	3	CPA1	CPA2	CPA3
cluster_821	6	FAM20C	MT-ND1	MT-ND3	MT-ND4	MT-ND4L	MT-ND5
cluster_822	4	ELN	FBN1	MFAP1	MFAP2
cluster_823	4	NPLOC4	SPRTN	UFD1	VCP
cluster_824	4	DMP1	FGF23	MEPE	PHEX
cluster_825	3	CACYBP	S100A6	SIAH1
cluster_826	3	FXN	HEPH	HMOX2
cluster_827	7	FAF1	FAF2	NPLOC4	RNF125	UBXN1	UBXN7	UFD1
cluster_828	4	AMH	NR0B1	NR5A1	SOX9
cluster_829	4	DAG1	DMD	DTNA	PLEC
cluster_830	3	F11	IGKV1-33	IGKV1D-33
cluster_831	4	BRCA1	BRCA2	EMSY	PALB2
cluster_832	4	BRD2	BRDT	CCNT1	CDK9
cluster_833	5	CLEC7A	FCER1G	SYK	TREM2	TYROBP
cluster_834	4	AANAT	IDO1	IDO2	INMT
cluster_835	4	CRY1	CRY2	PRH1	PRH2
cluster_836	7	AFDN	AFF1	DOT1L	ELL	KMT2A	MLLT1	MLLT3
cluster_837	4	IMPA1	IMPA2	ISYNA1	MIOX
cluster_838	3	MYOD1	TBPL1	TBPL2
cluster_839	4	AGPAT3	AGPAT4	LCLAT1	MBOAT7
cluster_840	4	CREB1	EP300	HBZ	JUN
cluster_841	3	AHNAK	CAPN3	DYSF
cluster_842	3	CHD3	CHD4	NAB2
cluster_843	3	HELZ2	NCOA1	NCOA2
cluster_844	4	RRM1	RRM2	RRM2B	TXN
cluster_845	3	ATP2A1	ATP2A3	HRC
cluster_846	3	BDNF	HTR2A	SLC6A4
cluster_847	4	ATOX1	ATP7A	ATP7B	CP
cluster_848	6	EP300	JUN	KLF2	MYC	NFKB1	RELA
cluster_849	4	B4GALT1	B4GALT2	GLB1	LCT
cluster_850	5	AGO1	AGO2	DICER1	DROSHA	TSN
cluster_851	3	TRIP12	UBR1	UBR2
cluster_852	4	BCAT1	BCAT2	GCLC	GCLM
cluster_853	4	NGLY1	PSMC1	RAD23A	RAD23B
cluster_854	5	GNAI1	GNB1	GNG2	IGHV3-16	SMO
cluster_855	3	AMBRA1	DYNLL1	DYNLL2
cluster_856	3	CHUK	MAP3K7	PPM1B
cluster_857	3	CLDN16	CLDN19	FXYD2
cluster_858	6	CDC42	IQGAP1	RAC1	RAC2	RAC3	RHOA
cluster_859	4	AFG3L2	PHB	PHB2	SPG7
cluster_860	3	ATP12A	ATP4A	GAST
cluster_861	3	CTIF	MIF4GD	SLBP
cluster_862	3	IKZF1	IKZF3	PAX5
cluster_863	3	REG1A	REG1B	ZC3H12A
cluster_864	4	CDH17	CDH5	CTNND1	NECTIN1
cluster_865	3	ASMT	IDO1	IDO2
cluster_866	3	FOXO1	PAX3	PAX7
cluster_867	4	MAP2K3	MAP2K6	RAP1A	RAP1B
cluster_868	3	BMP1	C1R	C1S
cluster_869	3	ETFA	ETFB	ETFRF1
cluster_870	4	ID2	ID4	OLIG1	OLIG2
cluster_871	5	ANKLE2	PPP2CA	PPP2CB	PPP2R1A	PPP2R2A
cluster_872	8	CREB1	CREBBP	EP300	ESR1	FOS	MYC	REL	TP53
cluster_873	4	NOL8	RRAGA	RRAGC	RRAGD
cluster_874	4	CRTC2	PPP4R3A	PPP4R3B	PPP4R3C
cluster_875	8	DEK	EP300	H2AC18	H2AC20	H2BC21	H3C12	H4C6	SMARCA5
cluster_876	3	CNOT2	MARCHF6	UBE2G2
cluster_877	3	CSTF2	SUB1	SYMPK
cluster_878	3	ANPEP	LAP3	NAT8
cluster_879	7	CYP27B1	NCOA1	NCOA2	NCOA3	NCOR1	RXRA	RXRG
cluster_880	8	COMT	DBH	DDC	LRTOMT	MAOA	MAOB	SLC6A3	TH
cluster_881	3	LRSAM1	TSG101	VPS28
cluster_882	3	NF1	SPRED1	SPRED2
cluster_883	4	HSP90AA1	HSP90AB1	TGFBR1	TGFBR2
cluster_884	3	KYAT1	SPOUT1	TBC1D13
cluster_885	7	ACOT1	ACOT2	ACOT4	ACOT7	TECR	THEM4	THEM5
cluster_886	3	MTCP1	TCL1A	TCL1B
cluster_887	4	GTF2B	LGALS4	TAF12	TBP
cluster_888	5	BIRC7	DIABLO	DIABLO-2	KCNJ11	XIAP
cluster_889	4	A2M	HP	HPX	LRP1
cluster_890	4	ABI1	BAIAP2	ENAH	WASL
cluster_891	4	DHX9	EIF2AK2	ILF2	ILF3
cluster_892	4	ENPP6	GDPD1	GDPD3	TMEM86B
cluster_893	5	AARS1	ASNS	GARS1	IARS1	NARS1
cluster_894	3	ATF4	MKNK1	MKNK2
cluster_895	4	PAX8	RXRA	RXRB	RXRG
cluster_896	4	PPP3CB	PPP3R1	PPP3R2	WDR92
cluster_897	6	BCL2	CCND1	CDKN2A	LOC102723407	MYC	TP53
cluster_898	5	CYLD	IKBKG	TRAF2	TRAF6	USP7
cluster_899	6	AMFR	FAF2	NPLOC4	UFD1	USP13	VCP
cluster_900	3	MT-ATP6	MT-ATP8	PTGS1
cluster_901	4	ALK	EML4	KIF5B	KLC1
cluster_902	3	DAZAP1	MSI1	MSI2
cluster_903	4	CD36	GP1BA	GP5	GP9
cluster_904	4	USP8	YWHAB	YWHAE	YWHAZ
cluster_905	5	ARNTL	BHLHE41	HIF1A	PER2	RORA
cluster_906	3	DISP1	SIX3	ZIC2
cluster_907	6	BCKDHA	DLD	DLST	MRPS36	OGDH	OGDHL
cluster_908	3	MYSM1	PBRM1	SMARCB1
cluster_909	3	RANBP2	TP53	XPO1
cluster_910	4	PACSIN1	PACSIN2	PACSIN3	WASL
cluster_911	5	GNPAT	GPD1	GPD1L	GPD2	TKFC
cluster_912	4	ATP4B	LHPP	PPA1	PPA2
cluster_913	4	HSP90AA1	HSP90AB1	NLRP12	NLRP3
cluster_914	4	ATG12	BECN1	CAV1	MAP1LC3B
cluster_915	6	AKT1	BCL2	BCL2L1	ITPR1	ITPR3	MCL1
cluster_916	6	CHIA	CHIT1	HEXA	HEXB	NAGK	RENBP
cluster_917	4	DNAH1	DNAH12	DNAH14	DNAH5
cluster_918	4	POLR2A	SETX	SUPT4H1	SUPT5H
cluster_919	3	GABPB1	RYBP	YAF2
cluster_920	3	IGHV3-16	IGHV3-43D	MICA
cluster_921	3	LRPAP1	RAPGEF3	RAPGEF4
cluster_922	3	NOTCH1	RBPJ	SPEN
cluster_923	4	BCAR1	NPHP1	NPHP4	PTK2B
cluster_924	6	NDUFB6	NDUFS2	NDUFS3	NDUFS4	NDUFV2	SNCA
cluster_925	5	BBS4	BBS5	BBS9	NME3	TTC8
cluster_926	6	INS	INSL3	RLN1	RLN2	RXFP1	RXFP2
cluster_927	3	CSDE1	GEMIN7	STRAP
cluster_928	3	MECR	PPT1	PPT2
cluster_929	4	CAMK2A	CAMK2B	RAP1A	RAP1B
cluster_930	4	DEFB1	DEFB103A	DEFB4A	S100A7
cluster_931	7	ARNT	EGLN1	EGLN2	EGLN3	EIF5B	EPAS1	HIF3A
cluster_932	4	B4GALNT3	B4GALNT4	CHST8	CHST9
cluster_933	3	ADAM10	CD81	CD9
cluster_934	3	CASP3	CYCS	GSDME
cluster_935	4	L1CAM	NRP1	PLXNA1	SEMA3A
cluster_936	3	CARS2	CBS	CBSL
cluster_937	3	LEFTY1	LEFTY2	PITX2
cluster_938	3	NDUFA9	SDHA	SIRT3
cluster_939	7	CCL2	CCL5	CXCL12	CXCR2	CXCR4	IL6	MIF
cluster_940	6	CCDC151	IFT22	IFT46	IFT74	IFT81	IFT88
cluster_941	6	AGER	IL1B	NFKB1	TLR2	TLR4	TLR9
cluster_942	20	C17orf49	CHD8	E2F6	HCFC1	INO80C	KANSL1	KAT8	LAS1L	MAX	MCRS1	MGA	PELP1	PHF20	SENP3	TAF1	TAF4	TAF6	TAF7	TAF9	TEX10
cluster_943	4	RAPGEF3	RAPGEF4	RRAS	RRAS2
cluster_944	4	AKR1B1	AKR1B10	GLB1	LCT
cluster_945	3	CCDC6	PPP4C	PPP4R1
cluster_946	3	LAMTOR2	LAMTOR3	WDR83
cluster_947	3	MAP3K5	YWHAB	YWHAZ
cluster_948	3	RPL12	SEC23A	SEC23B
cluster_949	6	GNAQ	KCNJ12	KCNJ14	KCNJ18	KCNJ2	KCNJ4
cluster_950	3	CYP11A1	STAR	TSPO
cluster_951	3	NEFH	NEFL	SOD1
cluster_952	4	DNMT1	HDAC1	RFX1	SUV39H1
cluster_953	7	CD4	FOXP3	IFNG	IL10	IL17A	IL4	MOG
cluster_954	4	EGF	EGFR	FGF2	S100A4
cluster_955	3	APOA1	APOA2	NAXE
cluster_956	3	CD44	SLC3A2	SLC7A11
cluster_957	3	GDI1	GDI2	RAB11B
cluster_958	3	RFX5	RFX7	RFXANK
cluster_959	3	SV2A	SV2B	SV2C
cluster_960	3	BDNF	NTRK2	TIAM1
cluster_961	3	PARP1	SMAD3	SMAD4
cluster_962	5	CHAT	CHKA	CHKB	GPCPD1	PHOSPHO1
cluster_963	3	ATG14	BECN1	COL4A5
cluster_964	3	B2M	GYPC	HLA-A
cluster_965	3	FNBP1	FNBP1L	SQSTM1
cluster_966	3	KCNB1	SNAP25	STX1A
cluster_967	3	PIK3CB	PIK3R1	RAB5A
cluster_968	3	PRKCD	STAT1	STAT3
cluster_969	4	IRF2	IRF2BP1	IRF2BP2	IRF2BPL
cluster_970	7	JAG1	NOTCH1	NOTCH2	NOTCH3	NOTCH4	NUMB	NUMBL
cluster_971	3	ADCY3	CNGA2	CNGA4
cluster_972	3	GLB1	ST3GAL1	ST3GAL2
cluster_973	4	ADAM22	ADAM23	CACNG2	LGI1
cluster_974	3	ACO1	IREB2	TFRC
cluster_975	3	AHSG	ANXA2	APOH
cluster_976	7	MT-CO1	MT-CYB	MT-ND4	MT-ND4L	MT-ND5	MT-ND6	UCN
cluster_977	3	ANXA6	DYSF	TRIM72
cluster_978	3	CASP8	FADD	PEA15
cluster_979	3	DOCK7	LRCH3	MYO6
cluster_980	3	GABRR1	GABRR2	GABRR3
cluster_981	3	PRMT1	PRMT3	PRMT5
cluster_982	3	RGN	SEC16A	SEC16B
cluster_983	3	INS	STX1A	VAMP2
cluster_984	3	CD99	CD99L2	EWSR1
cluster_985	3	CDC6	CDT1	LAMC3
cluster_986	3	GSDMB	IKZF3	ZPBP2
cluster_987	3	LAPTM4A	LAPTM4B	LAPTM5
cluster_988	3	CD80	CD86	SLC44A4
cluster_989	4	BCL10	CARD11	CSNK1A1	MALT1
cluster_990	6	EHMT2	EZH2	HDAC1	HDAC2	PRDM1	SIN3A
cluster_991	3	ERCC2	ERCC3	PUF60
cluster_992	3	GAS6	MERTK	MFGE8
cluster_993	3	PICK1	PRKCA	PRKCG
cluster_994	7	GLO1	NDUFA6	NDUFS2	NDUFS8	SDHA	SDHC	SDHD
cluster_995	3	HCRT	HCRTR1	PMCH
cluster_996	3	MPV17	SUCLA2	SUCLG1
cluster_997	4	FGF23	GALNT3	KL	PHEX
cluster_998	4	PRSS1	PRSS2	PRSS3	SPINK1
cluster_999	9	ALDOA	ALDOB	ALDOC	GCK	HK1	HK2	HK3	HKDC1	KHK
cluster_1000	3	DES	TCAP	TTN
cluster_1001	9	CCND1	CDKN1A	CDKN2A	CTNNB1	EP300	MDM2	MYC	RUNX3	TP53
cluster_1002	6	AMY1B	AMY2A	AMY2B	HAO1	MGAM	MGAM2
cluster_1003	3	CHMP2A	TGFBRAP1	VPS8
cluster_1004	4	ADPRM	NUDT5	NUDT9	PGM2
cluster_1005	3	ASB10	MYOC	WDR36
cluster_1006	3	FBXL17	KEAP1	KLHL12
cluster_1007	4	COL9A1	COL9A2	COL9A3	SLC26A2
cluster_1008	5	LAGE3	NUP43	OSGEP	TP53RK	TPRKB
cluster_1009	3	DCP2	DCPS	XRN1
cluster_1010	3	ESRP1	ESRP2	HNRNPM
cluster_1011	3	FBP1	FBP2	ZBTB22
cluster_1012	3	GRM4	GRM7	GRM8
cluster_1013	3	ARMC8	RMND5A	ZMYND19
cluster_1014	6	EEF1B2	PFDN5	RPL11	RPL31	RPLP2	RPS3A
cluster_1015	5	IFI35	PSMB10	PSMB8	PSMB9	PSME2
cluster_1016	7	ARID2	BRD7	NUP50	PBRM1	SMARCC2	SMARCD1	SMARCD3
cluster_1017	3	FOXA2	RPS6KB1	RPS6KB2
cluster_1018	3	MADD	TNF	TNFRSF1A
cluster_1019	4	ABL1	CDC42	RAC2	RAC3
cluster_1020	3	CBR4	MCAT	OXSM
cluster_1021	4	RBPJ	RBPJL	TBPL1	TBPL2
cluster_1022	4	DLG1	DLG3	DLG4	GDA
cluster_1023	8	CALM3	CALML3	CALML4	CALML5	CALML6	PYGB	PYGL	PYGM
cluster_1024	9	ABL1	ATM	BRCA1	MRE11	PARP1	PRKDC	RAD51	RAD52	XRCC6
cluster_1025	3	ABITRAM	PEX26	PEX6
cluster_1026	3	IMPA1	IMPA2	TTF2
cluster_1027	3	BTRC	CLSPN	FBXW11
cluster_1028	3	FGFR1	LDHA	PKM
cluster_1029	4	DOT1L	KMT2A	MLLT10	MLLT6
cluster_1030	6	FAU	RPL31	RPL35	RPL37	RPL39	TOMM7
cluster_1031	5	AMPH	DNM1	DNM2	DNM3	SNX9
cluster_1032	6	BCCIP	CCNT1	CCNT2	CDK12	CDK13	CDK9
cluster_1033	3	FCSK	FPGT	TSTA3
cluster_1034	3	GRM2	HTR2A	HTR2B
cluster_1035	3	PRKCE	SPHK1	SPHK2
cluster_1036	3	PRL	SEC61A1	SEC61G
cluster_1037	5	BCAT1	BCAT2	CTH	SDS	SDSL
cluster_1038	4	DDOST	PDIA6	RPN1	RPN2
cluster_1039	3	CRX	FIZ1	NRL
cluster_1040	3	BGLAP	RB1	RUNX2
cluster_1041	3	TOMM20	TOMM70	USP30
cluster_1042	3	FLI1	PPT1	TPP1
cluster_1043	5	NCOA1	NCOR1	NCOR2	NR4A1	RXRA
cluster_1044	10	BAD	BAK1	BAX	BCL2	BCL2L1	BCL2L10	BCL2L11	BCL2L2	BID	MCL1
cluster_1045	4	GNAT1	GNGT1	RHO	SAG
cluster_1046	27	ADRM1	PSMA1	PSMA2	PSMA3	PSMA4	PSMA5	PSMA6	PSMA7	PSMB1	PSMB2	PSMB3	PSMB4	PSMB5	PSMB6	PSMB7	PSMC1	PSMC2	PSMC3	PSMC4	PSMD11	PSMD14	PSMD2	PSMD4	PSMD7	PSMD9	SOD1	VCP
cluster_1047	6	NANOG	POU5F1	SMAD2	SMAD3	SMAD4	SOX2
cluster_1048	3	CCL1	CDK7	MNAT1
cluster_1049	3	EGFR	PDGFRB	SLC9A3R1
cluster_1050	4	CRLF2	IL7R	KLK11	TSLP
cluster_1051	4	ERCC2	ERCC3	GTF2H1	IMMT
cluster_1052	3	ATOX1	ATP7A	PDZD11
cluster_1053	5	CGN	OCLN	SYMPK	TJP1	TJP2
cluster_1054	10	ALDH4A1	EARS2	EPRS1	GAD1	GAD2	GLS	GLS2	GLUD1	GLUD2	GLUL
cluster_1055	4	GATA3	RARA	RUNX1	SPI1
cluster_1056	3	BACH2	NCOR1	NCOR2
cluster_1057	3	METTL5	TRMT112	ZCCHC4
cluster_1058	3	MOCS2	MPST	TST
cluster_1059	3	GYS1	GYS2	OGT
cluster_1060	6	CDK5RAP2	CENPJ	CEP152	MCPH1	STIL	WDR62
cluster_1061	3	BMP4	GATA4	NKX2-5
cluster_1062	3	SLC9A3R1	TRPC4	TRPC5
cluster_1063	6	AXIN1	CAV1	FZD5	GSK3B	LRP6	WNT3A
cluster_1064	3	ACP5	TNFRSF11B	TNFSF11
cluster_1065	3	ATXN2	SH3GL2	SH3GL3
cluster_1066	3	BATF	IRF4	PRDM1
cluster_1067	5	CEBPB	CREB1	EGR1	FOS	SRF
cluster_1068	6	CYBB	DUOX1	NCF1	NOX1	NOX4	XDH
cluster_1069	4	FAF1	HSPA1A	HSPA1B	HSPA4
cluster_1070	3	BMI1	COMMD3-BMI1	MSMB
cluster_1071	3	PPP1R15B	PPP1R9B	SHOC2
cluster_1072	3	IL1RAP	IL1RL1	KIT
cluster_1073	3	MKI67	NIFK	RRP1
cluster_1074	4	COX10	COX15	CYC1	HCCS
cluster_1075	4	APH1A	NCSTN	PSENEN	TNF
cluster_1076	4	DCP2	UPF1	XRN1	ZFP36L1
cluster_1077	3	MPV17	MPV17L	MPV17L2
cluster_1078	3	POM121	POM121C	POM121L2
cluster_1079	3	FGD1	FGD3	GNG12
cluster_1080	3	ENPP1	ENPP3	FLAD1
cluster_1081	3	GXYLT1	GXYLT2	UGGT1
cluster_1082	15	CHD3	CHD4	CHD5	CSNK2A1	GATAD2A	GATAD2B	HDAC1	HDAC2	MBD3	MTA1	MTA2	MTA3	RBBP4	RBBP7	SIN3A
cluster_1083	7	HNRNPA1	HNRNPA2B1	HNRNPC	HNRNPDL	PCBP1	PKM	PTBP1
cluster_1084	4	ALG12	ALG3	ALG5	BAIAP2
cluster_1085	3	EVI2A	EVI2B	OMG
cluster_1086	3	EZR	NF2	RDX
cluster_1087	8	KPNB1	NPM1	NUP214	NUP62	NUP98	RAN	RANBP2	XPO1
cluster_1088	5	CCNC	CDK8	FBXW7	MED13	MED13L
cluster_1089	5	AOC2	AOC3	GLO1	MAOA	MAOB
cluster_1090	3	APEH	NCSTN	PSENEN
cluster_1091	4	CALCOCO2	MYO6	OPTN	TAX1BP1
cluster_1092	3	SDHA	SDHB	TRAP1
cluster_1093	4	AMOT	LATS1	PTPN14	WWC1
cluster_1094	3	EXOSC5	EXOSC7	ZC3HAV1
cluster_1095	3	JAZF1	SYMPK	WDR82
cluster_1096	14	AKT2	AKT3	FYN	IRS1	PIK3CA	PIK3CB	PIK3CD	PIK3CG	PIK3R1	PIK3R2	PIK3R3	PIK3R5	PIK3R6	SRC
cluster_1097	6	GTF2I	HDAC1	HDAC2	HDAC3	KDM1A	MYC
cluster_1098	4	BARD1	BRCA1	CSTF1	CSTF2
cluster_1099	3	BCL6	LOC102723407	PAX5
cluster_1100	7	COLEC10	FCN1	FCN2	FCN3	KIR3DL1	MASP1	MASP2
cluster_1101	3	ADORA2A	ENTPD1	NT5E
cluster_1102	3	CNOT2	EXD2	TMEM214
cluster_1103	3	HSPA9	PDK4	VDAC1
cluster_1104	4	CYBA	NOX1	NOXO1	RFK
cluster_1105	8	FBL	IMP4	MRTO4	NHP2	NIFK	NIP7	NOP16	WDR12
cluster_1106	6	DLG4	GRIA1	GRIA2	GRIA3	GRIA4	GSR
cluster_1107	5	MED1	MED13	MED14	MED23	NR1I3
cluster_1108	4	PLD1	PLD2	RRAS	RRAS2
cluster_1109	3	EEF1A1	SSU72	WDR82
cluster_1110	3	CRIPT	DLG1	DLG4
cluster_1111	3	CD44	FN1	IQGAP1
cluster_1112	3	CENPS-CORT	CORT	FANCM
cluster_1113	4	C1QA	C1QB	MS4A4A	VSIG4
cluster_1114	3	GGH	SLC19A1	TPMT
cluster_1115	4	CBFB	MYH11	MYL9	RUNX1
cluster_1116	4	ENPP1	FGF23	PHEX	SLC34A3
cluster_1117	3	NPC2	STARD3	STARD3NL
cluster_1118	4	IGKV1-33	IGKV1D-33	SP140	SP140L
cluster_1119	5	HNF4A	NCOA1	NCOA2	NCOR1	NCOR2
cluster_1120	3	METTL1	SGF29	TADA2A
cluster_1121	5	H2BC1	H2BC13	H2BU1	HLA-DRA	HLA-DRB1
cluster_1122	4	DERL2	DERL3	ERGIC2	SEL1L
cluster_1123	4	GATA4	NKX2-5	TBX3	TBX5
cluster_1124	4	PLEC	SYNE1	SYNE3	SYNE4
cluster_1125	3	NAIP	SMN1	SMN2
cluster_1126	3	NALCN	TACR1	UNC80
cluster_1127	3	SOD1	TOMM40	TOMM40L
cluster_1128	8	DNAJC24	DPH1	DPH2	DPH3	DPH5	DPH6	DPH7	EEF2
cluster_1129	4	EIF2S1	EIF2S2	EIF5	RABIF
cluster_1130	6	DLAT	PDHA1	PDHB	PDK2	PDK3	STAT5A
cluster_1131	4	HMGCR	NPC1	SREBF1	SREBF2
cluster_1132	3	ACE	AGT	ANPEP
cluster_1133	3	CLIC4	CLIC5	TPRN
cluster_1134	3	GLI2	GLI3	RUNX2
cluster_1135	5	B3GALT1	B3GALT2	B3GALT5	B4GALT2	C1GALT1
cluster_1136	7	GRIA1	GRIA2	GRIA3	GRIA4	KIF5A	KIF5B	KIF5C
cluster_1137	4	CSH1	CSH2	GH2	LGALS1
cluster_1138	7	ADRA1D	DMD	DTNA	SNTA1	SNTB1	SNTB2	UTRN
cluster_1139	3	ETS1	ETS2	SRF
cluster_1140	4	CTU1	DDX56	FTSJ3	WDR74
cluster_1141	7	DVL1	DVL2	DVL3	NOTCH1	NOTCH2	NOTCH3	NOTCH4
cluster_1142	4	ACACA	ACACB	GART	PPAT
cluster_1143	6	GATA4	HAND2	MYOCD	NKX2-5	SRF	TBX5
cluster_1144	4	APOB	APOE	APP	SORT1
cluster_1145	3	CEP250	CROCC	LRRC45
cluster_1146	3	CLEC4D	CLEC4E	CLEC6A
cluster_1147	4	G6PC	G6PC2	G6PC3	SLC37A4
cluster_1148	3	GCC2	GOLGA4	GRIP1
cluster_1149	4	MOCS3	MPST	TST	URM1
cluster_1150	6	FSHB	GNRH1	GNRH2	GNRHR	KISS1	KISS1R
cluster_1151	4	ARHGEF7	SHANK1	SHANK2	SHANK3
cluster_1152	3	B2M	HLA-B	HNRNPC
cluster_1153	3	DCN	HSPG2	MSTN
cluster_1154	3	PKD1	PKD2	PRKD1
cluster_1155	4	ITCH	MAP3K7	MAVS	TRAF6
cluster_1156	3	FRMD1	FRMD6	NF2
cluster_1157	3	RAB11A	RAB8A	TFRC
cluster_1158	4	COX7A2	COX7C	HINT1	UQCRQ
cluster_1159	6	BCAT1	BCAT2	BCKDHA	BCKDHB	DBT	F5H5P2_HUMAN
cluster_1160	3	LOC102723407	TNFRSF10B	TNFSF10
cluster_1161	3	KCNN3	ORAI1	TRPC1
cluster_1162	3	MED15	SREBF1	SREBF2
cluster_1163	3	NR1H2	NR1H3	OGT
cluster_1164	9	PDRG1	PFDN6	PIH1D1	PPP1CA	PPP1CC	RPAP3	URI1	UXT	WDR92
cluster_1165	4	NCL	PARP1	XRCC5	XRCC6
cluster_1166	5	HLTF	SHPRH	UBE2B	UBE2N	UBE2V2
cluster_1167	3	EGLN1	EGLN3	OS9
cluster_1168	6	MTREX	PDCD11	TARBP1	TBL3	UTP20	UTP4
cluster_1169	3	CARD11	PDPK1	PRKCQ
cluster_1170	4	GLRA1	GLRB	GPHN	SLC6A5
cluster_1171	4	ASXL1	IDH1	IDH2	TET2
cluster_1172	3	ASF1A	ASF1B	CABIN1
cluster_1173	3	DVL1	DVL2	NXN
cluster_1174	3	CDK19	CDK8	CNOT4
cluster_1175	4	DCDC1	DNAJC24	IMMP1L	MPPED2
cluster_1176	3	NCOA4	PTCH1	PTCH2
cluster_1177	7	CSNK1D	CSNK1E	RPP14	RPP21	RPP25	RPP30	RPP40
cluster_1178	7	CFAP45	EFHB	EFHC1	EFHC2	ENKUR	PACRG	WDR90
cluster_1179	5	ACTN2	CAMK2A	CAMK2B	DLG4	GRIN2B
cluster_1180	5	GSK3A	MAP3K7	TAB1	TAB2	TLR3
cluster_1181	9	CEBPA	CEBPB	CEBPD	CREB1	CREBBP	EP300	FOS	JUN	STAT3
cluster_1182	3	APOBEC3G	BST2	SAMHD1
cluster_1183	3	BGN	CCN4	DCN
cluster_1184	3	GRID2	NRXN1	NRXN2
cluster_1185	3	ITK	LCK	SH2D2A
cluster_1186	4	RABIF	RAN	RANGAP1	RCC1
cluster_1187	5	CCNL2	CDK2	CDK4	CDK6	CHKA
cluster_1188	4	CCNE1	CCT2	CCT4	CCT7
cluster_1189	3	CREB3	CREB3L4	HCFC2
cluster_1190	3	DGLUCY	GLS	GLS2
cluster_1191	4	PLXNB1	RHOA	RND1	SEMA4D
cluster_1192	3	HSPA4	HSPA8	UBE3A
cluster_1193	4	DGCR8	DICER1	DROSHA	RNH1
cluster_1194	5	MTOR	RICTOR	RPS6KB1	SIRT1	TSC2
cluster_1195	43	CUL7	EEF1A1	EEF1B2	MED1	MRPL2	MRTO4	NME2	PKLR	PKM	RPL11	RPL15	RPL18	RPL19	RPL21	RPL23	RPL23A	RPL24	RPL26	RPL31	RPL34	RPL35	RPL37A	RPL4	RPL5	RPL8	RPL9	RPLP0	RPS11	RPS15	RPS16	RPS17	RPS18	RPS19	RPS2	RPS20	RPS23	RPS24	RPS28	RPS3	RPS3A	RPS6	RPSA	UBA52
cluster_1196	4	CYP11B2	HSD11B1	HSD11B2	NR3C2
cluster_1197	4	BOP1	PES1	WDR12	WDR55
cluster_1198	5	ERC2	MZT1	TUBG1	TUBGCP2	TUBGCP3
cluster_1199	5	GNAS	GNB1	GNG2	IGHV3-16	MC1R
cluster_1200	6	PSMD14	PSMD2	PSMD4	PSME4	UBE3C	USP14
cluster_1201	4	HSP90AA1	HSPA4	HSPA5	PRNP
cluster_1202	4	BECN1	MAP1LC3B	NEDD4	SQSTM1
cluster_1203	4	ACKR3	ATP5F1A	ATP5F1B	ATP5PO
cluster_1204	4	BRCA1	POU2F1	XRCC5	XRCC6
cluster_1205	3	ABCB10	COX10	FECH
cluster_1206	4	LRRK2	SH3GL1	SH3GL2	SH3GL3
cluster_1207	3	AGO1	AGO4	DNMT3A
cluster_1208	3	ANLN	RACGAP1	SLC26A8
cluster_1209	3	ARHGAP35	ARHGAP5	THY1
cluster_1210	3	FAH	FAHD1	FH
cluster_1211	3	ATG16L1	CLTC	CLTCL1
cluster_1212	7	ALK	EGFR	EML4	JAK1	JAK2	JAK3	STAT3
cluster_1213	5	CCNL2	CDK2	CDK4	CDKN1C	CIB1
cluster_1214	5	EGFR	KDR	NCK1	NCK2	PDGFRB
cluster_1215	4	BACE1	MAPT	PSEN1	PSEN2
cluster_1216	3	EXOSC6	EXOSC8	ZFP36
cluster_1217	3	RALGPS2	RGSL1	TEX35
cluster_1218	3	SPOP	SPOPL	UBE2I
cluster_1219	3	BCAR1	SH2D3A	SH2D3C
cluster_1220	55	BTF3	EEF1A1	NACA	NACA2	RPL10	RPL11	RPL12	RPL13	RPL13A	RPL14	RPL15	RPL17	RPL18	RPL18A	RPL19	RPL21	RPL22	RPL23	RPL23A	RPL24	RPL26	RPL27	RPL27A	RPL28	RPL29	RPL3	RPL30	RPL31	RPL32	RPL34	RPL35	RPL35A	RPL36	RPL36A	RPL36AL	RPL37	RPL37A	RPL38	RPL39	RPL4	RPL5	RPL6	RPL7	RPL7A	RPL8	RPL9	RPLP0	SEC61A1	SEC61A2	SEC61B	SEC61G	STT3A	STT3B	TTC5	TUBB
cluster_1221	5	CHUK	IKBKB	IKBKE	TBK1	TRIM27
cluster_1222	4	GOLGA7	HRAS	NRAS	ZDHHC9
cluster_1223	4	NUP62	NUP93	NXF1	SH2D3A
cluster_1224	5	HAUS1	HAUS2	HAUS4	HAUS6	PCM1
cluster_1225	6	ETV6	HRAS	KRAS	NRAS	PIK3CA	PIK3R1
cluster_1226	3	APC	CLIP1	MAPRE1
cluster_1227	3	CCNE1	CDK2	NPAT
cluster_1228	6	FBXO5	MRPL17	MRPL27	MRPS16	MRPS6	MRPS9
cluster_1229	4	BUB1	BUB1B	BUB3	UBR5
cluster_1230	5	FBXW7	MAML1	NOTCH1	NOTCH4	RBPJ
cluster_1231	5	GPHN	PFN1	PFN3	PFN4	VASP
cluster_1232	4	EPHX2	PRKAG1	PRKAG2	PRKAG3
cluster_1233	4	PHF23	SIN3A	SIN3B	SUDS3
cluster_1234	3	RALA	RALGAPA2	RALGAPB
cluster_1235	4	IGKV1-33	IGKV1D-33	KLK5	ST14
cluster_1236	4	MUTYH	NTHL1	NUDT1	OGG1
cluster_1237	3	AHSG	F2	MGP
cluster_1238	3	CD63	CD81	LAMP1
cluster_1239	3	ICE2	NAA10	NAA15
cluster_1240	3	ERI1	SYNCRIP	YBX1
cluster_1241	8	CLSPN	PRIM1	PRIMPOL	RPA1	RPA2	RPA3	TIMELESS	TIPIN
cluster_1242	5	COX4I1	CYCS	MT-CO1	PPARGC1A	UQCRC2
cluster_1243	5	NCOA1	NCOA2	NCOA3	NCOR2	NR5A2
cluster_1244	4	ACTB	CASP3	GAPDH	MAPT
cluster_1245	4	CIITA	MEFV	NAIP	PYCARD
cluster_1246	16	CYC1	HTT	MT-CYB	SDHA	SDHB	SDHC	SDHD	UQCR10	UQCR11	UQCRB	UQCRC1	UQCRC2	UQCRFS1	UQCRH	UQCRHL	UQCRQ
cluster_1247	5	BUB1B	BUB3	CDC20	PLK1	TAOK1
cluster_1248	3	HMGCR	INSIG1	VCP
cluster_1249	3	DHFR	DHFR2	DHODH
cluster_1250	3	SYNGAP1	ULK1	ULK2
cluster_1251	3	BECN1	PIK3C3	SLAMF1
cluster_1252	3	NKX2-1	PAX8	SMAD3
cluster_1253	7	CSDE1	DHX9	HNRNPD	HNRNPU	PABPC1	SYNCRIP	YBX1
cluster_1254	4	CALR	CANX	ITPR1	ITPR3
cluster_1255	4	CBFB	RUNX1	RUNX1T1	SPI1
cluster_1256	4	EPS8	GPSM2	MYO15A	WHRN
cluster_1257	3	THAP1	THAP11	THAP12
cluster_1258	5	CLTA	CLTB	CLTC	DAB2	MYO6
cluster_1259	3	ARF3	GGA1	GGA3
cluster_1260	11	BARD1	BRCA1	BRCA2	CHEK1	PALB2	RAD51	RAD51C	RAD52	RPA1	SEM1	XRCC3
cluster_1261	8	ANK1	ANK2	ANK3	CALM3	CALML3	CALML4	CALML5	CALML6
cluster_1262	4	IRF7	NMI	STAT1	STAT2
cluster_1263	3	EGFR	STAP2	STAT3
cluster_1264	3	HSPD1	HSPE1	TST
cluster_1265	3	LIPE	PLIN2	PNPLA2
cluster_1266	4	CD44	FN1	THBS1	TNFAIP6
cluster_1267	4	GOLGA2	RAB1A	RAB1B	RUSC2
cluster_1268	3	NANOG	NR0B1	POU5F1
cluster_1269	5	CCDC8	CUL7	CUL9	FBXW8	OBSL1
cluster_1270	6	CALR	CANX	PDIA3	TAP1	TAP2	TAPBP
cluster_1271	3	IVNS1ABP	PRPSAP1	PRPSAP2
cluster_1272	9	BCL9	BCL9L	LEF1	PYGO2	TCF4	TCF7L2	TLE1	TLE3	TLE4
cluster_1273	4	PSTPIP1	WAS	WASL	WIPF1
cluster_1274	3	F3	IGKV2-40	IGKV2D-40
cluster_1275	5	GNRH1	KISS1	KISS1R	NPVF	TAC3
cluster_1276	9	CAPZA1	CAPZA2	CAPZB	WASHC1	WASHC2A	WASHC2C	WASHC3	WASHC4	WASHC5
cluster_1277	8	AHSG	APOA1	APOA2	APOA5	APOB	APOC3	APOH	FABP1
cluster_1278	4	REN	SCNN1A	SCNN1B	SCNN1G
cluster_1279	5	EGR1	FOS	MAPK1	MAPK3	NPAS4
cluster_1280	14	AKT1S1	DEPTOR	EIF4EBP1	FKBP1A	MAPKAP1	MLST8	MTOR	RHEB	RICTOR	RPS6KB1	RPS6KB2	RPTOR	TSC1	TSC2
cluster_1281	4	MIS18A	MIS18BP1	RBBP4	RBBP7
cluster_1282	3	ASXL1	SH2B3	TET2
cluster_1283	3	B4GALNT1	CHPF	CHSY1
cluster_1284	6	LATS1	RASSF1	RASSF5	SAV1	STK3	STK4
cluster_1285	4	ENSP00000497443	GH1	GHR	PRLR
cluster_1286	3	FOSL1	JUND	MEN1
cluster_1287	3	RNF11	STAM2	STAMBP
cluster_1288	4	BTF3L4	NUP155	NUP205	NUP93
cluster_1289	3	CDS1	CDS2	COQ2
cluster_1290	8	DNM1L	FIS1	MFN1	MFN2	PINK1	PRKN	TFAM	TOMM20
cluster_1291	6	ACTA1	KBTBD13	NEB	TNNT1	TPM2	TPM3
cluster_1292	4	ANXA1	ANXA2	ANXA6	TRIM72
cluster_1293	4	EHD1	EHD3	RAB5A	RBSN
cluster_1294	5	ACTB	ENO1	GAPDH	PGK1	PPIA
cluster_1295	5	COQ3	COQ5	COQ7	COQ9	NDUFA9
cluster_1296	3	DOK7	LRP4	MUSK
cluster_1297	10	RPP14	RPP21	RPP25	RPP30	RPP40	RPS14	RPS2	RPS6	RPS7	RPS9
cluster_1298	4	BMI1	CBX6	CBX8	MOV10
cluster_1299	4	EZR	FADD	FAS	FASLG
cluster_1300	5	BRCA1	BRCA2	RAD51	TP53BP1	USP11
cluster_1301	5	AGER	SFTPA1	SFTPB	SFTPC	SFTPD
cluster_1302	3	ARID1A	MSH2	MSH6
cluster_1303	3	CDKN1A	LATS2	MDM2
cluster_1304	3	MCAT	TEAD1	TEAD4
cluster_1305	3	PPP1R15A	SMAD7	TGFBR1
cluster_1306	3	SF3A2	SNRPA	TRIR
cluster_1307	3	BAAT	HSD17B4	SCP2
cluster_1308	3	DAB2IP	RIPK1	TRAF2
cluster_1309	4	HERC2	PIAS4	RNF168	RNF8
cluster_1310	4	BRD4	DMAP1	EP400	KAT5
cluster_1311	4	NCF1	NCF2	NCF4	PIN1
cluster_1312	4	CCNA1	CCNA2	ELAVL1	FOXM1
cluster_1313	6	CHRNA3	CHRNA4	CHRNA6	CHRNB2	CHRNB4	JAK2
cluster_1314	4	BICD2	NEK6	NEK7	NEK9
cluster_1315	4	ADA	HPRT1	PNP	XDH
cluster_1316	3	ECSIT	TLR4	TRAF6
cluster_1317	3	MAGED1	TAB1	XIAP
cluster_1318	4	FCGR3A	FCGR3B	MNDA	TYROBP
cluster_1319	3	ASPN	OGN	OMD
cluster_1320	3	G6PC2	GCK	GCKR
cluster_1321	3	IHH	PTH1R	PTHLH
cluster_1322	3	INKA1	PAK4	PAK5
cluster_1323	3	LGR5	NOG	RSPO1
cluster_1324	3	PRKN	SEPTIN4	SEPTIN5
cluster_1325	3	DEGS1	DEGS2	METAP2
cluster_1326	7	ARAF	ARRB1	ARRB2	BRAF	KSR1	MAP2K1	RAF1
cluster_1327	9	CREBBP	CTNNB1	EP300	FBXW7	JUN	MYC	SMARCA4	STAT3	TP53
cluster_1328	3	CLN3	HMGCL	HMGCLL1
cluster_1329	4	ABCD4	LMBRD1	MMACHC	MMADHC
cluster_1330	4	RDH10	RDH5	RGR	RLBP1
cluster_1331	15	ALDH4A1	GAD1	GAD2	GCLC	GCLM	GGT1	GGT5	GGT6	GGT7	GLS	GLS2	GLUD1	GLUD2	GLUL	OPLAH
cluster_1332	3	CUL3	KBTBD13	KLHL40
cluster_1333	3	CSNK1D	CSNK1E	PLK1
cluster_1334	3	ITCH	TXNIP	WWP1
cluster_1335	4	ADAM17	TNF	TNFRSF1A	TNFRSF1B
cluster_1336	5	BMP1	BMP2	BMP7	BMPR2	CHRD
cluster_1337	3	OAT	POLR1A	POLR3A
cluster_1338	3	ASH1L	MORF4L1	MORF4L2
cluster_1339	3	CNOT4	UBE2D1	UBE2D2
cluster_1340	12	ATP1A1	ATP1A2	ATP1A3	ATP1A4	ATP1B1	ATP1B2	ATP1B3	ATP1B4	FXYD2	PLN	PRKG1	PRKG2
cluster_1341	4	CNOT1	CNOT4	CNOT9	RIDA
cluster_1342	3	CALR	ERP27	PDIA3
cluster_1343	4	CREBBP	EP300	JUN	SOX9
cluster_1344	3	BRCA1	PSMC3IP	RAD51
cluster_1345	3	EMG1	MAT2A	NOP14
cluster_1346	3	KHDRBS1	PTK6	SFPQ
cluster_1347	5	CKAP5	CLIP1	MAPRE1	MAPRE2	MAPRE3
cluster_1348	4	COL18A1	FLT1	FLT4	KDR
cluster_1349	5	CCT2	CCT3	CCT7	TCP1	TXNDC9
cluster_1350	4	PLEKHM1	SNAP29	STX17	VAMP8
cluster_1351	4	DLG4	GRIA1	GRIN2B	KALRN
cluster_1352	4	PPP1R3A	RHAG	RHCE	RHD
cluster_1353	3	ACE2	ITGA5	ITGB1
cluster_1354	3	ATG5	HDAC6	SQSTM1
cluster_1355	14	CACNG2	GRIA1	GRIA2	GRIA3	GRIA4	GRIN1	GRIN2A	GRIN2B	GRIN2C	GRIN2D	GRIN3A	PRKACA	PRKACB	PRKACG
cluster_1356	4	MSI1	MSI2	NUMB	NUMBL
cluster_1357	3	AP3D1	AP3S2	ARPIN
cluster_1358	3	HMGCR	PCSK9	SREBF2
cluster_1359	4	D2HGDH	DMAP1	MEAF6	TRRAP
cluster_1360	3	AXIN1	DIXDC1	DVL1
cluster_1361	3	GPR161	PRKAR1A	PRKAR1B
cluster_1362	3	KDM2A	SKP1	SKP2
cluster_1363	4	CSF2	IGHV3-72	IL6	LIF
cluster_1364	3	FEN1	PCNA	RNASEH2B
cluster_1365	3	MIEN1	SELENOT	SELENOW
cluster_1366	3	NOP56	POLR1A	TCOF1
cluster_1367	3	SEC22B	STX4	TAPBP
cluster_1368	3	AADAT	BCAT1	BCAT2
cluster_1369	9	ADD1	ADD2	ADD3	CALM3	CALML3	CALML4	CALML5	CALML6	EPB41
cluster_1370	4	BCAP31	CALR	CANX	PDIA3
cluster_1371	8	PCNA	POLH	RAD18	REV1	RPS27A	UBA52	UBB	UBC
cluster_1372	4	CNOT1	CNOT7	CNOT8	PUM1
cluster_1373	3	CEBPA	HNF4A	LEF1
cluster_1374	3	ANTXR1	ANTXR2	LRP6
cluster_1375	5	FUS	MATR3	MATR3-2	TARDBP	VCP
cluster_1376	4	DDX46	MAVS	TRAF3	TRAF6
cluster_1377	5	BYSL	DUS1L	NAT10	NOC4L	WDR36
cluster_1378	3	DIO2	SLC16A2	SLCO1C1
cluster_1379	3	GJA5	GJC1	HCN4
cluster_1380	3	PUS1	TRUB2	YARS2
cluster_1381	4	BAK1	BAX	BCL2L11	ERN1
cluster_1382	4	CDC7	ELN	MCM4	MCM5
cluster_1383	4	FIP1L1	JAK2	PDGFRA	PDGFRB
cluster_1384	3	KXD1	TPM1	TPM3
cluster_1385	4	PIAS4	SMAD3	SMAD4	SMAD7
cluster_1386	3	ACTBL2	PFDN1	PFDN2
cluster_1387	3	BAG3	LDB3	MYOT
cluster_1388	7	CELSR1	DVL1	FZD6	PTK7	SCRIB	VANGL1	VANGL2
cluster_1389	3	CSN2	PRL	PRLR
cluster_1390	3	AKT1	AKT2	SLC2A4
cluster_1391	3	DXO	FBF1	XRN2
cluster_1392	5	CALML3	CALML4	CALML5	CALML6	JAK2
cluster_1393	4	ARPC3	DOCK8	WAS	WIPF1
cluster_1394	5	PABPC1	PPP2CA	SMG5	SMG7	UPF1
cluster_1395	6	CAPRIN1	FXR1	FXR2	G3BP1	G3BP2	UBAP2L
cluster_1396	5	HNRNPA1	HNRNPA2B1	HNRNPC	PTMA	SRSF3
cluster_1397	9	EWSR1	FUS	HNRNPA1	HNRNPA2B1	HNRNPD	HNRNPH1	HNRNPM	SRSF2	TNPO1
cluster_1398	5	ACTB	ACTG1	ENAH	EVL	PFN2
cluster_1399	4	ACTR2	ACTR3	ARPC1B	MYH9
cluster_1400	4	GFER	MOB1A	MOB1B	SAV1
cluster_1401	4	SNX2	SORT1	VPS26A	VPS35
cluster_1402	3	CD8A	RUNX3	TBX21
cluster_1403	3	DNTTIP2	FAF1	FCF1
cluster_1404	3	FOXO1	RAG1	RAG2
cluster_1405	5	MGAT4A	MGAT4B	MGAT5	MGAT5B	POMGNT1
cluster_1406	6	H2AC18	H2AC20	H3-3B	H3C12	H3C13	RRP8
cluster_1407	5	COL7A1	MIA3	SEC23A	SEC24A	SEC24B
cluster_1408	4	ASAP1	RAB11A	RAB3IP	RAB8A
cluster_1409	4	HDAC3	NCOR1	NCOR2	RBM15
cluster_1410	3	ACVRL1	ENG	OR2AG1
cluster_1411	3	BIRC6	DIABLO	RNF41
cluster_1412	3	PEX1	PEX6	ZFAND6
cluster_1413	4	EXOSC10	EXOSC9	MTREX	SETX
cluster_1414	3	AKT1	ARHGDIA	ARHGDIB
cluster_1415	3	KDM3A	PRM1	TNP1
cluster_1416	4	HINT1	RPL17	RPL27	RPL35A
cluster_1417	5	ATOX1	ATP7A	CCS	COX17	SOD1
cluster_1418	4	LIAS	LIPT1	LIPT2	NFU1
cluster_1419	3	ATP6V0A4	ATP6V1B1	SLC4A1
cluster_1420	3	CKMT1A	CKMT1B	CKMT2
cluster_1421	3	DPP4	MGAM	SI
cluster_1422	4	CD3D	CD3E	CD3G	HMBS
cluster_1423	3	GJA5	NKX2-5	TBX5
cluster_1424	3	NECAP1	NECAP2	UBE2J2
cluster_1425	4	ADSS1	ADSS2	ATIC	DOHH
cluster_1426	5	GSE1	HMG20A	HMG20B	RCOR3	SNAI1
cluster_1427	3	CDH1	CDH2	PTEN
cluster_1428	3	FZD8	IGFBP4	LRP6
cluster_1429	5	KLHL7	PRPF3	PRPF31	PRPF8	SNRNP200
cluster_1430	4	CAV2	CAV3	HSP90AA1	HSP90AB1
cluster_1431	5	CXCL8	IL1B	MMP9	S100A12	TLR4
cluster_1432	4	CASP1	MEFV	NLRP3	P2RX7
cluster_1433	4	SMAD2	SMAD3	SMAD7	SNW1
cluster_1434	3	AFDN	MLLT10	MLLT6
cluster_1435	3	BMP2	BMP4	MSX1
cluster_1436	3	GPAM	LCLAT1	LPGAT1
cluster_1437	5	PRNP	PSMA3	PSMB5	PSMD14	PSMD2
cluster_1438	13	CDK5RAP2	MZT1	MZT2A	MZT2B	NEDD1	NME7	TUBG1	TUBG2	TUBGCP2	TUBGCP3	TUBGCP4	TUBGCP5	TUBGCP6
cluster_1439	4	ALK	EML4	TPM3	TPM4
cluster_1440	4	EBI3	IGHV3-16	IGHV3-43D	IL27
cluster_1441	3	ELP5	ELP6	PIPOX
cluster_1442	8	AFMID	HAAO	IDO1	IDO2	KMO	KYNU	QPRT	TDO2
cluster_1443	3	APP	SYN1	SYP
cluster_1444	4	MCU	MICU1	MICU2	PHB2
cluster_1445	3	CARTPT	HMGCS1	HMGCS2
cluster_1446	3	CHRNA4	KCNQ2	KCNQ3
cluster_1447	3	PHF3	POLR2A	POLR2E
cluster_1448	9	ATM	ATR	BRCA2	CHEK1	H2AX	MCPH1	MDC1	RAD51	TOPBP1
cluster_1449	8	BTK	FCER1G	LOC102723407	LYN	PLCG1	PLCG2	SYK	ZAP70
cluster_1450	4	EIF2B1	EIF2B2	EIF2B4	TYMP
cluster_1451	3	ARC	SH3GL1	SH3GL3
cluster_1452	3	BMI1	CBX4	CTBP1
cluster_1453	3	CAMK2A	GRIN2B	TIAM1
cluster_1454	3	CHAMP1	MAD2L2	POGZ
cluster_1455	3	CYP51A1	INSIG1	PGRMC1
cluster_1456	3	GATA1	KLF1	SOX6
cluster_1457	3	LYN	MAP3K2	SRC
cluster_1458	3	MOB1A	SAV1	STK24
cluster_1459	3	NUDT5	PYCR1	PYCR2
cluster_1460	4	BRD2	BRD3	HLA-DMA	HLA-DOA
cluster_1461	6	GFPT1	GFPT2	GPI	MPI	PGM3	PUDP
cluster_1462	5	GPS2	SUPT3H	TADA3	TAF10	TAF12
cluster_1463	4	ANPEP	CD7	DPP4	MME
cluster_1464	4	KCTD10	KCTD13	POLD2	TNFAIP1
cluster_1465	3	ABI1	ABI2	RAPH1
cluster_1466	4	ABCC8	KCNJ11	RAPGEF3	RAPGEF4
cluster_1467	4	EPM2A	GSK3B	GYS1	GYS2
cluster_1468	3	CEBPD	CELF1	MBNL1
cluster_1469	3	HCFC1	KMT2A	PHF6
cluster_1470	3	SLC30A1	TMC6	TMC8
cluster_1471	6	CCNB1	CDK1	CENPA	KIF20A	LMNB1	ZWINT
cluster_1472	8	CBS	PSPH	SDS	SDSL	SPTLC1	SPTLC2	SPTLC3	SRR
cluster_1473	4	EPRS1	ETF1	GSPT1	GSPT2
cluster_1474	3	CDK4	CDKN1C	MYOD1
cluster_1475	5	APOC1	APOC2	APOE	APP	TOMM40
cluster_1476	4	DAG1	MUSK	RAPSN	UTRN
cluster_1477	4	SND1	STAT5A	STAT5B	STAT6
cluster_1478	3	ARHGEF9	CDC42	RHOA
cluster_1479	8	CALM3	CALML3	CALML4	CALML5	CALML6	PPP1CA	PPP1CB	PPP1CC
cluster_1480	5	PPIA	RPL13A	RPL23A	RPL4	RPLP0
cluster_1481	3	EIF1	EIF2S1	PPP1R15B
cluster_1482	5	ISG15	MX1	MX2	USP18	USP41
cluster_1483	10	DNAAF1	DNAAF2	DNAH11	DNAH5	DNAI1	DNAI2	NME8	RPGR	RSPH4A	RSPH9
cluster_1484	7	APAF1	CASP9	CYCS	DIABLO	DIABLO-2	ENDOG	HTRA2
cluster_1485	4	CFL1	CFL2	ROCK1	ROCK2
cluster_1486	4	HDAC3	HDAC4	NCOR1	NR2C1
cluster_1487	4	DLG1	DLG4	KCNJ12	KCNJ4
cluster_1488	5	AP3B1	AP3B2	AP3D1	AP3M1	ARPIN-AP3S2
cluster_1489	3	PET100	PET117	PNKD
cluster_1490	3	CTDP1	PRMT5	WDR77
cluster_1491	3	MAPRE2	RBM15	RBM15B
cluster_1492	3	PIF1	PRH1	PRH2
cluster_1493	3	RAD18	WRN	WRNIP1
cluster_1494	3	EPM2A	NFU1	PPP1R3C
cluster_1495	4	IMP4	SPOUT1	UTP11	WDR46
cluster_1496	6	EP300	FOS	JUN	MAPK1	MAPK3	MITF
cluster_1497	4	CD4	CIITA	IFNG	STAT1
cluster_1498	3	BAG5	PINK1	PRKN
cluster_1499	3	BRAF	RPS6KB2	TSC2
cluster_1500	3	CCR5	CXCR4	FLNA
cluster_1501	4	AR	CAV1	ESR1	HIF1A
cluster_1502	4	APBB1IP	FERMT3	FYB1	SKAP1
cluster_1503	3	EGFR	EPS8	SRC
cluster_1504	3	CCNG1	PPP2R1A	PPP2R5C
cluster_1505	3	RIBC2	TRIB1	TRIB2
cluster_1506	5	OXCT1	OXCT2	SDHA	SDHB	SDHC
cluster_1507	4	ADGRV1	SLC4A7	USH1C	USH2A
cluster_1508	4	PIM1	STAT3	STAT5A	STAT5B
cluster_1509	4	ENPP1	ENPP3	GDPD1	GDPD3
cluster_1510	3	CARS1	CARS2	PIGL
cluster_1511	4	DNAJC30	NDUFA7	NDUFB11	NDUFV3
cluster_1512	5	BIRC5	MED18	MED30	MED31	MED6
cluster_1513	3	CACNA1A	CACNB4	KCNA1
cluster_1514	4	AGPS	FAR1	FAR2	GNPAT
cluster_1515	3	ACTB	GAPDH	HPRT1
cluster_1516	3	RUVBL1	RUVBL2	TRIM28
cluster_1517	3	TFAP2A	TFAP2C	WWOX
cluster_1518	3	NPM1	NPM2	NPM3
cluster_1519	11	CREBBP	CTNNB1	EP300	EZH2	HDAC1	HDAC2	HDAC3	KLF4	MYC	SMARCA4	TP53
cluster_1520	10	B2M	HLA-A	HLA-B	HLA-C	HLA-E	HLA-F	HLA-G	TAP1	TAP2	TAPBP
cluster_1521	5	CSN3	KCNMA1	KCNN1	KCNN3	KCNN4
cluster_1522	13	CUL1	CUL2	CUL3	CUL4A	CUL4B	CUL5	CUL7	GLMN	RBX1	RNF7	SKP1	UBA3	UBE2M
cluster_1523	4	ANKS4B	CDHR2	CDHR5	MYO7B
cluster_1524	3	DCTN1	DYNC1H1	VCP
cluster_1525	4	BRD2	BRD3	BRDT	DEFB1
cluster_1526	4	BDNF	COMT	MAOA	MAOB
cluster_1527	4	CYP26A1	CYP26B1	CYP26C1	STRA8
cluster_1528	4	MLANA	TRPM1	TYR	TYRP1
cluster_1529	3	ITGA4	ITGB2	YWHAZ
cluster_1530	3	CCDC36	CXXC1	PRDM9
cluster_1531	3	GMPPA	GMPPB	TGDS
cluster_1532	4	DLL1	LEF1	NOTCH1	RBPJ
cluster_1533	3	CHDH	IFT52	TTC26
cluster_1534	8	CCNL2	CDK4	CDK6	CDKN1A	CDKN2A	E2F1	MDM2	TCHP
cluster_1535	4	JAG1	NOTCH1	RBPJ	RUNX3
cluster_1536	3	PLAT	PLAU	SERPINE2
cluster_1537	5	MZT2A	MZT2B	TUBG1	TUBGCP5	TXNDC12
cluster_1538	3	CD300C	FCER1G	TYROBP
cluster_1539	3	DNMT3A	DNMT3B	TCL1A
cluster_1540	6	GH1	GH2	GHR	GHRH	IGFBP3	PRL
cluster_1541	3	ERG28	HSD17B7	NDUFAF6
cluster_1542	3	GCG	GIP	PAX6
cluster_1543	5	CEP97	NDUFS2	NDUFS3	NDUFS8	NDUFV1
cluster_1544	13	ACE2	ALB	CCL2	CD4	CD8A	CRP	IFNG	IL10	IL1B	IL2	IL6	TLR4	TNF
cluster_1545	3	LSM10	SNRPF	ZNF473
cluster_1546	4	HDAC1	RBBP4	RBBP7	SLBP
cluster_1547	3	QDPR	RYR1	RYR2
cluster_1548	5	CIITA	RFX1	RFX5	RFXANK	RFXAP
cluster_1549	3	BRAF	CNKSR2	RAF1
cluster_1550	3	EXOC1	EXOC6	FUT2
cluster_1551	3	GSK3B	SNAI1	SNAI2
cluster_1552	7	CCL2	CCL5	CXCL11	CXCL8	IL1B	IL6	TNFAIP6
cluster_1553	4	ARMC8	RMND5B	UBE2H	WDR26
cluster_1554	4	CAPN1	CAPN2	CAST	SPTAN1
cluster_1555	4	PVR	SAMM50	TOMM22	TOMM7
cluster_1556	3	NOS1	NOS3	XDH
cluster_1557	3	SNCA	TLR2	TLR4
cluster_1558	4	ACP5	ENPP1	ENPP3	NUDT12
cluster_1559	3	PAN2	PAN3	TNRC6C
cluster_1560	3	PDHA1	PDK3	SMPX
cluster_1561	4	ITGA5	ITGB1	L1CAM	LAMC1
cluster_1562	3	CHAT	SLC18A2	SLC18A3
cluster_1563	3	NF1	SDHB	SDHD
cluster_1564	4	BRIX1	GAMT	GTPBP4	RPF2
cluster_1565	4	HNRNPC	HNRNPDL	PTBP1	RAVER1
cluster_1566	3	ACTN2	MYOM2	TTN
cluster_1567	3	DHFR2	MCEE	SPR
cluster_1568	4	CCK	CCL28	GAST	PYY
cluster_1569	5	CAPN3	NEB	OBSCN	TCAP	TTN
cluster_1570	4	AGT	GNAQ	GRK2	KNG1
cluster_1571	4	BCL2L11	BMF	DYNLL1	DYNLL2
cluster_1572	3	DAG1	DMD	KCNJ10
cluster_1573	3	ARF1	ARF6	RABIF
cluster_1574	5	LDB1	LHX6	SSBP2	SSBP3	SSBP4
cluster_1575	3	CDC42	CLIP1	RAC1
cluster_1576	3	FCHSD2	WAS	WASL
cluster_1577	3	PARK7	PINK1	PTEN
cluster_1578	3	RABEP1	RABGEF1	RBSN
cluster_1579	3	SAFB	TJP2	TJP3
cluster_1580	8	ADRM1	COPS5	PSMC1	PSMC3	PSMD14	PSMD4	TXNL1	USP14
cluster_1581	3	CEP19	FGFR1OP	RABL2B
cluster_1582	3	DHX9	MAVS	MYD88
cluster_1583	6	AMBN	AMELX	AMTN	ENAM	FAM20A	FAM20C
cluster_1584	6	CYP27B1	FGF23	KL	PHEX	SLC34A1	SLC34A3
cluster_1585	5	HNF1A	HNF1B	HNF4A	ONECUT1	PDX1
cluster_1586	4	HSPA5	HSPA9	SIGMAR1	VDAC1
cluster_1587	3	KIF1B	KIF1C	KIFBP
cluster_1588	3	AKAP5	PPP3CA	PPP3CB
cluster_1589	3	BDKRB1	BDKRB2	KLK4
cluster_1590	4	CDC73	CTR9	LEO1	PHF6
cluster_1591	5	COA6	COX11	COX18	MT-CO2	SCO1
cluster_1592	3	ACBD3	GOLGA3	GOLGB1
cluster_1593	3	GABARAP	GABARAPL1	KBTBD6
cluster_1594	3	MAPRE1	MAPRE3	STIM1
cluster_1595	3	MYOD1	SMAD3	SMAD7
cluster_1596	7	GNB1	GNB2	GNB3	GNB4	GNB5	GNGT1	PDCL
cluster_1597	4	C4A	HLA-A	HLA-B	HLA-DRB1
cluster_1598	3	MCCC2	NELFCD	PCCB
cluster_1599	3	MT-ND3	MT-ND6	TARDBP
cluster_1600	3	ATG16L1	BECN1	TRIM16
cluster_1601	3	CCND3	CDK14	CDKN1A
cluster_1602	3	DCTN1	DCTN2	ZW10
cluster_1603	3	FIS1	MFN2	VAPB
cluster_1604	3	KRT14	KRT5	TP63
cluster_1605	6	AKT2	AKT3	BCL2	BCL2L1	CASP3	CASP9
cluster_1606	5	CHMP2B	HGS	STAM	STAM2	UBQLN2
cluster_1607	5	STX1A	VAMP1	VAMP2	VAMP8	VAPA
cluster_1608	8	CREB3	CREB3L1	CREB3L2	CREB3L3	CREB3L4	CREB5	TAF4	TAF4B
cluster_1609	3	NCOA3	SP1	YY1
cluster_1610	6	AGO1	AGO2	DDX20	DICER1	GEMIN4	TARBP2
cluster_1611	4	APEX1	NEIL2	NTHL1	YBX1
cluster_1612	4	MXI1	NCOR1	SIN3A	SIN3B
cluster_1613	3	CES1	GUSB	MPO
cluster_1614	3	IFITM3	ISG15	NEDD4
cluster_1615	3	DRGX	RGMA	RGMB
cluster_1616	3	KRT18	KRT8	TNFRSF1B
cluster_1617	7	DUSP1	EGR1	FOS	FOSB	JUN	JUNB	ZFP36
cluster_1618	4	CHKB	CPT1A	CPT1B	CPT1C
cluster_1619	9	CLP1	CPSF1	CPSF2	CSTF1	CSTF3	FIP1L1	NUDT21	YTHDC1	YTHDC2
cluster_1620	4	PRKCE	TRPA1	TRPV1	TRPV4
cluster_1621	4	KCNA1	KCNA3	KCNA6	SHPK
cluster_1622	6	PML	RNF4	SUMO1	SUMO2	SUMO3	UBE2I
cluster_1623	3	BIRC5	FOXM1	STAT3
cluster_1624	4	IL1B	IL2	TNF	UMOD
cluster_1625	5	RAB11FIP1	RAB11FIP2	RAB11FIP3	RAB11FIP5	RAB4A
cluster_1626	6	ALG1	DPM2	DPM3	GMDS	GMPPA	GMPPB
cluster_1627	3	APEX1	GPX2	TXN
cluster_1628	5	BDNF	CRH	NPY	POMC	SST
cluster_1629	5	ARNTL	CLOCK	NR1D1	PPARGC1A	RORA
cluster_1630	6	FOXO1	FOXO3	FOXO4	SMAD2	SMAD3	SMAD4
cluster_1631	3	ACAN	TNFAIP6	VCAN
cluster_1632	3	CA6	CHST8	CHST9
cluster_1633	3	CANX	PDIA3	STIM1
cluster_1634	3	CASP3	STK24	STK26
cluster_1635	3	ITGA2B	MPL	THPO
cluster_1636	3	PCLO	RABAC1	RAPGEF4
cluster_1637	4	EIF3A	EIF3E	EIF3H	RSPH9
cluster_1638	10	CD19	CD2	CD34	CD38	CD4	FCGR3A	FCGR3B	GYPA	NCAM1	PTPRC
cluster_1639	14	COX4I1	CYCS	MT-CO1	MT-CO2	MT-CYB	MT-ND2	MT-ND3	MT-ND4	MT-ND4L	MT-ND5	MT-ND6	NDUFB8	TFAM	UQCRC2
cluster_1640	6	AKT2	AKT3	CHUK	IKBKB	IKBKG	PDPK1
cluster_1641	4	GRIA2	GRIN2A	GRIN2B	MECP2
cluster_1642	4	CCM2	KRIT1	PDCD10	RHOA
cluster_1643	3	ACAN	FMOD	TGFB3
cluster_1644	3	CFL1	PFN1	PPIA
cluster_1645	3	CYFIP1	CYFIP2	NUFIP2
cluster_1646	3	RANBP2	RANGAP1	RASA1
cluster_1647	3	RNF167	UBE2D1	UBE2E1
cluster_1648	10	DMAP1	EPC1	EPC2	KAT5	KAT8	MEAF6	MLLT1	MLLT3	MRGBP	TRRAP
cluster_1649	4	ATIC	GMPS	NT5E	SORD
cluster_1650	3	ENO1	GAPDH	SOD1
cluster_1651	3	NOTCH3	NOTCH4	TACC3
cluster_1652	4	ARHGEF2	CDC42	RAC1	RHOA
cluster_1653	3	CTNNB1	MEF2A	MEF2C
cluster_1654	10	ASF1A	ASF1B	ATRX	H3-3A	H3-3B	H3C1	H3C3	H3C6	H4C6	HIRA
cluster_1655	6	DCT	MITF	MLANA	SOX10	TYR	TYRP1
cluster_1656	4	CHMP2A	CHMP3	ENTPD2	RNF103-CHMP3
cluster_1657	4	F2	F3	GPT	GPT2
cluster_1658	4	PIH1D1	RPAP3	TELO2	TTI1
cluster_1659	3	COPB2	EEF1G	EPRS1
cluster_1660	3	ADSL	HPRT1	PRTFDC1
cluster_1661	3	FOS	IGFBP7	JUN
cluster_1662	3	GABARAPL1	GABARAPL2	NCOA4
cluster_1663	3	KHDRBS2	KHDRBS3	PTK6
cluster_1664	4	F2	F5	MTHFR	SERPINC1
cluster_1665	4	CDC16	CDC27	INTU	MAD2L1
cluster_1666	4	CSPG4	FGF2	PDGFRA	PDGFRB
cluster_1667	4	GAP43	MAPT	SYN1	SYP
cluster_1668	4	NUP107	NUP133	NUP43	SPAST
cluster_1669	3	CHD7	CHD8	RBBP5
cluster_1670	3	F5	F8	MCFD2
cluster_1671	4	IQGAP1	NCK1	WASF2	WASL
cluster_1672	4	NALCN	NTS	TAC1	UNC80
cluster_1673	3	CEBPE	RARA	RXRA
cluster_1674	5	AKR1D1	H6PD	HSD11B1	HSD11B2	SRD5A1
cluster_1675	6	GABPB1	TUBA1A	TUBA1B	TUBB2A	TUBB2B	TUBB3
cluster_1676	6	IVL	LOR	S100A10	SPRR1B	SPRR3	TCHH
cluster_1677	3	CPA3	HDC	MS4A2
cluster_1678	3	DAG1	GRB2	SRC
cluster_1679	3	CASR	KCNJ1	SLC12A1
cluster_1680	3	CSTF2	CSTF2T	LMOD1
cluster_1681	6	MARS1	MARS2	MTFMT	VARS1	VARS2	WARS2
cluster_1682	4	AHSA1	NKTR	PTGES3	STIP1
cluster_1683	4	TAB1	TRAF3	TRAF6	ZMYND11
cluster_1684	3	CALCOCO2	LGALS8	TAX1BP1
cluster_1685	4	DAG1	DMD	PRX	UTRN
cluster_1686	4	TRIM5	UBE2D2	UBE2N	UBE2V1
cluster_1687	3	FLOT1	HGS	TSG101
cluster_1688	5	ASXL1	SRSF2	TET2	U2AF1	ZRSR2
cluster_1689	4	CDH1	CDH17	CDH2	KLRG1
cluster_1690	5	AMY1B	AMY2A	AMY2B	CTRB1	CTRB2
cluster_1691	3	ABI1	HNRNPK	WASL
cluster_1692	3	C1GALT1C1	EEF1A2	ST6GALNAC1
cluster_1693	3	HES1	TLE1	TLE2
cluster_1694	3	MFN1	MFN2	MTERF3
cluster_1695	5	CBL	CBLB	CD2AP	FYN	PIK3CB
cluster_1696	3	CSNK2A1	CSNK2A2	HSP90AA1
cluster_1697	3	NMU	NTS	NTSR2
cluster_1698	4	CTNNB1	HMGA2	MYC	TP53
cluster_1699	3	SLIRP	SNRPG	SNW1
cluster_1700	4	CYP2C19	CYP3A5	P2RY12	PPIG
cluster_1701	4	KRAS	NRAS	PIK3CA	ROS1
cluster_1702	3	DAPK2	DAPK3	KALRN
cluster_1703	3	DICER1	PRKRA	STAU1
cluster_1704	3	KDR	PLXNA1	PLXND1
cluster_1705	3	P3H2	P4HA1	P4HA2
cluster_1706	7	CTTN	DLGAP1	HCLS1	HOMER1	SHANK1	SHANK2	SHANK3
cluster_1707	4	ENY2	SARNP	THOC2	THOC7
cluster_1708	11	NEDD8	PSMA6	PSMB10	PSMB4	PSMB8	PSMB9	PSMC3	PSMD14	PSMD2	PSMD4	UBD
cluster_1709	7	AURKA	CCNB1	CCNB2	CDK1	GADD45A	GADD45B	GADD45G
cluster_1710	3	ACACA	FASN	THRSP
cluster_1711	3	B2M	PCNA	RPA1
cluster_1712	3	EID1	RB1	RBL1
cluster_1713	3	IFIH1	MORC3	TRIM33
cluster_1714	4	ASCL1	TCF12	TCF3	TCF4
cluster_1715	3	GTF2I	ZMYM2	ZMYM3
cluster_1716	4	DIAPH1	DIAPH2	DIAPH3	RHOD
cluster_1717	4	CTSS	HLA-DMA	HLA-DPA1	HLA-DRA
cluster_1718	3	ADSL	MRPL12	MRPL58
cluster_1719	3	CDH5	PECAM1	TIE1
cluster_1720	3	DYRK1B	PCBD1	PCBD2
cluster_1721	4	PPIE	RALYL	RBM22	XAB2
cluster_1722	3	CASP3	GAPDH	HTT
cluster_1723	3	EIF2B3	EIF2B5	TGDS
cluster_1724	4	ADI1	MT-ND1	MT-ND5	MT-ND6
cluster_1725	4	BGLAP	BMP2	BMP4	MGP
cluster_1726	3	EWSR1	FUS	NR4A3
cluster_1727	3	FFAR1	GALR1	GALR2
cluster_1728	3	KAT6A	KAT6B	RUNX2
cluster_1729	5	CDKAL1	HHEX	KCNJ11	SLC30A8	TCF7L2
cluster_1730	4	IFT46	IFT88	KIF17	TTC26
cluster_1731	4	ATP5MC1	ATP5MC2	ATP5MC3	CLCN3
cluster_1732	4	EGR2	MPZL1	PMP22	PRX
cluster_1733	3	CDK4	CDKN2A	SERTAD1
cluster_1734	3	EFNB2	EPHB2	TIAM1
cluster_1735	3	KLHDC2	SELENOK	SELENOS
cluster_1736	4	PTAFR	STAT1	STAT3	TYK2
cluster_1737	5	HFM1	MSH4	MSH5	SLC39A1	SPO11
cluster_1738	3	BCL11B	SATB2	TBR1
cluster_1739	3	NUMBL	TAB2	TRAF6
cluster_1740	3	DMP1	FAM20C	MEPE
cluster_1741	3	SHANK1	SHANK2	SHARPIN
cluster_1742	4	NAGS	OAT	RARS1	RARS2
cluster_1743	5	ALKBH1	TRMT10C	TRMT6	TRMT61A	TRMT61B
cluster_1744	3	POLD1	POLD2	POLDIP2
cluster_1745	3	CASK	EPB41	MPP1
cluster_1746	3	CSPG4	OLIG1	OLIG2
cluster_1747	3	PIWIL1	PIWIL4	SND1
cluster_1748	3	PMM1	PMM2	TK1
cluster_1749	5	DLG2	DLG3	DLG4	GRIN1	NEFL
cluster_1750	3	CDA	ERAL1	TYMP
cluster_1751	3	GJB2	KCNJ10	SLC26A4
cluster_1752	3	HSD11B1	HSD11B2	NR3C1
cluster_1753	10	AP2A1	AP2A2	AP2B1	AP2S1	CLTA	CLTB	CLTC	CLTCL1	HIP1R	HTT
cluster_1754	4	CPSF2	CPSF3	SLBP	SYMPK
cluster_1755	4	IFI44L	MX1	RSAD2	SIGLEC1
cluster_1756	4	MAPT	NEFH	NEFL	NEFM
cluster_1757	3	CAMK2A	FMR1	FXR1
cluster_1758	3	PDAP1	PDGFA	PDGFB
cluster_1759	3	COX11	RPL26	RPL26L1
cluster_1760	5	H1-8	H3-4	H4-16	H4C15	H4C8
cluster_1761	3	AKAP1	MAATS1	PRKAR2B
cluster_1762	3	ANK1	FIG4	PIKFYVE
cluster_1763	3	GATA2	KMT2A	MYB
cluster_1764	4	C1orf68	LCE2B	LCE4A	LCE6A
cluster_1765	5	ACTB	ACTG1	MYO1A	MYO1C	MYO6
cluster_1766	5	CD44	COL1A1	FN1	MMP9	VIM
cluster_1767	6	ALB	IGF1	IGF1R	IGF2	IGF2R	INS
cluster_1768	4	ATP6V1B1	ATP6V1B2	HMGCL	HMGCLL1
cluster_1769	4	COL1A1	COL1A2	COL5A2	THY1
cluster_1770	4	COL4A3	COL4A4	COL4A5	IGBP1
cluster_1771	4	DLL1	DLL3	LFNG	MESP2
cluster_1772	3	AFG3L2	MAIP1	SPG7
cluster_1773	3	EIF2S1	EIF2S2	PRMT7
cluster_1774	4	ACTR1B	DCTN5	DCTN6	DEFB127
cluster_1775	10	LDHA	LDHAL6A	LDHAL6B	LDHC	LDHD	ME1	ME2	ME3	PDHA2	PDHB
cluster_1776	3	BAG6	FYN	LCK
cluster_1777	3	CREBBP	EBF1	EP300
cluster_1778	3	SULT1A3	SULT1A4	THBD
cluster_1779	4	ALB	CRP	HAMP	IL6
cluster_1780	4	CLTC	HIP1R	SLA2	SNAP91
cluster_1781	4	ASCL2	CDKN1C	PHLDA2	SLC22A18
cluster_1782	4	AGXT	HRG	PLG	SERPINC1
cluster_1783	3	BAG3	FLNC	HSPB8
cluster_1784	3	IL22	IL22RA2	REG3G
cluster_1785	4	GABRA1	GABRB2	GABRB3	GAD1
cluster_1786	4	GDF15	HAMP	HJV	TMPRSS6
cluster_1787	3	ABCA4	ELOVL4	PRPH2
cluster_1788	3	CD63	RAB27A	RAB27B
cluster_1789	3	LTF	MUC5B	MUC7
cluster_1790	9	CREB1	CREBBP	EP300	ETS1	ETS2	FOS	JUN	NFKB1	TP53
cluster_1791	7	AKT1	EGF	EGFR	ERBB2	ERBB3	PTK6	STAT3
cluster_1792	4	GNAS	GNB1	GNB4	GPBAR1
cluster_1793	4	E2F4	E2F5	GMNC	MCIDAS
cluster_1794	4	EPCAM	KRT18	KRT19	KRT8
cluster_1795	5	KIF5A	NIPA1	REEP1	SPAST	ZFYVE27
cluster_1796	4	AMPD1	AMPD2	AMPD3	SLC35B4
cluster_1797	3	LRRC4C	MYO15A	WHRN
cluster_1798	3	CST4	CTSB	CTSS
cluster_1799	3	SRSF1	TLK1	TLK2
cluster_1800	4	ALKBH8	BUD23	N6AMT1	TRMT112
cluster_1801	4	CYLD	SMAD7	TAB2	TAB3
cluster_1802	9	ACTB	ANXA5	BCL2	CASP3	CASP9	DNTT	GAPDH	PXDN	PXDNL
cluster_1803	3	DLG4	GRIN2B	RASA1
cluster_1804	3	JAK2	PRMT5	STAT3
cluster_1805	3	UBA1	UBA6	UBE2T
cluster_1806	4	CD19	FCGR3A	FCGR3B	SHMT2
cluster_1807	4	CEP89	FBF1	LRRC45	SCLT1
cluster_1808	4	METTL14	METTL3	NSUN2	YTHDC1
cluster_1809	6	ADAM17	AREG	BTC	EREG	HBEGF	TGFA
cluster_1810	4	ELAVL1	HNRNPD	KHSRP	ZFP36
cluster_1811	5	DHRS11	HSD17B1	HSD17B2	HSD17B3	HSD17B4
cluster_1812	4	CTNNB1	EIF4E	HIF1A	MYC
cluster_1813	3	CLCC1	COX15	UQCRFS1
cluster_1814	4	PRDX1	SESN1	SESN2	SESN3
cluster_1815	3	ARHGEF6	ARHGEF7	RABIF
cluster_1816	3	FBF1	POLR2A	POLR2B
cluster_1817	3	AMOT	LATS1	PARD3
cluster_1818	4	AIM2	CGAS	IFI16	NLRP3
cluster_1819	4	DBN1	HOMER1	HOMER2	HOMER3
cluster_1820	5	CBS	CBSL	GAPDH	SHMT1	SHMT2
cluster_1821	3	CDC6	PPP2R3A	PPP2R3B
cluster_1822	3	CDH17	CTNNA1	IQGAP1
cluster_1823	3	CEP120	SPICE1	TACC1
cluster_1824	3	CHAT	DBH	TH
cluster_1825	3	CYP4F3	CYP4F8	MTRR
cluster_1826	3	ANXA8	CD63	CD9
cluster_1827	9	CYB5A	CYB5B	CYP1A2	CYP2A6	CYP2B6	CYP2E1	CYP3A4	CYP3A5	PPIG
cluster_1828	4	BAG3	CRYAB	DNAJB1	HSPB8
cluster_1829	4	CASP8	CUL3	DIABLO	DIABLO-2
cluster_1830	3	ADSL	ATIC	SURF4
cluster_1831	3	FERMT3	RASGRP1	RASGRP2
cluster_1832	4	AMPH	BIN1	DPYSL5	FES
cluster_1833	4	CCL2	IL1B	IL6	ZC3H12A
cluster_1834	5	AP5Z1	GJC2	SPG11	SPG21	SPG7
cluster_1835	3	EDA	EDARADD	WNT10A
cluster_1836	3	AASDH	DGAT1	DGAT2
cluster_1837	3	AJUBA	HDAC3	NCOR1
cluster_1838	3	GSK3B	YWHAQ	YWHAZ
cluster_1839	3	TRPC3	TRPC4	TRPC7
cluster_1840	4	GLYATL1	PAOX	SAT1	SAT2
cluster_1841	3	ITGA3	ITGB1	LGALS8
cluster_1842	3	ASNS	SLC3A2	SLC7A5
cluster_1843	3	B4GALT2	B4GALT3	PRELP
cluster_1844	3	MUC2	MUC5AC	TFF3
cluster_1845	3	PPIF	TFAM	VDAC1
cluster_1846	3	CD48	MATK	SLAMF1
cluster_1847	3	PGAM1	PGAM4	UBASH3B
cluster_1848	5	BCL11A	HBB	HBE1	HBG1	HBG2
cluster_1849	5	POLR2M	RECQL5	RPAP2	RPRD1A	RPRD1B
cluster_1850	4	BGLAP	PTH	RUNX2	SOST
cluster_1851	4	TBX20	TLE1	TLE3	TLE4
cluster_1852	3	LATS1	LATS2	NPHP4
cluster_1853	3	MOXD1	STX7	TAAR5
cluster_1854	3	OGFOD1	RPS23	TUFM
cluster_1855	6	CCNB1	CDK1	KIF11	KIFC1	NUMA1	PLK1
cluster_1856	3	NPM1	TPM3	TPM4
cluster_1857	4	CCT2	CCT6A	CCT7	IGBP1
cluster_1858	4	HMGCR	IDI1	IDI2	UBIAD1
cluster_1859	3	CDC20	PLK1	RPS27
cluster_1860	4	POLG	SUCLA2	SUCLG1	TWNK
cluster_1861	3	ATM	ATR	CCAR2
cluster_1862	3	AURKA	FBXW7	PLK1
cluster_1863	3	DDX20	GEMIN4	PPP4R2
cluster_1864	3	HES1	HEY1	RUNX2
cluster_1865	3	PTP4A1	PTP4A2	PTS
cluster_1866	3	ATF4	CCL2	CXCL8
cluster_1867	3	BFAR	NOMO1	PDXDC1
cluster_1868	3	BIRC2	BIRC3	USP19
cluster_1869	3	CACNA2D2	SESN1	SESN3
cluster_1870	4	PI4KB	YWHAB	YWHAG	YWHAQ
cluster_1871	5	DEFA5	DEFA6	REG1A	REG1B	REG3A
cluster_1872	3	CYCS	ESRRA	NRF1
cluster_1873	3	ENKUR	TRPC1	TRPC5
cluster_1874	4	DKK1	DKKL1	LRP5	WNT2B
cluster_1875	5	HNF4A	LEF1	RUNX3	TCF7	TCF7L2
cluster_1876	6	CCR7	CD19	CD27	CD4	CD8A	NAALADL1
cluster_1877	5	ADAR	DHX9	ELAVL1	ILF3	RBMX
cluster_1878	7	BTRC	CUL1	FBXW11	GLI1	GLI2	GLI3	SUFU
cluster_1879	4	ALB	CTRB1	CTRB2	INS
cluster_1880	3	CYBB	NOX1	SOD1
cluster_1881	3	ARNT	CYP1A1	CYP1B1
cluster_1882	3	GFAP	NES	VIM
cluster_1883	4	ATG16L1	ATG5	BECN1	TRIM5
cluster_1884	4	LEPR	SNX1	SNX2	SNX4
cluster_1885	9	C9orf72	FUS	HNRNPA1	HNRNPA3	HNRNPH1	HNRNPH2	MATR3	MATR3-2	TARDBP
cluster_1886	4	GPD2	PSMC1	PSMC2	PSMC5
cluster_1887	3	C3AR1	C5AR1	FPR1
cluster_1888	3	CXCL10	CXCL9	UBD
cluster_1889	3	ELANE	ELN	PRTN3
cluster_1890	3	FCRL3	SYK	ZAP70
cluster_1891	3	CINP	SPATA5	SPATA5L1
cluster_1892	3	KCNA2	KCNA4	SIGMAR1
cluster_1893	3	LEP	PRL	SPP1
cluster_1894	8	BRAF	ERBB2	FBXW7	KRAS	NRAS	PIK3CA	PTEN	PTPN11
cluster_1895	18	ADRM1	HTT	PRKN	PSMB7	PSMC1	PSMC2	PSMC3	PSMC4	PSMC5	PSMD11	PSMD12	PSMD14	PSMD2	PSMD3	PSMD4	PSMD7	SNCA	VCP
cluster_1896	4	EIF4A1	EIF4E	PABPC1	RBM4
cluster_1897	3	MALSU1	NADSYN1	QPRT
cluster_1898	5	BCKDHA	BCKDHB	CTH	SDS	SDSL
cluster_1899	4	GFAP	MAP2	NES	RBFOX3
cluster_1900	4	PIK3R1	PIK3R2	SHC1	XBP1
cluster_1901	7	CDC20	CDK1	CENPF	KIF2C	NDE1	NDEL1	PLK1
cluster_1902	3	ALG12	ALG3	BAIAP2L2
cluster_1903	3	ATF3	FOS	PPP1R15A
cluster_1904	3	CABP1	CACNA1A	CACNA1C
cluster_1905	3	CNGA3	GLYATL1	OPN4
cluster_1906	4	ATG3	OS9	SEL1L	SYVN1
cluster_1907	4	CPSF3	PAPOLA	PCF11	XRN2
cluster_1908	4	PJVK	SPTAN1	SPTBN1	TRIOBP
cluster_1909	4	HPS3	HPS5	HPS6	TYRP1
cluster_1910	3	BTRC	SNAI1	TWIST1
cluster_1911	3	PSEN1	PSEN2	TREM2
cluster_1912	4	GCC1	STX16	STX6	VTI1A
cluster_1913	3	HMOX1	NFE2L2	PPARG
cluster_1914	6	DAXX	FADD	FAS	FASLG	TNFRSF1A	TNFRSF1B
cluster_1915	6	ACP1	G6PD	H6PD	TKT	TKTL1	TKTL2
cluster_1916	7	EIF2AK4	EIF2B1	EIF2B2	EIF2B3	EIF2B4	EIF2B5	RABIF
cluster_1917	3	GRB2	PAK1	PLCG1
cluster_1918	3	KIF5B	KLC1	TFG
cluster_1919	3	KLF4	MYOCD	SRF
cluster_1920	3	KRAS	PIK3CA	PPP2R1A
cluster_1921	3	KRT76	MT-CO1	MT-CYB
cluster_1922	4	PLEKHM1	VPS11	VPS18	VPS39
cluster_1923	3	CDT1	GMNN	SIX3
cluster_1924	3	GAN	INA	NEFM
cluster_1925	3	TET1	TET2	TET3
cluster_1926	4	COQ9	ETFDH	PDSS1	PDSS2
cluster_1927	3	APOE	CD33	CLU
cluster_1928	6	AAK1	AP2B1	AP2S1	ITSN1	NECAP2	RUNDC3A
cluster_1929	4	CDX2	MUC2	MUC5AC	MUC6
cluster_1930	3	HLA-A	PMEL	TYR
cluster_1931	3	NSFL1C	PSMC1	UBXN1
cluster_1932	3	PFDN2	TENT4A	URI1
cluster_1933	3	FASLG	FN1	TGFB1
cluster_1934	4	FAU	RPS27A	RPS28	UBD
cluster_1935	4	GJA1	GJB1	GJB2	PANX1
cluster_1936	3	AP2B1	DAB2	LRP2
cluster_1937	3	ELOC	SAT1	SAT2
cluster_1938	3	FGB	HLA-DRA	HLA-DRB5
cluster_1939	3	MED1	USF1	USF2
cluster_1940	4	GJA1	MYH6	TNNI3	TNNT2
cluster_1941	4	APOA4	APOA5	APOC2	CREB3L3
cluster_1942	5	POLL	POLM	RAD18	REV1	TENT4A
cluster_1943	3	DDX20	SMN1	TP53
cluster_1944	3	ARID4A	MXD1	SUDS3
cluster_1945	3	CCNE1	CCNE2	PDCD11
cluster_1946	3	NFATC3	NFATC4	SOX10
cluster_1947	6	PLCB1	PLCB2	PLCB3	PLCB4	PRKG1	PRKG2
cluster_1948	3	CYBA	CYBB	IGHV3-43D
cluster_1949	3	NUP214	TNFSF13	XPO1
cluster_1950	6	AGXT	AGXT2	DAO	HAO1	HAO2	SHMT1
cluster_1951	3	ADM	AGT	REN
cluster_1952	3	DAZL	DDX4	PIWIL2
cluster_1953	3	DNAL1	MAP1B	MAP1LC3A
cluster_1954	3	COX18	SEC61A1	SEC61A2
cluster_1955	3	DNAJA2	DNAJB1	NUDC
cluster_1956	3	FGF19	SLC51A	SLC51B
cluster_1957	3	GLE1	NXF1	SON
cluster_1958	17	ADRM1	BAP1	BRCC3	PSMA1	PSMA3	PSMA4	PSMA5	PSMA6	PSMB1	PSMB2	PSMB4	PSMC1	PSMC3	PSMD13	PSMD4	PSMD6	USP14
cluster_1959	7	FCAR	FCER1G	FCGR1A	FCGR2A	FCGR3A	FCGR3B	TYROBP
cluster_1960	4	BICDL1	DCTN1	DYNC1H1	NINL
cluster_1961	4	CFAP100	KLF15	PODXL2	TMCC1
cluster_1962	3	BTBD1	BTBD2	TRIM5
cluster_1963	3	FADD	FAS	RHOA
cluster_1964	3	KIF23	RACGAP1	RASA1
cluster_1965	3	ADRM1	DDI1	PSMD4
cluster_1966	3	ASIP	ATRN	MC1R
cluster_1967	3	INIP	NBN	RBBP8
cluster_1968	3	BOC	CDH2	CDON
cluster_1969	3	ARHGAP17	ARHGAP44	TRIP10
cluster_1970	3	EPO	HAMP	TMPRSS6
cluster_1971	3	JMY	WAS	WASF1
cluster_1972	8	DERA	H6PD	HK1	HK2	HK3	HKDC1	SORD	TALDO1
cluster_1973	4	CLDN3	CLDN4	CLDN7	EPCAM
cluster_1974	4	CNBP	ELAVL1	HNRNPA1	HNRNPK
cluster_1975	4	ATP2A1	CLCN1	DMPK	MBNL1
cluster_1976	4	SEC62	SEC63	STRADA	STRADB
cluster_1977	3	EZR	MSN	SLC9A3
cluster_1978	3	PSMA1	PSME3	PSME3IP1
cluster_1979	4	PRB1	PRB3	PRB4	RB1
cluster_1980	3	JUN	NKRF	RELA
cluster_1981	3	LHX3	LHX4	POU1F1
cluster_1982	4	AR	ESR1	MYC	SPOP
cluster_1983	4	MCL1	PRKAA1	PRKAB1	PRKAB2
cluster_1984	4	PDCD4	SMAD2	SMAD4	SMAD5
cluster_1985	3	CDC20	CDC27	SPATC1
cluster_1986	3	CYP27A1	CYP2R1	DHCR7
cluster_1987	4	CTBP1	CTBP2	NCOR1	NCOR2
cluster_1988	3	BRAF	KRAS	RAPGEF1
cluster_1989	3	PPP1R13B	RASSF8	TP53BP2
cluster_1990	3	GUSB	KL	MIOX
cluster_1991	4	DHH	IHH	SHH	SOX9
cluster_1992	3	ATG9A	ATG9B	TMEM208
cluster_1993	3	S100A4	S100A6	TP53
cluster_1994	6	HLA-B	HLA-DMA	HLA-DQA1	HLA-DQB1	HLA-DRB1	TOR1A
cluster_1995	4	ATAD1	PEX14	PEX19	PEX3
cluster_1996	5	KIF11	KIF15	KIF17	KIF18A	KIFC1
cluster_1997	5	UBA1	UBA6	UBA7	UBE2G2	UBE2J1
cluster_1998	3	ACACA	ACACB	ASS1
cluster_1999	3	RPLP0	RPS6	STAU1
