cluster_0	6	EXOC1	EXOC3	EXOC4	EXOC5	EXOC6	EXOC7
cluster_1	5	CD3EAP	POLR1A	POLR1B	POLR1E	TWISTNB
cluster_2	5	COPS2	COPS3	COPS5	COPS6	COPS8
cluster_3	5	LAMTOR1	LAMTOR2	LAMTOR3	LAMTOR4	LAMTOR5
cluster_4	5	PRR20A	PRR20B	PRR20C	PRR20D	PRR20E
cluster_5	7	EXOSC1	EXOSC3	EXOSC4	EXOSC5	EXOSC7	EXOSC8	EXOSC9
cluster_6	7	RACK1	RPL24	RPL27A	RPL28	RPL29	RPL37A	RPL6
cluster_7	3	ASCC1	ASCC2	ASCC3
cluster_8	3	C9orf72	SMCR8	WDR41
cluster_9	3	CDC73	CTR9	WDR61
cluster_10	3	DDX39B	THOC3	THOC6
cluster_11	3	DSC2	DSG2	PKP2
cluster_12	3	EIF4A2	EIF4B	EIF4G1
cluster_13	3	ERCC1	ERCC4	XPA
cluster_14	3	GATB	GATC	QRSL1
cluster_15	3	GINS3	GINS4	MCM2
cluster_16	3	HAUS3	HAUS6	HAUS8
cluster_17	3	MED14	MED22	MED6
cluster_18	3	NFYA	NFYB	NFYC
cluster_19	3	NHEJ1	XRCC4	XRCC6
cluster_20	3	POLR3A	POLR3C	POLR3F
cluster_21	3	RAD21	SMC1A	SMC3
cluster_22	3	RBCK1	RNF31	SHARPIN
cluster_23	3	RFX5	RFXANK	RFXAP
cluster_24	3	SCNN1A	SCNN1B	SCNN1G
cluster_25	3	SDHB	SDHC	SDHD
cluster_26	3	SNX1	SNX2	SNX5
cluster_27	3	TELO2	TTI1	TTI2
cluster_28	3	TOMM22	TOMM5	TOMM6
cluster_29	3	TRAPPC1	TRAPPC2	TRAPPC4
cluster_30	3	TSEN15	TSEN34	TSEN54
cluster_31	3	USP17L24	USP17L25	USP17L26
cluster_32	3	WASHC1	WASHC4	WASHC5
cluster_33	4	ARID1A	SMARCA2	SMARCA4	SMARCC1
cluster_34	4	ATP6V0B	ATP6V0C	ATP6V1A	ATP6V1H
cluster_35	4	CHTF18	DSCC1	RFC3	RFC5
cluster_36	4	EMC2	EMC4	EMC6	EMC8
cluster_37	4	FAAP20	FANCB	FANCF	FANCG
cluster_38	4	GON7	LAGE3	TP53RK	TPRKB
cluster_39	4	PIGA	PIGC	PIGH	PIGP
cluster_40	4	POLA1	POLA2	PRIM1	PRIM2
cluster_41	9	EMC1	EMC10	EMC2	EMC3	EMC4	EMC6	EMC7	EMC9	MMGT1
cluster_42	6	CHTF18	CHTF8	DSCC1	RFC2	RFC4	RFC5
cluster_43	3	AMN	CUBN	LRP2
cluster_44	3	BABAM2	BRCC3	SHMT2
cluster_45	3	CYFIP2	NCKAP1L	WASF1
cluster_46	3	DKC1	GAR1	WRAP53
cluster_47	3	GRIN1	GRIN2A	GRIN2C
cluster_48	3	HAUS2	HAUS4	HAUS6
cluster_49	3	SPCS1	SPCS2	SPCS3
cluster_50	4	FAAP24	FANCF	FANCL	FANCM
cluster_51	7	BLOC1S1	BLOC1S2	BORCS5	BORCS6	BORCS7	BORCS8	SNAPIN
cluster_52	6	CYBA	CYBB	NCF1	NCF2	NCF4	NOXO1
cluster_53	5	CBFB	CUL5	ELOB	ELOC	RNF7
cluster_54	3	ABRAXAS2	BABAM1	SHMT2
cluster_55	3	CCDC8	CUL7	OBSL1
cluster_56	3	COL17A1	DST	PLEC
cluster_57	3	EXOSC4	EXOSC7	MTREX
cluster_58	3	GRP	NMB	NMBR
cluster_59	3	HEXIM2	LARP7	MEPCE
cluster_60	3	RB1CC1	ULK1	ULK2
cluster_61	9	CCT2	CCT3	CCT4	CCT5	CCT6A	CCT7	CCT8	CDC20	TCP1
cluster_62	3	TIMM10B	TIMM22	TIMM29
cluster_63	3	ATXN7	TADA3	TRRAP
cluster_64	3	CPSF1	CPSF4	CSTF2
cluster_65	3	FLCN	FNIP1	FNIP2
cluster_66	4	LIG3	PNKP	POLB	XRCC1
cluster_67	5	CDC45	MCM2	MCM3	MCM6	POLE2
cluster_68	4	DYNC1H1	DYNC1I2	DYNC1LI2	DYNLRB1
cluster_69	3	FAN1	FANCD2	FANCI
cluster_70	3	FZD4	NDP	TSPAN12
cluster_71	3	GNB5	RGS9	RGS9BP
cluster_72	3	GNRH1	GNRH2	GNRHR
cluster_73	3	RIPK1	RIPK3	ZBP1
cluster_74	3	SMAD4	SMAD5	SMAD9
cluster_75	3	CALR	HSP90B1	LRP1
cluster_76	3	CTBP1	CTBP2	RBBP8
cluster_77	4	MAD2L2	SHLD1	SHLD2	SHLD3
cluster_78	4	EZR	MSN	RDX	SLC9A1
cluster_79	3	CAV1	CAV2	CAV3
cluster_80	3	LAMP1	MTOR	RPTOR
cluster_81	3	PPP1CA	PPP1CB	PPP1CC
cluster_82	3	RFWD3	RPA1	RPA2
cluster_83	7	EXOC1	EXOC2	EXOC4	EXOC5	EXOC6B	EXOC7	EXOC8
cluster_84	4	C5	C8A	C8B	C9
cluster_85	5	ANAPC4	BUB1B	CDC20	CDC27	MXI1
cluster_86	3	VDAC1	VDAC2	VDAC3
cluster_87	3	AKR1C1	AKR1C2	AKR1C3
cluster_88	4	BTBD9	FAF1	UBXN1	UBXN7
cluster_89	4	MTOR	PSMC5	PSMC6	PSMD14
cluster_90	4	SMAD2	SMAD3	SMAD4	TRIM33
cluster_91	3	ABCC8	KCNJ11	KCNJ8
cluster_92	3	FTH1	FTL	NCOA4
cluster_93	3	MAJIN	TERB1	TERB2
cluster_94	3	MLH1	PMS1	PMS2
cluster_95	4	NANOG	POU5F1	SALL4	SOX2
cluster_96	4	PRKAA1	PRKAA2	PRKAB1	PRKAB2
cluster_97	3	ANXA2	PLG	S100A10
cluster_98	3	AGL	GBE1	PYGL
cluster_99	3	CDK5RAP1	EXOSC3	EXOSC5
cluster_100	3	FIS1	TBC1D15	TBC1D17
cluster_101	3	MPHOSPH8	PPHLN1	TASOR
cluster_102	3	INTS1	INTS6	PPP1CB
cluster_103	3	LACTB	NSFL1C	UBXN2A
cluster_104	3	NDUFA13	TIMMDC1	YME1L1
cluster_105	3	ATAD3B	ECSIT	NDUFAF1
cluster_106	3	CD209	CLEC4M	ICAM3
cluster_107	3	FAF2	MAGED1	UBXN1
cluster_108	3	LMNA	LMNB1	LMNB2
cluster_109	4	NONO	PSPC1	RBM14-RBM4	SFPQ
cluster_110	5	CYFIP1	CYFIP2	FMR1	FXR1	FXR2
cluster_111	3	ADIPOQ	ADIPOR1	ADIPOR2
cluster_112	3	ICMT	RCE1	ZMPSTE24
cluster_113	5	RPS27A	UBA52	UBB	UBC	USP7
cluster_114	4	BIRC2	BIRC3	CASP7	XIAP
cluster_115	3	APOE	APP	MAPT
cluster_116	4	HSP90AA1	HSP90AB1	HSPA4	LRP1
cluster_117	3	ADRB2	ARRB1	ARRB2
cluster_118	3	CAPZA1	CAPZA2	S100B
cluster_119	3	FYB1	LCP2	SKAP1
cluster_120	6	NCAPD2	NCAPD3	NCAPG2	NCAPH2	SMC2	SMC4
cluster_121	3	TAC1	TAC4	TACR1
cluster_122	4	CDC45	CLSPN	MCM10	WDHD1
cluster_123	3	ELOA2	ELOB	ELOC
cluster_124	7	CYBA	NCF1	NCF4	NOX1	NOX3	NOXA1	NOXO1
cluster_125	3	ANXA1	FPR1	FPR2
cluster_126	3	HSP90AA1	HSP90AB1	TERT
cluster_127	3	SNX2	SNX32	SNX6
cluster_128	3	DCLRE1C	XRCC4	XRCC5
cluster_129	3	FUS	SOD1	TARDBP
cluster_130	4	INA	NEFH	NEFL	NEFM
cluster_131	3	CAPRIN1	G3BP1	G3BP2
cluster_132	3	KHDC3L	OOEP	TLE6
cluster_133	3	NAF1	NHP2	NOP10
cluster_134	4	AP3B2	AP3D1	AP3M1	AP3S1
cluster_135	3	CBFB	RUNX1	RUNX3
cluster_136	3	CUL1	HEY1	SKP1
cluster_137	3	PARD6G	PRKCI	PRKCZ
cluster_138	4	ACVR1B	ACVR1C	ACVR2A	ACVR2B
cluster_139	6	GTF3C1	GTF3C2	GTF3C3	GTF3C4	GTF3C5	GTF3C6
cluster_140	3	PRKN	SNCA	TARDBP
cluster_141	4	CSN1S1	CSN2	CSN3	LALBA
cluster_142	4	KIR2DL1	KIR2DL3	KLRC2	KLRD1
cluster_143	3	HLA-A	HLA-B	HLA-F
cluster_144	3	H6PD	PGD	PGLS
cluster_145	3	PFKL	PFKM	PFKP
cluster_146	86	CDH1	ETF1	FAU	H3BNC9_HUMAN	RACK1	RPL10	RPL10A	RPL10L	RPL11	RPL12	RPL13	RPL13A	RPL14	RPL15	RPL17	RPL17-C18orf32	RPL18	RPL18A	RPL19	RPL21	RPL22	RPL23	RPL23A	RPL24	RPL26	RPL26L1	RPL27	RPL27A	RPL28	RPL29	RPL3	RPL30	RPL31	RPL32	RPL34	RPL35	RPL35A	RPL36	RPL36A	RPL36AL	RPL37	RPL37A	RPL38	RPL39	RPL4	RPL5	RPL6	RPL7	RPL7A	RPL8	RPL9	RPLP0	RPS10	RPS10-NUDT3	RPS11	RPS12	RPS13	RPS14	RPS15	RPS15A	RPS16	RPS17	RPS18	RPS19	RPS2	RPS20	RPS21	RPS23	RPS24	RPS25	RPS26	RPS27	RPS27A	RPS28	RPS29	RPS3	RPS3A	RPS4X	RPS4Y1	RPS5	RPS6	RPS7	RPS8	RPS9	RPSA	UBA52
cluster_147	3	ERLIN1	ERLIN2	PHB
cluster_148	3	IL12RB1	IL12RB2	IL27RA
cluster_149	4	POLD1	POLD2	POLD3	POLE
cluster_150	6	PSMA7	PSMB10	PSMB8	PSMB9	PSME1	PSME2
cluster_151	3	FGFR1OP	PPP2CA	PPP2CB
cluster_152	3	DGCR8	METTL14	METTL3
cluster_153	3	HUS1B	RAD1	RAD9B
cluster_154	4	GPS2	TBL1X	TBL1XR1	TBL1Y
cluster_155	12	SUPT7L	TAF10	TAF12	TAF2	TAF4	TAF5	TAF5L	TAF6	TAF6L	TAF7	TAF9	TAF9B
cluster_156	3	DOK7	MUSK	RAPSN
cluster_157	3	KAT2A	SOD2	WDR5
cluster_158	3	MLX	MLXIP	MLXIPL
cluster_159	4	HSPB3	IGF1	IGF2	INS
cluster_160	4	DTNBP1	HPS3	HPS5	HPS6
cluster_161	4	UPK1A	UPK1B	UPK2	UPK3A
cluster_162	4	CYLD	THOC1	THOC2	THOC3
cluster_163	3	AXIN1	CHKA	GSK3B
cluster_164	5	EMC1	EMC10	EMC6	EMC8	EMC9
cluster_165	3	CASP3	DFFA	DFFB
cluster_166	3	PPIA	PPP3CA	PPP3R1
cluster_167	3	CLP1	TSEN15	TSEN2
cluster_168	3	NLRP1	NLRP12	NLRP3
cluster_169	3	CDK5	CDK5R1	MAPT
cluster_170	3	CHKA	PCYT1A	PCYT1B
cluster_171	4	AMT	GCSH	GLDC	MYBPH
cluster_172	3	APIP	ENOPH1	MRI1
cluster_173	3	CD209	ERVW-1	ITIH4
cluster_174	3	GRIK3	GRIK4	GRIK5
cluster_175	3	EPOP	MTF2	PHF19
cluster_176	6	ASH2L	RBBP5	SDC1	SETD1A	WDR5	WDR82
cluster_177	7	DAD1	MLEC	OST4	RPN1	RPN2	STT3A	STT3B
cluster_178	4	GGA1	GGA2	GGA3	IGF2R
cluster_179	3	FAM8A1	SEL1L	SYVN1
cluster_180	3	DCAF15	DDA1	RBM39
cluster_181	3	PSMG2	PSMG3	PSMG4
cluster_182	3	MLANA	PMEL	TYR
cluster_183	4	TLR1	TLR10	TLR2	TLR6
cluster_184	3	COQ8A	COQ9	PDSS1
cluster_185	3	GLDN	NFASC	NRCAM
cluster_186	3	ARNTL	CLOCK	KDM5A
cluster_187	4	DISC1	NDE1	NDEL1	PAFAH1B1
cluster_188	3	MCEE	PCCA	PCCB
cluster_189	3	PSTK	SARS1	SEPSECS
cluster_190	3	GUCY1A1	GUCY1A2	GUCY1B1
cluster_191	3	CDC37	CDK4	CDK6
cluster_192	5	PRKAA2	PRKAB2	PRKAG1	PRKAG2	PRKAG3
cluster_193	3	MCM3AP	PCID2	SEM1
cluster_194	3	FKBP4	FKBP5	PHLPP1
cluster_195	3	HAAO	KMO	KYNU
cluster_196	5	AZI2	IKBKE	TANK	TBK1	TBKBP1
cluster_197	3	CD151	MEI4	REC114
cluster_198	3	GFPT1	GFPT2	GNPNAT1
cluster_199	5	CAB39	CAB39L	STK11	STRADA	STRADB
cluster_200	3	DDX17	DDX5	ESR1
cluster_201	3	GNPTAB	GNPTG	NAGPA
cluster_202	3	GP1BA	ITGAM	ITGB2
cluster_203	3	STX11	STXBP2	UNC13D
cluster_204	4	MLLT1	MLLT10	MLLT3	MLLT6
cluster_205	3	ARNT	ARNT2	NPAS4
cluster_206	4	CFL1	CFL2	LIMK1	LIMK2
cluster_207	4	KLC1	KLC2	KLC3	KLC4
cluster_208	4	EZR	PRKACA	PRKACB	PRKACG
cluster_209	3	GBA	GBA2	UGCG
cluster_210	3	HCRT	HLA-DQA1	HLA-DQB1
cluster_211	3	MEF2A	MEF2B	MEF2D
cluster_212	3	DDX58	DHX58	IFIH1
cluster_213	3	MAP2K1	MAP2K2	MAP3K1
cluster_214	3	ACBD5	VAPA	VAPB
cluster_215	3	GTPBP3	MTO1	TRMU
cluster_216	3	LRP8	RELN	VLDLR
cluster_217	3	RPS27A	UBA52	USP5
cluster_218	3	PTK2	PTK2B	RB1CC1
cluster_219	3	CLPP	CLPX	TBX22
cluster_220	3	LEMD3	SMAD2	SMAD3
cluster_221	3	PYCR1	PYCR2	PYCR3
cluster_222	4	ARNTL	CLOCK	PER2	SIRT1
cluster_223	3	IRS1	IRS2	IRS4
cluster_224	3	SAR1A	SAR1B	SEC31A
cluster_225	4	NPB	NPBWR1	NPBWR2	NPW
cluster_226	4	CCNE1	CCNE2	CDK2	CDKN1C
cluster_227	3	EBI3	IL27RA	IL6ST
cluster_228	3	MDM2	NUMB	NUMBL
cluster_229	3	PIK3CG	PIK3R5	PIK3R6
cluster_230	3	RAD9A	RHNO1	TOPBP1
cluster_231	3	BECN1	ITPR1	ITPR3
cluster_232	3	GNA13	ITGA2B	ITGB3
cluster_233	3	WASHC2A	WASHC2C	WASHC4
cluster_234	8	CALM3	CALML3	CALML4	CALML5	CALML6	PRKACA	PRKACB	PRKACG
cluster_235	4	DEPTOR	MLST8	PRR5L	RPTOR
cluster_236	8	CASP10	CASP8	CFLAR	FADD	FAF1	FAS	RIPK1	TRADD
cluster_237	3	CTU1	CTU2	URM1
cluster_238	3	DUSP8	MAPK8	MAPK9
cluster_239	8	POP5	RPP14	RPP21	RPP25	RPP25L	RPP30	RPP38	RPP40
cluster_240	3	GP1BA	GP1BB	YWHAZ
cluster_241	6	HAT1	ORC1	ORC2	ORC3	ORC4	ORC5
cluster_242	3	CPLANE2	FUZ	INTU
cluster_243	7	APH1A	APH1B	NCSTN	PSEN1	PSEN2	PSENEN	TMED10
cluster_244	5	AGO1	AGO2	AGO3	AGO4	TNRC6B
cluster_245	8	GRIN1	GRIN2A	GRIN2B	GRIN2C	GRIN2D	GRIN3A	GRIN3B	PDYN
cluster_246	4	SUMO1	SUMO2	TDG	UBE2I
cluster_247	3	PGM3	UAP1	UAP1L1
cluster_248	4	GBE1	PYGB	PYGL	PYGM
cluster_249	3	CLCF1	CNTF	CNTFR
cluster_250	3	EGR2	EGR3	NAB2
cluster_251	3	CETN2	CETN3	SFI1
cluster_252	4	CUL1	FBH1	RBX1	SKP1
cluster_253	4	GID4	GID8	MKLN1	RANBP9
cluster_254	3	BCL10	CARD10	CARD14
cluster_255	3	CDS1	CDS2	PGS1
cluster_256	4	BNIP1	NBAS	STX18	USE1
cluster_257	3	FDPS	GGPS1	RSAD2
cluster_258	3	ILK	LIMS1	TMSB4X
cluster_259	3	MCOLN1	MCOLN2	MCOLN3
cluster_260	3	GMPPA	PMM1	PMM2
cluster_261	3	RAPGEF2	TJP1	TJP2
cluster_262	3	ADSS1	ADSS2	ATIC
cluster_263	3	FOXO1	FOXO3	PPARGC1A
cluster_264	3	CD247	CD3G	CD8B
cluster_265	4	APOE	APP	CLU	TREM2
cluster_266	4	CCZ1	CCZ1B	MON1B	RMC1
cluster_267	3	CDC14A	SIRT1	SIRT2
cluster_268	4	DVL1	DVL2	DVL3	NKD1
cluster_269	6	ACE	ACE2	AGT	AGTR1	KNG1	REN
cluster_270	3	NUFIP1	ZNHIT3	ZNHIT6
cluster_271	7	CDC73	CTR9	ERCC6	PAF1	RTF1	TCEA2	WDR61
cluster_272	4	GADD45A	GADD45B	GADD45G	MAP3K4
cluster_273	3	PPP1R10	TOX4	WDR82
cluster_274	10	ABI1	ARF1	BRK1	CYFIP1	CYFIP2	NCKAP1	NCKAP1L	WASF1	WASF2	WASF3
cluster_275	4	TNFRSF10B	TNFRSF10C	TNFRSF10D	TNFSF10
cluster_276	3	ALB	FN1	MYOM2
cluster_277	3	DCDC2	DNAAF4	KIAA0319
cluster_278	3	PHGDH	PSAT1	PSPH
cluster_279	3	ACKR1	NECTIN1	NECTIN2
cluster_280	3	LGR4	LGR5	RSPO3
cluster_281	3	NAPRT	NMRK1	QPRT
cluster_282	3	GYG1	GYG2	TRIM7
cluster_283	3	NME1	NME1-NME2	NME3
cluster_284	3	S100A12	S100A8	S100A9
cluster_285	3	VPS11	VPS33A	VPS33B
cluster_286	5	BCL10	CARD10	CARD11	MALT1	PRKCQ
cluster_287	3	PRKD1	PRKD2	PRKD3
cluster_288	4	GSPT2	PABPC1	SMG1	UPF1
cluster_289	4	IL20	IL20RA	IL20RB	IL22RA1
cluster_290	3	CMAS	NANP	NANS
cluster_291	3	RNF20	RNF40	WAC
cluster_292	3	ABL2	CRK	CRKL
cluster_293	3	FLAD1	PAPSS1	PAPSS2
cluster_294	4	GET1	GET3	GET4	UBL4A
cluster_295	3	BCL2	BCL2L1	FKBP8
cluster_296	3	CAV1	FLOT1	FLOT2
cluster_297	3	CD226	ITGAL	ITGB2
cluster_298	3	HTR2A	HTR2B	HTR2C
cluster_299	3	HTN1	HTN3	STATH
cluster_300	5	CIAO1	CIAO2B	MMS19	SLC25A5	SLC25A6
cluster_301	4	ANGPT2	FLT1	FLT4	KDR
cluster_302	3	FRS3	GRB2	PTPN11
cluster_303	3	RBKS	RPIA	TKTL2
cluster_304	6	BTRC	CD4	CUL1	FBXW11	RBX1	SKP1
cluster_305	6	AKT1S1	DEPTOR	IGBP1	MLST8	MTOR	RPTOR
cluster_306	3	ACTB	ACTG1	IQGAP1
cluster_307	3	CD27	CD70	TNFRSF4
cluster_308	3	MORF4L1	MORF4L2	MRFAP1
cluster_309	5	ACAN	BCAN	NCAN	PTPRZ1	VCAN
cluster_310	7	MAPKAP1	MLST8	RICTOR	RPTOR	SMG1	TELO2	TTI1
cluster_311	3	FAH	HPD	TAT
cluster_312	3	IGHV3-43D	IGLL5	LOC102723407
cluster_313	3	IGSF5	JAM2	JAM3
cluster_314	3	SDC1	SDC4	SDCBP
cluster_315	3	ATXN2	ATXN2L	LSM12
cluster_316	3	CCND1	CDK4	YBX3
cluster_317	3	CD163	HP	HPX
cluster_318	3	GGA1	GGA2	SORL1
cluster_319	3	KANK1	TLN1	TLN2
cluster_320	4	ATG12	ATG16L1	ATG5	TUFM
cluster_321	3	PPP2R1A	PPP2R2D	PPP2R5C
cluster_322	4	SMAD4	SMAD6	SMAD7	SMAD9
cluster_323	4	NAA10	NAA15	NAA35	NAA38
cluster_324	3	ASPSCR1	PRCC	TFE3
cluster_325	4	ELL	SNF8	VPS25	VPS36
cluster_326	7	BRD1	BRPF1	BRPF3	ING4	ING5	KAT6A	KAT6B
cluster_327	6	ARAF	BRAF	GSK3B	MAP2K1	MAP2K2	RAF1
cluster_328	3	AAR2	CD2BP2	EFTUD2
cluster_329	3	NEK6	NEK7	NEK9
cluster_330	4	ARRB1	ARRB2	MAP2K4	MAP3K5
cluster_331	6	CHUK	IKBKB	IKBKG	MAP3K3	MAP3K7	TRAF6
cluster_332	3	CHRAC1	POLE3	POLE4
cluster_333	3	BTN3A1	BTN3A2	BTN3A3
cluster_334	3	DMP1	DSPP	MEPE
cluster_335	3	GLG1	SELE	SELP
cluster_336	3	LGR4	LGR6	RSPO4
cluster_337	10	DAD1	DDOST	KRTCAP2	MLEC	OST4	OSTC	RPN1	RPN2	TMEM258	TUSC3
cluster_338	5	COMMD1	COMMD4	COMMD6	COMMD8	COMMD9
cluster_339	3	ROR1	ROR2	WNT5A
cluster_340	10	ATP6V0E2	ATP6V1A	ATP6V1B1	ATP6V1B2	ATP6V1C2	ATP6V1E1	ATP6V1E2	ATP6V1F	ATP6V1G1	CNST
cluster_341	14	ENY2	KAT2A	KAT2B	SARS1	SGF29	SUPT20H	SUPT3H	TADA2A	TADA3	TAF10	TAF12	TAF9	TAF9B	TRRAP
cluster_342	3	INVS	NEK8	NPHP3
cluster_343	3	MEIG1	SPAG16	SPAG6
cluster_344	3	CCNT1	CCNT2	CDK13
cluster_345	3	DLG1	LCK	ZAP70
cluster_346	3	RAN	RANBP1	RANGRF
cluster_347	3	ENSP00000491596	MRE11	RAD50
cluster_348	3	LLGL1	LLGL2	SCRIB
cluster_349	3	CIITA	RFX1	RFXAP
cluster_350	3	NBR1	SQSTM1	TTN
cluster_351	7	HSP90AA1	HSP90AB1	HSPA1B	HSPA4	HSPA8	MAPT	STUB1
cluster_352	3	TYMP	UPP1	UPP2
cluster_353	4	DYNC1H1	DYNC1I1	DYNC1I2	DYNC2H1
cluster_354	5	PCBD1	PCBD2	QDPR	TPH1	TPH2
cluster_355	5	CHUK	ERC1	IKBKB	IKBKG	NFKBIA
cluster_356	3	BAG2	HSPH1	SGTA
cluster_357	3	TBX5	WWTR1	YAP1
cluster_358	5	CETN3	ENY2	MAD1L1	MCM3AP	PCID2
cluster_359	3	TREM1	TREML1	TREML2
cluster_360	3	CAMK2A	CAMK2B	MAPT
cluster_361	6	EIPR1	VPS50	VPS51	VPS52	VPS53	VPS54
cluster_362	8	CALM3	CALML3	CALML4	CALML5	CALML6	PDE1A	PDE1B	PDE1C
cluster_363	4	AKT1	AKT2	AKT3	TBC1D4
cluster_364	4	POLR2E	POLR2H	POLR3K	ZNRD1
cluster_365	9	BOC	CDON	DHH	GAS1	IHH	LRP2	PTCH1	PTCH2	SHH
cluster_366	3	GIT1	GIT2	GRK4
cluster_367	3	PTF1A	RBPJ	RBPJL
cluster_368	5	TNFRSF13B	TNFRSF13C	TNFRSF17	TNFSF13	TNFSF13B
cluster_369	5	ADK	AMPD1	AMPD2	AMPD3	APRT
cluster_370	6	LINGO1	MAG	NGFR	OMG	RTN4	RTN4R
cluster_371	4	MAP3K11	MAPK8IP1	MAPK8IP2	MAPK8IP3
cluster_372	3	PDHA2	PDHB	PDK1
cluster_373	3	MUC1	MUC16	MUC4
cluster_374	3	SEPHS1	SEPHS2	SEPSECS
cluster_375	6	GPAA1	PIGF	PIGK	PIGO	PIGS	PIGT
cluster_376	3	KIRREL2	NPHS1	NPHS2
cluster_377	4	AURKB	CDCA8	INCENP	KCNJ6
cluster_378	5	CETN2	NUP153	NUP98	RANBP2	TPR
cluster_379	4	AKT1S1	MTOR	PPARG	RPTOR
cluster_380	3	ACTN1	ACTN4	MAGI1
cluster_381	3	FUT8	MGAT2	MGAT3
cluster_382	3	GRK1	GRK7	RHO
cluster_383	3	IMPA1	IMPA2	IMPAD1
cluster_384	5	LIN37	LIN52	LIN54	LIN9	MYBL1
cluster_385	3	HRAS	KRAS	MAPKAP1
cluster_386	3	NECTIN1	NECTIN3	NECTIN4
cluster_387	3	TPSAB1	TPSB2	TPSD1
cluster_388	3	TSC1	TSC2	UBE3A
cluster_389	4	B3GNT6	C1GALT1	C1GALT1C1	GCNT3
cluster_390	4	HTR3A	HTR3C	HTR3D	HTR3E
cluster_391	3	DEFA1	DEFA1B	DEFA3
cluster_392	9	OCLN	PPP2CA	PPP2CB	PPP2R1A	PPP2R1B	PPP2R2A	PPP2R2B	PPP2R2C	PPP2R2D
cluster_393	3	KCNMA1	KCNMB3	KCNMB4
cluster_394	3	LPIN1	LPIN2	LPIN3
cluster_395	3	CD244	SH2D1B	SLAMF6
cluster_396	4	E2F2	RB1	RBL1	RBL2
cluster_397	3	FNBP1	FNBP1L	WASL
cluster_398	3	PML	RUNX1	SPI1
cluster_399	3	SLC17A6	SLC17A7	SLC32A1
cluster_400	5	CASC3	CCDC9	EIF4A3	MAGOH	PYM1
cluster_401	5	PTGDS	PTGES	PTGES2	PTGES3	PTGIS
cluster_402	4	DDX3Y	KDM5D	TMSB4Y	UTY
cluster_403	3	BAD	MAP2K1	RAF1
cluster_404	3	CASP3	CASP9	DCC
cluster_405	6	JAK1	JAK2	JAK3	STAM	STAM2	TYK2
cluster_406	6	C1QA	C1QB	C1QC	C1R	C1S	LOC102723407
cluster_407	4	GLUD1	GLUD2	GLUL	RIPK3
cluster_408	3	FBXL2	PTAR1	RABGGTB
cluster_409	3	COMMD1	KAT2A	KAT2B
cluster_410	5	RAD21L1	REC8	SGO2	SMC1B	STAG3
cluster_411	4	ASTN2	KIAA1328	MIPOL1	RPAP2
cluster_412	3	ARHGAP17	MPP5	PATJ
cluster_413	3	DMD	SNTB2	SNTG2
cluster_414	4	BAZ1A	HMGXB4	SMARCA1	SMARCA5
cluster_415	6	GMPS	HPRT1	IMPDH1	IMPDH2	ITPA	TPMT
cluster_416	8	FBP1	FBP2	PFKFB2	PFKFB4	PFKL	PFKM	PFKP	TIGAR
cluster_417	4	HAMP	HJV	TFR2	TMPRSS6
cluster_418	7	CUL3	GLI1	GLI2	GLI3	SPOP	SPOPL	SUFU
cluster_419	3	CLASP2	CLASRP	CLIP2
cluster_420	3	GYPA	GYPB	GYPC
cluster_421	3	GSTP1	JUN	MAPK8
cluster_422	6	C11orf74	IFT122	IFT140	IFT43	WDR19	WDR35
cluster_423	3	ACTA2	ACTC1	GC
cluster_424	3	RNF152	RRAGA	RRAGB
cluster_425	6	NEDD1	TUBG1	TUBG2	TUBGCP2	TUBGCP3	TUBGCP4
cluster_426	10	ACTR10	ACTR1A	ACTR1B	DCTN1	DCTN2	DCTN3	DCTN4	DCTN5	DCTN6	HAP1
cluster_427	4	BCL2	BCL2L1	BID	CTSD
cluster_428	3	C4A	C4B	PROS1
cluster_429	3	CDYL	EHMT2	WIZ
cluster_430	3	CEBPA	CEBPB	KLF5
cluster_431	3	DRG1	RWDD1	ZC3H15
cluster_432	4	ITCH	JUN	MAPK8	MAPK9
cluster_433	6	AJUBA	LATS1	LATS2	LIMD1	SAV1	WTIP
cluster_434	3	CCNK	CDK12	DDB1
cluster_435	3	RAB14	SLC2A4	TBC1D4
cluster_436	12	AIMP1	AIMP2	DARS1	EEF1E1	EPRS1	IARS1	KARS1	LARS1	MARS1	QARS1	RARS1	SDCBP
cluster_437	6	CIAO1	CIAO2A	CIAO2B	CIAO3	MMS19	NUBP1
cluster_438	3	DAXX	TGFBR1	TGFBR2
cluster_439	3	PRKCA	PRKCB	PRKCD
cluster_440	3	ATP12A	ATP4A	ATP4B
cluster_441	5	IP6K1	IP6K3	IPPK	PPIP5K1	PPIP5K2
cluster_442	5	CLUAP1	IFT74	IFT88	TTC26	UBXN10
cluster_443	3	PIP4K2A	PIP4K2B	PIP4K2C
cluster_444	6	POT1	TERF1	TERF2	TERF2IP	TINF2	TPP1
cluster_445	5	PPP2CA	PPP2CB	PPP2R1A	PPP2R1B	TGFBR2
cluster_446	4	AGER	CYBB	NOX1	NOX4
cluster_447	3	BMPR1B	BMPR2	LIMK1
cluster_448	4	BRS3	GRPR	NMB	NMBR
cluster_449	4	BTRC	FBXW11	WWTR1	YAP1
cluster_450	3	BRCA1	BRCA2	FLNA
cluster_451	3	BTRC	FBXO2	FBXW11
cluster_452	3	HTT	PRPF40A	TCERG1
cluster_453	6	PPP3CA	PPP3CB	PPP3CC	PPP3R1	PPP3R2	TARDBP
cluster_454	3	FCGR2B	INPP5D	INPPL1
cluster_455	3	HIPK2	SUMO1	UBE2I
cluster_456	6	ADSL	ATIC	GART	PAICS	PFAS	PPAT
cluster_457	3	GUCA2A	GUCA2B	GUCY2C
cluster_458	3	IRF2	IRF2BP1	IRF2BP2
cluster_459	4	ADM	CALCRL	CRCP	RAMP1
cluster_460	3	CD55	CD59	PIGA
cluster_461	3	DDX58	TRIM25	ZC3HAV1
cluster_462	3	GALE	GALT	IL11RA
cluster_463	3	INIP	NABP1	NABP2
cluster_464	3	CTIF	NCBP1	NCBP2
cluster_465	24	COX5A	CYC1	MT-CO1	MT-CO2	MT-CO3	MT-ND1	MT-ND2	MT-ND3	MT-ND4	MT-ND5	NDUFS1	NDUFS2	NDUFS3	NDUFS8	NDUFV1	NDUFV2	PPP1R15A	PWWP3A	SDHB	UQCR10	UQCRB	UQCRC2	UQCRFS1	UQCRQ
cluster_466	3	ANP32A	NME1	SET
cluster_467	3	BCCIP	BRCA2	RAD51
cluster_468	3	CTSG	ELANE	SLPI
cluster_469	3	FXR1	FXR2	PUF60
cluster_470	3	CELSR2	PSRC1	SORT1
cluster_471	4	IL18	IL18BP	IL18RAP	IL37
cluster_472	9	MZT1	MZT2A	MZT2B	NEDD1	TUBG1	TUBG2	TUBGCP4	TUBGCP5	TUBGCP6
cluster_473	4	EFNB1	EFNB2	EFNB3	RGS3
cluster_474	3	ACACA	ACACB	MLYCD
cluster_475	5	TNFRSF11A	TRAF2	TRAF3	TRAF5	TRAF6
cluster_476	9	INSR	IRS1	OGT	PIK3CA	PIK3CB	PIK3CD	PIK3R1	PIK3R2	PIK3R3
cluster_477	3	DAPP1	LYN	PLCG2
cluster_478	6	ANAPC1	ANAPC2	ANAPC4	ANAPC5	CDC16	HSPB11
cluster_479	6	BDH1	BDH2	HMGCL	HMGCLL1	OXCT1	OXCT2
cluster_480	4	CD151	CD63	CD81	CD9
cluster_481	4	GPAM	GPAT2	GPAT3	GPAT4
cluster_482	3	H1-6	H1-7	H1-8
cluster_483	3	MAP2K3	MAP2K6	MAP3K3
cluster_484	3	CACNA1G	CACNA1H	CACNA1I
cluster_485	10	CYC1	GPD2	MT-CO1	MT-CO2	MT-CO3	NDUFS8	SDHA	SDHB	SDHC	UQCRFS1
cluster_486	4	HK1	HK2	HK3	HKDC1
cluster_487	5	ARMC8	GID4	GID8	RANBP10	RMND5B
cluster_488	3	ACOT1	ACOT2	ACOT8
cluster_489	3	BCAR1	PTK6	PXN
cluster_490	3	G6PC2	G6PC3	GCK
cluster_491	3	ME1	ME3	PC
cluster_492	4	CD74	CTSB	CTSL	CTSS
cluster_493	4	ITPR1	ITPR2	ITPR3	MRVI1
cluster_494	4	KIF5B	KIF5C	KLC1	RANBP2
cluster_495	3	GJA1	MAPK1	MAPK3
cluster_496	4	PLAT	PLAU	SERPINB2	SERPINE1
cluster_497	3	ALKBH3	ASCC2	TRIP4
cluster_498	4	BUB1B	KNL1	NDC80	SPC24
cluster_499	3	ADAT1	ADAT2	ADAT3
cluster_500	3	UTS2	UTS2B	UTS2R
cluster_501	4	ACE	AGT	NR3C2	REN
cluster_502	4	CAPZA1	CAPZA2	CAPZB	CD2AP
cluster_503	3	KCNE3	KCNN4	KCNQ1
cluster_504	4	CD99	CD99L2	PILRA	PILRB
cluster_505	3	CCL3	CCL4	IDE
cluster_506	3	ZMYND8	ZNF592	ZNF687
cluster_507	4	DNMT3A	DNMT3B	DNMT3L	TRDMT1
cluster_508	11	CNOT1	CNOT10	CNOT11	CNOT2	CNOT3	CNOT6	CNOT6L	CNOT7	CNOT9	MMP7	TNKS1BP1
cluster_509	4	AXIN1	AXIN2	GSK3B	TCHP
cluster_510	3	GGCX	NQO1	VKORC1
cluster_511	4	CARNMT1	CARNS1	CNDP1	CNDP2
cluster_512	3	ARHGEF1	ARHGEF12	CD44
cluster_513	3	CARD8	DPP9	NLRP1
cluster_514	3	CYLD	IKBKE	LSP1
cluster_515	3	MAP3K5	PRDX1	TXN
cluster_516	3	PTEN	ROCK1	ROCK2
cluster_517	9	AHSA1	CFTR	DNAJA1	DNAJB1	HSP90AA1	HSP90AB1	HSPA4	HSPA8	STUB1
cluster_518	4	KCND3	KCNIP1	KCNIP2	KCNIP4
cluster_519	3	DHCR24	DHCR7	SOAT1
cluster_520	3	KIF2A	TUBA1B	TUBB2B
cluster_521	5	COLGALT1	COLGALT2	PLOD1	PLOD2	PLOD3
cluster_522	4	CDC45	MCM3	MCM5	SLF1
cluster_523	4	ALG12	ALG3	ALG6	ALG9-2
cluster_524	3	NBAS	SEC22B	USE1
cluster_525	4	ARF1	ARF6	PLD1	PLD2
cluster_526	20	BOP1	BRIX1	DDX18	EBNA1BP2	FTSJ3	GNL2	GNL3	GNL3L	GTPBP4	KCTD19	MAK16	NIFK	NOC2L	NOC3L	NSUN6	PES1	RRP1	RRP1B	WDR12	WDR74
cluster_527	3	TNFRSF10A	TNFRSF25	TOR1A
cluster_528	4	CLN3	CLN8	MFSD8	PPT1
cluster_529	3	CFTR	SLC9A3R1	SLC9A3R2
cluster_530	3	CTSS	IL10RA	IL10RB
cluster_531	3	GAMT	GATM	SLC6A8
cluster_532	3	MOB1A	MOB1B	STK38
cluster_533	4	BCCIP	CCNH	CDK7	MNAT1
cluster_534	4	DSC2	JUP	PKP2	TMEM43
cluster_535	4	CLNS1A	PRMT5	RIOK1	WDR77
cluster_536	4	IPO13	MAGOH	MAGOHB	RBM8A
cluster_537	5	PHKA1	PHKA2	PHKB	PHKG1	PHKG2
cluster_538	3	RAB3IP	RAB8A	RAB8B
cluster_539	3	ANO2	CLCA2	CLCA4
cluster_540	3	CAMK4	HDAC4	HDAC5
cluster_541	4	LOC102724788	PRODH	PYCR2	PYCR3
cluster_542	3	RAB5B	RAB5C	RIN1
cluster_543	3	SMG7	UPF3A	UPF3B
cluster_544	3	LRP5	LRP6	SERPINF1
cluster_545	5	MAPK1	MAPK14	MAPK3	MKNK1	MKNK2
cluster_546	4	PDRG1	PFDN4	PFDN6	URI1
cluster_547	4	AMOT	AMOTL1	AMOTL2	ARHGAP17
cluster_548	4	RALA	RALB	RALGDS	RHOA
cluster_549	3	B3GAT3	CSGALNACT1	CSGALNACT2
cluster_550	3	HDAC4	NUP155	RANBP2
cluster_551	3	INSIG2	SREBF1	SREBF2
cluster_552	10	COX5B	MT-CYB	MT-ND1	MT-ND2	MT-ND3	MT-ND4	MT-ND4L	MT-ND5	MT-ND6	PTGS1
cluster_553	3	ICAM1	ICAM2	VCAM1
cluster_554	3	RFK	TNFRSF1A	TRADD
cluster_555	4	PIK3R1	PIK3R2	PIK3R3	TXK
cluster_556	3	FHL2	TRAF2	TRAF6
cluster_557	3	GATA1	KLF1	ZFPM1
cluster_558	6	CIR1	HDAC1	HDAC2	SAP30	SAP30L	SIN3A
cluster_559	3	EEA1	RAB11A	RAB5A
cluster_560	4	EXOC1	EXOC4	EXOC7	IQGAP1
cluster_561	3	ATXN3	ATXN3L	BECN1
cluster_562	3	GJA1	GJB1	SRC
cluster_563	4	MAFF	MAFG	MAFK	NFE2
cluster_564	9	PPIF	PRKCE	SLC25A31	SLC25A4	SLC25A5	SLC25A6	VDAC1	VDAC2	VDAC3
cluster_565	3	B2M	MR1	TRDV1
cluster_566	4	INF2	NPHS1	NPHS2	TRPC6
cluster_567	5	DDX58	IKBKE	IRF3	SIKE1	TBK1
cluster_568	4	YWHAG	YWHAH	YWHAQ	YWHAZ
cluster_569	3	AGO1	AGO2	IPO8
cluster_570	3	CASP3	CASP8	IFT57
cluster_571	3	DCTN1	SNX5	SNX6
cluster_572	3	HDAC1	PHB	PHB2
cluster_573	3	RAB18	RAB3GAP1	RAB3GAP2
cluster_574	5	PRPS1	PRPS1L1	PRPS2	PRPSAP1	PRPSAP2
cluster_575	4	CENPJ	TUBA1B	TUBB2A	TUBB2B
cluster_576	3	GP5	GP9	GTPBP1
cluster_577	3	RAB1A	RAB1B	TBC1D20
cluster_578	6	ABI1	ABI2	ABL1	NCKAP1	WASF1	WASF2
cluster_579	8	ASAP1	CRK	CRKL	GRB2	PTK2	PTK2B	PXN	SRC
cluster_580	8	COLEC10	COLEC11	FCN1	FCN2	FCN3	MASP1	MASP2	MBL2
cluster_581	4	AURKB	CUL3	KLHL13	KLHL9
cluster_582	3	AHR	AIP	PTGES3
cluster_583	4	CSNK2A1	CSNK2A2	CSNK2B	TP53
cluster_584	3	INSL3	INSL5	RXFP4
cluster_585	3	MYL12A	MYL12B	MYL9
cluster_586	6	CD47	GYPA	GYPB	RHAG	RHCE	RHD
cluster_587	3	XAGE1A	XAGE1B	XAGE3
cluster_588	3	CASP1	NLRP3	TXNIP
cluster_589	3	CLIP1	TUBA1A	TUBA1B
cluster_590	3	MAGI1	RAPGEF2	RAPGEF6
cluster_591	4	ADD1	ADD2	ADD3	DMTN
cluster_592	4	BIRC6	BIRC7	DIABLO	DIABLO-2
cluster_593	3	CD81	CD82	IGSF8
cluster_594	8	SEPTIN11	SEPTIN12	SEPTIN2	SEPTIN3	SEPTIN6	SEPTIN8	SEPTIN9	SQSTM1
cluster_595	3	ARF6	RAB11FIP3	RAB11FIP4
cluster_596	3	ATG101	ATG13	CIB1
cluster_597	3	HMG20B	KDM1A	RCOR2
cluster_598	4	LIMK1	LIMK2	ROCK1	ROCK2
cluster_599	6	APOO	APOOL	CHCHD3	CHCHD5	CHCHD6	MICOS13
cluster_600	3	ATP5F1A	ATP5F1C	ATPAF1
cluster_601	3	ETNK2	ETNPPL	PCYT2
cluster_602	3	MTREX	RBM7	ZCCHC7
cluster_603	4	CDH3	KIRREL1	NPHS1	NPHS2
cluster_604	3	ACE2	MEP1B	XPNPEP2
cluster_605	3	AKR1B1	AKR1B10	SORD
cluster_606	3	INSM1	KDM1A	RCOR1
cluster_607	4	IL2RA	IL2RB	IL2RG	RHOA
cluster_608	3	BSND	CLCNKB	KCNJ1
cluster_609	3	HNMT	MAOA	MAOB
cluster_610	4	CHRNA3	CHRNA5	CHRNB4	PSMA4
cluster_611	4	DLG1	DLG2	DLG3	UBE3A
cluster_612	3	PGA3	PGA4	PGA5
cluster_613	3	RUNX2	TWIST1	TWIST2
cluster_614	3	AHSP	HBB	HBD
cluster_615	4	ATF3	FOS	JUN	MAFB
cluster_616	3	EXOC3	EXOC4	MYRIP
cluster_617	3	FPGT-TNNI3K	TNNI3	TNNI3K
cluster_618	3	FAM161A	POC1B	POC5
cluster_619	3	APOBEC3F	APOBEC3G	CBFB
cluster_620	7	HMGA2	SMAD1	SMAD2	SMAD3	SMAD4	SMAD5	SMAD9
cluster_621	4	DGAT1	MOGAT1	MOGAT2	MOGAT3
cluster_622	3	CPPED1	CST1	CST2
cluster_623	3	PTGES3	PTGS1	PTGS2
cluster_624	5	RAB11FIP1	RAB11FIP2	RAB11FIP3	RAB11FIP5	RAB25
cluster_625	4	GRIA1	GRIA2	GRIA3	LYN
cluster_626	3	APELA	APLN	APLNR
cluster_627	3	BMP10	BMPR2	GDF2
cluster_628	3	CEPT1	CHPT1	PEMT
cluster_629	3	INPP5A	INPP5J	INPP5K
cluster_630	3	MYC	NCL	TP53
cluster_631	4	FLNA	FLNB	FLNC	MAP2K4
cluster_632	5	GFPT1	GFPT2	GLS	GLS2	GLUL
cluster_633	5	PIAS4	PRKCZ	SUMO1	SUMO2	SUMO4
cluster_634	7	KANSL1	KANSL2	KANSL3	KAT8	MCRS1	PHF20	PHF20L1
cluster_635	4	NFKB1	NFKB2	NFKBID	REL
cluster_636	3	FRAT1	GSK3A	GSK3B
cluster_637	5	MAML1	NOTCH1	RBPJ	RBPJL	SNW1
cluster_638	4	FOXO1	FOXO3	FOXO4	SGK1
cluster_639	4	ATP6V0A2	ATP6V0B	ATP6V0C	VMA21
cluster_640	4	CFTR	YWHAB	YWHAG	YWHAZ
cluster_641	4	IGBP1	PPP2CA	PPP2CB	PPP4C
cluster_642	15	CTU1	MT-ND1	MT-ND4	NDUFA10	NDUFA5	NDUFAF2	NDUFAF3	NDUFB10	NDUFC1	NDUFS1	NDUFS2	NDUFS3	NDUFS8	NDUFV1	NDUFV2
cluster_643	6	CHMP4A	CHMP4C	PDCD6	PDCD6IP	TSG101	VPS4B
cluster_644	4	ORM1	SPTLC1	SPTLC2	SPTLC3
cluster_645	3	CNTN2	KCNA1	KCNA2
cluster_646	3	CYSLTR1	CYSLTR2	LTC4S
cluster_647	3	SELENOF	UGGT1	UGGT2
cluster_648	4	CIB2	LHFPL5	PCDH15	TMC2
cluster_649	9	CHMP1B	CHMP2A	CHMP2B	CHMP3	CHMP4A	CHMP6	CHMP7	IST1	SPAST
cluster_650	4	MCEE	MMAA	MMAB	MMUT
cluster_651	3	RAP1A	RAP1B	RAPGEF1
cluster_652	3	AMELY	PCDH11Y	PRKY
cluster_653	32	CCNC	CDK19	CDK8	MED10	MED11	MED12	MED12L	MED13	MED13L	MED14	MED15	MED16	MED17	MED18	MED19	MED20	MED21	MED22	MED23	MED24	MED25	MED26	MED27	MED28	MED29	MED30	MED31	MED4	MED6	MED8	MED9	PPARGC1B
cluster_654	3	CD247	FCGR3A	LILRA4
cluster_655	3	KMT2E	NCR2	NCR3
cluster_656	3	PDPK1	SGK2	SGK3
cluster_657	6	GRB2	PTPN11	PTPN6	SIRPA	SRC	SYK
cluster_658	3	CYP1A2	CYP2A6	XDH
cluster_659	3	HOXA5	HOXA6	HOXA7
cluster_660	4	CCNT1	CCNT2	CDK9	MMS19
cluster_661	3	ARHGEF2	NOD1	RIPK2
cluster_662	3	BDP1	POLR3C	POLR3G
cluster_663	3	MTBP	TICRR	TOPBP1
cluster_664	4	EGFR	GPER1	PTK2	SRC
cluster_665	4	CHKB	PCYT1A	PCYT1B	PHOSPHO1
cluster_666	4	CEL	PNLIP	PNLIPRP1	PNLIPRP3
cluster_667	3	PFN1	PFN3	XPO6
cluster_668	4	ACTB	ACTG1	AFDN	VCL
cluster_669	4	NFKB1	RELA	ROCK1	ROCK2
cluster_670	3	EXO1	RFC2	RFC4
cluster_671	3	MBTPS2	SCAP	SREBF2
cluster_672	3	PAK1	PAK2	PAK3
cluster_673	3	SEC61A1	SEC61A2	SEC63
cluster_674	5	CRHBP	CRHR2	UCN	UCN2	UCN3
cluster_675	4	CASP3	PRKCA	PRKCB	PRKCG
cluster_676	4	CTBP1	CTBP2	RBPJ	RBPJL
cluster_677	4	PLD1	PLD2	RALA	RALB
cluster_678	3	CHEK2	TP53BP1	USP28
cluster_679	3	CHMP7	IST1	LEMD2
cluster_680	4	ANXA1	ANXA2	DYSF	S100A10
cluster_681	4	CDC25C	CDK1	CDK2	SPDYE11
cluster_682	5	GSK3B	PARD3	PARD6A	PARD6B	PARD6G
cluster_683	3	AMDHD1	HAL	UROC1
cluster_684	3	EGFR	ERBB2	TRIM21
cluster_685	3	MAN2B1	MAN2B2	MAN2C1
cluster_686	3	NIN	PCM1	PCNT
cluster_687	5	EPCAM	MLH1	MSH2	MSH6	PMS2
cluster_688	5	DLAT	PDHA1	PDHX	PDK3	PDP2
cluster_689	4	CCL5	CD74	CXCR2	CXCR4
cluster_690	5	IMMT	PIK3CB	PIK3CD	PIK3CG	PIK3R5
cluster_691	4	POLG	POLG2	SLC25A4	TWNK
cluster_692	3	ALK	EML4	NPM1
cluster_693	3	CD72	PLXNB1	SEMA4D
cluster_694	3	GAB2	SFN	SOS1
cluster_695	3	MEFV	PSTPIP1	PYCARD
cluster_696	8	AK9	NME1	NME1-NME2	NME2	NME3	NME4	NME6	NME7
cluster_697	3	HEATR3	RPL11	RPL5
cluster_698	4	CREBBP	EP300	HIPK2	TP53
cluster_699	4	TJP1	TJP2	WWTR1	YAP1
cluster_700	3	FLNA	IQGAP1	TLN1
cluster_701	3	RARG	RXRB	RXRG
cluster_702	3	ASGR1	ASGR2	TG
cluster_703	7	CT47A10	CT47A2	CT47A3	CT47A4	CT47A5	CT47A8	CT47A9
cluster_704	4	DOCK4	ELMO1	ELMO2	ELMO3
cluster_705	8	ARMC8	MAEA	RANBP10	RANBP9	RMND5A	RMND5B	WDR26	YPEL5
cluster_706	5	BCAR1	CRK	CRKL	GRB2	MAP3K1
cluster_707	4	CASP3	SAV1	STK3	STK4
cluster_708	3	CPSF2	CPSF3	DCLRE1A
cluster_709	3	GRHPR	HAO1	HAO2
cluster_710	3	PTPN2	STAT3	STAT6
cluster_711	4	ANK1	ANK2	ANK3	SPTBN4
cluster_712	4	ITGA4	ITGA5	ITGB1	SKAP2
cluster_713	4	IKBKB	KEAP1	NFKB1	RELA
cluster_714	3	CRTC2	SIK1	SIK1B
cluster_715	3	CTSS	ELANE	MPO
cluster_716	3	DSP	PKP1	PKP3
cluster_717	3	ITGA1	ITGB1	SEMA7A
cluster_718	8	ATG5	ATG7	BECN1	GABARAPL1	GABARAPL2	MAP1LC3B	SIRT1	SQSTM1
cluster_719	3	ASPA	NAT8L	RIMKLA
cluster_720	3	FCER1A	LOC102723407	MS4A2
cluster_721	3	IGHV3-72	IGKV2D-28	IGKV2D-29
cluster_722	4	ADGRV1	PDZD7	USH2A	VEZT
cluster_723	6	DLG1	DLG2	DLG3	DLG4	LLGL1	LLGL2
cluster_724	3	CAPN1	CAPN2	TP53
cluster_725	3	BCL2A1	BCL2L10	BCL2L11
cluster_726	3	DLG3	NEDD4	NEDD4L
cluster_727	4	RAB7A	RAB7B	TBC1D15	TBC1D17
cluster_728	4	CPLX1	CPLX2	CPLX3	CPLX4
cluster_729	3	MEFV	PKN1	PKN2
cluster_730	10	GRIN1	GRIN2A	GRIN2C	GRIN2D	P2RX1	P2RX3	P2RX4	P2RX5	P2RX6	P2RX7
cluster_731	6	HSP90AA1	HSP90AB1	HSPA4	HSPA5	HSPA8	SOD1
cluster_732	3	CLASRP	ERC1	PHLDB2
cluster_733	3	GPR50	MTNR1A	MTNR1B
cluster_734	6	IGF2R	SNX2	SNX5	SNX6	VPS26A	VPS35
cluster_735	5	CREB3	CREB3L1	CREB3L2	CREB3L3	CREB3L4
cluster_736	4	MAPK1	MAPK3	ROCK1	ROCK2
cluster_737	3	CCND1	CDKN2A	RASSF1
cluster_738	4	MLKL	PGAM5	RIPK1	RIPK3
cluster_739	3	KNG1	TRPA1	TRPV1
cluster_740	3	LAIR1	PTPN11	PTPN6
cluster_741	4	AKAP5	DLG1	DLG4	GRIA1
cluster_742	4	BECN1	DAPK1	DAPK2	DAPK3
cluster_743	6	CALCR	CALCRL	GRM1	RAMP1	RAMP2	RAMP3
cluster_744	3	AMFR	DERL1	NGLY1
cluster_745	5	BPGM	PGAM1	PGAM2	PGAM4	PHGDH
cluster_746	5	ATXN3	ATXN3L	RAD23A	RAD23B	UBQLN1
cluster_747	4	LDHD	ME3	PKLR	PKM
cluster_748	4	SMAD7	STRAP	TGFBR1	TGFBR2
cluster_749	3	GLMN	NLRC4	NLRP3
cluster_750	3	GPLD1	PIGL	PIGW
cluster_751	6	ABO	FUT1	FUT2	FUT3	FUT5	FUT6
cluster_752	7	ATP23	DCLRE1C	LIG4	NHEJ1	PAXX	XRCC5	ZSWIM7
cluster_753	4	GNAI1	GNAI2	GNAI3	NOS3
cluster_754	4	ILK	LIMS1	NCK2	PARVA
cluster_755	8	GABARAP	GABARAPL1	GABARAPL2	PRKACA	PRKACB	PRKACG	ULK1	ULK2
cluster_756	5	POLR2A	POLR2D	POLR2E	POLR2G	RECQL5
cluster_757	3	ELP1	ELP3	KTI12
cluster_758	4	CRY1	CRY2	NR3C1	PER2
cluster_759	3	ALG10	ALG10B	ALG8
cluster_760	3	UBE2E1	UBE2E2	UBE2E3
cluster_761	5	EP300	EZH2	FOXP3	H4C6	HDAC1
cluster_762	4	ADAMTSL3	FRK	KIAA1328	MIPOL1
cluster_763	7	PNRC2	SMG6	SMG7	SMG8	UPF1	UPF2	UPF3A
cluster_764	3	KCNA1	KCNA3	KCNA6
cluster_765	3	ANKS3	ANKS6	NEK7
cluster_766	3	PDHA1	PDHB	PDP2
cluster_767	5	RNASEH2A	RNASEH2B	RNASEH2C	SAMHD1	TREX1
cluster_768	6	CUL3	KCTD17	KCTD2	RBX1	SPOP	SPOPL
cluster_769	4	BAK1	BAX	CAPN1	CAPN2
cluster_770	4	CD38	RYR1	RYR2	RYR3
cluster_771	4	MAPK1	MAPK3	SPHK1	SPHK2
cluster_772	3	KIF7	TUBA1A	TUBB2B
cluster_773	3	MYH10	MYH14	MYH9
cluster_774	5	ATG101	PPP2CA	PPP2CB	ULK1	ULK2
cluster_775	3	GPX4	GSS	PRDX6
cluster_776	3	NUCKS1	RAB29	SLC41A1
cluster_777	3	ATXN7	ATXN7-2	CACNA1A
cluster_778	3	B4GALT1	B4GALT2	LALBA
cluster_779	5	IL31	IL31RA	JAK1	OSM	OSMR
cluster_780	6	MAPT	YWHAB	YWHAE	YWHAG	YWHAQ	YWHAZ
cluster_781	4	AP4B1	AP4E1	AP4M1	TEPSIN
cluster_782	9	ACTB	ACTG1	MZT1	TUBG1	TUBGCP2	TUBGCP3	TUBGCP4	TUBGCP5	TUBGCP6
cluster_783	3	BCL2L2-PABPN1	PABPN1	PABPN1L
cluster_784	3	FGFR2	FGFR3	KLB
cluster_785	3	MDM2	RASSF1	RASSF5
cluster_786	3	OTOG	OTOGL	STRC
cluster_787	4	PTCH1	PTCH2	SMURF1	SMURF2
cluster_788	3	GK	GK2	MGLL
cluster_789	5	AKT1	AKT2	APPL1	PIK3CA	SRC
cluster_790	6	AKT1S1	PRKACA	PRKACB	PRKACG	RPS6KB1	RPS6KB2
cluster_791	3	ATXN1	ATXN1L	CIC
cluster_792	3	CCR2	CCR5	NUP85
cluster_793	3	GOLGA7	ZDHHC9	ZFP36L2
cluster_794	3	LIPT1	LIPT2	MECR
cluster_795	3	MAFF	MAFK	NFE2L1
cluster_796	10	ELOA	ERCC6	LEO1	NELFA	NELFB	NELFCD	NELFE	PAF1	RTF1	TCEA2
cluster_797	5	CDK4	CDK6	CDKN1C	CDKN2B	CDKN2C
cluster_798	4	ARHGEF1	ARHGEF12	ARHGEF6	ARHGEF7
cluster_799	3	ABL2	RAC2	RAC3
cluster_800	3	MRTFA	MYOCD	SRF
cluster_801	3	PDE1A	PDE1B	PDE1C
cluster_802	3	PRKG1	PRKG2	VASP
cluster_803	6	CHRM2	LPAR1	LPAR3	LPAR4	LPAR5	LPAR6
cluster_804	4	NFKB1	RAC2	RAC3	RELA
cluster_805	4	AGXT	AGXT2	DAO	HOGA1
cluster_806	4	MAP2K3	TAOK1	TAOK2	TAOK3
cluster_807	5	LIPE	PRKAR1A	PRKAR1B	PRKAR2A	PRKAR2B
cluster_808	4	APC	APC2	ARHGEF4	SPATA13
cluster_809	3	B3GALT5	FUT1	FUT2
cluster_810	3	CTH	MARS1	MARS2
cluster_811	3	DERL3	NPLOC4	UFD1
cluster_812	3	GABPA	GABPB1	PPARGC1A
cluster_813	3	ADAR	AGO2	DICER1
cluster_814	3	PDXK	PHOSPHO2	PNPO
cluster_815	10	CTCF	NIPBL	PDS5A	RAD21	RAD21L1	SMC1A	SMC3	STAG1	STAG2	WAPL
cluster_816	7	PSMA1	PSMA4	PSMA5	PSMA7	PSMB1	PSMB5	SORT1
cluster_817	4	MEP1A	MEP1B	PRCP	XPNPEP2
cluster_818	3	FKBP3	HDAC1	HDAC2
cluster_819	4	ENO1	HLA-DRA	HLA-DRB1	TPI1
cluster_820	5	SEPHS1	SEPHS2	TXNRD1	TXNRD2	TXNRD3
cluster_821	3	ARF6	EXOC5	EXOC7
cluster_822	3	BARD1	BRCA1	OLA1
cluster_823	3	EEF2K	PRKCA	PRKCG
cluster_824	6	CPSF3	FIP1L1	RBBP6	SYMPK	WDR77	WDR82
cluster_825	4	ARF1	ARF6	GGA1	GGA3
cluster_826	3	ABCA2	ABCB6	ABCD4
cluster_827	3	OR13G1	PALLD	TAS2R50
cluster_828	3	NANS	NPL	RENBP
cluster_829	3	PTPN23	ZFYVE16	ZFYVE9
cluster_830	5	BAZ1A	BAZ1B	CECR2	RSF1	SMARCA1
cluster_831	3	ACOT12	ACSS1	ACSS2
cluster_832	3	COX4I1	COX4I2	EMC8
cluster_833	3	LIPC	LIPF	PNLIPRP3
cluster_834	5	MCUB	MCUR1	MICU2	MICU3	SLC25A23
cluster_835	4	PAFAH1B2	PAFAH1B3	PAFAH2	PLA2G7
cluster_836	4	CASP2	CRADD	FADD	PIDD1
cluster_837	5	MAPT	PARK7	PINK1	PRKN	SNCA
cluster_838	4	KCNE3	KCNJ13	KCNK5	KCNQ1
cluster_839	3	CUL1	RBX1	RICTOR
cluster_840	3	MARC2	MOCS1	MOCS2
cluster_841	3	MCC	MCCC1	MCCC2
cluster_842	3	MTMR3	MTMR4	PIKFYVE
cluster_843	5	DNMT1	DNMT3A	DNMT3B	HDAC1	UHRF2
cluster_844	6	ENO1	GAPDH	PGK1	PGK2	PLG	TPI1
cluster_845	7	CACNA1C	CACNA1D	CACNA1F	CACNA1S	HTR2A	HTR2B	HTR2C
cluster_846	3	DCAF1	DDB1	NF2
cluster_847	3	FGF13	FGF17	SCN5A
cluster_848	3	G6PD	H6PD	NADK
cluster_849	3	TOR1A	TOR1AIP2	TOR1B
cluster_850	3	GABBR1	GABBR2	KCNJ11
cluster_851	8	EXOSC10	EXOSC2	EXOSC3	EXOSC6	EXOSC8	EXOSC9	SKIV2L	TTC37
cluster_852	21	ACER1	ACER2	ASAH2	CERK	CERS2	CERS3	CERS4	CERS5	CERS6	DEGS1	DEGS2	ENPP7	GBA2	SGMS1	SGMS2	SGPP1	SMPD1	SMPD2	SMPD3	SMPD4	UGCG
cluster_853	13	EIF3A	EIF3B	EIF3C	EIF3CL	EIF3D	EIF3E	EIF3H	EIF3K	EIF3M	FAU	MICALL1	RPS3	SELENOP
cluster_854	4	CDC6	CDT1	KAT7	ORC1
cluster_855	4	TCF7	TCF7L1	TCF7L2	TERT
cluster_856	4	TNIP1	TNIP2	UBB	UBC
cluster_857	3	BRAP	KSR1	KSR2
cluster_858	6	CACNA1C	CACNA1D	CACNA1F	CACNA1S	PRKG1	PRKG2
cluster_859	4	ARHGDIA	ARHGDIB	ARHGDIG	NGFR
cluster_860	4	EPS8L2	ESPNL	MYO15A	WHRN
cluster_861	4	IGF2	IGF2BP1	IGF2BP2	IGF2BP3
cluster_862	7	AKT1	AKT2	AKT3	GNRH1	GNRH2	MAPK1	MAPK3
cluster_863	3	GAD1	GAD2	MECP2
cluster_864	4	ATF4	CEBPG	DDIT3	TRIB3
cluster_865	3	AXIN1	AXIN2	RNF146
cluster_866	3	GLB1	LALBA	LCT
cluster_867	3	LYVE1	VEGFC	VEGFD
cluster_868	3	MAP4K1	MAPK8IP1	MAPK8IP2
cluster_869	4	BTRC	CUL1	FBXW4	SKP1
cluster_870	5	EP300	ESR1	MYC	NPM1	TP53
cluster_871	7	GOT1	GOT1L1	GOT2	HPD	IL4I1	MIF	TAT
cluster_872	8	BMI1	CBX1	CBX2	COMMD3-BMI1	PCGF2	RING1	RNF2	SLC25A3
cluster_873	3	PLD1	PLD2	PRKCA
cluster_874	3	SLC18A1	SLC18A2	SLC32A1
cluster_875	3	HM13	RNF139	USH2A
cluster_876	8	AP1G1	BBIP1	BBS1	BBS2	BBS4	BBS5	BBS7	BBS9
cluster_877	5	CAD	GART	GFPT1	GFPT2	PPAT
cluster_878	4	CALHM1	SCN2A	SCN3A	SCN9A
cluster_879	4	SLC34A1	SLC34A2	SLC34A3	SLC9A3R1
cluster_880	3	BCL11A	BCL11B	NR2F2
cluster_881	5	ATF4	ATF6	DDIT3	EIF2AK3	PPP1R15A
cluster_882	5	PIK3R1	PLCG1	PLCG2	SH2D2A	SRC
cluster_883	6	BBS10	BBS12	BBS2	BBS4	BBS7	CCDC28B
cluster_884	6	BMPR2	TRPC1	TRPC3	TRPC4	TRPC5	TRPC6
cluster_885	4	KRAS	PIK3CA	PTEN	STK11
cluster_886	3	EP300	MYC	ZBTB17
cluster_887	3	EPPIN	LTF	SEMG1
cluster_888	3	KCNJ13	KCNK5	KCNN4
cluster_889	3	MOCS3	NFS1	URM1
cluster_890	3	MUC13	MUC2	MUC5AC
cluster_891	4	AGER	HRAS	KRAS	NRAS
cluster_892	4	AKAP1	AKAP6	MAPK7	RAPGEF3
cluster_893	4	PIP5K1A	PIP5K1B	PIP5K1C	RHOA
cluster_894	5	ARHGEF6	ARHGEF7	GIT1	PAK2	SCRIB
cluster_895	4	CREB1	FOS	GDNF	JUN
cluster_896	3	ATP7A	EIF4E	EIF4G1
cluster_897	4	ATXN2	ATXN2L	ATXN3	ATXN3L
cluster_898	3	PRB1	PRB3	PRB4
cluster_899	3	REXO1	REXO2	REXO5
cluster_900	5	AHSP	CYB5R3	HBA1	HBA2	HBB
cluster_901	5	METTL14	METTL3	SMAD2	SMAD3	WTAP
cluster_902	3	ANXA1	ANXA2	CAV3
cluster_903	3	APP	NGFR	NTRK1
cluster_904	3	HPSE	HPSE2	SDC1
cluster_905	4	PSTK	SEPHS2	SEPSECS	TRNAU1AP
cluster_906	3	ACTL7A	ENAH	TES
cluster_907	3	KIR2DL1	KIR2DL4	KIR3DL1
cluster_908	3	SIAH1	SIAH2	SNCA
cluster_909	6	AR	CTNNB1	ESR1	MYC	TP53	UBE3A
cluster_910	8	DDX58	IFIH1	IKBKB	IKBKE	MAVS	MYOM2	TBK1	TRAF3
cluster_911	4	CHPF	CHPF2	CSGALNACT1	CSGALNACT2
cluster_912	4	ABL1	ATG14	BECN1	PIK3C3
cluster_913	10	ATP5F1A	ATP5F1B	ATP5F1C	ATP5MC3	ATP5PB	ATP5PO	COX5A	SLC25A3	UQCRC2	UQCRFS1
cluster_914	3	HLA-DRA	HLA-DRB1	MLANA
cluster_915	3	NME1-NME2	NME4	NME7
cluster_916	3	NR1H3	PSME3	RXRA
cluster_917	4	CDC42	RABIF	RAC2	RHOA
cluster_918	4	GOT1	GOT1L1	GOT2	HOGA1
cluster_919	3	AKAP10	PDZK1	PRKAR2A
cluster_920	3	C1S	KLK4	SERPING1
cluster_921	3	ELK1	ELK4	SRF
cluster_922	3	MDM2	PSMD10	PSMD4
cluster_923	6	ITGA2	ITGB1	PRKACA	PRKACB	PRKACG	PTK2
cluster_924	4	FIS1	GDAP1	MFN1	MFN2
cluster_925	5	CYP1A1	CYP1A2	CYP1B1	IDO1	IDO2
cluster_926	4	APP	GNAI2	GNB1	GNG2
cluster_927	4	ATM	ATR	RAD51	SQSTM1
cluster_928	4	HSP90AA1	HSP90AB1	HSPA8	UCHL1
cluster_929	5	COPB1	COPG1	COPG2	COPZ1	TMED7
cluster_930	4	CALM1	CALM2	CALM3	GRK5
cluster_931	3	CRTC2	CRTC3	SIK2
cluster_932	4	HLA-DRA	HLA-DRB1	HLA-DRB5	VIM
cluster_933	5	FLNC	SYNM	TLN1	TLN2	VCL
cluster_934	3	ALB	INS	LTF
cluster_935	6	CPSF1	CPSF2	CPSF3	CSTF2	LSM11	SYMPK
cluster_936	4	CTRL	PSMB10	PSMB8	PSMB9
cluster_937	3	BCR	STAT5A	STAT5B
cluster_938	3	MPV17	POLG	TWNK
cluster_939	4	DHX29	EIF4A1	EIF4B	EIF4G1
cluster_940	3	AKR1C4	AKR1D1	CYP8B1
cluster_941	3	CREB3	CREB3L3	CREB5
cluster_942	3	EHMT2	LIG1	UHRF1
cluster_943	3	IQGAP1	IQGAP2	IQGAP3
cluster_944	4	NPHS1	NPHS2	PODXL	SYNPO
cluster_945	3	CHRM3	CHRM5	GRM5
cluster_946	3	DDX21	DEK	MYBBP1A
cluster_947	4	FRAS1	FREM1	FREM2	NPNT
cluster_948	4	ACD	NUPR2	POT1	TERF1
cluster_949	5	IPMK	ITPKA	ITPKB	ITPKC	MINPP1
cluster_950	4	GABARAPL1	GABARAPL2	PEX10	PEX6
cluster_951	3	GCC2	RAB9A	RAB9B
cluster_952	7	ARHGEF11	ARHGEF12	PLXNB1	PLXNB2	PLXNB3	RND1	SEMA4D
cluster_953	3	CPSF4	ENSP00000423325	FIP1L1
cluster_954	3	DENND10	DENND11	DENND6A
cluster_955	3	PRRT2	SNAP25	SYT1
cluster_956	4	BMI1	CBX6	COMMD3-BMI1	SCMH1
cluster_957	8	BCAR1	CRK	CRKL	LYN	NEDD9	PTK2	PTK2B	SRC
cluster_958	3	CEP19	CEP350	FGFR1OP
cluster_959	3	AMY1A	AMY1B	AMY1C
cluster_960	6	E2F1	EP300	HDAC1	MYC	TP53	TP73
cluster_961	8	ACOT1	ACOT2	ACOT4	FBP1	FBP2	PFKL	PFKM	PFKP
cluster_962	3	ABCB11	ATP8B1	NR1H4
cluster_963	3	FPR2	MTRNR2L12	MTRNR2L8
cluster_964	3	PRKAR1A	PRKAR1B	PRKX
cluster_965	4	GPC3	IHH	PTCH1	SHH
cluster_966	6	CINP	LEO1	PAF1	RTF1	SSRP1	SUPT16H
cluster_967	6	RAB7A	SNX3	TBC1D5	VPS26A	VPS29	VPS35
cluster_968	5	CDKN1A	CDKN2A	E2F1	MDM2	MDM4
cluster_969	4	CHMP4A	PDCD6IP	SDCBP	TSG101
cluster_970	4	RASSF2	RASSF4	STK3	STK4
cluster_971	5	ATM	BRCA1	CHEK1	CHEK2	MDM4
cluster_972	3	ARSB	HYAL3	IDUA
cluster_973	3	BRD4	NIPBL	SMC1A
cluster_974	3	CCM2	ENSP00000498010	ITGB1BP1
cluster_975	3	CUL4A	DDB1	PHIP
cluster_976	3	EBP	FADS1	SC5D
cluster_977	4	KXD1	RPL32	RPS27A	UBA52
cluster_978	6	CARM1	ESR2	NCOA3	RPS6KB1	RPS6KB2	SP1
cluster_979	4	ECSIT	FOXRED1	NDUFS5	TMEM70
cluster_980	4	FCGRT	IGHV3-16	IGHV3-43D	IGLL5
cluster_981	3	ANG	RNASE2	RNASE3
cluster_982	3	BBC3	BCL2L11	DDIT3
cluster_983	3	KPNA1	KPNA4	SOX2
cluster_984	3	OTUD7B	WIPI1	WIPI2
cluster_985	3	PLXNA1	TREM2	TYROBP
cluster_986	3	MAP2K4	MAP2K7	MAP3K8
cluster_987	3	CFAP20	GTF2B	TBP
cluster_988	3	EP300	TP53	TP63
cluster_989	3	NCAPD3	NCAPG2	PHF8
cluster_990	3	RASGRP3	SOS1	SOS2
cluster_991	4	BCAP31	BCL2	BCL2L1	CASP8
cluster_992	3	LMO2	LYL1	TAL1
cluster_993	7	LSM5	LSM6	PRPF3	PRPF31	PRPF4	SART3	TUT1
cluster_994	4	PDPK1	PKN1	PKN2	PKN3
cluster_995	4	CRB1	CRB2	CRB3	MPP5
cluster_996	5	ARHGEF1	ARHGEF12	ARHGEF28	PTK2	PTK2B
cluster_997	4	ACTA2	ACTC1	ACTG2	SETD3
cluster_998	3	PI4KA	PI4KB	PIK3C2B
cluster_999	3	KCNE2	KCNE3	KCNE4
cluster_1000	3	NEFH	NEFM	PRPH
cluster_1001	5	ALDH1A1	ALDH1A2	ALDH1A3	AOX1	BCO1
cluster_1002	6	CANT1	ENTPD3	ENTPD4	ENTPD5	ENTPD6	ENTPD8
cluster_1003	3	EEF1A1	EEF1A2	PTPN6
cluster_1004	3	HCN1	HCN2	HCN3
cluster_1005	3	LEMD3	SMAD1	SMAD9
cluster_1006	6	PIGH	PIGL	PIGP	PIGQ	PIGV	PIGY
cluster_1007	5	PHLPP1	PHLPP2	USP12	USP46	WDR20
cluster_1008	4	TKT	TKTL1	TKTL2	TPK1
cluster_1009	6	AUP1	DERL2	ERLEC1	FAM8A1	OS9	SEL1L
cluster_1010	6	ALDOA	ALDOB	ALDOC	GLYCTK	TKFC	TPI1
cluster_1011	13	AIM2	CARD8	CASP1	CASP5	DDX3X	DHX33	GSDMD	NLRC4	NLRP1	NLRP3	NLRP6	NLRP9	PYCARD
cluster_1012	3	CDK8	MED12	PPARGC1B
cluster_1013	3	CH25H	CYP39A1	CYP46A1
cluster_1014	3	CHEK1	RFC3	RFC4
cluster_1015	3	CHUK	GPR83	IKBKB
cluster_1016	4	DDX41	IRF3	MAVS	TBK1
cluster_1017	3	ALS2	CFAP410	NEK1
cluster_1018	3	FTCD	MTHFS	ST20-MTHFS
cluster_1019	4	GCG	GIP	GLP1R	GLP2R
cluster_1020	6	APLF	APTX	CHFR	LIG3	PARP1	XRCC1
cluster_1021	6	COMMD5	FAU	RPL8	RPS27A	RPS7	UBA52
cluster_1022	4	DUSP3	PTPN5	PTPN7	PTPRR
cluster_1023	3	FBXW7	MTOR	RICTOR
cluster_1024	7	GPX2	GPX3	GPX5	GPX6	GPX7	GPX8	PRDX6
cluster_1025	3	FYCO1	RAB7A	RAB7B
cluster_1026	5	B3GALNT1	GBGT1	HEXA	HEXB	NAGA
cluster_1027	4	ETHE1	MPST	SQOR	TST
cluster_1028	4	MAPK8	MAPK9	RAP1A	RAP1B
cluster_1029	3	CDC42EP4	SEPTIN6	SEPTIN7
cluster_1030	3	CTNNB1	EMD	LMNB1
cluster_1031	3	PLCG1	PLCG2	TEC
cluster_1032	3	AFF2	FMR1	TMEM185A
cluster_1033	3	MARCKS	MARCKSL1	PRKCD
cluster_1034	4	CHM	CHML	RABGGTA	RABGGTB
cluster_1035	7	IL17D	IL17RA	IL17RB	IL17RC	IL17RD	IL17RE	IL25
cluster_1036	5	CTSG	ELANE	MPO	PADI4	PRTN3
cluster_1037	4	EMD	GUCA2A	GUCA2B	NPR3
cluster_1038	4	SNX27	SORL1	VPS26A	VPS35
cluster_1039	3	ADCY3	ADCY9	KCNQ1
cluster_1040	3	LGALS3BP	LGALS7	LGALS7B
cluster_1041	3	CLEC1B	LCP2	SYK
cluster_1042	3	NRF1	PPRC1	TFAM
cluster_1043	6	ADAR	AXIN1	DVL1	DVL2	DVL3	GSK3B
cluster_1044	4	MAP2K3	MAP2K4	MAP2K6	MAP3K4
cluster_1045	7	CREBBP	EP300	HDAC1	JUN	KLF5	NFKB1	TP53
cluster_1046	5	APP	DLG4	GRIN1	GRIN2A	GRIN2B
cluster_1047	5	IGF1	INS	IRS1	IRS2	SIRT1
cluster_1048	3	CALM2	CALM3	IQSEC1
cluster_1049	3	DISC1	YWHAE	YWHAZ
cluster_1050	6	EIF3E	EIF3F	EIF3H	EIF3I	EIF3L	PRRC2B
cluster_1051	3	RDH10	RDH5	RGR
cluster_1052	3	MECP2	TBL1X	TBL1XR1
cluster_1053	5	RHO	SRP19	SRP54	SRP68	SRP9
cluster_1054	4	BCAP31	DNM1L	FIS1	MFN2
cluster_1055	4	CD200	CD200R1	CX3CL1	CX3CR1
cluster_1056	4	CSNK1D	CSNK1E	WWTR1	YAP1
cluster_1057	3	CNOT1	CNOT9	RC3H1
cluster_1058	3	ESYT1	ESYT2	ESYT3
cluster_1059	4	B4GALT1	B4GALT2	GALE	GALT
cluster_1060	4	LPCAT1	LPCAT2	LPCAT4	LPGAT1
cluster_1061	7	MAF1	POLR1C	POLR3A	POLR3B	POLR3E	POLR3F	POLR3GL
cluster_1062	3	HEXIM1	LARP7	PPM1G
cluster_1063	3	INSM1	NEUROD1	NEUROG3
cluster_1064	4	RXRA	THRA	THRB	TXNRD2
cluster_1065	3	OGT	TRAK1	TRAK2
cluster_1066	5	SMG5	SMG6	SMG7	SULT1E1	UPF1
cluster_1067	4	ANGPTL3	ANGPTL4	ANGPTL8	GPIHBP1
cluster_1068	4	ANP32A	NUP214	SET	XPO1
cluster_1069	3	ACY1	ARG1	ARG2
cluster_1070	3	CASP3	SPTA1	SPTAN1
cluster_1071	3	AKR1C3	CBR1	PTS
cluster_1072	3	CALD1	LMOD1	MYH11
cluster_1073	4	ITGAV	ITGB3	ITGB5	MFGE8
cluster_1074	7	PTMA	RPL15	RPL23A	RPL7	RPLP1	RPS19	RPS3
cluster_1075	4	PRKCI	PRKCZ	RAP1A	RAP1B
cluster_1076	4	MAN1A1	MAN1A2	MAN1C1	MGAT1
cluster_1077	3	CHST2	CHST4	NTAN1
cluster_1078	4	GATC	NARS1	NARS2	QARS1
cluster_1079	13	CPSF1	CPSF2	CPSF3	CPSF4	FIP1L1	PPP1CA	PPP1CB	PPP1CC	RBBP6	SSU72	SYMPK	WDR33	WDR82
cluster_1080	3	D2HGDH	IDH1	IDH2
cluster_1081	3	DAB2	LDLR	LDLRAP1
cluster_1082	3	LHPP	PPA1	PPA2
cluster_1083	3	P4HA1	P4HA2	PRODH2
cluster_1084	3	PAH	QDPR	TH
cluster_1085	6	EGFR	ERBB2	ERBB3	ERBIN	GRB2	KRAS
cluster_1086	4	DMP1	IBSP	MEPE	SPP1
cluster_1087	5	CS	FH	IDH1	IDH2	L2HGDH
cluster_1088	3	CDX2	POU5F1	SOX2
cluster_1089	3	E2F4	E2F5	MYBL2
cluster_1090	3	ENG	NT5E	THY1
cluster_1091	3	MAPK4	MAPK6	MAPKAPK5
cluster_1092	3	SESN1	SESN2	SESN3
cluster_1093	3	ALK	MDK	PTN
cluster_1094	3	ARL3	UNC119	UNC119B
cluster_1095	7	C12orf66	CASTOR2	ITFG2	KPTN	MIOS	WDR24	WDR59
cluster_1096	7	EIF6	GNL2	LSG1	NMD3	PA2G4	RETREG1	RSL24D1
cluster_1097	4	FMR1	FXR1	G3BP1	SND1
cluster_1098	4	FUS	MAPT	SFPQ	TARDBP
cluster_1099	9	H3-2	H3-3B	H3-4	H3-5	H3C12	H3C13	HDAC1	HDAC2	SPHK2
cluster_1100	4	GSR	GSS	PRDX6	TXNDC12
cluster_1101	3	FOXO1	FOXO4	SGK2
cluster_1102	4	CBL	LYN	NEDD4	SYK
cluster_1103	3	ACOT7	THEM4	THEM5
cluster_1104	3	FSIP1	HSD17B10	PRORP
cluster_1105	7	ACD	CTC1	POT1	TEN1	TERF2	TERF2IP	TINF2
cluster_1106	3	ACKR1	BTLA	TNFRSF14
cluster_1107	3	ADI1	IL4I1	TAT
cluster_1108	3	AGXT2	GPT	GPT2
cluster_1109	3	ENPP6	GDPD1	GDPD3
cluster_1110	3	GOLGA2	GORASP1	PLK1
cluster_1111	3	MYOD1	TAF3	TBP
cluster_1112	4	AMFR	CFTR	DERL1	RNF5
cluster_1113	9	DDX58	IFIT1	IFNB1	IKBKE	IRF3	MAVS	STING1	TBK1	TRAF3
cluster_1114	4	BAG4	TNF	TNFRSF1A	TRADD
cluster_1115	8	ATM	BRCA1	BRCA2	MLH1	MSH2	MSH6	NF1	PMS2
cluster_1116	5	CCNA2	CCNL2	CDK1	CDK2	SAMHD1
cluster_1117	10	DDC	GOT1	GOT1L1	GOT2	IL4I1	PAH	TAT	TH	TPO	TYR
cluster_1118	4	PTH1R	PTH2	PTH2R	PTHLH
cluster_1119	3	AARS1	ADAT1	KARS1
cluster_1120	3	EGF	INS	P4HB
cluster_1121	6	EGLN1	EGLN2	EGLN3	PRKCA	PRKCB	PRKCG
cluster_1122	3	ABLIM1	ABLIM3	ABRA
cluster_1123	3	ALOX5	ALOX5AP	COTL1
cluster_1124	3	CYREN	XRCC5	XRCC6
cluster_1125	3	EDN3	EDNRB	SOX10
cluster_1126	3	GH1	GHR	PRLR
cluster_1127	4	ADRB2	ERBB2	GRB2	SRC
cluster_1128	3	DISC1	RHOT1	TRAK1
cluster_1129	3	LPCAT3	LPCAT4	PTDSS1
cluster_1130	3	NAT1	NAT2	XDH
cluster_1131	3	BBOX1	TRAT1	TRIM5
cluster_1132	3	IKBKB	IKBKG	MUC1
cluster_1133	3	SDS	SDSL	SRR
cluster_1134	3	DNM2	MTM1	MTMR14
cluster_1135	3	HOXA1	HOXB1	HOXD1
cluster_1136	5	DLG3	DLG4	GRIN2A	GRIN2B	PTK2B
cluster_1137	11	CCDC22	COMMD1	COMMD10	COMMD2	COMMD3	COMMD4	COMMD6	COMMD7	COMMD8	COMMD9	VPS35L
cluster_1138	5	GCG	GNAT3	TAS1R1	TAS1R2	TAS1R3
cluster_1139	5	CHUK	IRF7	MYD88	SPP1	TRAF3
cluster_1140	4	DPH5	DPH6	DPH7	EEF2
cluster_1141	4	INSR	IRS1	IRS2	SLC2A4
cluster_1142	3	ARHGEF2	PTK2	PXN
cluster_1143	3	CDA	CES1	CES2
cluster_1144	3	FBXO32	TRIM63	YIPF1
cluster_1145	4	LIPE	PLIN1	PRKG1	PRKG2
cluster_1146	5	ADGRD1	KPNB1	RANBP2	RANGAP1	XPO1
cluster_1147	6	DCAF11	DCAF12	DCAF17	DCAF4	DCAF5	TRPC4AP
cluster_1148	4	HIF1A	MYC	SLC2A1	TP53
cluster_1149	4	ATG5	BECN1	HTT	SQSTM1
cluster_1150	6	CTH	KYAT1	KYAT3	TXNRD1	TXNRD2	TXNRD3
cluster_1151	4	ALB	CRP	INS	MB
cluster_1152	4	APH1A	NCSTN	PSENEN	RHBDL2
cluster_1153	4	B4GALT1	B4GALT2	B4GALT3	POMGNT1
cluster_1154	4	LRP1	MMP9	PLAT	SERPINE1
cluster_1155	12	DAW1	LSM7	LSM8	MFAP1	PRPF3	PRPF31	PRPF6	PRPF8	SART1	SNRNP200	WDR53	ZMAT2
cluster_1156	5	GOT2	NUP107	NUP133	NUP214	NUP85
cluster_1157	6	SGF29	SUPT20H	SUPT3H	TADA3	TAF12	TMEM179B
cluster_1158	3	CPA1	CPA2	CPA3
cluster_1159	6	FAM20C	MT-ND1	MT-ND3	MT-ND4	MT-ND4L	MT-ND5
cluster_1160	4	DDRGK1	UFL1	UFM1	UFSP1
cluster_1161	4	ELN	FBN1	MFAP1	MFAP2
cluster_1162	4	NPLOC4	SPRTN	UFD1	VCP
cluster_1163	3	CACYBP	S100A6	SIAH1
cluster_1164	4	KCNN1	KCNN2	KCNN3	KCNN4
cluster_1165	4	UBA1	UBA6	UBA7	UBE2R2
cluster_1166	3	ALDH3A1	ALDH3B1	ALDH3B2
cluster_1167	3	FXN	HEPH	HMOX2
cluster_1168	3	SGF29	USP22	ZZZ3
cluster_1169	7	FAF1	FAF2	NPLOC4	RNF125	UBXN1	UBXN7	UFD1
cluster_1170	4	AMH	NR0B1	NR5A1	SOX9
cluster_1171	4	DAG1	DMD	DTNA	PLEC
cluster_1172	3	F11	IGKV1-33	IGKV1D-33
cluster_1173	4	BRCA1	BRCA2	EMSY	PALB2
cluster_1174	5	CLEC7A	FCER1G	SYK	TREM2	TYROBP
cluster_1175	3	B3GALT6	B4GALT7	XYLT1
cluster_1176	3	PPP4C	PPP4R1	PPP4R4
cluster_1177	3	SF3A2	SF3A3	SFSWAP
cluster_1178	5	ACOT1	ACOT2	ACOT4	THEM4	THEM5
cluster_1179	4	AANAT	IDO1	IDO2	INMT
cluster_1180	4	CRY1	CRY2	PRH1	PRH2
cluster_1181	3	MTMR7	MTMR8	MTMR9
cluster_1182	7	AFDN	AFF1	DOT1L	ELL	KMT2A	MLLT1	MLLT3
cluster_1183	4	IMPA1	IMPA2	ISYNA1	MIOX
cluster_1184	3	PANK2	PANK3	VNN2
cluster_1185	3	AHNAK	CAPN3	DYSF
cluster_1186	3	ALKBH1	ALKBH2	ALKBH8
cluster_1187	3	CHD3	CHD4	NAB2
cluster_1188	3	HELZ2	NCOA1	NCOA2
cluster_1189	3	INPP5E	SYNJ1	SYNJ2
cluster_1190	3	MYOD1	TBPL1	TBPL2
cluster_1191	3	SUN1	SUN2	TMEM201
cluster_1192	4	AGPAT3	AGPAT4	LCLAT1	MBOAT7
cluster_1193	4	CREB1	EP300	HBZ	JUN
cluster_1194	4	RRM1	RRM2	RRM2B	TXN
cluster_1195	3	BEX3	TCEAL6	TCEAL7
cluster_1196	4	ATOX1	ATP7A	ATP7B	CP
cluster_1197	3	APBB1	APBB2	APLP2
cluster_1198	3	ATP2A1	ATP2A3	HRC
cluster_1199	3	BDNF	HTR2A	SLC6A4
cluster_1200	5	ADO	CSAD	GAD1	GAD2	GADL1
cluster_1201	6	EP300	JUN	KLF2	MYC	NFKB1	RELA
cluster_1202	4	B4GALT1	B4GALT2	GLB1	LCT
cluster_1203	4	CD27	CD70	TNFRSF8	TNFSF9
cluster_1204	5	AGO1	AGO2	DICER1	DROSHA	TSN
cluster_1205	3	THAP11	THAP12	THAP7
cluster_1206	3	TRIP12	UBR1	UBR2
cluster_1207	4	BCAT1	BCAT2	GCLC	GCLM
cluster_1208	4	EPS8L2	ESPN	ESPNL	MYO3A
cluster_1209	4	NGLY1	PSMC1	RAD23A	RAD23B
cluster_1210	5	GNAI1	GNB1	GNG2	IGHV3-16	SMO
cluster_1211	3	AMBRA1	DYNLL1	DYNLL2
cluster_1212	3	CHUK	MAP3K7	PPM1B
cluster_1213	3	CLDN16	CLDN19	FXYD2
cluster_1214	3	CTIF	MIF4GD	SLBP
cluster_1215	3	IKZF1	IKZF3	PAX5
cluster_1216	3	REG1A	REG1B	ZC3H12A
cluster_1217	6	CDC42	IQGAP1	RAC1	RAC2	RAC3	RHOA
cluster_1218	4	CDH17	CDH5	CTNND1	NECTIN1
cluster_1219	3	ASMT	IDO1	IDO2
cluster_1220	3	FOXO1	PAX3	PAX7
cluster_1221	4	MAP2K3	MAP2K6	RAP1A	RAP1B
cluster_1222	3	BMP1	C1R	C1S
cluster_1223	3	ETFA	ETFB	ETFRF1
cluster_1224	5	ANKLE2	PPP2CA	PPP2CB	PPP2R1A	PPP2R2A
cluster_1225	8	CREB1	CREBBP	EP300	ESR1	FOS	MYC	REL	TP53
cluster_1226	4	CRTC2	PPP4R3A	PPP4R3B	PPP4R3C
cluster_1227	4	NOL8	RRAGA	RRAGC	RRAGD
cluster_1228	8	DEK	EP300	H2AC18	H2AC20	H2BC21	H3C12	H4C6	SMARCA5
cluster_1229	3	ANPEP	LAP3	NAT8
cluster_1230	3	CNOT2	MARCHF6	UBE2G2
cluster_1231	3	CSTF2	SUB1	SYMPK
cluster_1232	7	CYP27B1	NCOA1	NCOA2	NCOA3	NCOR1	RXRA	RXRG
cluster_1233	3	LRSAM1	TSG101	VPS28
cluster_1234	4	HSP90AA1	HSP90AB1	TGFBR1	TGFBR2
cluster_1235	4	NFKBID	REL	RELA	RELB
cluster_1236	3	GLRB	GPHN	SLC6A5
cluster_1237	3	KYAT1	SPOUT1	TBC1D13
cluster_1238	3	NF1	SPRED1	SPRED2
cluster_1239	4	IMPA1	IMPA2	INPP4A	INPP4B
cluster_1240	3	MTCP1	TCL1A	TCL1B
cluster_1241	4	GTF2B	LGALS4	TAF12	TBP
cluster_1242	4	A2M	HP	HPX	LRP1
cluster_1243	4	ABI1	BAIAP2	ENAH	WASL
cluster_1244	4	DHX9	EIF2AK2	ILF2	ILF3
cluster_1245	5	AARS1	ASNS	GARS1	IARS1	NARS1
cluster_1246	4	ENTPD1	ENTPD3	ENTPD4	ENTPD8
cluster_1247	3	ATF4	MKNK1	MKNK2
cluster_1248	3	CD96	NECTIN2	PVRIG
cluster_1249	3	GLCE	HS2ST1	HS6ST1
cluster_1250	3	CEP135	CEP295	SASS6
cluster_1251	4	PAX8	RXRA	RXRB	RXRG
cluster_1252	4	PPP3CB	PPP3R1	PPP3R2	WDR92
cluster_1253	6	BCL2	CCND1	CDKN2A	LOC102723407	MYC	TP53
cluster_1254	5	C11orf49	LRRC49	TPGS1	TPGS2	TTLL1
cluster_1255	5	CYLD	IKBKG	TRAF2	TRAF6	USP7
cluster_1256	6	AMFR	FAF2	NPLOC4	UFD1	USP13	VCP
cluster_1257	3	MT-ATP6	MT-ATP8	PTGS1
cluster_1258	4	ALK	EML4	KIF5B	KLC1
cluster_1259	3	CENPJ	CEP152	MCPH1
cluster_1260	3	CTDSP2	FRZB	MATN3
cluster_1261	3	DAZAP1	MSI1	MSI2
cluster_1262	4	CD36	GP1BA	GP5	GP9
cluster_1263	4	USP8	YWHAB	YWHAE	YWHAZ
cluster_1264	5	ARNTL	BHLHE41	HIF1A	PER2	RORA
cluster_1265	6	BCKDHA	DLD	DLST	MRPS36	OGDH	OGDHL
cluster_1266	3	ALOX15	ALOX15B	CYP2J2
cluster_1267	3	DISP1	SIX3	ZIC2
cluster_1268	3	MYSM1	PBRM1	SMARCB1
cluster_1269	3	RANBP2	TP53	XPO1
cluster_1270	4	CANT1	ENTPD3	ENTPD8	UCK2
cluster_1271	4	PACSIN1	PACSIN2	PACSIN3	WASL
cluster_1272	5	GNPAT	GPD1	GPD1L	GPD2	TKFC
cluster_1273	4	ATG12	BECN1	CAV1	MAP1LC3B
cluster_1274	6	CHIA	CHIT1	HEXA	HEXB	NAGK	RENBP
cluster_1275	6	AKT1	BCL2	BCL2L1	ITPR1	ITPR3	MCL1
cluster_1276	4	DNAH1	DNAH12	DNAH14	DNAH5
cluster_1277	4	POLR2A	SETX	SUPT4H1	SUPT5H
cluster_1278	4	BLZF1	GOLGA2	GORASP1	GORASP2
cluster_1279	3	ALOX12	CYP2U1	PTGS2
cluster_1280	3	GABPB1	RYBP	YAF2
cluster_1281	3	IGHV3-16	IGHV3-43D	MICA
cluster_1282	3	LRPAP1	RAPGEF3	RAPGEF4
cluster_1283	3	NOTCH1	RBPJ	SPEN
cluster_1284	4	BCAR1	NPHP1	NPHP4	PTK2B
cluster_1285	4	GABRA4	GABRB1	GABRB2	GABRB3
cluster_1286	6	NDUFB6	NDUFS2	NDUFS3	NDUFS4	NDUFV2	SNCA
cluster_1287	5	BBS4	BBS5	BBS9	NME3	TTC8
cluster_1288	6	INS	INSL3	RLN1	RLN2	RXFP1	RXFP2
cluster_1289	3	CSDE1	GEMIN7	STRAP
cluster_1290	3	GJB1	MPZL1	PMP22
cluster_1291	3	HAVCR2	LGALS9	LGALS9B
cluster_1292	3	MECR	PPT1	PPT2
cluster_1293	4	CAMK2A	CAMK2B	RAP1A	RAP1B
cluster_1294	4	DEFB1	DEFB103A	DEFB4A	S100A7
cluster_1295	7	ARNT	EGLN1	EGLN2	EGLN3	EIF5B	EPAS1	HIF3A
cluster_1296	4	B4GALNT3	B4GALNT4	CHST8	CHST9
cluster_1297	6	CCND1	CCND2	CDK4	CDK6	CDKN2C	CDKN2D
cluster_1298	3	CASP3	CYCS	GSDME
cluster_1299	3	LEFTY1	LEFTY2	PITX2
cluster_1300	3	ADAM10	CD81	CD9
cluster_1301	3	CARS2	CBS	CBSL
cluster_1302	3	NDUFA9	SDHA	SIRT3
cluster_1303	4	L1CAM	NRP1	PLXNA1	SEMA3A
cluster_1304	7	CCL2	CCL5	CXCL12	CXCR2	CXCR4	IL6	MIF
cluster_1305	6	CCDC151	IFT22	IFT46	IFT74	IFT81	IFT88
cluster_1306	6	AGER	IL1B	NFKB1	TLR2	TLR4	TLR9
cluster_1307	5	FDFT1	FDPS	GGPS1	IDI1	PMVK
cluster_1308	3	LAMTOR2	LAMTOR3	WDR83
cluster_1309	4	ASF1A	ASF1B	CABIN1	TLK2
cluster_1310	3	MAP3K5	YWHAB	YWHAZ
cluster_1311	3	RPL12	SEC23A	SEC23B
cluster_1312	13	APPBP2	ASB4	FEM1A	FEM1B	FEM1C	KLHDC10	KLHDC2	KLHDC3	PRAME	PRAMEF15	PRAMEF6	ZER1	ZYG11B
cluster_1313	6	GNAQ	KCNJ12	KCNJ14	KCNJ18	KCNJ2	KCNJ4
cluster_1314	3	NEFH	NEFL	SOD1
cluster_1315	3	CYBRD1	HFE	TFRC
cluster_1316	3	CYP11A1	STAR	TSPO
cluster_1317	3	HBG1	HBG2	MIPEP
cluster_1318	3	NTRK1	NTRK2	NTRK3
cluster_1319	15	CENPA	CENPC	CENPI	CENPK	CENPL	CENPM	CENPN	CENPO	CENPQ	CENPT	CENPU	CENPW	ITGB3BP	MIS18A	MIS18BP1
cluster_1320	7	BLOC1S2	MARK4	MZT1	MZT2A	MZT2B	TUBGCP5	TUBGCP6
cluster_1321	4	DNMT1	HDAC1	RFX1	SUV39H1
cluster_1322	7	CD4	FOXP3	IFNG	IL10	IL17A	IL4	MOG
cluster_1323	4	EGF	EGFR	FGF2	S100A4
cluster_1324	3	APOA1	APOA2	NAXE
cluster_1325	3	CD44	SLC3A2	SLC7A11
cluster_1326	3	GDI1	GDI2	RAB11B
cluster_1327	3	SV2A	SV2B	SV2C
cluster_1328	3	BDNF	NTRK2	TIAM1
cluster_1329	3	DNAJB11	SDF2	SDF2L1
cluster_1330	3	PARP1	SMAD3	SMAD4
cluster_1331	6	DGCR8	DICER1	DROSHA	PRKRA	PRORP	TARBP2
cluster_1332	5	CHAT	CHKA	CHKB	GPCPD1	PHOSPHO1
cluster_1333	4	EXO1	RFC1	RFC4	RFC5
cluster_1334	3	ATG14	BECN1	COL4A5
cluster_1335	3	B2M	GYPC	HLA-A
cluster_1336	3	KCNB1	SNAP25	STX1A
cluster_1337	3	PRKCD	STAT1	STAT3
cluster_1338	3	PIK3CB	PIK3R1	RAB5A
cluster_1339	7	JAG1	NOTCH1	NOTCH2	NOTCH3	NOTCH4	NUMB	NUMBL
cluster_1340	3	ACO1	IREB2	TFRC
cluster_1341	3	ADCY3	CNGA2	CNGA4
cluster_1342	3	AHSG	ANXA2	APOH
cluster_1343	3	FAR1	FAR2	GNPAT
cluster_1344	3	GLB1	ST3GAL1	ST3GAL2
cluster_1345	4	ADAM22	ADAM23	CACNG2	LGI1
cluster_1346	7	MT-CO1	MT-CYB	MT-ND4	MT-ND4L	MT-ND5	MT-ND6	UCN
cluster_1347	4	CSNK2A1	CSNK2A2	CSNK2A3	CSNK2B-2
cluster_1348	3	ANXA6	DYSF	TRIM72
cluster_1349	3	CASP8	FADD	PEA15
cluster_1350	3	CEP192	PLK4	TENT5C
cluster_1351	3	DOCK7	LRCH3	MYO6
cluster_1352	3	GABRR1	GABRR2	GABRR3
cluster_1353	3	INS	STX1A	VAMP2
cluster_1354	3	PRMT1	PRMT3	PRMT5
cluster_1355	3	RGN	SEC16A	SEC16B
cluster_1356	4	ALDH4A1	GLUD1	GLUD2	L2HGDH
cluster_1357	4	ACOT12	ACSS1	ACYP1	ACYP2
cluster_1358	3	CD80	CD86	SLC44A4
cluster_1359	3	CD99	CD99L2	EWSR1
cluster_1360	3	CDC6	CDT1	LAMC3
cluster_1361	3	GSDMB	IKZF3	ZPBP2
cluster_1362	3	LAPTM4A	LAPTM4B	LAPTM5
cluster_1363	10	ADA2	DCTD	NT5C	NT5C1A	NT5C1B	NT5C1B-RDH14	NT5C2	NT5C3A	NT5C3B	NT5M
cluster_1364	6	EHMT2	EZH2	HDAC1	HDAC2	PRDM1	SIN3A
cluster_1365	3	ERCC2	ERCC3	PUF60
cluster_1366	3	GAS6	MERTK	MFGE8
cluster_1367	3	FASTKD2	NGRN	PTCD1
cluster_1368	3	L3MBTL2	TFDP1	TFDP2
cluster_1369	7	GLO1	NDUFA6	NDUFS2	NDUFS8	SDHA	SDHC	SDHD
cluster_1370	4	CDC40	LENG1	PPIL1	SLU7
cluster_1371	4	CPT1A	CPT1B	CPT1C	SLC25A20
cluster_1372	3	AURKB	INCENP	TMEM63C
cluster_1373	3	HCRT	HCRTR1	PMCH
cluster_1374	3	MPV17	SUCLA2	SUCLG1
cluster_1375	4	FGF23	GALNT3	KL	PHEX
cluster_1376	4	PRSS1	PRSS2	PRSS3	SPINK1
cluster_1377	3	CLCN1	DMPK	MBNL1
cluster_1378	3	DES	TCAP	TTN
cluster_1379	9	CCND1	CDKN1A	CDKN2A	CTNNB1	EP300	MDM2	MYC	RUNX3	TP53
cluster_1380	6	AMY1B	AMY2A	AMY2B	HAO1	MGAM	MGAM2
cluster_1381	4	ADPRM	NUDT5	NUDT9	PGM2
cluster_1382	3	CHMP2A	TGFBRAP1	VPS8
cluster_1383	3	CIDEC	PLIN1	PLIN4
cluster_1384	3	FBXL17	KEAP1	KLHL12
cluster_1385	3	ASB10	MYOC	WDR36
cluster_1386	4	COL9A1	COL9A2	COL9A3	SLC26A2
cluster_1387	3	DCP2	DCPS	XRN1
cluster_1388	3	ESRP1	ESRP2	HNRNPM
cluster_1389	3	FBP1	FBP2	ZBTB22
cluster_1390	3	ARMC8	RMND5A	ZMYND19
cluster_1391	3	GRM4	GRM7	GRM8
cluster_1392	6	EEF1B2	PFDN5	RPL11	RPL31	RPLP2	RPS3A
cluster_1393	4	CLP1	CPSF4	TSEN34	TSEN54
cluster_1394	7	ARID2	BRD7	NUP50	PBRM1	SMARCC2	SMARCD1	SMARCD3
cluster_1395	3	FOXA2	RPS6KB1	RPS6KB2
cluster_1396	3	MADD	TNF	TNFRSF1A
cluster_1397	4	ABL1	CDC42	RAC2	RAC3
cluster_1398	3	CBR4	MCAT	OXSM
cluster_1399	3	FOXE1	PAX8	TSHR
cluster_1400	3	HSPE1-MOB4	MOB4	STK26
cluster_1401	4	RBPJ	RBPJL	TBPL1	TBPL2
cluster_1402	4	DLG1	DLG3	DLG4	GDA
cluster_1403	9	ABL1	ATM	BRCA1	MRE11	PARP1	PRKDC	RAD51	RAD52	XRCC6
cluster_1404	3	ABITRAM	PEX26	PEX6
cluster_1405	3	CLEC4C	FCER1G	LILRA4
cluster_1406	3	FGFR1	LDHA	PKM
cluster_1407	6	FAU	RPL31	RPL35	RPL37	RPL39	TOMM7
cluster_1408	5	AMPH	DNM1	DNM2	DNM3	SNX9
cluster_1409	4	DEFA1	DEFA3	DEFB1	DEFB4A
cluster_1410	4	DSC1	DSG1	DSG3	PKP1
cluster_1411	3	CD2AP	KIRREL1	KIRREL3
cluster_1412	3	FCSK	FPGT	TSTA3
cluster_1413	3	KDELR1	KDELR2	KDELR3
cluster_1414	3	PRKCE	SPHK1	SPHK2
cluster_1415	3	PRL	SEC61A1	SEC61G
cluster_1416	4	DDOST	PDIA6	RPN1	RPN2
cluster_1417	4	DUOX1	DUOX2	DUOXA1	NOX5
cluster_1418	4	EIF2B1	EIF2B2	EIF2B4	RABIF
cluster_1419	3	CRX	FIZ1	NRL
cluster_1420	3	DMXL2	MADD	WDR7
cluster_1421	3	BGLAP	RB1	RUNX2
cluster_1422	3	TOMM20	TOMM70	USP30
cluster_1423	3	FLI1	PPT1	TPP1
cluster_1424	5	NCOA1	NCOR1	NCOR2	NR4A1	RXRA
cluster_1425	4	GNAT1	GNGT1	RHO	SAG
cluster_1426	27	ADRM1	PSMA1	PSMA2	PSMA3	PSMA4	PSMA5	PSMA6	PSMA7	PSMB1	PSMB2	PSMB3	PSMB4	PSMB5	PSMB6	PSMB7	PSMC1	PSMC2	PSMC3	PSMC4	PSMD11	PSMD14	PSMD2	PSMD4	PSMD7	PSMD9	SOD1	VCP
cluster_1427	4	ERCC2	ERCC3	GTF2H1	IMMT
cluster_1428	3	CCL1	CDK7	MNAT1
cluster_1429	3	EGFR	PDGFRB	SLC9A3R1
cluster_1430	3	GMPR	GMPR2	GMPS
cluster_1431	4	CRLF2	IL7R	KLK11	TSLP
cluster_1432	3	ATOX1	ATP7A	PDZD11
cluster_1433	5	CGN	OCLN	SYMPK	TJP1	TJP2
cluster_1434	10	ALDH4A1	EARS2	EPRS1	GAD1	GAD2	GLS	GLS2	GLUD1	GLUD2	GLUL
cluster_1435	4	GATA3	RARA	RUNX1	SPI1
cluster_1436	3	BACH2	NCOR1	NCOR2
cluster_1437	3	MOCS2	MPST	TST
cluster_1438	3	CHRNA1	CHRNE	RAPSN
cluster_1439	3	GYS1	GYS2	OGT
cluster_1440	3	METTL5	TRMT112	ZCCHC4
cluster_1441	3	BMP4	GATA4	NKX2-5
cluster_1442	6	AXIN1	CAV1	FZD5	GSK3B	LRP6	WNT3A
cluster_1443	3	ACP5	TNFRSF11B	TNFSF11
cluster_1444	3	ATXN2	SH3GL2	SH3GL3
cluster_1445	3	BATF	IRF4	PRDM1
cluster_1446	3	COX15	SURF1	TACO1
cluster_1447	3	SLC9A3R1	TRPC4	TRPC5
cluster_1448	5	CEBPB	CREB1	EGR1	FOS	SRF
cluster_1449	6	CYBB	DUOX1	NCF1	NOX1	NOX4	XDH
cluster_1450	4	FAF1	HSPA1A	HSPA1B	HSPA4
cluster_1451	3	BMI1	COMMD3-BMI1	MSMB
cluster_1452	3	MKI67	NIFK	RRP1
cluster_1453	3	IL1RAP	IL1RL1	KIT
cluster_1454	3	PPP1R15B	PPP1R9B	SHOC2
cluster_1455	4	COX10	COX15	CYC1	HCCS
cluster_1456	4	TNFRSF4	TNFRSF9	TNFSF18	TNFSF4
cluster_1457	3	MPV17	MPV17L	MPV17L2
cluster_1458	4	DCP2	UPF1	XRN1	ZFP36L1
cluster_1459	4	RARS2	TSEN2	TSEN34	TSEN54
cluster_1460	3	POM121	POM121C	POM121L2
cluster_1461	15	EIF2S1	EIF2S2	EIF2S3	EIF2S3B	EIF3B	EIF3C	EIF3D	EIF3E	EIF3F	EIF3G	EIF3H	EIF3I	EIF3K	EIF3L	EIF3M
cluster_1462	3	FGD1	FGD3	GNG12
cluster_1463	3	BTLA	PDCD1	VTCN1
cluster_1464	3	ENPP1	ENPP3	FLAD1
cluster_1465	3	GXYLT1	GXYLT2	UGGT1
cluster_1466	5	SEC16A	SEC23IP	SEC24A	SEC24B	SEC24D
cluster_1467	7	HNRNPA1	HNRNPA2B1	HNRNPC	HNRNPDL	PCBP1	PKM	PTBP1
cluster_1468	4	ALG12	ALG3	ALG5	BAIAP2
cluster_1469	3	EZR	NF2	RDX
cluster_1470	4	NOP56	NOP58	ZNHIT3	ZNHIT6
cluster_1471	3	EVI2A	EVI2B	OMG
cluster_1472	8	KPNB1	NPM1	NUP214	NUP62	NUP98	RAN	RANBP2	XPO1
cluster_1473	5	CCNC	CDK8	FBXW7	MED13	MED13L
cluster_1474	5	AOC2	AOC3	GLO1	MAOA	MAOB
cluster_1475	4	AMOT	LATS1	PTPN14	WWC1
cluster_1476	4	CALCOCO2	MYO6	OPTN	TAX1BP1
cluster_1477	3	APEH	NCSTN	PSENEN
cluster_1478	3	HCCS	HMOX1	HMOX2
cluster_1479	3	SDHA	SDHB	TRAP1
cluster_1480	3	EXOSC5	EXOSC7	ZC3HAV1
cluster_1481	3	JAZF1	SYMPK	WDR82
cluster_1482	3	RO60	SNRNP70	SSB
cluster_1483	6	GTF2I	HDAC1	HDAC2	HDAC3	KDM1A	MYC
cluster_1484	4	BARD1	BRCA1	CSTF1	CSTF2
cluster_1485	3	MFAP1	MFAP2	MFAP3
cluster_1486	3	ADORA2A	ENTPD1	NT5E
cluster_1487	3	BCL6	LOC102723407	PAX5
cluster_1488	3	CNOT2	EXD2	TMEM214
cluster_1489	3	HSPA9	PDK4	VDAC1
cluster_1490	4	OVGP1	ZP1	ZP2	ZP4
cluster_1491	3	DEFB106B	DEFB107A	DEFB108B
cluster_1492	6	CDC6	CDT1	LRWD1	ORC1	ORC3	ORC6
cluster_1493	7	GNLY	JAG1	MAML1	MAML2	MAML3	NOTCH1	RBPJ
cluster_1494	4	CYBA	NOX1	NOXO1	RFK
cluster_1495	8	FBL	IMP4	MRTO4	NHP2	NIFK	NIP7	NOP16	WDR12
cluster_1496	6	DLG4	GRIA1	GRIA2	GRIA3	GRIA4	GSR
cluster_1497	5	MED1	MED13	MED14	MED23	NR1I3
cluster_1498	4	PLD1	PLD2	RRAS	RRAS2
cluster_1499	3	EEF1A1	SSU72	WDR82
cluster_1500	3	BANF2	LBR	LEMD3
cluster_1501	3	CRIPT	DLG1	DLG4
cluster_1502	3	CENPS-CORT	CORT	FANCM
cluster_1503	3	CD44	FN1	IQGAP1
cluster_1504	4	C1QA	C1QB	MS4A4A	VSIG4
cluster_1505	3	CARD16	CARD17	CARD18
cluster_1506	3	GGH	SLC19A1	TPMT
cluster_1507	3	MAP4K4	STRN	STRN4
cluster_1508	4	CBFB	MYH11	MYL9	RUNX1
cluster_1509	4	ENPP1	FGF23	PHEX	SLC34A3
cluster_1510	3	NPC2	STARD3	STARD3NL
cluster_1511	4	LGR6	RNF43	RSPO3	ZNRF3
cluster_1512	4	IGKV1-33	IGKV1D-33	SP140	SP140L
cluster_1513	4	KRT1	KRT10	KRT2	KRT77
cluster_1514	4	DERL2	DERL3	ERGIC2	SEL1L
cluster_1515	4	PLEC	SYNE1	SYNE3	SYNE4
cluster_1516	3	METTL1	SGF29	TADA2A
cluster_1517	3	MTX1	THBS3	TRIM46
cluster_1518	3	NAIP	SMN1	SMN2
cluster_1519	3	NALCN	TACR1	UNC80
cluster_1520	3	SOD1	TOMM40	TOMM40L
cluster_1521	3	UBE2Q1	UBE2Q2	UBE2QL1
cluster_1522	3	VAV1	VAV2	VAV3
cluster_1523	5	H2BC1	H2BC13	H2BU1	HLA-DRA	HLA-DRB1
cluster_1524	4	GATA4	NKX2-5	TBX3	TBX5
cluster_1525	23	ATP6AP1	ATP6AP2	ATP6V0A1	ATP6V0A2	ATP6V0A4	ATP6V0D1	ATP6V0D2	ATP6V0E1	ATP6V0E2	ATP6V1B1	ATP6V1B2	ATP6V1C1	ATP6V1C2	ATP6V1D	ATP6V1E1	ATP6V1E2	ATP6V1F	ATP6V1G1	ATP6V1G2	CNST	LIM2	MEAK7	RNASEK
cluster_1526	4	HOXB3	HOXB4	HOXB5	HOXB6
cluster_1527	4	EIF2S1	EIF2S2	EIF5	RABIF
cluster_1528	4	MYO19	RHOT1	RHOT2	TRAK1
cluster_1529	3	DMXL1	ROGDI	WDR7
cluster_1530	3	KCNMB1	KCNU1	LRRC52
cluster_1531	6	DLAT	PDHA1	PDHB	PDK2	PDK3	STAT5A
cluster_1532	4	HMGCR	NPC1	SREBF1	SREBF2
cluster_1533	3	CLIC4	CLIC5	TPRN
cluster_1534	3	ACE	AGT	ANPEP
cluster_1535	3	GLI2	GLI3	RUNX2
cluster_1536	4	DMXL2	MADD	RAB3GAP1	RAB3GAP2
cluster_1537	5	B3GALT1	B3GALT2	B3GALT5	B4GALT2	C1GALT1
cluster_1538	7	GRIA1	GRIA2	GRIA3	GRIA4	KIF5A	KIF5B	KIF5C
cluster_1539	9	BET1	BET1L	GOSR1	GOSR2	SEC22A	SEC22C	STX5	USO1	YKT6
cluster_1540	4	CSH1	CSH2	GH2	LGALS1
cluster_1541	7	ADRA1D	DMD	DTNA	SNTA1	SNTB1	SNTB2	UTRN
cluster_1542	3	ETS1	ETS2	SRF
cluster_1543	3	NFKB2	NFKBID	RELB
cluster_1544	4	CTU1	DDX56	FTSJ3	WDR74
cluster_1545	7	DVL1	DVL2	DVL3	NOTCH1	NOTCH2	NOTCH3	NOTCH4
cluster_1546	4	ACACA	ACACB	GART	PPAT
cluster_1547	7	EID3	NSMCE1	NSMCE3	NSMCE4A	SMC5	SMC6	ZNF597
cluster_1548	4	APOB	APOE	APP	SORT1
cluster_1549	3	CEP250	CROCC	LRRC45
cluster_1550	3	CLEC4D	CLEC4E	CLEC6A
cluster_1551	3	H2AC18	H2AC20	USP16
cluster_1552	3	GCC2	GOLGA4	GRIP1
cluster_1553	4	G6PC	G6PC2	G6PC3	SLC37A4
cluster_1554	4	MOCS3	MPST	TST	URM1
cluster_1555	4	ARHGEF7	SHANK1	SHANK2	SHANK3
cluster_1556	3	B2M	HLA-B	HNRNPC
cluster_1557	3	DCN	HSPG2	MSTN
cluster_1558	3	FRMD1	FRMD6	NF2
cluster_1559	3	PKD1	PKD2	PRKD1
cluster_1560	4	GON7	OSGEPL1	TP53RK	YRDC
cluster_1561	4	ITCH	MAP3K7	MAVS	TRAF6
cluster_1562	3	RAB11A	RAB8A	TFRC
cluster_1563	4	COX7A2	COX7C	HINT1	UQCRQ
cluster_1564	3	KCNN3	ORAI1	TRPC1
cluster_1565	3	MOB2	STK38	STK38L
cluster_1566	3	NR1H2	NR1H3	OGT
cluster_1567	3	LOC102723407	TNFRSF10B	TNFSF10
cluster_1568	9	PDRG1	PFDN6	PIH1D1	PPP1CA	PPP1CC	RPAP3	URI1	UXT	WDR92
cluster_1569	4	NCL	PARP1	XRCC5	XRCC6
cluster_1570	3	EGLN1	EGLN3	OS9
cluster_1571	6	MTREX	PDCD11	TARBP1	TBL3	UTP20	UTP4
cluster_1572	3	CARD11	PDPK1	PRKCQ
cluster_1573	4	ASXL1	IDH1	IDH2	TET2
cluster_1574	3	DVL1	DVL2	NXN
cluster_1575	3	CDK19	CDK8	CNOT4
cluster_1576	4	DCDC1	DNAJC24	IMMP1L	MPPED2
cluster_1577	3	DYNC1I1	DYNC1LI1	NUDCD3
cluster_1578	3	NCOA4	PTCH1	PTCH2
cluster_1579	7	CFAP45	EFHB	EFHC1	EFHC2	ENKUR	PACRG	WDR90
cluster_1580	5	ACTN2	CAMK2A	CAMK2B	DLG4	GRIN2B
cluster_1581	5	GSK3A	MAP3K7	TAB1	TAB2	TLR3
cluster_1582	9	CEBPA	CEBPB	CEBPD	CREB1	CREBBP	EP300	FOS	JUN	STAT3
cluster_1583	26	AFF4	CDC73	CTR9	EAF1	EAF2	ELL2	ELL3	ELOA	ERCC6	ICE1	ICE2	LEO1	NELFA	NELFB	NELFCD	NELFE	NUFIP1	PAF1	PEX2	RTF1	SUPT4H1	SUPT5H	TCEA2	TTF2	WDR61	ZC3H8
cluster_1584	4	RABIF	RAN	RANGAP1	RCC1
cluster_1585	3	AFF3	CCNT1	CDK9
cluster_1586	3	APOBEC3G	BST2	SAMHD1
cluster_1587	3	BGN	CCN4	DCN
cluster_1588	3	GRID2	NRXN1	NRXN2
cluster_1589	3	ITK	LCK	SH2D2A
cluster_1590	3	PAPOLA	PAPOLB	PAPOLG
cluster_1591	5	CCNL2	CDK2	CDK4	CDK6	CHKA
cluster_1592	4	CCNE1	CCT2	CCT4	CCT7
cluster_1593	4	DYNC1I1	DYNC2H1	DYNC2LI1	NUDCD3
cluster_1594	3	CREB3	CREB3L4	HCFC2
cluster_1595	3	DGLUCY	GLS	GLS2
cluster_1596	3	HSPA4	HSPA8	UBE3A
cluster_1597	3	UNC13A	UNC13B	UNC13C
cluster_1598	4	DGCR8	DICER1	DROSHA	RNH1
cluster_1599	4	PLXNB1	RHOA	RND1	SEMA4D
cluster_1600	5	MTOR	RICTOR	RPS6KB1	SIRT1	TSC2
cluster_1601	43	CUL7	EEF1A1	EEF1B2	MED1	MRPL2	MRTO4	NME2	PKLR	PKM	RPL11	RPL15	RPL18	RPL19	RPL21	RPL23	RPL23A	RPL24	RPL26	RPL31	RPL34	RPL35	RPL37A	RPL4	RPL5	RPL8	RPL9	RPLP0	RPS11	RPS15	RPS16	RPS17	RPS18	RPS19	RPS2	RPS20	RPS23	RPS24	RPS28	RPS3	RPS3A	RPS6	RPSA	UBA52
cluster_1602	4	CYP11B2	HSD11B1	HSD11B2	NR3C2
cluster_1603	4	BOP1	PES1	WDR12	WDR55
cluster_1604	5	ERC2	MZT1	TUBG1	TUBGCP2	TUBGCP3
cluster_1605	3	EPM2A	PPP1R3C	PPP1R3D
cluster_1606	3	ANKZF1	LTN1	NEMF
cluster_1607	5	GNAS	GNB1	GNG2	IGHV3-16	MC1R
cluster_1608	6	PSMD14	PSMD2	PSMD4	PSME4	UBE3C	USP14
cluster_1609	4	BECN1	MAP1LC3B	NEDD4	SQSTM1
cluster_1610	4	CASP3	CASP7	DIABLO	DIABLO-2
cluster_1611	4	HSP90AA1	HSPA4	HSPA5	PRNP
cluster_1612	4	ACKR3	ATP5F1A	ATP5F1B	ATP5PO
cluster_1613	4	BRCA1	POU2F1	XRCC5	XRCC6
cluster_1614	3	FIGLA	NOBOX	POF1B
cluster_1615	4	CHRNA2	CHRNA4	CHRNB2	CHRNB3
cluster_1616	3	ABCB10	COX10	FECH
cluster_1617	3	AGO1	AGO4	DNMT3A
cluster_1618	3	ARHGAP35	ARHGAP5	THY1
cluster_1619	3	FAH	FAHD1	FH
cluster_1620	3	PARN	PNLDC1	TENT2
cluster_1621	4	LRRK2	SH3GL1	SH3GL2	SH3GL3
cluster_1622	3	ANLN	RACGAP1	SLC26A8
cluster_1623	3	ATG16L1	CLTC	CLTCL1
cluster_1624	5	CCNL2	CDK2	CDK4	CDKN1C	CIB1
cluster_1625	4	BACE1	MAPT	PSEN1	PSEN2
cluster_1626	5	MT1F	MT1G	MT1H	MT1M	MT1X
cluster_1627	3	PIEZO2	TIMELESS	TIPIN
cluster_1628	3	CUL7	CUL9	FBXW8
cluster_1629	3	RALGPS2	RGSL1	TEX35
cluster_1630	3	SPOP	SPOPL	UBE2I
cluster_1631	3	BCAR1	SH2D3A	SH2D3C
cluster_1632	3	EXOSC6	EXOSC8	ZFP36
cluster_1633	5	CHUK	IKBKB	IKBKE	TBK1	TRIM27
cluster_1634	4	GOLGA7	HRAS	NRAS	ZDHHC9
cluster_1635	4	NUP62	NUP93	NXF1	SH2D3A
cluster_1636	6	ETV6	HRAS	KRAS	NRAS	PIK3CA	PIK3R1
cluster_1637	3	APC	CLIP1	MAPRE1
cluster_1638	3	CCNE1	CDK2	NPAT
cluster_1639	4	ABCA12	CYP4F22	NIPAL4	PNPLA1
cluster_1640	6	FBXO5	MRPL17	MRPL27	MRPS16	MRPS6	MRPS9
cluster_1641	3	DHX34	SMG1	SMG8
cluster_1642	4	BUB1	BUB1B	BUB3	UBR5
cluster_1643	5	FBXW7	MAML1	NOTCH1	NOTCH4	RBPJ
cluster_1644	5	GPHN	PFN1	PFN3	PFN4	VASP
cluster_1645	3	RALA	RALGAPA2	RALGAPB
cluster_1646	4	IGKV1-33	IGKV1D-33	KLK5	ST14
cluster_1647	4	PHF23	SIN3A	SIN3B	SUDS3
cluster_1648	3	ERI1	SYNCRIP	YBX1
cluster_1649	3	HYDIN	SRGAP2	SRGAP3
cluster_1650	3	ICE2	NAA10	NAA15
cluster_1651	4	MUTYH	NTHL1	NUDT1	OGG1
cluster_1652	3	AHSG	F2	MGP
cluster_1653	3	ATF1	ATF4	RPS6KA5
cluster_1654	3	CD63	CD81	LAMP1
cluster_1655	8	CLSPN	PRIM1	PRIMPOL	RPA1	RPA2	RPA3	TIMELESS	TIPIN
cluster_1656	5	COX4I1	CYCS	MT-CO1	PPARGC1A	UQCRC2
cluster_1657	5	NCOA1	NCOA2	NCOA3	NCOR2	NR5A2
cluster_1658	4	ACTB	CASP3	GAPDH	MAPT
cluster_1659	4	CIITA	MEFV	NAIP	PYCARD
cluster_1660	16	CYC1	HTT	MT-CYB	SDHA	SDHB	SDHC	SDHD	UQCR10	UQCR11	UQCRB	UQCRC1	UQCRC2	UQCRFS1	UQCRH	UQCRHL	UQCRQ
cluster_1661	5	BUB1B	BUB3	CDC20	PLK1	TAOK1
cluster_1662	4	CRELD2	DNAJB11	MANF	SDF2L1
cluster_1663	3	BECN1	PIK3C3	SLAMF1
cluster_1664	3	DHFR	DHFR2	DHODH
cluster_1665	3	HMGCR	INSIG1	VCP
cluster_1666	3	NKX2-1	PAX8	SMAD3
cluster_1667	7	CSDE1	DHX9	HNRNPD	HNRNPU	PABPC1	SYNCRIP	YBX1
cluster_1668	4	CALR	CANX	ITPR1	ITPR3
cluster_1669	4	CBFB	RUNX1	RUNX1T1	SPI1
cluster_1670	4	EPS8	GPSM2	MYO15A	WHRN
cluster_1671	5	CLTA	CLTB	CLTC	DAB2	MYO6
cluster_1672	3	ARF3	GGA1	GGA3
cluster_1673	11	BARD1	BRCA1	BRCA2	CHEK1	PALB2	RAD51	RAD51C	RAD52	RPA1	SEM1	XRCC3
cluster_1674	4	GOLGA2	RAB1A	RAB1B	RUSC2
cluster_1675	4	IRF7	NMI	STAT1	STAT2
cluster_1676	3	EGFR	STAP2	STAT3
cluster_1677	3	HSPD1	HSPE1	TST
cluster_1678	4	CD44	FN1	THBS1	TNFAIP6
cluster_1679	3	C11orf49	LRRC49	NICN1
cluster_1680	3	LIPE	PLIN2	PNPLA2
cluster_1681	3	NANOG	NR0B1	POU5F1
cluster_1682	3	IVNS1ABP	PRPSAP1	PRPSAP2
cluster_1683	9	BCL9	BCL9L	LEF1	PYGO2	TCF4	TCF7L2	TLE1	TLE3	TLE4
cluster_1684	4	PSTPIP1	WAS	WASL	WIPF1
cluster_1685	3	F3	IGKV2-40	IGKV2D-40
cluster_1686	5	GNRH1	KISS1	KISS1R	NPVF	TAC3
cluster_1687	8	AHSG	APOA1	APOA2	APOA5	APOB	APOC3	APOH	FABP1
cluster_1688	4	CHTOP	NCBP3	THOC5	THOC6
cluster_1689	5	EGR1	FOS	MAPK1	MAPK3	NPAS4
cluster_1690	14	AKT1S1	DEPTOR	EIF4EBP1	FKBP1A	MAPKAP1	MLST8	MTOR	RHEB	RICTOR	RPS6KB1	RPS6KB2	RPTOR	TSC1	TSC2
cluster_1691	3	ASXL1	SH2B3	TET2
cluster_1692	3	B4GALNT1	CHPF	CHSY1
cluster_1693	3	DCC	DSCAM	NTN4
cluster_1694	3	DERL3	SYVN1	UBE2J1
cluster_1695	3	RNF11	STAM2	STAMBP
cluster_1696	3	FAM111A	TBCE	TBCE-2
cluster_1697	3	FOSL1	JUND	MEN1
cluster_1698	4	BTF3L4	NUP155	NUP205	NUP93
cluster_1699	8	DNM1L	FIS1	MFN1	MFN2	PINK1	PRKN	TFAM	TOMM20
cluster_1700	6	ACTA1	KBTBD13	NEB	TNNT1	TPM2	TPM3
cluster_1701	4	ANXA1	ANXA2	ANXA6	TRIM72
cluster_1702	4	EHD1	EHD3	RAB5A	RBSN
cluster_1703	5	ACTB	ENO1	GAPDH	PGK1	PPIA
cluster_1704	5	COQ3	COQ5	COQ7	COQ9	NDUFA9
cluster_1705	3	CDIPT	INPP5F	PIK3C2G
cluster_1706	4	BMI1	CBX6	CBX8	MOV10
cluster_1707	4	LRAT	RBP1	RDH11	RLBP1
cluster_1708	4	EZR	FADD	FAS	FASLG
cluster_1709	5	BRCA1	BRCA2	RAD51	TP53BP1	USP11
cluster_1710	7	CCDC120	CCDC61	CEP128	CEP170	CNTRL	NIN	ODF2
cluster_1711	5	AGER	SFTPA1	SFTPB	SFTPC	SFTPD
cluster_1712	3	CDKN1A	LATS2	MDM2
cluster_1713	3	DAB2IP	RIPK1	TRAF2
cluster_1714	3	LRAT	RBP2	RDH11
cluster_1715	3	MCAT	TEAD1	TEAD4
cluster_1716	3	PPP1R15A	SMAD7	TGFBR1
cluster_1717	4	HERC2	PIAS4	RNF168	RNF8
cluster_1718	3	ARID1A	MSH2	MSH6
cluster_1719	3	BAAT	HSD17B4	SCP2
cluster_1720	3	SF3A2	SNRPA	TRIR
cluster_1721	4	NCF1	NCF2	NCF4	PIN1
cluster_1722	4	BRD4	DMAP1	EP400	KAT5
cluster_1723	4	CCNA1	CCNA2	ELAVL1	FOXM1
cluster_1724	6	CHRNA3	CHRNA4	CHRNA6	CHRNB2	CHRNB4	JAK2
cluster_1725	17	C1D	DIS3	DIS3L	EXOSC1	EXOSC10	EXOSC2	EXOSC3	EXOSC4	EXOSC5	EXOSC6	EXOSC7	EXOSC8	EXOSC9	GTPBP1	MPHOSPH6	SKIV2L	TTC37
cluster_1726	3	MAGED1	TAB1	XIAP
cluster_1727	4	ADA	HPRT1	PNP	XDH
cluster_1728	3	ECSIT	TLR4	TRAF6
cluster_1729	4	FCGR3A	FCGR3B	MNDA	TYROBP
cluster_1730	3	ASPN	OGN	OMD
cluster_1731	3	CBFA2T2	PRDM14	PRDM6
cluster_1732	3	DEGS1	DEGS2	METAP2
cluster_1733	3	IHH	PTH1R	PTHLH
cluster_1734	3	INKA1	PAK4	PAK5
cluster_1735	3	LGR5	NOG	RSPO1
cluster_1736	3	PRKN	SEPTIN4	SEPTIN5
cluster_1737	3	TNFAIP3	TNIP2	TNIP3
cluster_1738	7	ARAF	ARRB1	ARRB2	BRAF	KSR1	MAP2K1	RAF1
cluster_1739	9	CREBBP	CTNNB1	EP300	FBXW7	JUN	MYC	SMARCA4	STAT3	TP53
cluster_1740	3	CDH23	CIB2	TMC2
cluster_1741	3	CHST7	KRBOX4	SLC9A7
cluster_1742	3	CLN3	HMGCL	HMGCLL1
cluster_1743	3	PABPC5	PAIP1	PAIP2
cluster_1744	3	PHLDA2	SLC22A18	SLC22A18AS
cluster_1745	5	GNPDA2	KCTD15	NEGR1	SEC16B	TMEM18
cluster_1746	4	ABCD4	LMBRD1	MMACHC	MMADHC
cluster_1747	3	CUL3	KBTBD13	KLHL40
cluster_1748	4	ADAM17	TNF	TNFRSF1A	TNFRSF1B
cluster_1749	3	CSNK1D	CSNK1E	PLK1
cluster_1750	3	ITCH	TXNIP	WWP1
cluster_1751	3	KLHL10	PRM1	PRM2
cluster_1752	5	BMP1	BMP2	BMP7	BMPR2	CHRD
cluster_1753	3	OAT	POLR1A	POLR3A
cluster_1754	3	CALR	ERP27	PDIA3
cluster_1755	3	CNOT4	UBE2D1	UBE2D2
cluster_1756	4	CNOT1	CNOT4	CNOT9	RIDA
cluster_1757	4	CREBBP	EP300	JUN	SOX9
cluster_1758	3	BRCA1	PSMC3IP	RAD51
cluster_1759	3	ELANE	PRTN3	SERPINB1
cluster_1760	3	GBX1	LHX8	SOHLH1
cluster_1761	3	KHDRBS1	PTK6	SFPQ
cluster_1762	3	EMG1	MAT2A	NOP14
cluster_1763	3	MTERF1	POLRMT	TFB2M
cluster_1764	5	CKAP5	CLIP1	MAPRE1	MAPRE2	MAPRE3
cluster_1765	5	CCT2	CCT3	CCT7	TCP1	TXNDC9
cluster_1766	8	LCE1A	LCE1D	LCE1F	LCE2A	LCE2B	LCE4A	LCE5A	LCE6A
cluster_1767	4	PPP1R3A	RHAG	RHCE	RHD
cluster_1768	3	DPM2	DPM3	MPDU1
cluster_1769	4	DLG4	GRIA1	GRIN2B	KALRN
cluster_1770	4	PLEKHM1	SNAP29	STX17	VAMP8
cluster_1771	3	ACE2	ITGA5	ITGB1
cluster_1772	3	ATG5	HDAC6	SQSTM1
cluster_1773	4	BRIX1	GRWD1	RPF2	TSR2
cluster_1774	4	MSI1	MSI2	NUMB	NUMBL
cluster_1775	3	AP3D1	AP3S2	ARPIN
cluster_1776	3	HMGCR	PCSK9	SREBF2
cluster_1777	3	KDM2A	SKP1	SKP2
cluster_1778	4	D2HGDH	DMAP1	MEAF6	TRRAP
cluster_1779	3	AXIN1	DIXDC1	DVL1
cluster_1780	3	MAFF	MAFG	NFE2L3
cluster_1781	4	GNRH1	GNRHR	KISS1R	NSMF
cluster_1782	4	CSF2	IGHV3-72	IL6	LIF
cluster_1783	3	FEN1	PCNA	RNASEH2B
cluster_1784	3	MIEN1	SELENOT	SELENOW
cluster_1785	3	NOP56	POLR1A	TCOF1
cluster_1786	3	SEC22B	STX4	TAPBP
cluster_1787	3	AADAT	BCAT1	BCAT2
cluster_1788	3	MMS22L	SSRP1	TONSL
cluster_1789	4	BCAP31	CALR	CANX	PDIA3
cluster_1790	3	CEBPA	HNF4A	LEF1
cluster_1791	4	CNOT1	CNOT7	CNOT8	PUM1
cluster_1792	4	FOXE1	SLC5A5	TG	TPO
cluster_1793	3	ANTXR1	ANTXR2	LRP6
cluster_1794	3	ASNS	ASPG	ASRGL1
cluster_1795	5	FUS	MATR3	MATR3-2	TARDBP	VCP
cluster_1796	4	DDX46	MAVS	TRAF3	TRAF6
cluster_1797	3	GJA5	GJC1	HCN4
cluster_1798	5	BYSL	DUS1L	NAT10	NOC4L	WDR36
cluster_1799	3	DIO2	SLC16A2	SLCO1C1
cluster_1800	3	PUS1	TRUB2	YARS2
cluster_1801	4	BAK1	BAX	BCL2L11	ERN1
cluster_1802	4	CDC7	ELN	MCM4	MCM5
cluster_1803	4	DDX21	HEXIM1	LARP7	MEPCE
cluster_1804	4	FIP1L1	JAK2	PDGFRA	PDGFRB
cluster_1805	4	PIAS4	SMAD3	SMAD4	SMAD7
cluster_1806	3	ACTBL2	PFDN1	PFDN2
cluster_1807	3	BAG3	LDB3	MYOT
cluster_1808	3	CLU	PON1	PON3
cluster_1809	3	KXD1	TPM1	TPM3
cluster_1810	7	CELSR1	DVL1	FZD6	PTK7	SCRIB	VANGL1	VANGL2
cluster_1811	3	DXO	FBF1	XRN2
cluster_1812	3	AKT1	AKT2	SLC2A4
cluster_1813	3	ASXL1	ASXL3	BAP1
cluster_1814	3	CSN2	PRL	PRLR
cluster_1815	3	OVGP1	ZP3	ZP4
cluster_1816	5	CALML3	CALML4	CALML5	CALML6	JAK2
cluster_1817	4	ARPC3	DOCK8	WAS	WIPF1
cluster_1818	5	PABPC1	PPP2CA	SMG5	SMG7	UPF1
cluster_1819	5	HNRNPA1	HNRNPA2B1	HNRNPC	PTMA	SRSF3
cluster_1820	3	FTO	HHEX	IGF2BP2
cluster_1821	9	EWSR1	FUS	HNRNPA1	HNRNPA2B1	HNRNPD	HNRNPH1	HNRNPM	SRSF2	TNPO1
cluster_1822	5	ACTB	ACTG1	ENAH	EVL	PFN2
cluster_1823	4	GFER	MOB1A	MOB1B	SAV1
cluster_1824	4	ACTR2	ACTR3	ARPC1B	MYH9
cluster_1825	3	CD8A	RUNX3	TBX21
cluster_1826	3	DNTTIP2	FAF1	FCF1
cluster_1827	3	FOXO1	RAG1	RAG2
cluster_1828	4	SNX2	SORT1	VPS26A	VPS35
cluster_1829	3	MYCBPAP	PNMA8B	TPI1
cluster_1830	5	MGAT4A	MGAT4B	MGAT5	MGAT5B	POMGNT1
cluster_1831	4	CNGA2	CNGA3	CNGA4	CNGB3
cluster_1832	6	H2AC18	H2AC20	H3-3B	H3C12	H3C13	RRP8
cluster_1833	5	COL7A1	MIA3	SEC23A	SEC24A	SEC24B
cluster_1834	3	BIRC6	DIABLO	RNF41
cluster_1835	3	PEX1	PEX6	ZFAND6
cluster_1836	4	ASAP1	RAB11A	RAB3IP	RAB8A
cluster_1837	4	HDAC3	NCOR1	NCOR2	RBM15
cluster_1838	3	ACVRL1	ENG	OR2AG1
cluster_1839	4	EXOSC10	EXOSC9	MTREX	SETX
cluster_1840	4	MC4R	NEGR1	SH2B1	TMEM18
cluster_1841	8	CAPRIN1	DDX6	FMR1	FXR1	FXR2	G3BP1	G3BP2	NUFIP2
cluster_1842	3	AKT1	ARHGDIA	ARHGDIB
cluster_1843	3	MYF5	MYOG	PAX7
cluster_1844	3	ATL2	SPAST	SSNA1
cluster_1845	3	CSNK2A2	CSNK2B-2	PLEKHO1
cluster_1846	3	KDM3A	PRM1	TNP1
cluster_1847	5	EIF2B2	EIF2B3	EIF2B4	EIF2B5	OPN3
cluster_1848	4	HINT1	RPL17	RPL27	RPL35A
cluster_1849	5	ATOX1	ATP7A	CCS	COX17	SOD1
cluster_1850	4	LIAS	LIPT1	LIPT2	NFU1
cluster_1851	3	ATP6V0A4	ATP6V1B1	SLC4A1
cluster_1852	3	CKMT1A	CKMT1B	CKMT2
cluster_1853	3	DPP4	MGAM	SI
cluster_1854	4	CD3D	CD3E	CD3G	HMBS
cluster_1855	3	CNGA3	CNGB3	OPN4
cluster_1856	3	GJA5	NKX2-5	TBX5
cluster_1857	3	NECAP1	NECAP2	UBE2J2
cluster_1858	5	GSE1	HMG20A	HMG20B	RCOR3	SNAI1
cluster_1859	3	CDH1	CDH2	PTEN
cluster_1860	3	SNTA1	SNTG2	SSPN
cluster_1861	5	CXCL8	IL1B	MMP9	S100A12	TLR4
cluster_1862	5	KLHL7	PRPF3	PRPF31	PRPF8	SNRNP200
cluster_1863	3	CRYZL1	GATD1	PPP1R21
cluster_1864	3	FZD8	IGFBP4	LRP6
cluster_1865	4	CAV2	CAV3	HSP90AA1	HSP90AB1
cluster_1866	4	CASP1	MEFV	NLRP3	P2RX7
cluster_1867	3	SPART	STAC	TRIM45
cluster_1868	4	SMAD2	SMAD3	SMAD7	SNW1
cluster_1869	4	TRMT12	TRMT5	TYW1	TYW3
cluster_1870	3	AFDN	MLLT10	MLLT6
cluster_1871	3	BMP2	BMP4	MSX1
cluster_1872	3	GPAM	LCLAT1	LPGAT1
cluster_1873	5	PRNP	PSMA3	PSMB5	PSMD14	PSMD2
cluster_1874	4	ALK	EML4	TPM3	TPM4
cluster_1875	3	ELP5	ELP6	PIPOX
cluster_1876	4	CHDH	PEMT	PLD1	PLD2
cluster_1877	4	EBI3	IGHV3-16	IGHV3-43D	IL27
cluster_1878	3	APP	SYN1	SYP
cluster_1879	4	MCU	MICU1	MICU2	PHB2
cluster_1880	3	CARTPT	HMGCS1	HMGCS2
cluster_1881	3	CHRNA4	KCNQ2	KCNQ3
cluster_1882	3	PHF3	POLR2A	POLR2E
cluster_1883	9	ATM	ATR	BRCA2	CHEK1	H2AX	MCPH1	MDC1	RAD51	TOPBP1
cluster_1884	8	BTK	FCER1G	LOC102723407	LYN	PLCG1	PLCG2	SYK	ZAP70
cluster_1885	4	CD38	NNMT	SIRT4	SIRT5
cluster_1886	6	POLR1A	POLR1B	POLR1E	POLR3A	POLR3B	RRN3
cluster_1887	3	ARC	SH3GL1	SH3GL3
cluster_1888	3	BMI1	CBX4	CTBP1
cluster_1889	3	CAMK2A	GRIN2B	TIAM1
cluster_1890	3	CHAMP1	MAD2L2	POGZ
cluster_1891	3	CYP51A1	INSIG1	PGRMC1
cluster_1892	3	LYN	MAP3K2	SRC
cluster_1893	3	MOB1A	SAV1	STK24
cluster_1894	4	BRD2	BRD3	HLA-DMA	HLA-DOA
cluster_1895	6	GFPT1	GFPT2	GPI	MPI	PGM3	PUDP
cluster_1896	4	EPM2A	GSK3B	GYS1	GYS2
cluster_1897	4	KCTD10	KCTD13	POLD2	TNFAIP1
cluster_1898	3	ABI1	ABI2	RAPH1
cluster_1899	3	CDIPT	PGS1	TAMM41
cluster_1900	3	NCLN	NOMO3	TMEM147
cluster_1901	5	GPS2	SUPT3H	TADA3	TAF10	TAF12
cluster_1902	4	ANPEP	CD7	DPP4	MME
cluster_1903	3	CEBPD	CELF1	MBNL1
cluster_1904	3	HCFC1	KMT2A	PHF6
cluster_1905	3	SLC30A1	TMC6	TMC8
cluster_1906	4	ABCC8	KCNJ11	RAPGEF3	RAPGEF4
cluster_1907	6	CCNB1	CDK1	CENPA	KIF20A	LMNB1	ZWINT
cluster_1908	4	DTNB	SNTA1	SNTB1	SNTG1
cluster_1909	4	EPRS1	ETF1	GSPT1	GSPT2
cluster_1910	3	CDK4	CDKN1C	MYOD1
cluster_1911	3	KEL	VPS13A	XK
cluster_1912	5	IRAK1	IRAK4	MYD88	TLR7	TOLLIP
cluster_1913	5	APOC1	APOC2	APOE	APP	TOMM40
cluster_1914	4	SND1	STAT5A	STAT5B	STAT6
cluster_1915	4	DAG1	MUSK	RAPSN	UTRN
cluster_1916	4	DDX58	IFIH1	MAVS	PCBP2
cluster_1917	3	AMTN	ENAM	MMP20
cluster_1918	3	ARHGEF9	CDC42	RHOA
cluster_1919	3	NRDE2	PPP2R2A	PPP2R2B
cluster_1920	8	CALM3	CALML3	CALML4	CALML5	CALML6	PPP1CA	PPP1CB	PPP1CC
cluster_1921	5	PPIA	RPL13A	RPL23A	RPL4	RPLP0
cluster_1922	9	MUC1	MUC12	MUC15	MUC16	MUC17	MUC19	MUC20	MUC21	MUC3A
cluster_1923	3	ANKRD27	RAB32	RAB38
cluster_1924	3	ATP2A2	ATP2B4	PLN
cluster_1925	3	EIF1	EIF2S1	PPP1R15B
cluster_1926	5	ISG15	MX1	MX2	USP18	USP41
cluster_1927	10	DNAAF1	DNAAF2	DNAH11	DNAH5	DNAI1	DNAI2	NME8	RPGR	RSPH4A	RSPH9
cluster_1928	7	APAF1	CASP9	CYCS	DIABLO	DIABLO-2	ENDOG	HTRA2
cluster_1929	4	CFL1	CFL2	ROCK1	ROCK2
cluster_1930	4	HDAC3	HDAC4	NCOR1	NR2C1
cluster_1931	3	CTDP1	PRMT5	WDR77
cluster_1932	3	MSRA	RP1L1	SOX7
cluster_1933	3	RAD18	WRN	WRNIP1
cluster_1934	3	DPH1	DPH2	OVCA2
cluster_1935	3	GNL3	GRWD1	PWP1
cluster_1936	3	IGBP1	MID1	MID2
cluster_1937	3	MAPRE2	RBM15	RBM15B
cluster_1938	3	PET100	PET117	PNKD
cluster_1939	3	PIF1	PRH1	PRH2
cluster_1940	4	HNRNPA1	MATR3-2	RBMX	TAF15
cluster_1941	4	IMP4	SPOUT1	UTP11	WDR46
cluster_1942	7	APOOL	CHCHD3	CHCHD6	IMMT	MICOS10	MICOS13	TMEM11
cluster_1943	6	EP300	FOS	JUN	MAPK1	MAPK3	MITF
cluster_1944	4	CD4	CIITA	IFNG	STAT1
cluster_1945	3	BAG5	PINK1	PRKN
cluster_1946	3	BRAF	RPS6KB2	TSC2
cluster_1947	3	CCR5	CXCR4	FLNA
cluster_1948	4	AR	CAV1	ESR1	HIF1A
cluster_1949	5	BCAT1	BCAT2	GRHPR	SDS	SDSL
cluster_1950	4	APBB1IP	FERMT3	FYB1	SKAP1
cluster_1951	3	EGFR	EPS8	SRC
cluster_1952	3	RIBC2	TRIB1	TRIB2
cluster_1953	4	ADGRV1	SLC4A7	USH1C	USH2A
cluster_1954	4	PIM1	STAT3	STAT5A	STAT5B
cluster_1955	3	CARS1	CARS2	PIGL
cluster_1956	6	LCE3D	LCE3E	SPRR1A	SPRR2D	SPRR2E	SPRR2G
cluster_1957	4	ENPP1	ENPP3	GDPD1	GDPD3
cluster_1958	4	DNAJC30	NDUFA7	NDUFB11	NDUFV3
cluster_1959	5	BIRC5	MED18	MED30	MED31	MED6
cluster_1960	4	G6PD	H6PD	PGLS	RPE
cluster_1961	3	ACTB	GAPDH	HPRT1
cluster_1962	3	BMP7	BMP8A	BMP8B
cluster_1963	3	CACNA1A	CACNB4	KCNA1
cluster_1964	3	CHI3L1	IL13RA2	TMEM219
cluster_1965	3	RUVBL1	RUVBL2	TRIM28
cluster_1966	3	NPM1	NPM2	NPM3
cluster_1967	3	TFAP2A	TFAP2C	WWOX
cluster_1968	4	BRD2	BRD3	BRDT	DEFB1
cluster_1969	3	DCTN1	DYNC1H1	VCP
cluster_1970	4	ANKS4B	CDHR2	CDHR5	MYO7B
cluster_1971	4	BDNF	COMT	MAOA	MAOB
cluster_1972	4	CYP26A1	CYP26B1	CYP26C1	STRA8
cluster_1973	3	CHDH	IFT52	TTC26
cluster_1974	3	GMPPA	GMPPB	TGDS
cluster_1975	3	ITGA4	ITGB2	YWHAZ
cluster_1976	4	DLL1	LEF1	NOTCH1	RBPJ
cluster_1977	4	MLANA	TRPM1	TYR	TYRP1
cluster_1978	3	CASTOR3	SLC6A11	SLC6A13
cluster_1979	3	CCDC36	CXXC1	PRDM9
cluster_1980	3	CEBPB	CEBPG	TRIB3
cluster_1981	3	CNFN	IVL	LOR
cluster_1982	8	CCNL2	CDK4	CDK6	CDKN1A	CDKN2A	E2F1	MDM2	TCHP
cluster_1983	4	JAG1	NOTCH1	RBPJ	RUNX3
cluster_1984	3	PLAT	PLAU	SERPINE2
cluster_1985	5	CTLA4	ICOSLG	LOC102723996	PDCD1LG2	VTCN1
cluster_1986	5	MZT2A	MZT2B	TUBG1	TUBGCP5	TXNDC12
cluster_1987	6	GH1	GH2	GHR	GHRH	IGFBP3	PRL
cluster_1988	3	CD300C	FCER1G	TYROBP
cluster_1989	3	COBLL1	PACSIN2	PACSIN3
cluster_1990	3	DNMT3A	DNMT3B	TCL1A
cluster_1991	3	GCG	GIP	PAX6
cluster_1992	3	ERG28	HSD17B7	NDUFAF6
cluster_1993	5	CEP97	NDUFS2	NDUFS3	NDUFS8	NDUFV1
cluster_1994	13	ACE2	ALB	CCL2	CD4	CD8A	CRP	IFNG	IL10	IL1B	IL2	IL6	TLR4	TNF
cluster_1995	3	LSM10	SNRPF	ZNF473
cluster_1996	4	HDAC1	RBBP4	RBBP7	SLBP
cluster_1997	3	QDPR	RYR1	RYR2
cluster_1998	4	ATXN2	ATXN2L	FAM98A	NUFIP2
cluster_1999	4	HLA-E	HLA-G	KIR3DL2	KLRC4
