cluster_0	5	COPS2	COPS3	COPS5	COPS6	COPS8
cluster_1	5	CYBA	CYBB	NCF1	NCF2	NCF4
cluster_2	5	LAMTOR1	LAMTOR2	LAMTOR3	LAMTOR4	LAMTOR5
cluster_3	5	PRR20A	PRR20B	PRR20C	PRR20D	PRR20E
cluster_4	4	CD3EAP	POLR1A	POLR1B	POLR1E
cluster_5	4	CHTF18	DSCC1	RFC3	RFC5
cluster_6	4	CHTF8	DSCC1	RFC2	RFC5
cluster_7	4	IFT140	IFT43	WDR19	WDR35
cluster_8	4	POLA1	POLA2	PRIM1	PRIM2
cluster_9	4	POLR2D	POLR2G	POLR2I	POLR2J
cluster_10	4	TSEN15	TSEN2	TSEN34	TSEN54
cluster_11	5	HAUS3	HAUS4	HAUS5	HAUS6	HAUS8
cluster_12	12	C1D	DIS3	EXOSC1	EXOSC10	EXOSC2	EXOSC3	EXOSC4	EXOSC5	EXOSC6	EXOSC7	EXOSC8	EXOSC9
cluster_13	8	EMC1	EMC10	EMC2	EMC3	EMC4	EMC6	EMC9	MMGT1
cluster_14	4	ACTR1A	DCTN1	DCTN2	DCTN3
cluster_15	5	BLOC1S1	BORCS5	BORCS6	BORCS7	BORCS8
cluster_16	4	ATG101	RB1CC1	ULK1	ULK2
cluster_17	4	WASHC1	WASHC2C	WASHC4	WASHC5
cluster_18	4	SNAPC1	SNAPC2	SNAPC4	SNAPC5
cluster_19	4	GRIN1	GRIN2A	GRIN2C	GRIN2D
cluster_20	5	CBFB	CUL5	ELOB	ELOC	RNF7
cluster_21	4	GRIA1	GRIA2	GRIA3	GRIA4
cluster_22	4	NEDD4L	SCNN1A	SCNN1B	SCNN1G
cluster_23	6	TGFBRAP1	VPS11	VPS16	VPS18	VPS33A	VPS8
cluster_24	9	CCT2	CCT3	CCT4	CCT5	CCT6A	CCT7	CCT8	CDC20	TCP1
cluster_25	4	EIF4A1	EIF4A2	EIF4B	EIF4G1
cluster_26	4	BIRC2	BIRC3	TRAF2	TRAF5
cluster_27	4	DYNC1H1	DYNC1I2	DYNC1LI2	DYNLRB1
cluster_28	4	EZR	MSN	RDX	SLC9A1
cluster_29	4	MAD2L2	SHLD1	SHLD2	SHLD3
cluster_30	5	CNOT10	CNOT11	CNOT6	CNOT7	CNOT8
cluster_31	5	TIMM10	TIMM10B	TIMM22	TIMM29	TIMM9
cluster_32	4	PPP1CA	PPP1CB	PPP1CC	PPP1R15A
cluster_33	4	ATP6V1B1	ATP6V1B2	ATP6V1E1	ATP6V1G1
cluster_34	4	SEC11A	SPCS1	SPCS2	SPCS3
cluster_35	5	ANAPC4	BUB1B	CDC20	CDC27	MXI1
cluster_36	4	C5	C8A	C8B	C9
cluster_37	4	DSN1	MIS12	NSL1	ZWINT
cluster_38	4	BTBD9	FAF1	UBXN1	UBXN7
cluster_39	4	MTOR	PSMC5	PSMC6	PSMD14
cluster_40	4	SMAD2	SMAD3	SMAD4	TRIM33
cluster_41	5	EXOC1	EXOC2	EXOC5	EXOC6B	EXOC7
cluster_42	4	NANOG	POU5F1	SALL4	SOX2
cluster_43	4	NONO	PSPC1	RBM14-RBM4	SFPQ
cluster_44	5	CYFIP1	CYFIP2	FMR1	FXR1	FXR2
cluster_45	5	RPS27A	UBA52	UBB	UBC	USP7
cluster_46	4	HSP90AA1	HSP90AB1	HSPA4	LRP1
cluster_47	4	MLH1	MLH3	PMS1	PMS2
cluster_48	4	RAD21L1	REC8	SMC1B	STAG3
cluster_49	8	CYBA	NCF1	NCF2	NCF4	NOX1	NOX3	NOXA1	NOXO1
cluster_50	4	AGL	GBE1	PYGB	PYGL
cluster_51	4	CD151	COL17A1	DST	PLEC
cluster_52	4	CDC45	CLSPN	MCM10	WDHD1
cluster_53	4	PDS5A	PDS5B	SMC3	WAPL
cluster_54	4	GNAT3	TAS1R1	TAS1R2	TAS1R3
cluster_55	4	RBCK1	RNF31	SHARPIN	SPATA2
cluster_56	4	CSN1S1	CSN2	CSN3	LALBA
cluster_57	86	CDH1	ETF1	FAU	H3BNC9_HUMAN	RACK1	RPL10	RPL10A	RPL10L	RPL11	RPL12	RPL13	RPL13A	RPL14	RPL15	RPL17	RPL17-C18orf32	RPL18	RPL18A	RPL19	RPL21	RPL22	RPL23	RPL23A	RPL24	RPL26	RPL26L1	RPL27	RPL27A	RPL28	RPL29	RPL3	RPL30	RPL31	RPL32	RPL34	RPL35	RPL35A	RPL36	RPL36A	RPL36AL	RPL37	RPL37A	RPL38	RPL39	RPL4	RPL5	RPL6	RPL7	RPL7A	RPL8	RPL9	RPLP0	RPS10	RPS10-NUDT3	RPS11	RPS12	RPS13	RPS14	RPS15	RPS15A	RPS16	RPS17	RPS18	RPS19	RPS2	RPS20	RPS21	RPS23	RPS24	RPS25	RPS26	RPS27	RPS27A	RPS28	RPS29	RPS3	RPS3A	RPS4X	RPS4Y1	RPS5	RPS6	RPS7	RPS8	RPS9	RPSA	UBA52
cluster_58	4	HTR3A	HTR3B	HTR3C	HTR3D
cluster_59	4	POLD1	POLD2	POLD3	POLE
cluster_60	4	ARNTL	CLOCK	NR1D1	PER2
cluster_61	4	C7	C8B	C8G	C9
cluster_62	4	GPS2	TBL1X	TBL1XR1	TBL1Y
cluster_63	4	HSPB3	IGF1	IGF2	INS
cluster_64	4	IDH3A	IDH3B	IDH3G	OGDHL
cluster_65	4	UPK1A	UPK1B	UPK2	UPK3A
cluster_66	7	ADM	CALCA	CALCB	IAPP	RAMP1	RAMP2	RAMP3
cluster_67	4	CYLD	THOC1	THOC2	THOC3
cluster_68	4	KIR2DL1	KIR3DL1	KLRC2	KLRD1
cluster_69	4	PRKAA2	PRKAB2	PRKAG2	PRKAG3
cluster_70	4	AMT	GCSH	GLDC	MYBPH
cluster_71	4	EGLN3	EPAS1	HIF1A	HIF3A
cluster_72	6	ASH2L	RBBP5	SDC1	SETD1A	WDR5	WDR82
cluster_73	4	C9orf72	RAB39B	SMCR8	WDR41
cluster_74	4	GGA1	GGA2	GGA3	IGF2R
cluster_75	4	TLR1	TLR10	TLR2	TLR6
cluster_76	4	DISC1	NDE1	NDEL1	PAFAH1B1
cluster_77	7	NCAPD2	NCAPD3	NCAPG	NCAPG2	NCAPH2	SMC2	SMC4
cluster_78	4	CLCF1	CNTF	CNTFR	LIFR
cluster_79	8	CDC73	CTR9	ERCC6	LEO1	PAF1	RTF1	SUPT5H	SUPT6H
cluster_80	4	MLLT1	MLLT10	MLLT3	MLLT6
cluster_81	5	LIG3	PNKP	POLB	TDP1	XRCC1
cluster_82	4	CFL1	CFL2	LIMK1	LIMK2
cluster_83	4	KLC1	KLC2	KLC3	KLC4
cluster_84	4	EZR	PRKACA	PRKACB	PRKACG
cluster_85	4	PPP2R1A	PPP2R1B	PPP2R2D	PPP2R5C
cluster_86	4	GRP	GRPR	NMB	NMBR
cluster_87	4	NPB	NPBWR1	NPBWR2	NPW
cluster_88	5	ATP5F1A	ATP5F1B	ATP5MC2	ATP5MC3	ATP5MPL
cluster_89	4	CYP19A1	HSD17B1	HSD17B2	HSD17B3
cluster_90	4	GAR1	NAF1	NHP2	NOP10
cluster_91	4	CSAG1	MAGEA12	MAGEA3	MAGEA6
cluster_92	8	CALM3	CALML3	CALML4	CALML5	CALML6	PRKACA	PRKACB	PRKACG
cluster_93	8	CASP10	CASP8	CFLAR	FADD	FAF1	FAS	RIPK1	TRADD
cluster_94	6	HAT1	ORC1	ORC2	ORC3	ORC4	ORC5
cluster_95	7	APH1A	APH1B	NCSTN	PSEN1	PSEN2	PSENEN	TMED10
cluster_96	5	AGO1	AGO2	AGO3	AGO4	TNRC6B
cluster_97	4	AZI2	IKBKE	TBK1	TBKBP1
cluster_98	4	PPP3CA	PPP3CC	PPP3R1	PPP3R2
cluster_99	4	SUMO1	SUMO2	TDG	UBE2I
cluster_100	4	CAB39L	STK11	STRADA	STRADB
cluster_101	4	CUL1	FBH1	RBX1	SKP1
cluster_102	4	KIR2DL3	KLRC2	KLRC3-2	KLRD1
cluster_103	5	MCM2	MCM3	MCM7	ORC1	POLE2
cluster_104	4	BNIP1	NBAS	STX18	USE1
cluster_105	4	APOE	APP	CLU	TREM2
cluster_106	4	ALKBH3	ASCC1	ASCC2	ASCC3
cluster_107	4	DVL1	DVL2	DVL3	NKD1
cluster_108	6	ACE	ACE2	AGT	AGTR1	KNG1	REN
cluster_109	4	CAPRIN1	G3BP1	G3BP2	USP10
cluster_110	4	GADD45A	GADD45B	GADD45G	MAP3K4
cluster_111	10	ABI1	ARF1	BRK1	CYFIP1	CYFIP2	NCKAP1	NCKAP1L	WASF1	WASF2	WASF3
cluster_112	4	GFPT1	GFPT2	GNPDA1	GNPNAT1
cluster_113	4	BUB1B	DSN1	NDC80	ZWINT
cluster_114	5	BCL10	CARD10	CARD11	MALT1	PRKCQ
cluster_115	4	MYBPC3	MYH7	TNNT2	TPM1
cluster_116	4	ATP6AP1	ATP6AP2	ATP6V1B1	ATP6V1B2
cluster_117	4	ERCC1	ERCC4	ERCC8	XPA
cluster_118	4	GSPT2	PABPC1	SMG1	UPF1
cluster_119	4	IL20	IL20RA	IL20RB	IL22RA1
cluster_120	4	PFDN2	PFDN4	PFDN6	URI1
cluster_121	5	KAT14	KAT2A	KAT2B	MBIP	ZZZ3
cluster_122	4	CPLANE2	FUZ	INTU	WDPCP
cluster_123	5	CDC73	CTR9	ERCC6	TCEA2	WDR61
cluster_124	5	CIAO1	CIAO2B	MMS19	SLC25A5	SLC25A6
cluster_125	5	BRD1	BRPF3	ING4	ING5	KAT7
cluster_126	6	BTRC	CD4	CUL1	FBXW11	RBX1	SKP1
cluster_127	5	DDX3Y	KDM5D	TMSB4Y	USP9Y	UTY
cluster_128	6	AKT1S1	DEPTOR	IGBP1	MLST8	MTOR	RPTOR
cluster_129	4	STAR	VDAC1	VDAC2	VDAC3
cluster_130	5	ACAN	BCAN	NCAN	PTPRZ1	VCAN
cluster_131	5	TIMM17A	TIMM17B	TIMM21	TIMM23	TIMM50
cluster_132	7	MAPKAP1	MLST8	RICTOR	RPTOR	SMG1	TELO2	TTI1
cluster_133	4	BAZ1A	RSF1	SMARCA1	SMARCA5
cluster_134	4	ATG12	ATG16L1	ATG5	TUFM
cluster_135	5	CCZ1	CCZ1B	MON1A	MON1B	RMC1
cluster_136	9	ACTR10	ACTR1A	BICDL1	DCTN1	DCTN2	DCTN3	DCTN4	DCTN5	DCTN6
cluster_137	4	AKT1S1	MAPKAP1	PRR5	RPTOR
cluster_138	5	BBIP1	BBS2	BBS5	BBS9	RAB3IP
cluster_139	4	F11R	IGSF5	JAM2	JAM3
cluster_140	4	ELL	SNF8	VPS25	VPS36
cluster_141	8	CTR9	ELOA	ERCC6	LEO1	PAF1	RTF1	TCEA2	WDR61
cluster_142	6	ARAF	BRAF	GSK3B	MAP2K1	MAP2K2	RAF1
cluster_143	4	ARRB1	ARRB2	MAP2K4	MAP3K5
cluster_144	6	CHUK	IKBKB	IKBKG	MAP3K3	MAP3K7	TRAF6
cluster_145	10	ATP5F1A	ATP5F1D	ATP5F1E	ATP5MD	ATP5ME	ATP5MF	ATP5MG	ATP5MGL	ATP5PD	ATP5PF
cluster_146	10	DAD1	DDOST	KRTCAP2	MLEC	OST4	OSTC	RPN1	RPN2	TMEM258	TUSC3
cluster_147	5	COMMD1	COMMD4	COMMD6	COMMD8	COMMD9
cluster_148	5	AMY1B	AMY2B	MGAM	MGAM2	SI
cluster_149	14	ENY2	KAT2A	KAT2B	SARS1	SGF29	SUPT20H	SUPT3H	TADA2A	TADA3	TAF10	TAF12	TAF9	TAF9B	TRRAP
cluster_150	7	GPAA1	PIGF	PIGK	PIGO	PIGS	PIGT	PIGU
cluster_151	7	HSP90AA1	HSP90AB1	HSPA1B	HSPA4	HSPA8	MAPT	STUB1
cluster_152	5	PCBD1	PCBD2	QDPR	TPH1	TPH2
cluster_153	4	BIRC2	BIRC3	SEPTIN4	XIAP
cluster_154	5	CHUK	ERC1	IKBKB	IKBKG	NFKBIA
cluster_155	5	CETN3	ENY2	MAD1L1	MCM3AP	PCID2
cluster_156	6	EIPR1	VPS50	VPS51	VPS52	VPS53	VPS54
cluster_157	8	CALM3	CALML3	CALML4	CALML5	CALML6	PDE1A	PDE1B	PDE1C
cluster_158	4	AKT1	AKT2	AKT3	TBC1D4
cluster_159	9	BOC	CDON	DHH	GAS1	IHH	LRP2	PTCH1	PTCH2	SHH
cluster_160	5	AGXT	AGXT2	GLDC	SHMT1	SHMT2
cluster_161	5	TNFRSF13B	TNFRSF13C	TNFRSF17	TNFSF13	TNFSF13B
cluster_162	6	LINGO1	MAG	NGFR	OMG	RTN4	RTN4R
cluster_163	4	MAP3K11	MAPK8IP1	MAPK8IP2	MAPK8IP3
cluster_164	4	ARTN	GFRA1	NRTN	RET
cluster_165	5	HAMP	HFE	HJV	TFR2	TMPRSS6
cluster_166	4	AURKB	CDCA8	INCENP	KCNJ6
cluster_167	5	CETN2	NUP153	NUP98	RANBP2	TPR
cluster_168	5	IL18	IL18BP	IL18R1	IL18RAP	IL37
cluster_169	4	AKT1S1	MTOR	PPARG	RPTOR
cluster_170	6	RLN1	RLN2	RXFP1	RXFP2	RXFP3	RXFP4
cluster_171	4	CASP6	LMNA	LMNB1	LMNB2
cluster_172	4	IL19	IL20	IL20RA	IL24
cluster_173	5	TNFRSF10A	TNFRSF10B	TNFRSF10C	TNFRSF10D	TNFSF10
cluster_174	9	OCLN	PPP2CA	PPP2CB	PPP2R1A	PPP2R1B	PPP2R2A	PPP2R2B	PPP2R2C	PPP2R2D
cluster_175	4	E2F2	RB1	RBL1	RBL2
cluster_176	5	PTGDS	PTGES	PTGES2	PTGES3	PTGIS
cluster_177	6	JAK1	JAK2	JAK3	STAM	STAM2	TYK2
cluster_178	6	C1QA	C1QB	C1QC	C1R	C1S	LOC102723407
cluster_179	4	GLUD1	GLUD2	GLUL	RIPK3
cluster_180	4	ASTN2	KIAA1328	MIPOL1	RPAP2
cluster_181	5	ANGPT1	ANGPT2	FLT1	FLT4	KDR
cluster_182	6	GMPS	HPRT1	IMPDH1	IMPDH2	ITPA	TPMT
cluster_183	5	IP6K1	IP6K2	IPPK	PPIP5K1	PPIP5K2
cluster_184	4	DLAT	PDHA1	PDHX	PDP2
cluster_185	5	LOC102724788	PRODH	PYCR1	PYCR2	PYCR3
cluster_186	5	DSC2	DSG2	JUP	PKP2	TMEM43
cluster_187	7	CUL3	GLI1	GLI2	GLI3	SPOP	SPOPL	SUFU
cluster_188	5	CASC3	CCDC9	MAGOH	PYM1	RBM8A
cluster_189	6	ACD	CTC1	POT1	TERF2	TERF2IP	TINF2
cluster_190	5	RAD51B	RAD51C	RAD51D	SFR1	XRCC2
cluster_191	7	ACAT2	HMGCL	HMGCLL1	HMGCS1	HMGCS2	OXCT1	OXCT2
cluster_192	4	BCL2	BCL2L1	BID	CTSD
cluster_193	4	HBA1	HBA2	HBG1	HBG2
cluster_194	4	SDHB	SDHC	SDHD	TMEM127
cluster_195	4	ITCH	JUN	MAPK8	MAPK9
cluster_196	6	AJUBA	LATS1	LATS2	LIMD1	SAV1	WTIP
cluster_197	12	AIMP1	AIMP2	DARS1	EEF1E1	EPRS1	IARS1	KARS1	LARS1	MARS1	QARS1	RARS1	SDCBP
cluster_198	5	INSR	IRS1	IRS2	IRS4	PRKCE
cluster_199	4	CLPB	CLPP	CLPX	TBX22
cluster_200	5	CLUAP1	IFT74	IFT88	TTC26	UBXN10
cluster_201	5	PPP2CA	PPP2CB	PPP2R1A	PPP2R1B	TGFBR2
cluster_202	4	AGER	CYBB	NOX1	NOX4
cluster_203	5	PAH	PCBD1	PCBD2	QDPR	TH
cluster_204	4	BTRC	FBXW11	WWTR1	YAP1
cluster_205	4	RBKS	RPIA	TKTL1	TKTL2
cluster_206	6	ADSL	ATIC	GART	PAICS	PFAS	PPAT
cluster_207	4	ADM	CALCRL	CRCP	RAMP1
cluster_208	4	PPP4C	PPP4R3A	PPP4R3B	PPP4R3C
cluster_209	4	LGR4	LGR5	LGR6	RSPO4
cluster_210	4	PYGB	PYGL	PYGM	RIPK3
cluster_211	24	COX5A	CYC1	MT-CO1	MT-CO2	MT-CO3	MT-ND1	MT-ND2	MT-ND3	MT-ND4	MT-ND5	NDUFS1	NDUFS2	NDUFS3	NDUFS8	NDUFV1	NDUFV2	PPP1R15A	PWWP3A	SDHB	UQCR10	UQCRB	UQCRC2	UQCRFS1	UQCRQ
cluster_212	10	MZT1	MZT2A	MZT2B	NEDD1	TUBG1	TUBG2	TUBGCP2	TUBGCP3	TUBGCP4	TUBGCP6
cluster_213	7	PDRG1	PFDN1	PFDN2	PFDN4	PFDN5	PFDN6	VBP1
cluster_214	9	CRY1	CRY2	PRKAA1	PRKAA2	PRKAB1	PRKAB2	PRKAG1	PRKAG2	PRKAG3
cluster_215	8	CYP11B1	CYP11B2	CYP17A1	HSD3B1	HSD3B2	SRD5A1	SRD5A2	SRD5A3
cluster_216	5	MAF1	POLR1C	POLR3A	POLR3B	POLR3E
cluster_217	4	EFNB1	EFNB2	EFNB3	RGS3
cluster_218	5	TNFRSF11A	TRAF2	TRAF3	TRAF5	TRAF6
cluster_219	9	INSR	IRS1	OGT	PIK3CA	PIK3CB	PIK3CD	PIK3R1	PIK3R2	PIK3R3
cluster_220	6	ANAPC1	ANAPC2	ANAPC4	ANAPC5	CDC16	HSPB11
cluster_221	6	BDH1	BDH2	HMGCL	HMGCLL1	OXCT1	OXCT2
cluster_222	4	CD151	CD63	CD81	CD9
cluster_223	10	CYC1	GPD2	MT-CO1	MT-CO2	MT-CO3	NDUFS8	SDHA	SDHB	SDHC	UQCRFS1
cluster_224	4	HK1	HK2	HK3	HKDC1
cluster_225	6	ARMC8	GID8	MAEA	RANBP9	RMND5A	YPEL5
cluster_226	4	CD74	CTSB	CTSL	CTSS
cluster_227	4	ITPR1	ITPR2	ITPR3	MRVI1
cluster_228	4	MAML2	MAML3	RBPJ	RBPJL
cluster_229	4	KIF5B	KIF5C	KLC1	RANBP2
cluster_230	4	AMPD1	AMPD2	AMPD3	APRT
cluster_231	4	PLAT	PLAU	SERPINB2	SERPINE1
cluster_232	4	COLEC11	FCN2	FCN3	MASP1
cluster_233	4	E2F4	E2F5	LIN37	LIN9
cluster_234	4	ACE	AGT	NR3C2	REN
cluster_235	9	E2F2	E2F3	E2F4	E2F5	RB1	RBL1	RBL2	TFDP1	TFDP2
cluster_236	5	DGCR8	DICER1	PRKRA	TARBP2	XPO5
cluster_237	14	CBX2	CBX4	CBX6	CBX7	CBX8	EED	PCGF2	PCGF6	PHC1	PHC2	PHC3	RING1	RNF2	SCMH1
cluster_238	4	CD99	CD99L2	PILRA	PILRB
cluster_239	7	ARMC8	GID4	GID8	MAEA	RANBP10	RMND5B	WDR26
cluster_240	4	CAPZA1	CAPZA2	CAPZB	CD2AP
cluster_241	4	MTREX	RBM7	ZCCHC7	ZCCHC8
cluster_242	4	MORF4L1	MORF4L2	MRFAP1	MRGBP
cluster_243	4	DNMT3A	DNMT3B	DNMT3L	TRDMT1
cluster_244	4	NAPRT	NMRK1	NMRK2	QPRT
cluster_245	11	CNOT1	CNOT10	CNOT11	CNOT2	CNOT3	CNOT6	CNOT6L	CNOT7	CNOT9	MMP7	TNKS1BP1
cluster_246	4	AXIN1	AXIN2	GSK3B	TCHP
cluster_247	4	CARNMT1	CARNS1	CNDP1	CNDP2
cluster_248	4	CLCF1	CTF1	IL6ST	LIFR
cluster_249	4	GNRH1	GNRH2	GNRHR	KISS1R
cluster_250	9	AHSA1	CFTR	DNAJA1	DNAJB1	HSP90AA1	HSP90AB1	HSPA4	HSPA8	STUB1
cluster_251	4	KCND3	KCNIP1	KCNIP2	KCNIP4
cluster_252	4	MLX	MLXIP	MLXIPL	MXD4
cluster_253	5	ECE1	EDN1	EDN2	EDNRA	EDNRB
cluster_254	4	ADIPOQ	ADIPOR1	ADIPOR2	CDH13
cluster_255	13	DR1	SUPT7L	TAF10	TAF12	TAF2	TAF4	TAF5	TAF5L	TAF6	TAF6L	TAF7	TAF9	TAF9B
cluster_256	4	ANKS6	INVS	NEK8	NPHP3
cluster_257	4	CDC45	MCM3	MCM5	SLF1
cluster_258	8	EXOC1	EXOC2	EXOC3	EXOC4	EXOC5	EXOC6	EXOC7	RHOQ
cluster_259	4	ARF1	ARF6	PLD1	PLD2
cluster_260	4	BCCIP	CCNH	CDK7	MNAT1
cluster_261	5	GOT1	GOT1L1	GOT2	MPST	TST
cluster_262	4	CLNS1A	PRMT5	RIOK1	WDR77
cluster_263	4	IPO13	MAGOH	MAGOHB	RBM8A
cluster_264	5	PHKA1	PHKA2	PHKB	PHKG1	PHKG2
cluster_265	5	KHDC3L	NLRP5	OOEP	PADI6	TLE6
cluster_266	7	LLGL1	LLGL2	PARD6A	PARD6B	PARD6G	PRKCI	PRKCZ
cluster_267	5	MAPK1	MAPK14	MAPK3	MKNK1	MKNK2
cluster_268	4	CTU1	CTU2	MOCS3	URM1
cluster_269	4	AMOT	AMOTL1	AMOTL2	ARHGAP17
cluster_270	4	RALA	RALB	RALGDS	RHOA
cluster_271	10	COX5B	MT-CYB	MT-ND1	MT-ND2	MT-ND3	MT-ND4	MT-ND4L	MT-ND5	MT-ND6	PTGS1
cluster_272	4	PIK3R1	PIK3R2	PIK3R3	TXK
cluster_273	5	AGRN	COLQ	DOK7	MUSK	RAPSN
cluster_274	4	GNB5	RGS7BP	RGS9	RGS9BP
cluster_275	4	DCT	MLANA	PMEL	TYR
cluster_276	6	CIR1	HDAC1	HDAC2	SAP30	SAP30L	SIN3A
cluster_277	7	PIGA	PIGC	PIGH	PIGP	PIGQ	PIGY	PYURF
cluster_278	4	EXOC1	EXOC4	EXOC7	IQGAP1
cluster_279	4	C11orf74	IFT122	IFT140	IFT43
cluster_280	5	FYTTD1	SARNP	THOC2	THOC3	THOC7
cluster_281	9	PPIF	PRKCE	SLC25A31	SLC25A4	SLC25A5	SLC25A6	VDAC1	VDAC2	VDAC3
cluster_282	4	INF2	NPHS1	NPHS2	TRPC6
cluster_283	5	DDX58	IKBKE	IRF3	SIKE1	TBK1
cluster_284	4	YWHAG	YWHAH	YWHAQ	YWHAZ
cluster_285	5	PRPS1	PRPS1L1	PRPS2	PRPSAP1	PRPSAP2
cluster_286	4	COLGALT1	COLGALT2	PLOD1	PLOD2
cluster_287	4	CENPJ	TUBA1B	TUBB2A	TUBB2B
cluster_288	6	ABI1	ABI2	ABL1	NCKAP1	WASF1	WASF2
cluster_289	8	ASAP1	CRK	CRKL	GRB2	PTK2	PTK2B	PXN	SRC
cluster_290	4	AURKB	CUL3	KLHL13	KLHL9
cluster_291	4	CSNK2A1	CSNK2A2	CSNK2B	TP53
cluster_292	7	AK9	NME1	NME1-NME2	NME2	NME3	NME4	NME6
cluster_293	6	CD47	GYPA	GYPB	RHAG	RHCE	RHD
cluster_294	4	SLC17A6	SLC17A7	SLC18A1	SLC32A1
cluster_295	4	ADD1	ADD2	ADD3	DMTN
cluster_296	5	IRS1	IRS2	IRS4	PTPN1	PTPRF
cluster_297	8	SEPTIN11	SEPTIN12	SEPTIN2	SEPTIN3	SEPTIN6	SEPTIN8	SEPTIN9	SQSTM1
cluster_298	4	KCNMA1	KCNMB3	KCNMB4	KCNU1
cluster_299	4	LIMK1	LIMK2	ROCK1	ROCK2
cluster_300	4	CDH3	KIRREL1	NPHS1	NPHS2
cluster_301	4	CD8B2	HLA-A	HLA-B	HLA-F
cluster_302	5	KAT2A	KAT2B	NCOA1	NCOA2	NCOA3
cluster_303	5	RARB	RARG	RXRA	RXRB	RXRG
cluster_304	4	IL2RA	IL2RB	IL2RG	RHOA
cluster_305	5	CCNE1	CCNE2	CDK2	CDK3	CKS1B
cluster_306	4	CHRNA3	CHRNA5	CHRNB4	PSMA4
cluster_307	4	DLG1	DLG2	DLG3	UBE3A
cluster_308	4	ATF3	FOS	JUN	MAFB
cluster_309	4	INSL3	INSL4	RLN1	RLN2
cluster_310	7	HMGA2	SMAD1	SMAD2	SMAD3	SMAD4	SMAD5	SMAD9
cluster_311	6	CHUK	IKBKB	IKBKG	IRS1	IRS2	IRS4
cluster_312	4	HAAO	KMO	KYNU	TDO2
cluster_313	4	MAFF	MAFG	MAFK	NFE2L1
cluster_314	4	GUCY1A1	GUCY1A2	GUCY1B1	NOS1
cluster_315	12	ACER1	ACER2	ASAH1	ASAH2	CERK	CERS3	CERS4	CERS5	CERS6	DEGS2	SMPD1	SMPD2
cluster_316	5	GFPT1	GFPT2	GLS	GLS2	GLUL
cluster_317	5	PIAS4	PRKCZ	SUMO1	SUMO2	SUMO4
cluster_318	4	FLNA	FLNB	FLNC	MAP2K4
cluster_319	4	MLKL	RIPK1	RIPK3	ZBP1
cluster_320	4	CDYL	EHMT1	EHMT2	WIZ
cluster_321	7	KANSL1	KANSL2	KANSL3	KAT8	MCRS1	PHF20	PHF20L1
cluster_322	5	CDC42	EXOC1	EXOC5	EXOC6	EXOC7
cluster_323	4	ING2	NFYA	NFYB	NFYC
cluster_324	4	NFKB1	NFKB2	NFKBID	REL
cluster_325	5	AMBRA1	ATG14	RUBCN	SH3GLB1	UVRAG
cluster_326	5	MAML1	NOTCH1	RBPJ	RBPJL	SNW1
cluster_327	4	ACE2	MEP1B	PRCP	XPNPEP2
cluster_328	4	BSND	CLCNKB	KCNJ1	SLC12A3
cluster_329	4	CFTR	YWHAB	YWHAG	YWHAZ
cluster_330	4	FOXO1	FOXO3	FOXO4	SGK1
cluster_331	4	IGBP1	PPP2CA	PPP2CB	PPP4C
cluster_332	15	CTU1	MT-ND1	MT-ND4	NDUFA10	NDUFA5	NDUFAF2	NDUFAF3	NDUFB10	NDUFC1	NDUFS1	NDUFS2	NDUFS3	NDUFS8	NDUFV1	NDUFV2
cluster_333	6	CHMP4A	CHMP4C	PDCD6	PDCD6IP	TSG101	VPS4B
cluster_334	4	ORM1	SPTLC1	SPTLC2	SPTLC3
cluster_335	5	CHKA	CHKB	PCYT1A	PCYT1B	PHOSPHO1
cluster_336	9	CHMP1B	CHMP2A	CHMP2B	CHMP3	CHMP4A	CHMP6	CHMP7	IST1	SPAST
cluster_337	4	MCEE	MMAA	MMAB	MMUT
cluster_338	6	GRB2	PTPN11	PTPN6	SIRPA	SRC	SYK
cluster_339	4	CCNT1	CCNT2	CDK9	MMS19
cluster_340	4	NEFH	NEFL	NEFM	PRPH
cluster_341	4	EGFR	GPER1	PTK2	SRC
cluster_342	4	CEL	PNLIP	PNLIPRP1	PNLIPRP3
cluster_343	4	ACTB	ACTG1	AFDN	VCL
cluster_344	4	NFKB1	RELA	ROCK1	ROCK2
cluster_345	5	CRHBP	CRHR2	UCN	UCN2	UCN3
cluster_346	4	CASP3	PRKCA	PRKCB	PRKCG
cluster_347	4	TIMM10	TIMM23	TIMM8B	TIMM9
cluster_348	4	CTBP1	CTBP2	RBPJ	RBPJL
cluster_349	4	PLD1	PLD2	RALA	RALB
cluster_350	4	ANXA1	ANXA2	DYSF	S100A10
cluster_351	5	GSK3B	PARD3	PARD6A	PARD6B	PARD6G
cluster_352	4	CDC25C	CDK1	CDK2	SPDYE11
cluster_353	5	EPCAM	MLH1	MSH2	MSH6	PMS2
cluster_354	5	IMMT	PIK3CB	PIK3CD	PIK3CG	PIK3R5
cluster_355	4	CCL5	CD74	CXCR2	CXCR4
cluster_356	4	POLG	POLG2	SLC25A4	TWNK
cluster_357	6	PPP1CA	PPP1CB	PPP1CC	RB1	RBL1	RBL2
cluster_358	4	CREBBP	EP300	HIPK2	TP53
cluster_359	4	TJP1	TJP2	WWTR1	YAP1
cluster_360	8	NT5C	NT5C1A	NT5C1B	NT5C1B-RDH14	NT5C2	NT5C3A	NT5C3B	NT5M
cluster_361	7	CT47A10	CT47A2	CT47A3	CT47A4	CT47A5	CT47A8	CT47A9
cluster_362	4	DOCK4	ELMO1	ELMO2	ELMO3
cluster_363	5	BCAR1	CRK	CRKL	GRB2	MAP3K1
cluster_364	4	CASP3	SAV1	STK3	STK4
cluster_365	4	ANK1	ANK2	ANK3	SPTBN4
cluster_366	4	ITGA4	ITGA5	ITGB1	SKAP2
cluster_367	4	H1-10	H1-6	H1-7	H1-8
cluster_368	4	IKBKB	KEAP1	NFKB1	RELA
cluster_369	8	ATG5	ATG7	BECN1	GABARAPL1	GABARAPL2	MAP1LC3B	SIRT1	SQSTM1
cluster_370	4	ADGRV1	PDZD7	USH2A	VEZT
cluster_371	6	DLG1	DLG2	DLG3	DLG4	LLGL1	LLGL2
cluster_372	4	RAB7A	RAB7B	TBC1D15	TBC1D17
cluster_373	4	CPLX1	CPLX2	CPLX3	CPLX4
cluster_374	10	GRIN1	GRIN2A	GRIN2C	GRIN2D	P2RX1	P2RX3	P2RX4	P2RX5	P2RX6	P2RX7
cluster_375	4	ASB9	CKB	ELOB	ELOC
cluster_376	4	CDC42EP4	SEPTIN4	SEPTIN6	SEPTIN7
cluster_377	5	APOOL	CHCHD3	CHCHD5	CHCHD6	MICOS13
cluster_378	6	HSP90AA1	HSP90AB1	HSPA4	HSPA5	HSPA8	SOD1
cluster_379	5	SCN1B	SCN2B	SCN3B	SCN4B	SCN7A
cluster_380	6	IGF2R	SNX2	SNX5	SNX6	VPS26A	VPS35
cluster_381	4	LPIN1	LPIN2	LPIN3	MTOR
cluster_382	5	CREB3	CREB3L1	CREB3L2	CREB3L3	CREB3L4
cluster_383	5	PI4K2A	PI4K2B	PI4KA	PI4KB	PIK3C2B
cluster_384	4	MAPK1	MAPK3	ROCK1	ROCK2
cluster_385	4	AKAP5	DLG1	DLG4	GRIA1
cluster_386	4	BECN1	DAPK1	DAPK2	DAPK3
cluster_387	6	CALCR	CALCRL	GRM1	RAMP1	RAMP2	RAMP3
cluster_388	6	CBLL1	METTL16	METTL3	RBM15B	WTAP	YTHDF3
cluster_389	5	BPGM	PGAM1	PGAM2	PGAM4	PHGDH
cluster_390	5	ATXN3	ATXN3L	RAD23A	RAD23B	UBQLN1
cluster_391	9	ATP23	DCLRE1C	LIG4	NHEJ1	PAXX	XPC	XRCC4	XRCC6	ZSWIM7
cluster_392	4	SMAD7	STRAP	TGFBR1	TGFBR2
cluster_393	4	GNAI1	GNAI2	GNAI3	NOS3
cluster_394	4	ILK	LIMS1	NCK2	PARVA
cluster_395	8	GABARAP	GABARAPL1	GABARAPL2	PRKACA	PRKACB	PRKACG	ULK1	ULK2
cluster_396	5	POLR2A	POLR2D	POLR2E	POLR2G	RECQL5
cluster_397	4	CRY1	CRY2	NR3C1	PER2
cluster_398	4	DHCR24	DHCR7	SOAT1	SOAT2
cluster_399	5	EP300	EZH2	FOXP3	H4C6	HDAC1
cluster_400	5	PHLPP1	PHLPP2	USP12	WDR20	WDR48
cluster_401	5	DGAT1	DGAT2	MOGAT1	MOGAT2	MOGAT3
cluster_402	5	RNASEH2A	RNASEH2B	RNASEH2C	SAMHD1	TREX1
cluster_403	6	CUL3	KCTD17	KCTD2	RBX1	SPOP	SPOPL
cluster_404	4	BAK1	BAX	CAPN1	CAPN2
cluster_405	4	MAPK1	MAPK3	SPHK1	SPHK2
cluster_406	4	CD38	RYR1	RYR2	RYR3
cluster_407	4	RNF20	RNF40	UBE2A	WAC
cluster_408	4	CABIN1	MEF2A	MEF2B	MEF2D
cluster_409	5	IL31	IL31RA	JAK1	OSM	OSMR
cluster_410	6	MAPT	YWHAB	YWHAE	YWHAG	YWHAQ	YWHAZ
cluster_411	4	AP4B1	AP4E1	AP4M1	TEPSIN
cluster_412	9	ACTB	ACTG1	MZT1	TUBG1	TUBGCP2	TUBGCP3	TUBGCP4	TUBGCP5	TUBGCP6
cluster_413	4	PTCH1	PTCH2	SMURF1	SMURF2
cluster_414	5	CHTF18	EXO1	RFC2	RFC4	RFC5
cluster_415	5	AKT1	AKT2	APPL1	PIK3CA	SRC
cluster_416	4	SEPHS1	SEPHS2	TXNRD2	TXNRD3
cluster_417	6	AKT1S1	PRKACA	PRKACB	PRKACG	RPS6KB1	RPS6KB2
cluster_418	9	E2F4	E2F5	LIN37	LIN52	LIN54	LIN9	RBL2	TFDP1	TFDP2
cluster_419	4	ARHGEF1	ARHGEF12	ARHGEF6	ARHGEF7
cluster_420	4	NFKB1	RAC2	RAC3	RELA
cluster_421	4	AGXT	AGXT2	DAO	HOGA1
cluster_422	4	APC	APC2	ARHGEF4	SPATA13
cluster_423	5	LIPE	PRKAR1A	PRKAR1B	PRKAR2A	PRKAR2B
cluster_424	6	CAMK2A	CAMK2B	SCN1B	SCN4B	SCN5A	SCN7A
cluster_425	4	ACVR1	AMHR2	BMPR1A	BMPR1B
cluster_426	10	CTCF	NIPBL	PDS5A	RAD21	RAD21L1	SMC1A	SMC3	STAG1	STAG2	WAPL
cluster_427	7	PSMA1	PSMA4	PSMA5	PSMA7	PSMB1	PSMB5	SORT1
cluster_428	6	APTX	COQ2	COQ8A	COQ9	PDSS1	PDSS2
cluster_429	4	ENO1	HLA-DRA	HLA-DRB1	TPI1
cluster_430	8	CTRL	PSMB10	PSMB5	PSMB6	PSMB8	PSMB9	PSME1	PSME2
cluster_431	6	CPSF3	FIP1L1	RBBP6	SYMPK	WDR77	WDR82
cluster_432	4	CCT4	CCT6B	CCT8L2	ERMARD
cluster_433	4	CDS1	CDS2	PGS1	TAMM41
cluster_434	4	ARF1	ARF6	GGA1	GGA3
cluster_435	5	MCUB	MCUR1	MICU2	MICU3	SLC25A23
cluster_436	4	PAFAH1B2	PAFAH1B3	PAFAH2	PLA2G7
cluster_437	4	PTH	PTH2	PTH2R	PTHLH
cluster_438	5	MAPT	PARK7	PINK1	PRKN	SNCA
cluster_439	4	AHSP	HBB	HBD	HBM
cluster_440	4	KCNE3	KCNJ13	KCNK5	KCNQ1
cluster_441	5	DNMT1	DNMT3A	DNMT3B	HDAC1	UHRF2
cluster_442	6	ENO1	GAPDH	PGK1	PGK2	PLG	TPI1
cluster_443	6	NADK2	NADSYN1	NMNAT1	NMNAT2	NNT	NUDT12
cluster_444	7	CACNA1C	CACNA1D	CACNA1F	CACNA1S	HTR2A	HTR2B	HTR2C
cluster_445	13	EIF3A	EIF3B	EIF3C	EIF3CL	EIF3D	EIF3E	EIF3H	EIF3K	EIF3M	FAU	MICALL1	RPS3	SELENOP
cluster_446	4	ARHGDIA	ARHGDIB	ARHGDIG	NGFR
cluster_447	4	TNIP1	TNIP2	UBB	UBC
cluster_448	6	CACNA1C	CACNA1D	CACNA1F	CACNA1S	PRKG1	PRKG2
cluster_449	4	CDC6	CDT1	KAT7	ORC1
cluster_450	4	TCF7	TCF7L1	TCF7L2	TERT
cluster_451	7	ABO	FUT1	FUT2	FUT3	FUT5	FUT6	FUT9
cluster_452	4	IGF2	IGF2BP1	IGF2BP2	IGF2BP3
cluster_453	4	EPS8L2	ESPNL	MYO15A	WHRN
cluster_454	7	AKT1	AKT2	AKT3	GNRH1	GNRH2	MAPK1	MAPK3
cluster_455	8	GID8	MKLN1	RANBP10	RANBP9	RMND5A	RMND5B	WDR26	YPEL5
cluster_456	4	ATF4	CEBPG	DDIT3	TRIB3
cluster_457	4	BTRC	CUL1	FBXW4	SKP1
cluster_458	5	EP300	ESR1	MYC	NPM1	TP53
cluster_459	7	GOT1	GOT1L1	GOT2	HPD	IL4I1	MIF	TAT
cluster_460	8	BMI1	CBX1	CBX2	COMMD3-BMI1	PCGF2	RING1	RNF2	SLC25A3
cluster_461	8	AP1G1	BBIP1	BBS1	BBS2	BBS4	BBS5	BBS7	BBS9
cluster_462	5	CAD	GART	GFPT1	GFPT2	PPAT
cluster_463	4	SLC34A1	SLC34A2	SLC34A3	SLC9A3R1
cluster_464	4	CALHM1	SCN2A	SCN3A	SCN9A
cluster_465	5	ATF4	ATF6	DDIT3	EIF2AK3	PPP1R15A
cluster_466	4	CACNA1G	CACNA1H	CACNA1I	ESR2
cluster_467	5	PIK3R1	PLCG1	PLCG2	SH2D2A	SRC
cluster_468	6	BMPR2	TRPC1	TRPC3	TRPC4	TRPC5	TRPC6
cluster_469	4	KRAS	PIK3CA	PTEN	STK11
cluster_470	6	PIP4K2A	PIP4K2B	PIP4K2C	PIP5K1A	PIP5K1B	PIP5K1C
cluster_471	4	AGER	HRAS	KRAS	NRAS
cluster_472	4	PIP5K1A	PIP5K1B	PIP5K1C	RHOA
cluster_473	4	AKAP1	AKAP6	MAPK7	RAPGEF3
cluster_474	5	ARHGEF6	ARHGEF7	GIT1	PAK2	SCRIB
cluster_475	4	ATXN2	ATXN2L	ATXN3	ATXN3L
cluster_476	4	CREB1	FOS	GDNF	JUN
cluster_477	5	METTL14	METTL3	SMAD2	SMAD3	WTAP
cluster_478	5	AHSP	CYB5R3	HBA1	HBA2	HBB
cluster_479	5	BRD4	HEXIM1	HEXIM2	LARP7	MEPCE
cluster_480	4	PSTK	SEPHS2	SEPSECS	TRNAU1AP
cluster_481	6	AR	CTNNB1	ESR1	MYC	TP53	UBE3A
cluster_482	8	DDX58	IFIH1	IKBKB	IKBKE	MAVS	MYOM2	TBK1	TRAF3
cluster_483	4	ABL1	ATG14	BECN1	PIK3C3
cluster_484	4	ABCA2	ABCB6	ABCG5	ABCG8
cluster_485	10	ATP5F1A	ATP5F1B	ATP5F1C	ATP5MC3	ATP5PB	ATP5PO	COX5A	SLC25A3	UQCRC2	UQCRFS1
cluster_486	4	CDC42	RABIF	RAC2	RHOA
cluster_487	4	FIS1	GDAP1	MFN1	MFN2
cluster_488	6	ITGA2	ITGB1	PRKACA	PRKACB	PRKACG	PTK2
cluster_489	5	CYP1A1	CYP1A2	CYP1B1	IDO1	IDO2
cluster_490	4	ATM	ATR	RAD51	SQSTM1
cluster_491	4	APP	GNAI2	GNB1	GNG2
cluster_492	4	HSP90AA1	HSP90AB1	HSPA8	UCHL1
cluster_493	4	HLA-DRA	HLA-DRB1	HLA-DRB5	VIM
cluster_494	4	CALM1	CALM2	CALM3	GRK5
cluster_495	5	FLNC	SYNM	TLN1	TLN2	VCL
cluster_496	4	ALDH1A2	ALDH1A3	AOX1	BCO1
cluster_497	4	GATA1	KLF1	TAL1	ZFPM1
cluster_498	6	CPSF1	CPSF2	CPSF3	CSTF2	LSM11	SYMPK
cluster_499	6	CD27	CD70	TNFRSF4	TNFRSF8	TNFSF4	TNFSF9
cluster_500	4	GBGT1	HEXA	HEXB	NAGA
cluster_501	4	NPHS1	NPHS2	PODXL	SYNPO
cluster_502	4	FRAS1	FREM1	FREM2	NPNT
cluster_503	4	ATP6V0A2	ATP6V0D2	TMEM199	VMA21
cluster_504	4	ACD	NUPR2	POT1	TERF1
cluster_505	5	IPMK	ITPKA	ITPKB	ITPKC	MINPP1
cluster_506	7	ARHGEF11	ARHGEF12	PLXNB1	PLXNB2	PLXNB3	RND1	SEMA4D
cluster_507	4	GABARAPL1	GABARAPL2	PEX10	PEX6
cluster_508	5	ASXL1	ASXL2	BAP1	FOXK2	KDM1B
cluster_509	8	BCAR1	CRK	CRKL	LYN	NEDD9	PTK2	PTK2B	SRC
cluster_510	7	GK	GK2	GPAM	GPAT2	GPAT3	GPAT4	GPD2
cluster_511	6	E2F1	EP300	HDAC1	MYC	TP53	TP73
cluster_512	8	ACOT1	ACOT2	ACOT4	FBP1	FBP2	PFKL	PFKM	PFKP
cluster_513	4	PFN1	PFN3	PFN4	TMSB4X
cluster_514	4	GPC3	IHH	PTCH1	SHH
cluster_515	6	CINP	LEO1	PAF1	RTF1	SSRP1	SUPT16H
cluster_516	6	RAB7A	SNX3	TBC1D5	VPS26A	VPS29	VPS35
cluster_517	5	CDKN1A	CDKN2A	E2F1	MDM2	MDM4
cluster_518	4	CHMP4A	PDCD6IP	SDCBP	TSG101
cluster_519	5	ATM	BRCA1	CHEK1	CHEK2	MDM4
cluster_520	4	KXD1	RPL32	RPS27A	UBA52
cluster_521	6	CARM1	ESR2	NCOA3	RPS6KB1	RPS6KB2	SP1
cluster_522	4	ECSIT	FOXRED1	NDUFS5	TMEM70
cluster_523	4	FCGRT	IGHV3-16	IGHV3-43D	IGLL5
cluster_524	4	AVL9	DENND10	DENND11	DENND6A
cluster_525	4	NUCKS1	PM20D1	RAB29	SLC41A1
cluster_526	4	BCAP31	BCL2	BCL2L1	CASP8
cluster_527	5	DMP1	DSPP	IBSP	MEPE	SPP1
cluster_528	7	LSM5	LSM6	PRPF3	PRPF31	PRPF4	SART3	TUT1
cluster_529	4	PDPK1	PKN1	PKN2	PKN3
cluster_530	4	CRB1	CRB2	CRB3	MPP5
cluster_531	5	ARHGEF1	ARHGEF12	ARHGEF28	PTK2	PTK2B
cluster_532	4	ACTA2	ACTC1	ACTG2	SETD3
cluster_533	5	AOX1	PDXK	PDXP	PHOSPHO2	PNPO
cluster_534	4	DDX27	DDX54	PUM3	RBM28
cluster_535	4	AMELY	PCDH11Y	TBL1Y	TSPY1
cluster_536	6	PRKCA	PRKCB	PRKCG	PRKD1	PRKD2	PRKD3
cluster_537	4	TKT	TKTL1	TKTL2	TPK1
cluster_538	6	ALDOA	ALDOB	ALDOC	GLYCTK	TKFC	TPI1
cluster_539	13	AIM2	CARD8	CASP1	CASP5	DDX3X	DHX33	GSDMD	NLRC4	NLRP1	NLRP3	NLRP6	NLRP9	PYCARD
cluster_540	4	DDX41	IRF3	MAVS	TBK1
cluster_541	4	ACOT1	ACOT7	THEM4	THEM5
cluster_542	4	GCG	GIP	GLP1R	GLP2R
cluster_543	6	APLF	APTX	CHFR	LIG3	PARP1	XRCC1
cluster_544	6	COMMD5	FAU	RPL8	RPS27A	RPS7	UBA52
cluster_545	4	DUSP3	PTPN5	PTPN7	PTPRR
cluster_546	4	ETHE1	MPST	SQOR	TST
cluster_547	4	MAPK8	MAPK9	RAP1A	RAP1B
cluster_548	4	FBP1	FBP2	PFKFB1	PFKFB4
cluster_549	4	CHM	CHML	RABGGTA	RABGGTB
cluster_550	5	CTSG	ELANE	MPO	PADI4	PRTN3
cluster_551	4	EMD	GUCA2A	GUCA2B	NPR3
cluster_552	4	SNX27	SORL1	VPS26A	VPS35
cluster_553	6	P4HA1	P4HA2	PRODH2	PYCR1	PYCR2	PYCR3
cluster_554	6	ADAR	AXIN1	DVL1	DVL2	DVL3	GSK3B
cluster_555	4	MAP2K3	MAP2K4	MAP2K6	MAP3K4
cluster_556	4	MOB1A	MOB1B	STK38	STK38L
cluster_557	7	CREBBP	EP300	HDAC1	JUN	KLF5	NFKB1	TP53
cluster_558	5	APP	DLG4	GRIN1	GRIN2A	GRIN2B
cluster_559	5	IGF1	INS	IRS1	IRS2	SIRT1
cluster_560	4	CAMKMT	PLOD1	PLOD2	PLOD3
cluster_561	6	EIF3E	EIF3F	EIF3H	EIF3I	EIF3L	PRRC2B
cluster_562	5	RHO	SRP19	SRP54	SRP68	SRP9
cluster_563	4	BCAP31	DNM1L	FIS1	MFN2
cluster_564	4	CSNK1D	CSNK1E	WWTR1	YAP1
cluster_565	4	CD200	CD200R1	CX3CL1	CX3CR1
cluster_566	6	KCNJ12	KCNJ14	KCNJ18	KCNJ4	KCNQ2	KCNQ3
cluster_567	4	B4GALT1	B4GALT2	GALE	GALT
cluster_568	4	LPCAT1	LPCAT2	LPCAT4	LPGAT1
cluster_569	6	DDRGK1	UBA5	UFC1	UFL1	UFM1	UFSP1
cluster_570	4	RXRA	THRA	THRB	TXNRD2
cluster_571	5	C11orf49	LRRC49	NICN1	TPGS2	TTLL1
cluster_572	5	SMG5	SMG6	SMG7	SULT1E1	UPF1
cluster_573	4	ANGPTL3	ANGPTL4	ANGPTL8	GPIHBP1
cluster_574	4	ANP32A	NUP214	SET	XPO1
cluster_575	4	ITGAV	ITGB3	ITGB5	MFGE8
cluster_576	7	PTMA	RPL15	RPL23A	RPL7	RPLP1	RPS19	RPS3
cluster_577	4	AKR1B1	AKR1B10	DHFR	DHFR2
cluster_578	4	PRKCI	PRKCZ	RAP1A	RAP1B
cluster_579	4	MAN1A1	MAN1A2	MAN1C1	MGAT1
cluster_580	4	GATC	NARS1	NARS2	QARS1
cluster_581	4	RBPJ	RBPJL	SAP30	SAP30L
cluster_582	13	CPSF1	CPSF2	CPSF3	CPSF4	FIP1L1	PPP1CA	PPP1CB	PPP1CC	RBBP6	SSU72	SYMPK	WDR33	WDR82
cluster_583	4	ANKS3	ANKS6	NEK7	NEK9
cluster_584	7	GPX2	GPX3	GPX5	GPX6	GPX7	GPX8	PPARGC1A
cluster_585	6	EGFR	ERBB2	ERBB3	ERBIN	GRB2	KRAS
cluster_586	5	CS	FH	IDH1	IDH2	L2HGDH
cluster_587	5	CHPF	CHPF2	CHSY1	CSGALNACT1	CSGALNACT2
cluster_588	7	C12orf66	CASTOR2	ITFG2	KPTN	MIOS	WDR24	WDR59
cluster_589	7	EIF6	GNL2	LSG1	NMD3	PA2G4	RETREG1	RSL24D1
cluster_590	4	CIAO2A	CIAO2B	MMS19	NUBP1
cluster_591	4	CNGA3	CNGB3	PDE6C	PDE6H
cluster_592	4	FMR1	FXR1	G3BP1	SND1
cluster_593	4	FUS	MAPT	SFPQ	TARDBP
cluster_594	9	H3-2	H3-3B	H3-4	H3-5	H3C12	H3C13	HDAC1	HDAC2	SPHK2
cluster_595	4	CBL	LYN	NEDD4	SYK
cluster_596	5	ATM	ENSP00000491596	MRE11	RAD50	XRCC6
cluster_597	4	AMFR	CFTR	DERL1	RNF5
cluster_598	9	DDX58	IFIT1	IFNB1	IKBKE	IRF3	MAVS	STING1	TBK1	TRAF3
cluster_599	4	BAG4	TNF	TNFRSF1A	TRADD
cluster_600	8	ATM	BRCA1	BRCA2	MLH1	MSH2	MSH6	NF1	PMS2
cluster_601	5	CCNA2	CCNL2	CDK1	CDK2	SAMHD1
cluster_602	10	DDC	GOT1	GOT1L1	GOT2	IL4I1	PAH	TAT	TH	TPO	TYR
cluster_603	6	EGLN1	EGLN2	EGLN3	PRKCA	PRKCB	PRKCG
cluster_604	7	APPBP2	FEM1A	FEM1B	FEM1C	KLHDC2	ZER1	ZYG11B
cluster_605	4	ADRB2	ERBB2	GRB2	SRC
cluster_606	7	CANT1	ENTPD3	ENTPD4	ENTPD5	ENTPD6	ENTPD8	UCK2
cluster_607	4	DPP6	KCND2	KCNIP1	KCNIP4
cluster_608	9	BLOC1S3	BLOC1S4	BLOC1S5	BLOC1S6	HPS1	HPS3	HPS4	HPS5	HPS6
cluster_609	7	EIF2B1	EIF2B2	EIF2B3	EIF2B4	EIF2S2	EIF2S3	EIF2S3B
cluster_610	4	FHL2	STX11	STXBP2	UNC13D
cluster_611	4	PSMG1	PSMG2	PSMG3	PSMG4
cluster_612	5	DLG3	DLG4	GRIN2A	GRIN2B	PTK2B
cluster_613	4	EMD	LBR	LMNB1	TMPO
cluster_614	4	FOXO1	FOXO4	SGK2	SGK3
cluster_615	4	BTAF1	DRAP1	TBP	TBPL1
cluster_616	5	IMPA1	IMPA2	IMPAD1	INPP4A	INPP4B
cluster_617	4	CCND1	CDK4	PRMT5	WDR77
cluster_618	4	NLGN4Y	TMSB4Y	USP9Y	ZFY
cluster_619	5	CHUK	IRF7	MYD88	SPP1	TRAF3
cluster_620	5	ADGRD1	KPNB1	RANBP2	RANGAP1	XPO1
cluster_621	4	DEFA1	DEFA1B	DEFA3	DEFB4A
cluster_622	4	LIPE	PLIN1	PRKG1	PRKG2
cluster_623	4	ATG5	BECN1	HTT	SQSTM1
cluster_624	4	ADO	CSAD	GAD2	GADL1
cluster_625	4	ALB	CRP	INS	MB
cluster_626	4	HIF1A	MYC	SLC2A1	TP53
cluster_627	6	CTH	KYAT1	KYAT3	TXNRD1	TXNRD2	TXNRD3
cluster_628	4	B4GALT1	B4GALT2	B4GALT3	POMGNT1
cluster_629	4	CYBRD1	HEPH	SLC11A2	SLC40A1
cluster_630	4	GID8	MKLN1	MPHOSPH8	RANBP9
cluster_631	4	LRP1	MMP9	PLAT	SERPINE1
cluster_632	5	GOT2	NUP107	NUP133	NUP214	NUP85
cluster_633	4	HCN1	HCN2	HCN3	HCN4
cluster_634	6	FAM20C	MT-ND1	MT-ND3	MT-ND4	MT-ND4L	MT-ND5
cluster_635	4	ELN	FBN1	MFAP1	MFAP2
cluster_636	4	NPLOC4	SPRTN	UFD1	VCP
cluster_637	4	UBA1	UBA6	UBA7	UBE2R2
cluster_638	4	KCNN1	KCNN2	KCNN3	KCNN4
cluster_639	7	FAF1	FAF2	NPLOC4	RNF125	UBXN1	UBXN7	UFD1
cluster_640	9	LPCAT3	MBOAT1	PEMT	PISD	PLD2	PLD3	PLD4	PTDSS1	PTDSS2
cluster_641	4	AMH	NR0B1	NR5A1	SOX9
cluster_642	4	DAG1	DMD	DTNA	PLEC
cluster_643	4	B3GALNT1	B3GALT5	GBGT1	NAGA
cluster_644	4	BRCA1	BRCA2	EMSY	PALB2
cluster_645	5	CLEC7A	FCER1G	SYK	TREM2	TYROBP
cluster_646	4	CRY1	CRY2	PRH1	PRH2
cluster_647	5	MTMR3	MTMR4	PIKFYVE	PIP4P1	PIP4P2
cluster_648	4	AANAT	IDO1	IDO2	INMT
cluster_649	7	AFDN	AFF1	DOT1L	ELL	KMT2A	MLLT1	MLLT3
cluster_650	4	AGPAT3	AGPAT4	LCLAT1	MBOAT7
cluster_651	4	IMPA1	IMPA2	ISYNA1	MIOX
cluster_652	4	CREB1	EP300	HBZ	JUN
cluster_653	4	RRM1	RRM2	RRM2B	TXN
cluster_654	4	ATOX1	ATP7A	ATP7B	CP
cluster_655	6	EP300	JUN	KLF2	MYC	NFKB1	RELA
cluster_656	4	G6PD	H6PD	PGLS	RBM45
cluster_657	4	B4GALT1	B4GALT2	GLB1	LCT
cluster_658	5	AGO1	AGO2	DICER1	DROSHA	TSN
cluster_659	4	EPS8L2	ESPN	ESPNL	MYO3A
cluster_660	4	BCAT1	BCAT2	GCLC	GCLM
cluster_661	4	NGLY1	PSMC1	RAD23A	RAD23B
cluster_662	5	GNAI1	GNB1	GNG2	IGHV3-16	SMO
cluster_663	4	LPCAT3	LPCAT4	PTDSS1	PTDSS2
cluster_664	6	CDC42	IQGAP1	RAC1	RAC2	RAC3	RHOA
cluster_665	4	CDH17	CDH5	CTNND1	NECTIN1
cluster_666	4	DEFB105A	DEFB106B	DEFB107A	DEFB108B
cluster_667	4	MAP2K3	MAP2K6	RAP1A	RAP1B
cluster_668	5	ANKLE2	PPP2CA	PPP2CB	PPP2R1A	PPP2R2A
cluster_669	8	CREB1	CREBBP	EP300	ESR1	FOS	MYC	REL	TP53
cluster_670	4	NOL8	RRAGA	RRAGC	RRAGD
cluster_671	8	DEK	EP300	H2AC18	H2AC20	H2BC21	H3C12	H4C6	SMARCA5
cluster_672	7	CYP27B1	NCOA1	NCOA2	NCOA3	NCOR1	RXRA	RXRG
cluster_673	4	HSP90AA1	HSP90AB1	TGFBR1	TGFBR2
cluster_674	4	NFKBID	REL	RELA	RELB
cluster_675	4	GTF2B	LGALS4	TAF12	TBP
cluster_676	5	BIRC7	DIABLO	DIABLO-2	KCNJ11	XIAP
cluster_677	4	A2M	HP	HPX	LRP1
cluster_678	4	ABI1	BAIAP2	ENAH	WASL
cluster_679	4	DHX9	EIF2AK2	ILF2	ILF3
cluster_680	4	ENPP6	GDPD1	GDPD3	TMEM86B
cluster_681	5	AARS1	ASNS	GARS1	IARS1	NARS1
cluster_682	4	PPP3CB	PPP3R1	PPP3R2	WDR92
cluster_683	6	BCL2	CCND1	CDKN2A	LOC102723407	MYC	TP53
cluster_684	5	CYLD	IKBKG	TRAF2	TRAF6	USP7
cluster_685	6	AMFR	FAF2	NPLOC4	UFD1	USP13	VCP
cluster_686	4	ALK	EML4	KIF5B	KLC1
cluster_687	4	MTPAP	PAPOLA	PAPOLB	PAPOLG
cluster_688	4	CD36	GP1BA	GP5	GP9
cluster_689	4	USP8	YWHAB	YWHAE	YWHAZ
cluster_690	5	ARNTL	BHLHE41	HIF1A	PER2	RORA
cluster_691	6	BCKDHA	DLD	DLST	MRPS36	OGDH	OGDHL
cluster_692	4	PACSIN1	PACSIN2	PACSIN3	WASL
cluster_693	5	GNPAT	GPD1	GPD1L	GPD2	TKFC
cluster_694	4	ATG12	BECN1	CAV1	MAP1LC3B
cluster_695	4	ATP4B	LHPP	PPA1	PPA2
cluster_696	5	PANK1	PANK2	PANK3	VNN1	VNN2
cluster_697	6	AKT1	BCL2	BCL2L1	ITPR1	ITPR3	MCL1
cluster_698	6	CHIA	CHIT1	HEXA	HEXB	NAGK	RENBP
cluster_699	4	POLR2A	SETX	SUPT4H1	SUPT5H
cluster_700	4	DNAH1	DNAH12	DNAH14	DNAH5
cluster_701	4	BLZF1	GOLGA2	GORASP1	GORASP2
cluster_702	4	BCAR1	NPHP1	NPHP4	PTK2B
cluster_703	4	GABRA4	GABRB1	GABRB2	GABRB3
cluster_704	6	NDUFB6	NDUFS2	NDUFS3	NDUFS4	NDUFV2	SNCA
cluster_705	5	BBS4	BBS5	BBS9	NME3	TTC8
cluster_706	5	GH1	GH2	GHR	GHRH	GHRHR
cluster_707	4	CAMK2A	CAMK2B	RAP1A	RAP1B
cluster_708	4	DEFB1	DEFB103A	DEFB4A	S100A7
cluster_709	7	ARNT	EGLN1	EGLN2	EGLN3	EIF5B	EPAS1	HIF3A
cluster_710	4	B4GALNT3	B4GALNT4	CHST8	CHST9
cluster_711	6	CCND1	CCND2	CDK4	CDK6	CDKN2C	CDKN2D
cluster_712	4	L1CAM	NRP1	PLXNA1	SEMA3A
cluster_713	17	CENPA	CENPC	CENPH	CENPI	CENPK	CENPL	CENPM	CENPN	CENPO	CENPP	CENPQ	CENPT	CENPU	CENPW	ITGB3BP	MIS18A	MIS18BP1
cluster_714	7	CCL2	CCL5	CXCL12	CXCR2	CXCR4	IL6	MIF
cluster_715	6	CCDC151	IFT22	IFT46	IFT74	IFT81	IFT88
cluster_716	6	AGER	IL1B	NFKB1	TLR2	TLR4	TLR9
cluster_717	4	BMP2	BMP6	GREM1	NOG
cluster_718	6	ANK1	ANK2	ANK3	SPTA1	SPTB	SPTBN5
cluster_719	4	CHRNA7	CHRNA9	CHRNB2	CHRNB4
cluster_720	4	DNMT1	HDAC1	RFX1	SUV39H1
cluster_721	7	CD4	FOXP3	IFNG	IL10	IL17A	IL4	MOG
cluster_722	5	ACOT12	ACSS1	ACSS2	ACYP1	ACYP2
cluster_723	4	EGF	EGFR	FGF2	S100A4
cluster_724	4	KIF5A	KIF5B	KIF5C	TRAK1
cluster_725	5	CHAT	CHKA	CHKB	GPCPD1	PHOSPHO1
cluster_726	4	IRF2	IRF2BP1	IRF2BP2	IRF2BPL
cluster_727	4	NSMCE3	SMC5	SMC6	ZNF597
cluster_728	7	JAG1	NOTCH1	NOTCH2	NOTCH3	NOTCH4	NUMB	NUMBL
cluster_729	4	ADAM22	ADAM23	CACNG2	LGI1
cluster_730	9	ARG1	ARG2	ASL	ASS1	AZIN2	NOS1	NOS2	NOS3	OTC
cluster_731	7	MT-CO1	MT-CYB	MT-ND4	MT-ND4L	MT-ND5	MT-ND6	UCN
cluster_732	4	CSNK2A1	CSNK2A2	CSNK2A3	CSNK2B-2
cluster_733	4	B3GALT6	B4GALT7	XYLT1	XYLT2
cluster_734	31	CCNC	CDK19	MED1	MED10	MED11	MED12	MED12L	MED13	MED13L	MED15	MED16	MED17	MED18	MED19	MED20	MED21	MED22	MED23	MED24	MED25	MED26	MED27	MED28	MED29	MED30	MED4	MED6	MED8	MED9	PPARGC1B	THRAP3
cluster_735	6	EHMT2	EZH2	HDAC1	HDAC2	PRDM1	SIN3A
cluster_736	7	GLO1	NDUFA6	NDUFS2	NDUFS8	SDHA	SDHC	SDHD
cluster_737	4	CDC40	LENG1	PPIL1	SLU7
cluster_738	4	FGF23	GALNT3	KL	PHEX
cluster_739	4	PRSS1	PRSS2	PRSS3	SPINK1
cluster_740	4	AP5Z1	SPG11	SPG21	ZFYVE26
cluster_741	9	CCND1	CDKN1A	CDKN2A	CTNNB1	EP300	MDM2	MYC	RUNX3	TP53
cluster_742	4	ADPRM	NUDT5	NUDT9	PGM2
cluster_743	4	COL9A1	COL9A2	COL9A3	SLC26A2
cluster_744	5	LAGE3	NUP43	OSGEP	TP53RK	TPRKB
cluster_745	4	ANO1	CLCA1	CLCA2	CLCA4
cluster_746	4	DSP	EVPL	PKP1	PKP3
cluster_747	6	EEF1B2	PFDN5	RPL11	RPL31	RPLP2	RPS3A
cluster_748	5	IFI35	PSMB10	PSMB8	PSMB9	PSME2
cluster_749	7	ARID2	BRD7	NUP50	PBRM1	SMARCC2	SMARCD1	SMARCD3
cluster_750	4	ABL1	CDC42	RAC2	RAC3
cluster_751	4	GP2	SV2A	SV2B	SV2C
cluster_752	4	RBPJ	RBPJL	TBPL1	TBPL2
cluster_753	4	DLG1	DLG3	DLG4	GDA
cluster_754	9	ABL1	ATM	BRCA1	MRE11	PARP1	PRKDC	RAD51	RAD52	XRCC6
cluster_755	6	FAU	RPL31	RPL35	RPL37	RPL39	TOMM7
cluster_756	5	AMPH	DNM1	DNM2	DNM3	SNX9
cluster_757	6	BCCIP	CCNT1	CCNT2	CDK12	CDK13	CDK9
cluster_758	6	DYNC1I1	DYNC1LI1	DYNC2H1	DYNLT3	NUDCD3	WDR34
cluster_759	4	BMP15	FIGLA	NOBOX	POF1B
cluster_760	4	DSC1	DSG1	DSG3	PKP1
cluster_761	4	DDOST	PDIA6	RPN1	RPN2
cluster_762	4	DUOX1	DUOX2	DUOXA1	NOX5
cluster_763	4	LCE3D	SPRR2D	SPRR2E	SPRR2G
cluster_764	5	NCOA1	NCOR1	NCOR2	NR4A1	RXRA
cluster_765	4	GNAT1	GNGT1	RHO	SAG
cluster_766	27	ADRM1	PSMA1	PSMA2	PSMA3	PSMA4	PSMA5	PSMA6	PSMA7	PSMB1	PSMB2	PSMB3	PSMB4	PSMB5	PSMB6	PSMB7	PSMC1	PSMC2	PSMC3	PSMC4	PSMD11	PSMD14	PSMD2	PSMD4	PSMD7	PSMD9	SOD1	VCP
cluster_767	4	CRLF2	IL7R	KLK11	TSLP
cluster_768	4	ERCC2	ERCC3	GTF2H1	IMMT
cluster_769	5	SCN10A	SCN1B	SCN2B	SCN3B	TRPM4
cluster_770	5	CGN	OCLN	SYMPK	TJP1	TJP2
cluster_771	10	ALDH4A1	EARS2	EPRS1	GAD1	GAD2	GLS	GLS2	GLUD1	GLUD2	GLUL
cluster_772	4	GATA3	RARA	RUNX1	SPI1
cluster_773	4	TEC	VAV1	VAV2	VAV3
cluster_774	6	E2F1	E2F4	LIN52	LIN9	MYBL2	TFDP1
cluster_775	6	CDK5RAP2	CENPJ	CEP152	MCPH1	STIL	WDR62
cluster_776	11	BRF1	BRF2	MAF1	POLR1C	POLR3A	POLR3B	POLR3C	POLR3D	POLR3E	POLR3F	POLR3G
cluster_777	6	AXIN1	CAV1	FZD5	GSK3B	LRP6	WNT3A
cluster_778	5	CEBPB	CREB1	EGR1	FOS	SRF
cluster_779	6	CYBB	DUOX1	NCF1	NOX1	NOX4	XDH
cluster_780	4	FAF1	HSPA1A	HSPA1B	HSPA4
cluster_781	4	COX10	COX15	CYC1	HCCS
cluster_782	4	APH1A	NCSTN	PSENEN	TNF
cluster_783	4	DCP2	UPF1	XRN1	ZFP36L1
cluster_784	6	CCDC22	CCDC93	SNX17	VPS26C	VPS29	VPS35L
cluster_785	5	SPTA1	SPTAN1	SPTB	SPTBN1	SPTBN5
cluster_786	7	HNRNPA1	HNRNPA2B1	HNRNPC	HNRNPDL	PCBP1	PKM	PTBP1
cluster_787	4	ALG12	ALG3	ALG5	BAIAP2
cluster_788	4	COPB1	COPG1	COPG2	GBF1
cluster_789	4	NOP56	NOP58	ZNHIT3	ZNHIT6
cluster_790	8	KPNB1	NPM1	NUP214	NUP62	NUP98	RAN	RANBP2	XPO1
cluster_791	5	CCNC	CDK8	FBXW7	MED13	MED13L
cluster_792	5	AOC2	AOC3	GLO1	MAOA	MAOB
cluster_793	4	AMOT	LATS1	PTPN14	WWC1
cluster_794	4	CALCOCO2	MYO6	OPTN	TAX1BP1
cluster_795	6	GTF2I	HDAC1	HDAC2	HDAC3	KDM1A	MYC
cluster_796	4	ANKRD31	CCDC36	MEI4	REC114
cluster_797	4	BARD1	BRCA1	CSTF1	CSTF2
cluster_798	11	CATSPER1	CATSPER2	CATSPER4	CATSPERB	CATSPERD	CATSPERE	CATSPERG	CATSPERZ	EFCAB9	TMEM249	TMEM262
cluster_799	7	COLEC10	FCN1	FCN2	FCN3	KIR3DL1	MASP1	MASP2
cluster_800	4	OVGP1	ZP1	ZP2	ZP4
cluster_801	7	GNLY	JAG1	MAML1	MAML2	MAML3	NOTCH1	RBPJ
cluster_802	6	CLP1	CPSF1	CPSF4	TSEN15	TSEN34	TSEN54
cluster_803	4	CYBA	NOX1	NOXO1	RFK
cluster_804	8	FBL	IMP4	MRTO4	NHP2	NIFK	NIP7	NOP16	WDR12
cluster_805	5	MED1	MED13	MED14	MED23	NR1I3
cluster_806	4	PLD1	PLD2	RRAS	RRAS2
cluster_807	4	C1QA	C1QB	MS4A4A	VSIG4
cluster_808	4	ENPP1	FGF23	PHEX	SLC34A3
cluster_809	4	CBFB	MYH11	MYL9	RUNX1
cluster_810	4	KRT1	KRT10	KRT2	KRT77
cluster_811	4	IGKV1-33	IGKV1D-33	SP140	SP140L
cluster_812	5	H2BC1	H2BC13	H2BU1	HLA-DRA	HLA-DRB1
cluster_813	4	PLEC	SYNE1	SYNE3	SYNE4
cluster_814	4	DERL2	DERL3	ERGIC2	SEL1L
cluster_815	4	GATA4	NKX2-5	TBX3	TBX5
cluster_816	8	DNAJC24	DPH1	DPH2	DPH3	DPH5	DPH6	DPH7	EEF2
cluster_817	4	EIF2S1	EIF2S2	EIF5	RABIF
cluster_818	6	DLAT	PDHA1	PDHB	PDK2	PDK3	STAT5A
cluster_819	4	HMGCR	NPC1	SREBF1	SREBF2
cluster_820	7	BCAT1	BCAT2	BCKDHA	BCKDHB	CTH	SDS	SDSL
cluster_821	5	B3GALT1	B3GALT2	B3GALT5	B4GALT2	C1GALT1
cluster_822	4	CSH1	CSH2	GH2	LGALS1
cluster_823	7	ADRA1D	DMD	DTNA	SNTA1	SNTB1	SNTB2	UTRN
cluster_824	4	CTU1	DDX56	FTSJ3	WDR74
cluster_825	7	DVL1	DVL2	DVL3	NOTCH1	NOTCH2	NOTCH3	NOTCH4
cluster_826	12	CDC42EP4	SEPTIN1	SEPTIN10	SEPTIN11	SEPTIN12	SEPTIN14	SEPTIN2	SEPTIN3	SEPTIN5	SEPTIN6	SEPTIN7	SEPTIN8
cluster_827	4	ACACA	ACACB	GART	PPAT
cluster_828	4	APOB	APOE	APP	SORT1
cluster_829	4	G6PC	G6PC2	G6PC3	SLC37A4
cluster_830	4	MOCS3	MPST	TST	URM1
cluster_831	4	ARHGEF7	SHANK1	SHANK2	SHANK3
cluster_832	4	ITCH	MAP3K7	MAVS	TRAF6
cluster_833	4	CLIC5	GRXCR1	GRXCR2	TPRN
cluster_834	4	COX7A2	COX7C	HINT1	UQCRQ
cluster_835	4	GALNT14	MUC13	MUC2	MUC5AC
cluster_836	9	PDRG1	PFDN6	PIH1D1	PPP1CA	PPP1CC	RPAP3	URI1	UXT	WDR92
cluster_837	4	NCL	PARP1	XRCC5	XRCC6
cluster_838	5	HLTF	SHPRH	UBE2B	UBE2N	UBE2V2
cluster_839	6	MTREX	PDCD11	TARBP1	TBL3	UTP20	UTP4
cluster_840	4	GLRA1	GLRB	GPHN	SLC6A5
cluster_841	4	ASXL1	IDH1	IDH2	TET2
cluster_842	4	DCDC1	DNAJC24	IMMP1L	MPPED2
cluster_843	4	ARF1	PRKD1	PRKD2	PRKD3
cluster_844	7	CFAP45	EFHB	EFHC1	EFHC2	ENKUR	PACRG	WDR90
cluster_845	5	ACTN2	CAMK2A	CAMK2B	DLG4	GRIN2B
cluster_846	5	GSK3A	MAP3K7	TAB1	TAB2	TLR3
cluster_847	9	CEBPA	CEBPB	CEBPD	CREB1	CREBBP	EP300	FOS	JUN	STAT3
cluster_848	4	RABIF	RAN	RANGAP1	RCC1
cluster_849	5	CCNL2	CDK2	CDK4	CDK6	CHKA
cluster_850	4	CCNE1	CCT2	CCT4	CCT7
cluster_851	4	PLXNB1	RHOA	RND1	SEMA4D
cluster_852	4	DGCR8	DICER1	DROSHA	RNH1
cluster_853	5	MTOR	RICTOR	RPS6KB1	SIRT1	TSC2
cluster_854	4	CYP11B2	HSD11B1	HSD11B2	NR3C2
cluster_855	4	BOP1	PES1	WDR12	WDR55
cluster_856	5	ERC2	MZT1	TUBG1	TUBGCP2	TUBGCP3
cluster_857	5	GNAS	GNB1	GNG2	IGHV3-16	MC1R
cluster_858	6	PSMD14	PSMD2	PSMD4	PSME4	UBE3C	USP14
cluster_859	4	BECN1	MAP1LC3B	NEDD4	SQSTM1
cluster_860	4	HSP90AA1	HSPA4	HSPA5	PRNP
cluster_861	4	ACKR3	ATP5F1A	ATP5F1B	ATP5PO
cluster_862	4	BRCA1	POU2F1	XRCC5	XRCC6
cluster_863	4	LRRK2	SH3GL1	SH3GL2	SH3GL3
cluster_864	4	BACE1	MAPT	PSEN1	PSEN2
cluster_865	5	CCNL2	CDK2	CDK4	CDKN1C	CIB1
cluster_866	4	ABCD1	ABCD2	ABCD3	SLC27A2
cluster_867	4	CRYBB2	GJA3	GJA8	MIP
cluster_868	5	CHUK	IKBKB	IKBKE	TBK1	TRIM27
cluster_869	4	GOLGA7	HRAS	NRAS	ZDHHC9
cluster_870	4	NUP62	NUP93	NXF1	SH2D3A
cluster_871	5	HAUS1	HAUS2	HAUS4	HAUS6	PCM1
cluster_872	6	ETV6	HRAS	KRAS	NRAS	PIK3CA	PIK3R1
cluster_873	5	BIRC6	BIRC7	CASP3	CASP7	DIABLO
cluster_874	4	ABCA12	CYP4F22	NIPAL4	PNPLA1
cluster_875	6	FBXO5	MRPL17	MRPL27	MRPS16	MRPS6	MRPS9
cluster_876	4	BUB1	BUB1B	BUB3	UBR5
cluster_877	9	DHX34	SMG1	SMG5	SMG6	SMG7	SMG8	UPF1	UPF2	UPF3A
cluster_878	5	FBXW7	MAML1	NOTCH1	NOTCH4	RBPJ
cluster_879	4	EPHX2	PRKAG1	PRKAG2	PRKAG3
cluster_880	4	PHF23	SIN3A	SIN3B	SUDS3
cluster_881	4	IGKV1-33	IGKV1D-33	KLK5	ST14
cluster_882	4	MUTYH	NTHL1	NUDT1	OGG1
cluster_883	8	CLSPN	PRIM1	PRIMPOL	RPA1	RPA2	RPA3	TIMELESS	TIPIN
cluster_884	5	AUP1	DERL2	ERLEC1	FAM8A1	OS9
cluster_885	12	ADD1	ADD2	ADD3	ANK1	ANK2	ANK3	CALM3	CALML3	CALML4	CALML5	CALML6	EPB41
cluster_886	5	COX4I1	CYCS	MT-CO1	PPARGC1A	UQCRC2
cluster_887	5	NCOA1	NCOA2	NCOA3	NCOR2	NR5A2
cluster_888	4	ACTB	CASP3	GAPDH	MAPT
cluster_889	4	CIITA	MEFV	NAIP	PYCARD
cluster_890	16	CYC1	HTT	MT-CYB	SDHA	SDHB	SDHC	SDHD	UQCR10	UQCR11	UQCRB	UQCRC1	UQCRC2	UQCRFS1	UQCRH	UQCRHL	UQCRQ
cluster_891	5	BUB1B	BUB3	CDC20	PLK1	TAOK1
cluster_892	7	CSDE1	DHX9	HNRNPD	HNRNPU	PABPC1	SYNCRIP	YBX1
cluster_893	4	CALR	CANX	ITPR1	ITPR3
cluster_894	4	CBFB	RUNX1	RUNX1T1	SPI1
cluster_895	5	CLTA	CLTB	CLTC	DAB2	MYO6
cluster_896	4	EPS8	GPSM2	MYO15A	WHRN
cluster_897	11	BARD1	BRCA1	BRCA2	CHEK1	PALB2	RAD51	RAD51C	RAD52	RPA1	SEM1	XRCC3
cluster_898	4	IRF7	NMI	STAT1	STAT2
cluster_899	4	CD44	FN1	THBS1	TNFAIP6
cluster_900	4	CLN5	CLN6	DNAJC5	MFSD8
cluster_901	4	GOLGA2	RAB1A	RAB1B	RUSC2
cluster_902	5	CCDC8	CUL7	CUL9	FBXW8	OBSL1
cluster_903	9	BCL9	BCL9L	LEF1	PYGO2	TCF4	TCF7L2	TLE1	TLE3	TLE4
cluster_904	4	PSTPIP1	WAS	WASL	WIPF1
cluster_905	5	GNRH1	KISS1	KISS1R	NPVF	TAC3
cluster_906	8	AHSG	APOA1	APOA2	APOA5	APOB	APOC3	APOH	FABP1
cluster_907	5	EGR1	FOS	MAPK1	MAPK3	NPAS4
cluster_908	14	AKT1S1	DEPTOR	EIF4EBP1	FKBP1A	MAPKAP1	MLST8	MTOR	RHEB	RICTOR	RPS6KB1	RPS6KB2	RPTOR	TSC1	TSC2
cluster_909	10	BRD8	EP400	EPC1	EPC2	FOXR1	FOXR2	ING3	KAT5	MBTD1	MRGBP
cluster_910	4	MIS18A	MIS18BP1	RBBP4	RBBP7
cluster_911	4	ENSP00000497443	GH1	GHR	PRLR
cluster_912	4	BTF3L4	NUP155	NUP205	NUP93
cluster_913	8	DNM1L	FIS1	MFN1	MFN2	PINK1	PRKN	TFAM	TOMM20
cluster_914	6	ACTA1	KBTBD13	NEB	TNNT1	TPM2	TPM3
cluster_915	4	ANXA1	ANXA2	ANXA6	TRIM72
cluster_916	4	EHD1	EHD3	RAB5A	RBSN
cluster_917	5	ACTB	ENO1	GAPDH	PGK1	PPIA
cluster_918	5	COQ3	COQ5	COQ7	COQ9	NDUFA9
cluster_919	4	BMI1	CBX6	CBX8	MOV10
cluster_920	4	EZR	FADD	FAS	FASLG
cluster_921	5	BRCA1	BRCA2	RAD51	TP53BP1	USP11
cluster_922	7	CCDC120	CCDC61	CEP128	CEP170	CNTRL	NIN	ODF2
cluster_923	5	AGER	SFTPA1	SFTPB	SFTPC	SFTPD
cluster_924	4	HERC2	PIAS4	RNF168	RNF8
cluster_925	4	BRD4	DMAP1	EP400	KAT5
cluster_926	4	CCNA1	CCNA2	ELAVL1	FOXM1
cluster_927	6	CHRNA3	CHRNA4	CHRNA6	CHRNB2	CHRNB4	JAK2
cluster_928	4	BICD2	NEK6	NEK7	NEK9
cluster_929	4	ADA	HPRT1	PNP	XDH
cluster_930	4	FCGR3A	FCGR3B	MNDA	TYROBP
cluster_931	7	ARAF	ARRB1	ARRB2	BRAF	KSR1	MAP2K1	RAF1
cluster_932	4	SKIL	SMAD1	SMAD6	SMAD7
cluster_933	9	CREBBP	CTNNB1	EP300	FBXW7	JUN	MYC	SMARCA4	STAT3	TP53
cluster_934	4	ABCD4	LMBRD1	MMACHC	MMADHC
cluster_935	4	RDH10	RDH5	RGR	RLBP1
cluster_936	4	ADAM17	TNF	TNFRSF1A	TNFRSF1B
cluster_937	6	KIR2DL1	KIR2DL4	KIR3DL1	KIR3DL2	KIR3DL3	STAC
cluster_938	5	BMP1	BMP2	BMP7	BMPR2	CHRD
cluster_939	4	CNOT1	CNOT4	CNOT9	RIDA
cluster_940	4	CREBBP	EP300	JUN	SOX9
cluster_941	5	CKAP5	CLIP1	MAPRE1	MAPRE2	MAPRE3
cluster_942	5	CCT2	CCT3	CCT7	TCP1	TXNDC9
cluster_943	21	ATP5F1A	ATP5F1C	ATP5F1D	ATP5F1E	ATP5IF1	ATP5MC1	ATP5MC2	ATP5MC3	ATP5MD	ATP5ME	ATP5MF	ATP5MG	ATP5MGL	ATP5MPL	ATP5PB	ATP5PD	ATP5PF	ATP5PO	C17orf80	DMAC2L	H7C0C1_HUMAN
cluster_944	4	DLG4	GRIA1	GRIN2B	KALRN
cluster_945	4	PLEKHM1	SNAP29	STX17	VAMP8
cluster_946	4	PPP1R3A	RHAG	RHCE	RHD
cluster_947	4	MSI1	MSI2	NUMB	NUMBL
cluster_948	4	D2HGDH	DMAP1	MEAF6	TRRAP
cluster_949	4	CSF2	IGHV3-72	IL6	LIF
cluster_950	6	KIR2DL1	KIR2DL3	KIR2DL4	KLRC1	KLRC2	KLRD1
cluster_951	4	BCAP31	CALR	CANX	PDIA3
cluster_952	4	CNOT1	CNOT7	CNOT8	PUM1
cluster_953	5	FUS	MATR3	MATR3-2	TARDBP	VCP
cluster_954	5	GNL2	GTPBP4	MAK16	RBM34	RRP8
cluster_955	4	ACTG2	CALD1	LMOD1	MYH11
cluster_956	4	DDX46	MAVS	TRAF3	TRAF6
cluster_957	5	BYSL	DUS1L	NAT10	NOC4L	WDR36
cluster_958	4	BAK1	BAX	BCL2L11	ERN1
cluster_959	4	FIP1L1	JAK2	PDGFRA	PDGFRB
cluster_960	4	PIAS4	SMAD3	SMAD4	SMAD7
cluster_961	4	SGCE	SNTA1	SNTG1	SSPN
cluster_962	4	CDC7	ELN	MCM4	MCM5
cluster_963	7	CELSR1	DVL1	FZD6	PTK7	SCRIB	VANGL1	VANGL2
cluster_964	23	ACER1	ACER2	ASAH2	CERK	CERS2	CERS3	CERS4	CERS5	CERS6	DEGS1	DEGS2	ENPP7	GBA	KDSR	SGMS1	SGMS2	SGPP1	SGPP2	SMPD1	SMPD2	SMPD3	SMPD4	UGCG
cluster_965	5	CALML3	CALML4	CALML5	CALML6	JAK2
cluster_966	4	ARPC3	DOCK8	WAS	WIPF1
cluster_967	5	PABPC1	PPP2CA	SMG5	SMG7	UPF1
cluster_968	6	CAPRIN1	FXR1	FXR2	G3BP1	G3BP2	UBAP2L
cluster_969	5	HNRNPA1	HNRNPA2B1	HNRNPC	PTMA	SRSF3
cluster_970	9	EWSR1	FUS	HNRNPA1	HNRNPA2B1	HNRNPD	HNRNPH1	HNRNPM	SRSF2	TNPO1
cluster_971	5	ACTB	ACTG1	ENAH	EVL	PFN2
cluster_972	4	ACTR2	ACTR3	ARPC1B	MYH9
cluster_973	4	GFER	MOB1A	MOB1B	SAV1
cluster_974	4	SNX2	SORT1	VPS26A	VPS35
cluster_975	5	MGAT4A	MGAT4B	MGAT5	MGAT5B	POMGNT1
cluster_976	6	HCST	PIK3AP1	PIK3CA	PIK3R1	PIK3R2	PIK3R3
cluster_977	6	H2AC18	H2AC20	H3-3B	H3C12	H3C13	RRP8
cluster_978	5	COL7A1	MIA3	SEC23A	SEC24A	SEC24B
cluster_979	4	ASAP1	RAB11A	RAB3IP	RAB8A
cluster_980	4	HDAC3	NCOR1	NCOR2	RBM15
cluster_981	4	EXOSC10	EXOSC9	MTREX	SETX
cluster_982	4	MC4R	NEGR1	SH2B1	TMEM18
cluster_983	5	EIF2B2	EIF2B3	EIF2B4	EIF2B5	OPN3
cluster_984	4	HINT1	RPL17	RPL27	RPL35A
cluster_985	5	ATOX1	ATP7A	CCS	COX17	SOD1
cluster_986	4	LIAS	LIPT1	LIPT2	NFU1
cluster_987	4	CD3D	CD3E	CD3G	HMBS
cluster_988	14	ANKRD55	CLUAP1	IFT172	IFT20	IFT22	IFT27	IFT46	IFT52	IFT74	IFT80	IFT81	TTC26	TTC30A	TTC30B
cluster_989	4	ADSS1	ADSS2	ATIC	DOHH
cluster_990	5	GSE1	HMG20A	HMG20B	RCOR3	SNAI1
cluster_991	5	CXCL8	IL1B	MMP9	S100A12	TLR4
cluster_992	5	KLHL7	PRPF3	PRPF31	PRPF8	SNRNP200
cluster_993	4	MTERF1	POLRMT	TEFM	TFB2M
cluster_994	4	CAV2	CAV3	HSP90AA1	HSP90AB1
cluster_995	4	C1orf194	C9orf135	CFAP126	TEKT1
cluster_996	4	CASP1	MEFV	NLRP3	P2RX7
cluster_997	4	SMAD2	SMAD3	SMAD7	SNW1
cluster_998	4	TRMT12	TRMT5	TYW1	TYW3
cluster_999	5	PRNP	PSMA3	PSMB5	PSMD14	PSMD2
cluster_1000	4	COP1	DET1	ETV5	STK40
cluster_1001	4	ALK	EML4	TPM3	TPM4
cluster_1002	4	EBI3	IGHV3-16	IGHV3-43D	IL27
cluster_1003	9	DYNC2LI1	DYNLL2	DYNLRB2	DYNLT1	DYNLT3	TCTEX1D1	TCTEX1D4	WDR34	WDR60
cluster_1004	4	MCU	MICU1	MICU2	PHB2
cluster_1005	9	ATM	ATR	BRCA2	CHEK1	H2AX	MCPH1	MDC1	RAD51	TOPBP1
cluster_1006	8	BTK	FCER1G	LOC102723407	LYN	PLCG1	PLCG2	SYK	ZAP70
cluster_1007	4	EIF2B1	EIF2B2	EIF2B4	TYMP
cluster_1008	4	BRD2	BRD3	HLA-DMA	HLA-DOA
cluster_1009	6	GFPT1	GFPT2	GPI	MPI	PGM3	PUDP
cluster_1010	5	GPS2	SUPT3H	TADA3	TAF10	TAF12
cluster_1011	4	KCTD10	KCTD13	POLD2	TNFAIP1
cluster_1012	4	ANPEP	CD7	DPP4	MME
cluster_1013	4	EPM2A	GSK3B	GYS1	GYS2
cluster_1014	4	ABCC8	KCNJ11	RAPGEF3	RAPGEF4
cluster_1015	6	CCNB1	CDK1	CENPA	KIF20A	LMNB1	ZWINT
cluster_1016	4	EPRS1	ETF1	GSPT1	GSPT2
cluster_1017	5	APOC1	APOC2	APOE	APP	TOMM40
cluster_1018	4	SND1	STAT5A	STAT5B	STAT6
cluster_1019	4	DAG1	MUSK	RAPSN	UTRN
cluster_1020	4	DDX58	IFIH1	MAVS	PCBP2
cluster_1021	8	CALM3	CALML3	CALML4	CALML5	CALML6	PPP1CA	PPP1CB	PPP1CC
cluster_1022	5	PPIA	RPL13A	RPL23A	RPL4	RPLP0
cluster_1023	5	ISG15	MX1	MX2	USP18	USP41
cluster_1024	10	DNAAF1	DNAAF2	DNAH11	DNAH5	DNAI1	DNAI2	NME8	RPGR	RSPH4A	RSPH9
cluster_1025	7	APAF1	CASP9	CYCS	DIABLO	DIABLO-2	ENDOG	HTRA2
cluster_1026	7	CLN3	CLN5	CLN6	CLN8	MFSD8	PPT1	TPP1
cluster_1027	6	CDC42EP4	SEPTIN11	SEPTIN12	SEPTIN2	SEPTIN4	SEPTIN8
cluster_1028	4	CFL1	CFL2	ROCK1	ROCK2
cluster_1029	4	HDAC3	HDAC4	NCOR1	NR2C1
cluster_1030	5	AP3B1	AP3B2	AP3D1	AP3M1	ARPIN-AP3S2
cluster_1031	4	IMP4	SPOUT1	UTP11	WDR46
cluster_1032	6	EP300	FOS	JUN	MAPK1	MAPK3	MITF
cluster_1033	4	CD4	CIITA	IFNG	STAT1
cluster_1034	4	AR	CAV1	ESR1	HIF1A
cluster_1035	4	APBB1IP	FERMT3	FYB1	SKAP1
cluster_1036	4	ADGRV1	SLC4A7	USH1C	USH2A
cluster_1037	4	PIM1	STAT3	STAT5A	STAT5B
cluster_1038	4	ENPP1	ENPP3	GDPD1	GDPD3
cluster_1039	4	DNAJC30	NDUFA7	NDUFB11	NDUFV3
cluster_1040	5	BIRC5	MED18	MED30	MED31	MED6
cluster_1041	4	AGPS	FAR1	FAR2	GNPAT
cluster_1042	5	ALKBH1	ALKBH2	ALKBH4	ALKBH7	JMJD4
cluster_1043	4	ANKS4B	CDHR2	CDHR5	MYO7B
cluster_1044	4	BRD2	BRD3	BRDT	DEFB1
cluster_1045	4	BDNF	COMT	MAOA	MAOB
cluster_1046	4	CYP26A1	CYP26B1	CYP26C1	STRA8
cluster_1047	4	DLL1	LEF1	NOTCH1	RBPJ
cluster_1048	4	MLANA	TRPM1	TYR	TYRP1
cluster_1049	8	CCNL2	CDK4	CDK6	CDKN1A	CDKN2A	E2F1	MDM2	TCHP
cluster_1050	4	JAG1	NOTCH1	RBPJ	RUNX3
cluster_1051	5	CTLA4	ICOSLG	LOC102723996	PDCD1LG2	VTCN1
cluster_1052	5	MZT2A	MZT2B	TUBG1	TUBGCP5	TXNDC12
cluster_1053	11	APPBP2	ASB4	COMMD1	FEM1B	FEM1C	GLMN	KLHDC10	KLHDC3	PRAME	ZER1	ZYG11B
cluster_1054	5	CEP97	NDUFS2	NDUFS3	NDUFS8	NDUFV1
cluster_1055	13	ACE2	ALB	CCL2	CD4	CD8A	CRP	IFNG	IL10	IL1B	IL2	IL6	TLR4	TNF
cluster_1056	4	HDAC1	RBBP4	RBBP7	SLBP
cluster_1057	5	CIITA	RFX1	RFX5	RFXANK	RFXAP
cluster_1058	7	CCL2	CCL5	CXCL11	CXCL8	IL1B	IL6	TNFAIP6
cluster_1059	4	ARMC8	RMND5B	UBE2H	WDR26
cluster_1060	4	ACP5	ENPP1	ENPP3	NUDT12
cluster_1061	4	CAPN1	CAPN2	CAST	SPTAN1
cluster_1062	4	PVR	SAMM50	TOMM22	TOMM7
cluster_1063	10	C1D	DIS3	DIS3L	EXOSC2	EXOSC3	EXOSC6	EXOSC7	HELZ2	MPHOSPH6	SUPV3L1
cluster_1064	4	ITGA5	ITGB1	L1CAM	LAMC1
cluster_1065	4	CYFIP1	CYFIP2	NCKAP1L	SRA1
cluster_1066	4	HNRNPC	HNRNPDL	PTBP1	RAVER1
cluster_1067	4	BRIX1	GAMT	GTPBP4	RPF2
cluster_1068	4	CCK	CCL28	GAST	PYY
cluster_1069	5	CAPN3	NEB	OBSCN	TCAP	TTN
cluster_1070	4	BCL2L11	BMF	DYNLL1	DYNLL2
cluster_1071	5	LDB1	LHX6	SSBP2	SSBP3	SSBP4
cluster_1072	8	ADRM1	COPS5	PSMC1	PSMC3	PSMD14	PSMD4	TXNL1	USP14
cluster_1073	6	AMBN	AMELX	AMTN	ENAM	FAM20A	FAM20C
cluster_1074	5	BCL9	TCF7L1	TCF7L2	TLE1	TLE3
cluster_1075	6	CYP27B1	FGF23	KL	PHEX	SLC34A1	SLC34A3
cluster_1076	4	F8A1	F8A2	F8A3	HTT
cluster_1077	5	HNF1A	HNF1B	HNF4A	ONECUT1	PDX1
cluster_1078	4	HSPA5	HSPA9	SIGMAR1	VDAC1
cluster_1079	4	CDC73	CTR9	LEO1	PHF6
cluster_1080	5	COA6	COX11	COX18	MT-CO2	SCO1
cluster_1081	4	CYSLTR1	CYSLTR2	LTB4R2	LTC4S
cluster_1082	4	NGRN	RPUSD3	RPUSD4	TRUB2
cluster_1083	7	GNB1	GNB2	GNB3	GNB4	GNB5	GNGT1	PDCL
cluster_1084	4	C4A	HLA-A	HLA-B	HLA-DRB1
cluster_1085	4	OR10A2	OR10A4	OR10A5	OR2D3
cluster_1086	5	CHMP2B	HGS	STAM	STAM2	UBQLN2
cluster_1087	5	STX1A	VAMP1	VAMP2	VAMP8	VAPA
cluster_1088	4	SLC28A1	SLC29A1	SLC29A2	SLC29A3
cluster_1089	6	AGO1	AGO2	DDX20	DICER1	GEMIN4	TARBP2
cluster_1090	4	APEX1	NEIL2	NTHL1	YBX1
cluster_1091	4	MXI1	NCOR1	SIN3A	SIN3B
cluster_1092	7	DUSP1	EGR1	FOS	FOSB	JUN	JUNB	ZFP36
cluster_1093	4	CHKB	CPT1A	CPT1B	CPT1C
cluster_1094	4	PRKCE	TRPA1	TRPV1	TRPV4
cluster_1095	4	KCNA1	KCNA3	KCNA6	SHPK
cluster_1096	6	PML	RNF4	SUMO1	SUMO2	SUMO3	UBE2I
cluster_1097	4	IL1B	IL2	TNF	UMOD
cluster_1098	5	RAB11FIP1	RAB11FIP2	RAB11FIP3	RAB11FIP5	RAB4A
cluster_1099	6	ALG1	DPM2	DPM3	GMDS	GMPPA	GMPPB
cluster_1100	6	CFL1	CFL2	IPO9	PFN1	PFN3	PFN4
cluster_1101	5	BDNF	CRH	NPY	POMC	SST
cluster_1102	11	ENSP00000487094	MAF1	POLR1C	POLR3A	POLR3B	POLR3C	POLR3E	POLR3F	POLR3GL	POLR3H	POLR3K
cluster_1103	6	AFTPH	AP1S1	AP1S2	AP3S1	AP5M1	SYNRG
cluster_1104	6	FOXO1	FOXO3	FOXO4	SMAD2	SMAD3	SMAD4
cluster_1105	4	BANF2	EMD	LEMD2	LMNB1
cluster_1106	4	EIF3A	EIF3E	EIF3H	RSPH9
cluster_1107	10	CD19	CD2	CD34	CD38	CD4	FCGR3A	FCGR3B	GYPA	NCAM1	PTPRC
cluster_1108	14	COX4I1	CYCS	MT-CO1	MT-CO2	MT-CYB	MT-ND2	MT-ND3	MT-ND4	MT-ND4L	MT-ND5	MT-ND6	NDUFB8	TFAM	UQCRC2
cluster_1109	4	CCM2	KRIT1	PDCD10	RHOA
cluster_1110	4	DOLPP1	DPM2	DPM3	MPDU1
cluster_1111	4	GRIA2	GRIN2A	GRIN2B	MECP2
cluster_1112	4	ATIC	GMPS	NT5E	SORD
cluster_1113	4	ARHGEF2	CDC42	RAC1	RHOA
cluster_1114	10	ASF1A	ASF1B	ATRX	H3-3A	H3-3B	H3C1	H3C3	H3C6	H4C6	HIRA
cluster_1115	6	DCT	MITF	MLANA	SOX10	TYR	TYRP1
cluster_1116	4	F2	F3	GPT	GPT2
cluster_1117	4	CHMP2A	CHMP3	ENTPD2	RNF103-CHMP3
cluster_1118	4	LRAT	RDH11	RDH8	RLBP1
cluster_1119	5	ELP4	LEO1	PAF1	RTF1	TTF2
cluster_1120	4	CDC16	CDC27	INTU	MAD2L1
cluster_1121	4	F2	F5	MTHFR	SERPINC1
cluster_1122	4	GAP43	MAPT	SYN1	SYP
cluster_1123	4	NUP107	NUP133	NUP43	SPAST
cluster_1124	4	CSPG4	FGF2	PDGFRA	PDGFRB
cluster_1125	4	IQGAP1	NCK1	WASF2	WASL
cluster_1126	4	NALCN	NTS	TAC1	UNC80
cluster_1127	4	DSC3	DSP	PERP	PKP1
cluster_1128	5	AKR1D1	H6PD	HSD11B1	HSD11B2	SRD5A1
cluster_1129	6	GABPB1	TUBA1A	TUBA1B	TUBB2A	TUBB2B	TUBB3
cluster_1130	6	IVL	LOR	S100A10	SPRR1B	SPRR3	TCHH
cluster_1131	6	MARS1	MARS2	MTFMT	VARS1	VARS2	WARS2
cluster_1132	5	CD19	CD72	CD79A	CD79B	VPREB3
cluster_1133	4	AHSA1	NKTR	PTGES3	STIP1
cluster_1134	4	TAB1	TRAF3	TRAF6	ZMYND11
cluster_1135	4	TRIM5	UBE2D2	UBE2N	UBE2V1
cluster_1136	4	DAG1	DMD	PRX	UTRN
cluster_1137	5	ASXL1	SRSF2	TET2	U2AF1	ZRSR2
cluster_1138	4	CDH1	CDH17	CDH2	KLRG1
cluster_1139	5	AMY1B	AMY2A	AMY2B	CTRB1	CTRB2
cluster_1140	5	CBL	CBLB	CD2AP	FYN	PIK3CB
cluster_1141	4	AMN	CUBN	LRP2	TCN2
cluster_1142	4	CTIF	DDX19A	DDX19B-2	MIF4GD
cluster_1143	4	CTNNB1	HMGA2	MYC	TP53
cluster_1144	4	CYP2C19	CYP3A5	P2RY12	PPIG
cluster_1145	4	ACTN2	LDB3	MYOZ2	PDLIM3
cluster_1146	4	KRAS	NRAS	PIK3CA	ROS1
cluster_1147	7	CTTN	DLGAP1	HCLS1	HOMER1	SHANK1	SHANK2	SHANK3
cluster_1148	11	NEDD8	PSMA6	PSMB10	PSMB4	PSMB8	PSMB9	PSMC3	PSMD14	PSMD2	PSMD4	UBD
cluster_1149	10	BET1	BET1L	GOSR1	GOSR2	SEC22A	SEC22B	SEC22C	STX5	USO1	YKT6
cluster_1150	4	ASCL1	TCF12	TCF3	TCF4
cluster_1151	4	DIAPH1	DIAPH2	DIAPH3	RHOD
cluster_1152	4	CTSS	HLA-DMA	HLA-DPA1	HLA-DRA
cluster_1153	4	PPIE	RALYL	RBM22	XAB2
cluster_1154	4	ADI1	MT-ND1	MT-ND5	MT-ND6
cluster_1155	4	PABPC5	PCDH11X	TGIF2LX	TGIF2LY
cluster_1156	4	BGLAP	BMP2	BMP4	MGP
cluster_1157	50	BTF3	DRG1	DRG2	EEF1B2	EEF1G	GCN1	MRPS7	NACAD	RACK1	RPL10	RPL10A	RPL11	RPL13	RPL17	RPL17-C18orf32	RPL18	RPL18A	RPL21	RPL23	RPL23A	RPL27A	RPL3	RPL38	RPL4	RPL5	RPL6	RPL7	RPL7A	RPL8	RPL9	RPLP0	RPS11	RPS12	RPS13	RPS15	RPS16	RPS18	RPS19	RPS2	RPS20	RPS21	RPS24	RPS3	RPS3A	RPS5	RPS6	RPS7	RPS8	RPSA	ZC3H15
cluster_1158	5	CDKAL1	HHEX	KCNJ11	SLC30A8	TCF7L2
cluster_1159	4	IFT46	IFT88	KIF17	TTC26
cluster_1160	39	AATF	BMS1	BYSL	DCAF13	DIMT1	DNTTIP2	EMG1	GCC1	GPATCH4	HEATR1	IMP4	KRR1	LOC102724159	LTV1	MTREX	NGDN	NOC4L	NOL10	NOL6	NOP14	PWP2	RCL1	RRP12	RRP7A	RTCA	TBL3	TSR1	UTP11	UTP14A	UTP18	UTP20	UTP3	UTP4	UTP6	WDR3	WDR36	WDR43	WDR46	WDR75
cluster_1161	4	EGR2	MPZL1	PMP22	PRX
cluster_1162	4	ATP5MC1	ATP5MC2	ATP5MC3	CLCN3
cluster_1163	4	PTAFR	STAT1	STAT3	TYK2
cluster_1164	5	HFM1	MSH4	MSH5	SLC39A1	SPO11
cluster_1165	4	NAGS	OAT	RARS1	RARS2
cluster_1166	5	ALKBH1	TRMT10C	TRMT6	TRMT61A	TRMT61B
cluster_1167	5	DLG2	DLG3	DLG4	GRIN1	NEFL
cluster_1168	6	EXOSC1	EXOSC4	EXOSC8	EXOSC9	MTREX	ZCCHC7
cluster_1169	13	EIF4A2	RPS13	RPS17	RPS19	RPS23	RPS24	RPS27	RPS28	RPS3A	RPS4X	RPS6	RPS7	RPS8
cluster_1170	10	AP2A1	AP2A2	AP2B1	AP2S1	CLTA	CLTB	CLTC	CLTCL1	HIP1R	HTT
cluster_1171	4	BRCA2	FSBP	RAD51D-2	XRCC3
cluster_1172	4	CPSF2	CPSF3	SLBP	SYMPK
cluster_1173	4	IFI44L	MX1	RSAD2	SIGLEC1
cluster_1174	5	H1-8	H3-4	H4-16	H4C15	H4C8
cluster_1175	4	C1orf68	LCE2B	LCE4A	LCE6A
cluster_1176	5	ACTB	ACTG1	MYO1A	MYO1C	MYO6
cluster_1177	5	CD44	COL1A1	FN1	MMP9	VIM
cluster_1178	6	ALB	IGF1	IGF1R	IGF2	IGF2R	INS
cluster_1179	4	ATP6V1B1	ATP6V1B2	HMGCL	HMGCLL1
cluster_1180	4	COL1A1	COL1A2	COL5A2	THY1
cluster_1181	4	COL4A3	COL4A4	COL4A5	IGBP1
cluster_1182	4	DLL1	DLL3	LFNG	MESP2
cluster_1183	4	PGA3	PGA4	PGA5	PROC
cluster_1184	4	ACTR1B	DCTN5	DCTN6	DEFB127
cluster_1185	4	KRT14	KRT17	KRT5	KRT6B
cluster_1186	4	ALB	CRP	HAMP	IL6
cluster_1187	4	ASCL2	CDKN1C	PHLDA2	SLC22A18
cluster_1188	4	CLTC	HIP1R	SLA2	SNAP91
cluster_1189	4	AGXT	HRG	PLG	SERPINC1
cluster_1190	4	GABRA1	GABRB2	GABRB3	GAD1
cluster_1191	7	AKT1	EGF	EGFR	ERBB2	ERBB3	PTK6	STAT3
cluster_1192	9	NSMCE1	NSMCE2	NSMCE3	NSMCE4A	SLF1	SLF2	SMC5	SMC6	ZNF597
cluster_1193	4	E2F4	E2F5	GMNC	MCIDAS
cluster_1194	4	GNAS	GNB1	GNB4	GPBAR1
cluster_1195	5	KIF5A	NIPA1	REEP1	SPAST	ZFYVE27
cluster_1196	4	CYLD	SMAD7	TAB2	TAB3
cluster_1197	4	ALKBH8	BUD23	N6AMT1	TRMT112
cluster_1198	9	ACTB	ANXA5	BCL2	CASP3	CASP9	DNTT	GAPDH	PXDN	PXDNL
cluster_1199	4	CD19	FCGR3A	FCGR3B	SHMT2
cluster_1200	4	CEP89	FBF1	LRRC45	SCLT1
cluster_1201	4	METTL14	METTL3	NSUN2	YTHDC1
cluster_1202	6	ADAM17	AREG	BTC	EREG	HBEGF	TGFA
cluster_1203	4	CTNNB1	EIF4E	HIF1A	MYC
cluster_1204	4	ELAVL1	HNRNPD	KHSRP	ZFP36
cluster_1205	4	PRDX1	SESN1	SESN2	SESN3
cluster_1206	4	AIM2	CGAS	IFI16	NLRP3
cluster_1207	4	DBN1	HOMER1	HOMER2	HOMER3
cluster_1208	4	CARD9	CLEC4D	CLEC4E	CLEC6A
cluster_1209	11	ADK	ADSL	AMPD1	AMPD2	AMPD3	APRT	GMPR	HPRT1	IMPDH2	NT5C3A	NT5M
cluster_1210	5	CBS	CBSL	GAPDH	SHMT1	SHMT2
cluster_1211	5	CYP7A1	FABP6	NR1H4	SLC51A	SLC51B
cluster_1212	4	CD38	SIRT3	SIRT4	SIRT5
cluster_1213	4	BAG3	CRYAB	DNAJB1	HSPB8
cluster_1214	4	CASP8	CUL3	DIABLO	DIABLO-2
cluster_1215	4	AMPH	BIN1	DPYSL5	FES
cluster_1216	4	CCL2	IL1B	IL6	ZC3H12A
cluster_1217	4	GLYATL1	PAOX	SAT1	SAT2
cluster_1218	5	BCL11A	HBB	HBE1	HBG1	HBG2
cluster_1219	5	POLR2M	RECQL5	RPAP2	RPRD1A	RPRD1B
cluster_1220	4	BGLAP	PTH	RUNX2	SOST
cluster_1221	4	GH1	GHRHR	PRL	PROP1
cluster_1222	4	TBX20	TLE1	TLE3	TLE4
cluster_1223	6	CCNB1	CDK1	KIF11	KIFC1	NUMA1	PLK1
cluster_1224	4	HMGCR	IDI1	IDI2	UBIAD1
cluster_1225	4	CCT2	CCT6A	CCT7	IGBP1
cluster_1226	4	POLG	SUCLA2	SUCLG1	TWNK
cluster_1227	9	HOXA5	HOXA6	HOXA7	HOXB4	HOXB6	HOXB7	HOXC4	HOXC5	V9GYH0_HUMAN
cluster_1228	4	PI4KB	YWHAB	YWHAG	YWHAQ
cluster_1229	5	DEFA5	DEFA6	REG1A	REG1B	REG3A
cluster_1230	4	DKK1	DKKL1	LRP5	WNT2B
cluster_1231	5	HNF4A	LEF1	RUNX3	TCF7	TCF7L2
cluster_1232	6	CCR7	CD19	CD27	CD4	CD8A	NAALADL1
cluster_1233	5	ADAR	DHX9	ELAVL1	ILF3	RBMX
cluster_1234	7	BTRC	CUL1	FBXW11	GLI1	GLI2	GLI3	SUFU
cluster_1235	4	ALB	CTRB1	CTRB2	INS
cluster_1236	4	ATG16L1	ATG5	BECN1	TRIM5
cluster_1237	4	LEPR	SNX1	SNX2	SNX4
cluster_1238	9	C9orf72	FUS	HNRNPA1	HNRNPA3	HNRNPH1	HNRNPH2	MATR3	MATR3-2	TARDBP
cluster_1239	4	GPD2	PSMC1	PSMC2	PSMC5
cluster_1240	8	BRAF	ERBB2	FBXW7	KRAS	NRAS	PIK3CA	PTEN	PTPN11
cluster_1241	18	ADRM1	HTT	PRKN	PSMB7	PSMC1	PSMC2	PSMC3	PSMC4	PSMC5	PSMD11	PSMD12	PSMD14	PSMD2	PSMD3	PSMD4	PSMD7	SNCA	VCP
cluster_1242	8	CAB39L	PRKAA1	PRKAA2	PRKAB1	PRKAB2	PRKAG1	STRADA	STRADB
cluster_1243	4	EIF4A1	EIF4E	PABPC1	RBM4
cluster_1244	4	PIK3R1	PIK3R2	SHC1	XBP1
cluster_1245	4	GFAP	MAP2	NES	RBFOX3
cluster_1246	4	CEP19	CEP350	FGFR1OP	RABL2B
cluster_1247	4	CPSF3	PAPOLA	PCF11	XRN2
cluster_1248	4	KRT7	NAPSA	NKX2-1	PAX8
cluster_1249	4	PJVK	SPTAN1	SPTBN1	TRIOBP
cluster_1250	4	ATG3	OS9	SEL1L	SYVN1
cluster_1251	4	HPS3	HPS5	HPS6	TYRP1
cluster_1252	4	CCAR1	PRPF40A	RBM5	U2SURP
cluster_1253	4	GCC1	STX16	STX6	VTI1A
cluster_1254	6	DAXX	FADD	FAS	FASLG	TNFRSF1A	TNFRSF1B
cluster_1255	6	ACP1	G6PD	H6PD	TKT	TKTL1	TKTL2
cluster_1256	4	PLEKHM1	VPS11	VPS18	VPS39
cluster_1257	4	COQ9	ETFDH	PDSS1	PDSS2
cluster_1258	6	AAK1	AP2B1	AP2S1	ITSN1	NECAP2	RUNDC3A
cluster_1259	4	CDX2	MUC2	MUC5AC	MUC6
cluster_1260	4	HOXB3	HOXB5	HOXB6	HOXB8
cluster_1261	4	GJA1	GJB1	GJB2	PANX1
cluster_1262	4	FAU	RPS27A	RPS28	UBD
cluster_1263	4	GJA1	MYH6	TNNI3	TNNT2
cluster_1264	4	APOA4	APOA5	APOC2	CREB3L3
cluster_1265	5	POLL	POLM	RAD18	REV1	TENT4A
cluster_1266	6	PLCB1	PLCB2	PLCB3	PLCB4	PRKG1	PRKG2
cluster_1267	4	AMBP	ITIH1	ITIH2	ITIH3
cluster_1268	6	AGXT	AGXT2	DAO	HAO1	HAO2	SHMT1
cluster_1269	4	IPO11	UBE2E1	UBE2E2	UBE2E3
cluster_1270	6	ATP10A	ATP10B	ATP10D	ATP11A	TMEM30A	TMEM30B
cluster_1271	17	ADRM1	BAP1	BRCC3	PSMA1	PSMA3	PSMA4	PSMA5	PSMA6	PSMB1	PSMB2	PSMB4	PSMC1	PSMC3	PSMD13	PSMD4	PSMD6	USP14
cluster_1272	7	FCAR	FCER1G	FCGR1A	FCGR2A	FCGR3A	FCGR3B	TYROBP
cluster_1273	4	ARCN1	COPB2	COPE	PRR15L
cluster_1274	4	BOLA1	ISCA1	ISCA2	NFS1
cluster_1275	4	CFAP100	KLF15	PODXL2	TMCC1
cluster_1276	4	BICDL1	DCTN1	DYNC1H1	NINL
cluster_1277	5	CNP	MBP	MOBP	MOG	PLP1
cluster_1278	4	BOLA2B	BOLA3	ISCU	LYRM4
cluster_1279	4	CLDN3	CLDN4	CLDN7	EPCAM
cluster_1280	4	CNBP	ELAVL1	HNRNPA1	HNRNPK
cluster_1281	4	PRB1	PRB3	PRB4	RB1
cluster_1282	4	SEC62	SEC63	STRADA	STRADB
cluster_1283	4	ATP2A1	CLCN1	DMPK	MBNL1
cluster_1284	4	AR	ESR1	MYC	SPOP
cluster_1285	4	RNF185	TMEM259	TMUB1	TMUB2
cluster_1286	4	MCL1	PRKAA1	PRKAB1	PRKAB2
cluster_1287	4	PDCD4	SMAD2	SMAD4	SMAD5
cluster_1288	4	DHH	IHH	SHH	SOX9
cluster_1289	6	HLA-B	HLA-DMA	HLA-DQA1	HLA-DQB1	HLA-DRB1	TOR1A
cluster_1290	4	ATAD1	PEX14	PEX19	PEX3
cluster_1291	4	PRMT5	TET1	TET2	TET3
cluster_1292	5	KIF11	KIF15	KIF17	KIF18A	KIFC1
cluster_1293	5	MECP2	NLGN3	NLGN4X	SHANK2	SHANK3
cluster_1294	5	TAF1A	TAF1C	TAF1D	TTF1	UBTF
cluster_1295	4	GCG	GIPR	GLP1R	TCF7L2
cluster_1296	24	GTPBP10	MIEF1-2	MRPL14	MRPL18	MRPL28	MRPL35	MRPL37	MRPL38	MRPL39	MRPL42	MRPL45	MRPL48	MRPL50	MRPL51	MRPL52	MRPL53	MRPL54	MRPL55	MRPL57	MRPS30	MTERF4	MTG2	MTRES1	NSUN4
cluster_1297	4	GRK1	GRK7	MPP4	RCVRN
cluster_1298	4	CLN3	CLN6	KCTD7	MFSD8
cluster_1299	4	NDUFB2	NDUFB4	SLIRP	UQCRQ
cluster_1300	4	ABCA1	SNTB1	SNTB2	UTRN
cluster_1301	4	CPOX	FECH	HEMK1	N6AMT1
cluster_1302	6	IFT74	IFT88	NPLOC4	TTC26	UFD1	VCP
cluster_1303	4	PPP2CA	PPP2R2A	PPP2R2B	SKP1
cluster_1304	6	C7orf26	INTS10	INTS12	INTS13	INTS14	INTS6L
cluster_1305	4	CBL	CBLB	CBLC	SH3GLB2
cluster_1306	5	CFL1	CFL2	DBN1	GSN	PFN4
cluster_1307	5	CTRL	POMP	PSMB10	PSMB8	PSMB9
cluster_1308	4	RIPPLY1	TLE1	TLE2	TLE4
cluster_1309	4	APPL1	CCZ1	EEA1	RAB5A
cluster_1310	4	CEACAM5	EGFR	ERBB2	KRAS
cluster_1311	4	AKT1	NFKB1	STAT3	VIM
cluster_1312	4	CD34	CDH5	EMCN	PECAM1
cluster_1313	6	AKAP13	ARHGEF1	ARHGEF11	GNA12	GNA13	MCF2
cluster_1314	4	CALM3	CALML3	CALML5	MYO7A
cluster_1315	10	AHSP	HBA1	HBA2	HBB	HBD	HBE1	HBG1	HBG2	HBM	HBZ
cluster_1316	4	EXOSC10	KPNB1	RPS16	RPS8
cluster_1317	4	FFAR2	FFAR3	FFAR4	GPR84
cluster_1318	4	GCG	GLP1R	MGAM	SI
cluster_1319	5	CACNG2	CACNG3	CACNG4	CACNG7	CACNG8
cluster_1320	4	PPP1R15A	PPP1R15B	PPP1R9B	SHOC2
cluster_1321	4	ATG9A	GABARAPL1	GABARAPL2	TBC1D5
cluster_1322	5	CXCL8	F2R	LPAR1	LPAR2	LPAR3
cluster_1323	13	ANAPC2	BUB1	BUB1B	BUB3	CDC16	CDC20	CDC23	CDC27	FZR1	MAD1L1	MAD2L1	MAD2L2	TRIP13
cluster_1324	4	CYP51A1	EGR2	HMGCR	SREBF2
cluster_1325	4	ASB9	CKMT1A	CKMT1B	CKMT2
cluster_1326	4	CD19	CD200	CD8A	PTPRC
cluster_1327	4	ADARB1	REC8	SYCP2	SYCP3
cluster_1328	4	ACTA2	ACTG2	LMOD1	TAGLN
cluster_1329	5	CCT5	HSF1	PTGES3	TCP1	VCP
cluster_1330	4	CCNE1	CDK4	CDKN2A	TERT
cluster_1331	4	CD1A	CD1B	CD1E	CD4
cluster_1332	4	CSPP1	DCTN2	DCTN4	DCTN5
cluster_1333	5	CBFB	CLDN5	OCLN	RUNX1	TJP1
cluster_1334	4	MAP3K12	TARS1	TARS2	TARS3
cluster_1335	4	MYH6	TCAP	TTN	VIM
cluster_1336	4	BBS4	IFT20	IFT74	IFT81
cluster_1337	5	CNST	GJB1	GJB2	GJB6	GJC1
cluster_1338	4	IGLL1	RAG1	RAG2	VPREB1
cluster_1339	6	AICDA	CD19	CD27	CD40	CD40LG	IL4
cluster_1340	4	BTBD1	BTBD2	TOP1	TRIM5
cluster_1341	4	GATB	GFPT1	GFPT2	TMEM109
cluster_1342	4	BLNK	BTK	ITPR2	SYK
cluster_1343	6	ATP12A	ATP4A	CYP2C19	CYP2D6	CYP3A4	PPIG
cluster_1344	5	A1CF	APOBEC1	APOBEC2	APOBEC4	CDA
cluster_1345	4	CWC27	FRA10AC1	IK	SF3B2
cluster_1346	4	KLF4	NANOG	NR5A2	SOX2
cluster_1347	8	MUTYH	MYH1	MYH2	MYH3	MYH4	MYH6	MYH7	MYH8
cluster_1348	5	ERBB2	MATK	NTRK1	NTRK2	NTRK3
cluster_1349	4	H3-3B	H3C1	H3C12	YWHAZ
cluster_1350	7	BCL2L13	BNIP3	BNIP3L	FKBP8	FUNDC1	GABARAP	MAP1LC3A
cluster_1351	4	GMPS	HAO1	HAO2	NT5E
cluster_1352	4	BRCA1	TP53BP1	VCP	WRN
cluster_1353	5	CCL5	CXCL8	IL18	IL32	TNF
cluster_1354	8	OST4	OSTC	RPN1	RPN2	SSR1	SSR2	SSR3	TUSC3
cluster_1355	4	LCE1F	LCE4A	LCE5A	LCE6A
cluster_1356	4	ATRX	BCLAF1	BRCA1	H2AX
cluster_1357	4	NBPF1	NPEPPS	SRGAP2	SRGAP3
cluster_1358	12	BLOC1S2	BRCA1	CENPJ	MARK4	MZT1	MZT2A	MZT2B	TOPORS	TUBG1	TUBGCP4	TUBGCP5	TUBGCP6
cluster_1359	4	CHD7	H4C6	SMARCA4	SMARCC1
cluster_1360	4	CLTC	CLTCL1	EEA1	RAB5A
cluster_1361	7	ARSA	ASAH1	GALC	GBA	GLA	PSAP	SMPD1
cluster_1362	4	AREG	BTC	EREG	LHCGR
cluster_1363	4	HSPB6	SFN	YWHAG	YWHAZ
cluster_1364	8	MAD2L2	POLH	POLI	POLK	POLL	POLM	REV1	REV3L
cluster_1365	6	ATIC	GMPS	NT5E	PRKAG1	PRKAG2	PRKAG3
cluster_1366	5	GPHN	SLC17A7	SLC32A1	SYN1	SYP
cluster_1367	9	NAA10	NAA11	NAA15	NAA16	NAA20	NAA30	NAA40	NAA50	NAA60
cluster_1368	4	ESRRA	ESRRB	ESRRG	SLC7A1
cluster_1369	6	DHX9	DNAJC8	PPP1R8	RBM5	SRRT	SUGP1
cluster_1370	10	COG1	COG2	COG3	COG4	COG5	COG6	COG7	COG8	H3BMQ9_HUMAN	H3BUN2_HUMAN
cluster_1371	5	ABHD5	LIPE	PLIN1	PNPLA2	PNPLA3
cluster_1372	4	ASPM	NDC80	TTK	ZCWPW1
cluster_1373	5	GNL2	GNL3	GNL3L	NAT10	RCC1
cluster_1374	61	BTF3	CCDC47	EIF6	LLPH	METAP2	NACA	NACA2	NACAD	NPSR1	RPL10	RPL11	RPL12	RPL13	RPL13A	RPL14	RPL15	RPL17	RPL17-C18orf32	RPL18	RPL18A	RPL21	RPL22	RPL23	RPL23A	RPL24	RPL26	RPL27	RPL27A	RPL28	RPL29	RPL3	RPL30	RPL31	RPL32	RPL34	RPL35	RPL35A	RPL36	RPL36A	RPL36AL	RPL37	RPL37A	RPL38	RPL39	RPL4	RPL5	RPL6	RPL7	RPL7A	RPL7L1	RPL8	RPL9	RPLP0	SRP14	SRP19	SRP54	SRP68	SRP72	SRP9	TEX48	ZNF622
cluster_1375	5	KPNA1	KPNA2	KPNA3	KPNA4	PHGDH
cluster_1376	5	DDX18	DDX50	DDX54	DDX56	PES1
cluster_1377	4	ENTPD1	ENTPD3	ENTPD8	P2RY2
cluster_1378	15	CHMP1A	CHMP1B	CHMP2A	CHMP2B	CHMP3	CHMP6	CHMP7	IST1	MITD1	RNF103-CHMP3	SNF8	VPS25	VPS36	VPS4A	VTA1
cluster_1379	4	BCAT1	BCAT2	HMGCL	HMGCLL1
cluster_1380	5	ATP6V0A2	ATP6V0C	ATP6V1D	PPA1	PPA2
cluster_1381	4	E2F6	L3MBTL2	MIER2	TFDP1
cluster_1382	4	NAV1	SCN2A	SCN8A	SCN9A
cluster_1383	4	ENO1	TUBA1A	TUBA4A	TUBB4B
cluster_1384	4	OLIG1	OLIG2	PLP1	SOX10
cluster_1385	8	FOXE1	NKX2-1	PAX8	SLC26A4	SLC5A5	TG	TPO	TSHR
cluster_1386	4	SYT9	VAMP2	VAMP3	VAMP8
cluster_1387	4	ATF3	CCN1	EGR1	FOS
cluster_1388	4	CSNK2A1	CSNK2A2	GGA1	GGA3
cluster_1389	4	GPRIN2	HYDIN	NBPF1	NPEPPS
cluster_1390	6	AVP	CRH	GCG	HCRT	OXT	POMC
cluster_1391	5	P3H1	P4HA1	P4HA2	PLOD1	PLOD2
cluster_1392	4	LRMDA	OCA2	SLC24A5	SLC45A2
cluster_1393	5	PLXNB1	PLXNB2	PLXNB3	SEMA4F	SEMA4G
cluster_1394	7	HK2	LDHA	PFKFB3	PFKM	PGK1	PKM	SLC2A1
cluster_1395	4	EEF1G	OAZ1	RPL19	RPL27
cluster_1396	5	AMBN	AMTN	ENAM	MMP20	ODAPH
cluster_1397	5	ANAPC1	CDC16	PPP3CA	PPP3CB	PPP3CC
cluster_1398	7	GLS	GLS2	GLUD1	GLUD2	GLUL	L2HGDH	LGSN
cluster_1399	6	GRWD1	HGH1	NOB1	RPF2	RRS1	WDR43
cluster_1400	4	ADRB3	CIDEA	PPARGC1A	UCP1
cluster_1401	4	BAG4	DCP1A	DCP1B	LSM1
cluster_1402	5	GID4	MKLN1	RANBP9	WDR26	YPEL5
cluster_1403	4	ALB	CRP	FN1	KLK3
cluster_1404	5	P4HA1	P4HA2	P4HB	PDIA3	PDIA4
cluster_1405	9	C4orf19	CTTNBP2	CTTNBP2NL	PDCD10	SLMAP	STK24	STK25	STK26	STRIP2
cluster_1406	4	CDC23	DARS2	VARS1	YARS1
cluster_1407	4	SNAI1	SNAI2	SOX9	TWIST1
cluster_1408	8	ALPL	BGLAP	BMP2	COL1A1	IBSP	RUNX2	SP7	SPP1
cluster_1409	4	IDI2	LMO4	SSBP3	SSBP4
cluster_1410	4	DNAJB1	HSPA5	HSPA8	SERPINH1
cluster_1411	13	B2M	CALR	CANX	HLA-A	HLA-B	HLA-C	HLA-E	HLA-F	HLA-G	PDIA3	TAP1	TAP2	TAPBP
cluster_1412	5	GATA4	NFATC1	NFATC2	NFATC3	NFATC4
cluster_1413	4	BHLHA9	PITPNA	TRARG1	YWHAE
cluster_1414	4	APOA1	FGA	LYZ	TTR
cluster_1415	4	ARL13B	IFT88	KIF3A	SHH
cluster_1416	13	GGT7	GPX2	GPX3	GPX4	GPX5	GPX6	GPX7	GPX8	GSR	GSS	PRDX6	SOD3	TXNDC12
cluster_1417	4	AP2M1	BMP2K	RALBP1	REPS1
cluster_1418	4	EAPP	ECD	TSSC4	ZNHIT2
cluster_1419	18	ARRB1	ARRB2	PPP2CA	PPP2CB	PPP2R1A	PPP2R1B	PPP2R2A	PPP2R2B	PPP2R2C	PPP2R2D	PPP2R3A	PPP2R3B	PPP2R3C	PPP2R5A	PPP2R5B	PPP2R5C	PPP2R5D	PPP2R5E
cluster_1420	4	CGA	CGB5	TFAP2A	TFAP2C
cluster_1421	4	FASTKD3	GFM1	MRPS22	MRPS31
cluster_1422	4	GAGE12F	GAGE12G	GAGE13	GAGE2A
cluster_1423	4	BAHD1	BAZ2A	SIRT1	SIRT2
cluster_1424	6	GHRL	GHSR	MLN	NMU	NTS	NTSR1
cluster_1425	8	COL1A1	ITGAV	ITGB1	ITGB6	ITGB8	TGFB2	TGFB3	THBS1
cluster_1426	4	CNOT3	CNOT4	TADA2A	TADA2B
cluster_1427	4	RIDA	SDS	SDSL	SRR
cluster_1428	4	RAB1A	RAB1B	VPS33A	VPS33B
cluster_1429	5	PISD	PLD2	PLD3	PLD4	PLD6
cluster_1430	4	ADCY4	ADCY5	ADCY6	ADCY7
cluster_1431	4	PLAA	SPATA5	SPATA5L1	UFD1
cluster_1432	5	CCR7	CD8A	GZMB	KLF2	SELL
cluster_1433	7	AKT1	GRB2	JUN	MYC	SLCO6A1	SRC	TP53
cluster_1434	6	PKD1	PKD2	TRPC1	TRPC4	TRPC5	TRPV4
cluster_1435	4	CNN1	MYH11	SMTN	TAGLN
cluster_1436	4	ADAM2	ADAM20	ADAM21	ADAM30
cluster_1437	6	ADIPOQ	INS	LEP	NAMPT	RETN	RETNLB
cluster_1438	4	ALDH1A1	CD24	EPCAM	PROM1
cluster_1439	6	HSD17B4	LONP2	PEX13	PEX5	SCP2	TYSND1
cluster_1440	9	DENR	DNM1L	FIS1	MARCHF5	MFF	MFN1	MFN2	MIEF1	MIEF2
cluster_1441	5	ARRB1	ARRB2	NFKBIA	TAB1	TRAF6
cluster_1442	4	BRD4	HTATSF1	RBM25	TCERG1
cluster_1443	5	ACTB	HNRNPA1	HNRNPD	HNRNPR	YBX1
cluster_1444	5	HEY1	HEY2	HEYL	MAML2	MAML3
cluster_1445	4	CDK5	CDK5R1	LMNA	LMNB1
cluster_1446	4	ARHGEF9	GABRA2	GABRB3	GABRG2
cluster_1447	4	CLCN7	OSTM1	TNFRSF11A	TNFSF11
cluster_1448	5	DERL3	MARCHF6	RNF5	SYVN1	UBE2J1
cluster_1449	4	CHCHD7	COA5	COX17	COX19
cluster_1450	4	BMPR1A	MLH1	MSH2	MUTYH
cluster_1451	5	ACP5	CALCR	CTSK	DCSTAMP	TNFSF11
cluster_1452	4	KATNB1	TUBA1A	TUBB	TUBB2A
cluster_1453	10	CRLF2	CSF2	CSF2RA	CSF2RB	CSF3	CSF3R	IL2	IL3	IL5	JAK2
cluster_1454	4	FLAD1	NOS1	NOS2	NOS3
cluster_1455	7	ARRB1	ARRB2	GLI1	GLI2	GLI3	GPR161	SMO
cluster_1456	4	CLCN7	OSTM1	PLEKHM1	SNX10
cluster_1457	11	COMMD1	COMMD10	COMMD2	COMMD3	COMMD4	COMMD5	COMMD6	COMMD7	COMMD7-2	COMMD8	COMMD9
cluster_1458	5	A2M	CTRB1	CTRB2	SERPINA1	SERPINA3
cluster_1459	7	HLA-A	HLA-B	HLA-DQA1	HLA-DQB1	HLA-DRB1	TNFRSF10A	TNFRSF25
cluster_1460	4	HIPK3	HNRNPH1	SRSF5	TRA2B
cluster_1461	6	BDNF	NGF	NGFR	NTRK1	NTRK2	NTSR1
cluster_1462	9	BLM	FANCM	RECQL5	RMI1	RMI2	RPA1	TOP3A	TOP3B	WRN
cluster_1463	4	CDKN1A	PSMA3	PSMD2	PSME3
cluster_1464	4	HNRNPA2B1	HNRNPDL	HNRNPF	STAT4
cluster_1465	4	KRT25	KRT27	KRT71	KRT74
cluster_1466	4	DHX9	HNRNPK	MDM2	SRSF1
cluster_1467	4	APOA1	HP	LBP	SAA1
cluster_1468	5	EP400	KANSL1L	KANSL2	KANSL3	KAT8
cluster_1469	6	CCDC39	CCDC40	CCDC65	DRC1	GAS8	SERPINE2
cluster_1470	22	ATP5PF	MT-ND1	MT-ND2	MT-ND3	MT-ND4	MT-ND5	MT-ND6	NDUFA10	NDUFA4	NDUFA5	NDUFA8	NDUFA9	NDUFB8	NDUFS1	NDUFS3	NDUFS4	NDUFS6	NDUFS7	NDUFV1	NDUFV2	PARK7	PINK1
cluster_1471	5	ARAF	BRAF	CDC37	PPP5C	RAF1
cluster_1472	4	GRWD1	HEATR3	RPF2	TSR2
cluster_1473	9	ATF2	CREB1	CREB5	FOS	MAPK1	MAPK3	PRKCA	PRKCB	PRKCG
cluster_1474	4	BAG3	HDAC6	HSF1	PTGES3
cluster_1475	5	CD1C	CD8A	IL3RA	ITGAX	THBD
cluster_1476	5	ADAMTS2	ATP6V0A2	EFEMP2	FBLN5	LOX
cluster_1477	5	CAV1	STIM1	TRPC1	TRPC4	TRPV4
cluster_1478	4	BAZ1B	DDX21	MYBBP1A	POLR1E
cluster_1479	7	FZD2	FZD5	RORA	RYK	WNT11	WNT5A	WNT9A
cluster_1480	4	CDK5	CDK5R1	PRDX1	PRDX2
cluster_1481	4	CLEC12A	STX18	STX6	VTI1A
cluster_1482	12	DLL1	DLL3	JAG1	JAG2	MAML1	MAML2	NOTCH1	NOTCH2	NOTCH3	NOTCH4	RBPJ	SRRT
cluster_1483	6	NUP153	RAN	RANBP2	RGPD2	TNPO3	XPO1
cluster_1484	4	DHX15	EXOSC10	MTREX	XRN2
cluster_1485	18	ANAPC1	ANAPC10	ANAPC11	ANAPC13	ANAPC15	ANAPC16	ANAPC2	ANAPC4	ANAPC5	ANAPC7	BCOR	CDC16	CDC23	CDC26	CDC27	FAM89A	FAM89B	UBE2S
cluster_1486	12	ACTC1	CSRP3	MYBPC3	MYH6	MYH7	MYL2	MYL3	MYLK2	PRKAG2	TNNI3	TNNT2	TPM1
cluster_1487	11	ALKBH5	METTL14	METTL16	METTL3	METTL4	RBM15	RBM15B	VIRMA	YTHDF1	YTHDF2	YTHDF3
cluster_1488	5	GAA	GANC	MGAM	MGAM2	SI
cluster_1489	11	FCER1G	FYN	GP6	LAT	LCP2	LYN	PIK3CB	PIK3CG	PLCG2	SYK	VAV1
cluster_1490	4	KIF11	KIF15	KIF3A	KIF3B
cluster_1491	5	DMWD	USP12	USP46	WDR20	WDR48
cluster_1492	10	HNRNPA1	HNRNPA2B1	HNRNPC	HNRNPD	HNRNPU	NPM1	SRSF1	SRSF2	U2AF1	YBX1
cluster_1493	9	CACNG2	DLG1	DLG4	GRIA1	GRIA2	GRIA3	GRIA4	GRIK2	GRIP1
cluster_1494	35	C11orf1	C15orf65	C1orf158	C1orf189	C1orf194	C5orf49	C9orf116	C9orf135	CCDC173	CFAP126	CFAP161	CFAP20	CFAP45	CFAP52	CFAP53	CFAP77	EFHB	EFHC1	EFHC2	ENKUR	FAM166B	FAM166C	FAM183A	MNS1	NME7	PACRG	RIBC2	SPACA9	SPAG8	TEKT1	TEKT2	TEKT3	TEKT4	TUBA1A	TUBB4B
cluster_1495	4	SFRP5	WIF1	WNT10B	WNT8A
cluster_1496	4	DNAJC19	HSPA9	ROMO1	TIMM23B
cluster_1497	4	INPP1	PLCB2	PLCD3	PLCD4
cluster_1498	4	PAAF1	PSMC6	PSMD9	SLC13A4
cluster_1499	6	CHRNA1	CHRNA4	CHRNA6	CHRNB1	CHRND	CHRNE
cluster_1500	5	SMC1B	STAG3	SUN1	SYCP1	SYCP3
cluster_1501	11	C18orf21	POP1	POP4	POP5	POP7	RPP14	RPP21	RPP25	RPP25L	RPP30	RPP40
cluster_1502	10	DNAJC5	RAB3A	SLC17A8	SLC32A1	SNAP25	STX1A	SYN1	SYP	SYT1	VAMP2
cluster_1503	4	BARD1	BRCA1	HERC2	RPA1
cluster_1504	4	DCN	GPC1	HSPG2	LRP1
cluster_1505	4	ARTN	GDNF	NRTN	SDC3
cluster_1506	6	BYSL	CMSS1	LTV1	NIFK	NOP53	UTP23
cluster_1507	7	CCZ1	CCZ1B	GAPVD1	RAB5A	RABEP1	RABGEF1	RABIF
cluster_1508	6	DVL1	DVL2	LRP5	LRP6	LRRK2	WNT3
cluster_1509	4	HNF1A	KLF11	NEUROD1	PAX4
cluster_1510	5	MT-CO2	NDUFS2	NDUFS3	PHB	PMPCA
cluster_1511	7	HNRNPF	HNRNPH2	HNRNPK	HNRNPM	RBM4	SRSF3	U2AF2
cluster_1512	4	EZH2	HNRNPK	SRSF2	U2AF1
cluster_1513	4	MPDZ	MPP5	PATJ	YAP1
cluster_1514	6	EP300	ESR1	H2BC21	HDAC1	MYC	POU2F1
cluster_1515	6	DDB1	ERCC6	ERCC8	USP7	UVSSA	XPC
cluster_1516	4	AKT1	BCL2	EGFR	KEAP1
cluster_1517	4	FAF2	MARCHF6	SYVN1	UBR1
cluster_1518	4	CASP3	PXDN	PXDNL	TH
cluster_1519	8	IL17B	IL17C	IL17D	IL17RA	IL17RB	IL17RC	IL17RD	IL17RE
cluster_1520	5	ACAA1	BDH2	HADHB	OXCT1	OXCT2
cluster_1521	5	EGLN1	EGLN2	EGLN3	SIAH1	SIAH2
cluster_1522	10	EFNA5	FLCN	LAMTOR4	NPRL2	NPRL3	RPTOR	RRAGB	RRAGC	RRAGD	SLC38A9
cluster_1523	7	HRAS	KRAS	NRAS	RPS6KA1	RPS6KA2	RPS6KA3	RPS6KA6
cluster_1524	4	CHST11	CHST12	CHST13	CHST15
cluster_1525	4	HLA-DPB1	HLA-DQA1	HLA-DQB1	TOR1B
cluster_1526	4	PARP1	PARP12	PARP14	PARP9
cluster_1527	5	CBS	CBSL	CTH	NOS1	NOS3
cluster_1528	4	AURKB	HASPIN	INCENP	KCNJ11
cluster_1529	4	CGA	CGB5	HARS1	HARS2
cluster_1530	4	CD19	CD27	CD38	INSM2
cluster_1531	4	CLCN2	EFHC1	GABRA1	GABRD
cluster_1532	6	RAB3A	SNAP25	SNCA	SYN1	SYN3	VAMP2
cluster_1533	6	SELENOF	SELENOH	SELENOM	SELENOT	SELENOW	TXNRD3
cluster_1534	4	ATP5F1C	ATP5PB	ATP5PO	H7C0C1_HUMAN
cluster_1535	18	B2M	HLA-A	HLA-B	HLA-C	HLA-DMA	HLA-DMB	HLA-DOA	HLA-DOB	HLA-DPA1	HLA-DPB1	HLA-DQA1	HLA-DQA2	HLA-DRA	HLA-DRB5	HLA-E	HLA-F	HLA-G	LOC102723407
cluster_1536	4	ARX	CDKL5	PCDH19	SLC25A22
cluster_1537	4	AHSP	CA1	EPB42	SELENBP1
cluster_1538	11	BTRC	CCNE1	CCNE2	CUL1	CUL3	FBXW11	FBXW7	NEDD8	RBX1	SKP1	SKP2
cluster_1539	4	CRTAP	FKBP10	IFITM5	P3H1
cluster_1540	5	GATA4	GATA6	HAND2	NKX2-5	TBX20
cluster_1541	11	ACAD9	ECSIT	MT-ND3	NDUFAF1	NDUFAF3	NDUFAF4	NDUFAF6	NDUFAF7	TIMMDC1	TMEM126B	TMEM186
cluster_1542	9	BHMT	BHMT2	IL4I1	MAT1A	MAT2A	MAT2B	MTR	SDS	TAT
cluster_1543	8	ITPR1	ITPR2	ITPR3	PRKCA	PRKCB	PRKCG	TRPC3	TRPV4
cluster_1544	7	ITGA4	ITGAM	ITGAX	ITGB1	ITGB2	JAM2	JAM3
cluster_1545	4	LGALS3BP	MZT2A	TUBG1	TUBGCP3
cluster_1546	4	CCDC39	CCDC40	CCNO	RSPH4A
cluster_1547	7	GTF3A	GTF3C1	GTF3C2	GTF3C3	GTF3C4	GTF3C5	GTF3C6
cluster_1548	6	ARNT	EGLN1	EPAS1	HIF3A	HSP90AA1	HSP90AB1
cluster_1549	5	CAV2	ITGB1	ITGB3	ITGB4	ITGB5
cluster_1550	7	AP2B1	AP2M1	CLINT1	CLTC	DAB2	EPS15	TFRC
cluster_1551	4	ACTB	GAPDH	SMAD2	SMAD3
cluster_1552	5	HTT	POLR2A	TAF4	TAF4B	TBP
cluster_1553	5	P2RX1	P2RX3	P2RX5	P2RX6	P2RY14
cluster_1554	11	ARL6	BBIP1	BBS1	BBS10	BBS12	BBS2	BBS5	BBS7	BBS9	CCDC28B	LZTFL1
cluster_1555	4	CXCL12	CXCL8	IL6	NAMPT
cluster_1556	5	OR51B6	OR51I2	OR51M1	OR51Q1	OR52D1
cluster_1557	4	GLUL	LGSN	NDUFS8	NDUFV1
cluster_1558	6	ACPP	KLK2	KLK3	MSMB	SLC45A3	TGM4
cluster_1559	4	GET3	GET4	RAD23A	RAD23B
cluster_1560	5	ACVR1B	ACVR2B	GDF11	INHBA	LOC102723407
cluster_1561	4	MTOR	TUBA1B	TUBB	TUBB4A
cluster_1562	4	CCR8	ULBP1	ULBP2	ULBP3
cluster_1563	4	GPX4	HSPA5	TXN	TXNRD1
cluster_1564	5	CMPK2	DHFR	DHFR2	DTYMK	TK2
cluster_1565	4	IDH1	IDH2	SRSF2	U2AF1
cluster_1566	5	AMPH	BIN1	PNMA2	RCVRN	ZIC4
cluster_1567	5	EGFR	ERBB3	ERBB4	IGF1R	RNF41
cluster_1568	4	MARK4	MZT2B	TOPORS	TUBGCP5
cluster_1569	7	MYF5	MYF6	MYOD1	MYOG	TCF12	TCF3	TCF4
cluster_1570	6	IQGAP1	MYH10	MYH9	MYL6	MYL6B	TPM4
cluster_1571	5	DDX6	EDC3	EIF4ENIF1	LSM14A	TNRC6A
cluster_1572	4	ATP10A	GABRB3	MKRN3	NDN
cluster_1573	4	BRAF	CLCN6	FAM131B	KIAA1549
cluster_1574	4	CDY1	CDY1B	CDY2A	CDY2B
cluster_1575	9	DRD5	GPRIN2	GTF2I	HYDIN	NBPF1	NPEPPS	SRGAP2	SRGAP3	UGT2B17
cluster_1576	6	IFNG	IL15	IL15RA	IL2	IL21R	IL2RA
cluster_1577	5	CRH	CRHR1	CRHR1-2	NR3C1	POMC
cluster_1578	4	ADAP2	EVI2A	EVI2B	RNF135
cluster_1579	4	FEZF2	PAX6	SATB2	TBR1
cluster_1580	4	CGA	CGB5	CSH1	CSH2
cluster_1581	11	BOP1	DDX27	DDX54	DDX55	DDX56	FTSJ3	NOC2L	PES1	WDR12	WDR55	WDR74
cluster_1582	7	ROBO1	ROBO2	SLIT1	SLIT3	SRGAP1	SRGAP2	SRGAP3
cluster_1583	4	NOP14	PRKDC	UTP20	XRCC5
cluster_1584	6	CASP3	DSG1	DSG2	DSG3	DSP	PKP1
cluster_1585	4	CETN2	CETN3	MCM3AP	SFI1
cluster_1586	12	COPS2	COPS3	COPS4	COPS5	COPS6	COPS7B	COPS8	COPS9	GPS1	PPP1R42	TESPA1	THEMIS
cluster_1587	7	CD151	CD44	ITGA3	ITGA5	ITGA6	ITGB1	ITGB4
cluster_1588	11	EXOC2	EXOC3	EXOC4	EXOC5	EXOC6	EXOC7	MYO5A	RAB10	RAB11A	RAB13	RAB8A
cluster_1589	6	NPFF	NPFFR1	NPFFR2	NPVF	PRLH	QRFP
cluster_1590	4	PAPSS1	PAPSS2	PPA1	PPA2
cluster_1591	5	ARRB1	ARRB2	CHRM1	CHRM2	F2R
cluster_1592	4	LY6H	LYNX1	LYPD6	SLURP1
cluster_1593	6	ACADS	ACOX1	DHRS4	EHHADH	HSD17B4	PEX5
cluster_1594	5	MCU	MCUR1	MICU1	SLC8B1	SMDT1
cluster_1595	4	PLCB1	PLCB3	SLC9A3R1	SLC9A3R2
cluster_1596	6	LCE1D	LCE1E	LCE1F	LCE3A	LCE4A	LCE6A
cluster_1597	18	CBL	EGFR	ERBB2	GAB1	GRB2	HRAS	KRAS	NRAS	PIK3CA	PIK3R1	PIK3R2	PIK3R3	PLCG1	PTPN11	RET	SHC1	SRC	STAT3
cluster_1598	7	C1S	C3	C4A	C4B	C4BPA	CFI	CRP
cluster_1599	4	DUSP16	DUSP8	MAPK8	MAPK9
cluster_1600	7	DKC1	GAR1	NAF1	NOP10	NVL	SHQ1	WRAP53
cluster_1601	8	CREB1	EGFR	FOS	JUN	RELA	SRC	STAT3	YAP1
cluster_1602	17	AFF3	AFF4	CCNT1	CCNT2	CDK9	EAF1	EAF2	ELL2	ELL3	ELOA	ICE1	ICE2	NELFB	NELFCD	NUFIP1	TTF2	ZC3H8
cluster_1603	4	CNTN1	GLDN	NFASC	NRCAM
cluster_1604	32	ATP6AP1	ATP6AP1L	ATP6AP2	ATP6V0A1	ATP6V0A2	ATP6V0A4	ATP6V0B	ATP6V0C	ATP6V0D1	ATP6V0D2	ATP6V0E1	ATP6V0E2	ATP6V1A	ATP6V1B1	ATP6V1B2	ATP6V1C1	ATP6V1C2	ATP6V1D	ATP6V1E1	ATP6V1E2	ATP6V1F	ATP6V1G1	ATP6V1G2	ATP6V1G3	ATP6V1H	CCDC115	CNST	MEAK7	PPA1	RNASEK	TMEM199	VMA21
cluster_1605	4	CD300A	CD300C	CD300LB	CD300LF
cluster_1606	10	MSRB1	SELENOF	SELENOH	SELENOM	SELENON	SELENOO	SELENOS	SELENOT	SELENOV	SELENOW
cluster_1607	4	AR	NR3C1	SUMO1	UBE2I
cluster_1608	7	ALYREF	DDX39B	EIF4A3	NCBP2	NXF1	PABPN1	ZC3H14
cluster_1609	8	CBL	GRB2	PIK3R1	PIK3R2	SHC1	SRC	TGFBR1	TGFBR2
cluster_1610	5	ACP5	ATP6V0D2	CTSK	DCSTAMP	OCSTAMP
cluster_1611	5	GART	PPAT	PRPS1	PRPS1L1	PRPS2
cluster_1612	4	CCAR1	DDX5	DNAJC8	SUGP1
cluster_1613	6	PLA2G12A	PLA2G15	PLA2G3	PLA2G5	PLAAT3	PLB1
cluster_1614	5	KCNA1	KCNA2	SCN1A	SCN2A	SCN8A
cluster_1615	4	CNFN	IVL	LCE3D	LOR
cluster_1616	7	DHDDS	FDFT1	FDPS	GGPS1	IDI1	NUS1	PMVK
cluster_1617	12	MTX1	MTX3	SAMM50	TOMM20	TOMM20L	TOMM22	TOMM40	TOMM40L	TOMM5	TOMM6	TOMM7	TOMM70
cluster_1618	4	PTPN22	TNFAIP3	TRAF1	TRAF3
cluster_1619	4	A1BG	AHSG	AMBP	SERPINA1
cluster_1620	5	EYS	PCARE	PDE6A	PDE6G	PRCD
cluster_1621	9	CD19	CR1	FCGR2A	FCGR2B	FCGR3A	FCGR3B	ITGAM	ITGAX	PTPRC
cluster_1622	5	CHTOP	LUZP4	THOC1	THOC5	THOC6
cluster_1623	4	OMG	PTPRS	RTN4	RTN4RL1
cluster_1624	4	AXIN1	AXIN2	TNKS	TNKS2
cluster_1625	4	FNTB	ICMT	RCE1	ZMPSTE24
cluster_1626	8	ADGRB1	DOCK1	ELMO1	ELMO2	ELMO3	GULP1	IFT122	WDR35
cluster_1627	6	AFP	AHSG	F2	FGA	SERPINA7	TTR
cluster_1628	7	HSPA8	RAB3A	SLC32A1	SNAP25	SYT1	VAMP2	VAMP7
cluster_1629	4	COA1	COA3	COX14	MSS51
cluster_1630	4	ATRX	DNMT3A	IDH1	IDH2
cluster_1631	4	TAC1	TAC4	TACR1	TACR2
cluster_1632	29	ACTL6A	ACTL6B	ARID1A	ARID1B	ARID2	BANF1	BCL7A	BCL7B	BCL7C	BICRA	BICRAL	BRD7	BRD9	BRWD1	DPF1	DPF2	DPF3	PBRM1	PHF10	SMARCA2	SMARCA4	SMARCB1	SMARCC1	SMARCC2	SMARCD1	SMARCD2	SMARCD3	SMARCE1	ZMIZ2
cluster_1633	6	DYNLL2	MYL6	MYL6B	MYO18B	MYO1F	MYO9A
cluster_1634	4	DDX43	GAGE1	MAGEA1	SAGE1
cluster_1635	4	CLDN11	CLDN3	CLDN5	ESAM
cluster_1636	12	BCCIP	BRIX1	DHX15	EBNA1BP2	EIF6	GNL3	GRWD1	IMP4	MRTO4	NIFK	RPF2	RPL23
cluster_1637	5	ANO5	CAPN3	FKRP	SGCG	TRIM32
cluster_1638	4	SRPK3	SRSF4	SRSF5	SRSF6
cluster_1639	6	GNA15	GNAI1	GNAQ	GNB1	GNG2	NTSR1
cluster_1640	9	AHCY	AHCYL1	AHCYL2	DNMT1	DNMT3A	DNMT3B	MAT1A	MAT2A	MAT2B
cluster_1641	4	CLIP2	GTF2IRD1	LIMK1	TBL2
cluster_1642	6	AFDN	NECTIN1	NECTIN2	NECTIN3	NECTIN4	PVR
cluster_1643	6	HRAS	KRAS	MAPK14	MAPK8	MAPK9	NRAS
cluster_1644	4	C4BPA	LOR	SPRR1B	SPRR3
cluster_1645	4	PLCD1	PLCD3	PLCD4	PLCZ1
cluster_1646	8	DDX58	DHX58	IFIH1	MAVS	RNF125	RNF135	TRIM25	UBE2L6
cluster_1647	5	ELAVL2	HNRNPC	HNRNPK	TRA2A	TRA2B
cluster_1648	5	ARRB1	ARRB2	DVL2	FZD4	WNT5A
cluster_1649	4	CD2AP	DUSP22	MYO1A	PDLIM4
cluster_1650	4	CABP4	GPR179	GRM6	NYX
cluster_1651	18	EIF1B	EIF2S1	EIF2S2	EIF2S3B	EIF3A	EIF3B	EIF3C	EIF3D	EIF3E	EIF3F	EIF3G	EIF3H	EIF3I	EIF3J	EIF3K	EIF3L	EIF3M	RPL41
cluster_1652	4	PSG1	PSG7	PSG9	TGFB1
cluster_1653	8	MAPK11	MAPK12	MAPK13	MAPK14	MAPK8	MAPK9	RAPGEF3	RAPGEF4
cluster_1654	6	BGLAP	BMP2	BMP4	RUNX2	SOX9	SP7
cluster_1655	5	HMGCS1	MBTPS1	MBTPS2	SREBF1	SREBF2
cluster_1656	5	PHF6	SETBP1	SRSF2	U2AF1	ZRSR2
cluster_1657	8	MEF2A	MEF2B	MEF2C	MEF2D	MYF5	MYF6	MYOD1	MYOG
cluster_1658	10	CAMKK2	EEF2K	PRKAA1	PRKAA2	PRKAB1	PRKAB2	PRKAG2	PRKAG3	STRADA	TBC1D1
cluster_1659	4	AK7	CCDC40	RSPH4A	RSPH9
cluster_1660	10	KCNMA1	KCNMB1	KCNMB2	KCNMB3	KCNMB4	KCNN1	KCNN2	KCNN3	KCNU1	LRRC52
cluster_1661	4	PI3	SEMG1	SEMG2	WFDC12
cluster_1662	4	G3V4G9_HUMAN	GALE	GALK1	GALT
cluster_1663	7	HSPA1B	HSPA1L	HSPA2	HSPA6	HSPA8	MAPK8	MAPK9
cluster_1664	21	ERAL1	METTL15	METTL17	MRPS17	MRPS18B	MRPS22	MRPS23	MRPS24	MRPS26	MRPS27	MRPS28	MRPS31	MRPS33	MRPS34	MRPS36	MTIF3	NOA1	PTCD3	RBFA	TRMT10B	hCG_1984214
cluster_1665	8	CD44	EZR	FN1	ICAM1	MSN	RDX	SELL	VCAM1
cluster_1666	9	DSC1	DSC3	DSG1	DSG3	DSP	EVPL	PERP	PKP1	PKP3
cluster_1667	17	ARNTL	ARNTL2	BHLHE40	BHLHE41	CLOCK	CRY1	CRY2	NFIL3	NPAS2	NR1D1	NR1D2	PER1	PER2	PER3	RORA	RORB	TIMELESS
cluster_1668	7	EIF4E1B	EIF4E2	EIF4E3	FMR1	NCBP3	RAMAC	RNMT
cluster_1669	5	MAOA	MAOB	PINK1	PRKN	SNCA
cluster_1670	4	COPB1	GOLPH3	LMAN1	TGOLN2
cluster_1671	7	CHDH	PEMT	PLD1	PLD2	PLD3	PLD4	TMEM189
cluster_1672	9	INPP5A	INPP5J	INPP5K	IPMK	ITPK1	ITPKA	ITPKB	ITPKC	PLCH2
cluster_1673	5	GATA2	LDB1	LDB2	LMO2	QRSL1
cluster_1674	4	EPOR	JAK2	MPL	THPO
cluster_1675	4	FGF20	FGF9	MICU2	MICU3
cluster_1676	9	GNB1	GNB2	GNB3	GNB4	GNB5	GNG12	GNG2	GNG3	PRKCE
cluster_1677	18	DYNC1H1	DYNC1I1	DYNC1LI1	DYNC2H1	DYNC2LI1	DYNLL1	DYNLL2	DYNLRB1	DYNLRB2	DYNLT1	DYNLT3	NUDCD3	NUP214	SNX4	TCTEX1D2	TPR	WDR34	WDR60
cluster_1678	4	AKR1B1	NFAT5	SLC5A3	SLC6A12
cluster_1679	8	DNM1L	LRRK2	MFN1	MFN2	PARK7	PINK1	PRKN	SNCA
cluster_1680	5	SULT1A1	SULT1A2	SULT1A3	SULT1A4	SULT1C2
cluster_1681	10	ARCN1	COPA	COPB1	COPG1	COPG2	COPZ1	COPZ2	SCYL1	TMED7	TSGA13
cluster_1682	5	EP300	HDAC1	MEF2A	MEF2C	MEF2D
cluster_1683	9	CSTF3	ENO1	ENO2	ENO3	ENO4	MYCBPAP	PGK1	PGK2	TPI1
cluster_1684	15	DEPDC5	FNIP2	LAMTOR1	LAMTOR2	LAMTOR3	LAMTOR4	LAMTOR5	NPRL2	NPRL3	RNF152	RRAGA	RRAGB	RRAGC	RRAGD	SLC38A9
cluster_1685	6	PSG1	PSG2	PSG3	PSG4	PSG5	PSG6
cluster_1686	5	ATG12	ATG14	ATG2B	ATG5	EPG5
cluster_1687	8	FPR1	FPR2	GNAI1	GNAI2	GNAQ	GNAS	GNB1	GNG2
cluster_1688	5	AGRP	FOXO1	GCG	NPY	POMC
cluster_1689	4	GIT1	GIT2	GRK4	GRK6
cluster_1690	9	SMAD1	SMAD2	SMAD3	SMAD4	SMAD7	TGFBR1	TGFBR2	WWTR1	YAP1
cluster_1691	4	UCHL3	USP5	USP7	ZUP1
cluster_1692	5	CDC123	CDKAL1	HHEX	SLC30A8	TSPAN8
cluster_1693	5	GJA1	GJA4	GJA5	GJC1	GJD3
cluster_1694	4	FSCN2	GRXCR1	MYO7A	TRIOBP
cluster_1695	9	ANPEP	CD19	CD22	CD4	CD5	CD7	CD79A	DNTT	MME
cluster_1696	4	CBR4	HSD17B8	HTD2	OXSM
cluster_1697	11	AURKA	BORA	CCNB1	CDK1	ECT2	INCENP	NEK2	PLK1	PLK4	RACGAP1	TPX2
cluster_1698	24	ALYREF	DHX9	ELAVL1	FUS	HNRNPA1	HNRNPA2B1	HNRNPA3	HNRNPC	HNRNPD	HNRNPDL	HNRNPF	HNRNPH1	HNRNPK	HNRNPL	HNRNPU	ILF2	ILF3	NCL	PTBP1	SRSF1	SRSF2	SSB	U2AF2	YBX1
cluster_1699	5	GET3	GET4	RNF126	SGTB	UBL4A
cluster_1700	4	GON7	OSGEP	OSGEPL1	TP53RK
cluster_1701	4	S100A6	SPRR1A	SPRR3	TCHH
cluster_1702	4	F7	GXYLT1	GXYLT2	POGLUT1
cluster_1703	5	SLC26A3	SLC26A6	SLC9A3	SLC9A3R1	SLC9A3R2
cluster_1704	8	CTNNB1	EP300	ESR1	JUN	MYC	TFAP2A	TFAP2C	TP53
cluster_1705	4	FAM98A	RTCB	RTRAF	ZBTB8OS
cluster_1706	4	MAPRE3	TUBA1B	TUBB2B	TUBB3
cluster_1707	5	ANLN	ASPM	CCNB1	CCNB2	DIAPH3
cluster_1708	4	CCDC127	FAM104A	SUPT7L	TADA2B
cluster_1709	5	MAJIN	SPDYA	SUN1	TERB1	TERB2
cluster_1710	6	PGAP1	PGAP2	PIGK	PIGO	PIGT	PIGW
cluster_1711	4	COPS7A	GHITM	MINDY3	TMEM45A
cluster_1712	8	AKT1	AKT2	AKT3	BCL2	JUN	MAP2K4	MAP3K5	STAT3
cluster_1713	12	ADD1	ADD2	ADD3	ANK1	ANK2	ANK3	DMTN	EPB41	TMOD1	TMOD2	TMOD3	TMOD4
cluster_1714	5	HK1	HK2	LDHA	PFKFB3	SLC2A3
cluster_1715	5	DAG1	FKTN	NRXN1	NRXN2	POMGNT1
cluster_1716	10	BUB1B	CDCA3	CENPE	CEP55	KIF20A	KNSTRN	NUF2	SKA1	SPAG5	TACC3
cluster_1717	5	EFNB1	EFNB2	EPHB1	EPHB2	SDCBP
cluster_1718	4	PAX3	PAX7	SIX1	SNAI2
cluster_1719	8	B4GAT1	CRPPA	FKRP	FKTN	LARGE1	LARGE2	POMT1	POMT2
cluster_1720	4	CDCP2	ELAVL4	HIVEP3	USP24
cluster_1721	6	MSTN	MYF5	MYF6	MYOD1	MYOG	PAX7
cluster_1722	8	CCL2	CD4	CXCL10	CXCL12	CXCL2	CXCR4	DPP4	PTPRC
cluster_1723	4	EFEMP1	FBLN1	FBLN2	MFAP4
cluster_1724	4	RASGEF1A	RIOK1	RIOX1	SBNO1
cluster_1725	7	CACNA1A	CACNA1B	CACNA1C	CACNA1D	CACNA1E	CACNA1G	INS
cluster_1726	8	CANX	DERL1	DERL2	EDEM1	EDEM3	ERLEC1	OS9	SERPINA1
cluster_1727	9	ITGA2B	ITGA4	ITGAL	ITGAM	ITGB1	ITGB2	RAP1A	RAP1B	TLN1
cluster_1728	6	MAPK14	MAPK8	MAPK9	RALA	RALB	RALGDS
cluster_1729	7	MDM4	SFN	YWHAB	YWHAE	YWHAG	YWHAH	YWHAQ
cluster_1730	4	IZUMO1	IZUMO2	IZUMO3	IZUMO4
cluster_1731	6	CAMP	DEFA4	ELANE	LCN2	MMP8	PRTN3
cluster_1732	4	SLX1A	SLX1B	SLX4	SLX4IP
cluster_1733	5	CARTPT	CRYL1	ECI2	HADH	HSDL2
cluster_1734	6	APLN	GAL	GHRL	NPY	PDYN	POMC
cluster_1735	12	EIF2AK2	EPSTI1	HELZ2	IFI44	IFI44L	IFIT2	IFIT3	IFITM3	ISG15	PARP14	PARP9	XAF1
cluster_1736	7	CPSF6	SRSF1	SRSF2	SRSF4	SRSF5	SRSF6	TNPO3
cluster_1737	10	CD2AP	DPYSL3	DUSP22	ESPN	JAM3	MYO1A	MYO1C	MYO3A	MYO6	PDLIM4
cluster_1738	4	CASC1	CFAP70	DNAH3	DNAL1
cluster_1739	10	DMD	SGCA	SGCB	SGCD	SGCE	SGCG	SGCZ	SNTG1	SNTG2	SSPN
cluster_1740	11	FBLL1	FCF1	MPHOSPH10	MYBBP1A	NAT10	NOLC1	NOP56	NOP58	RRP9	SNU13	UTP15
cluster_1741	4	SECISBP2	SELENOO	SELENOV	SEPHS2
cluster_1742	4	ANXA13	CSMD3	EXT1	TRPS1
cluster_1743	6	COPS5	NEDD8	PSMD4	UCHL5	USP14	USP7
cluster_1744	4	ASXL1	PHF6	SETBP1	TET2
cluster_1745	6	DHX9	HNRNPA1	HNRNPR	LARP7	SSB	YBX1
cluster_1746	5	RUVBL1	RUVBL2	SMG1	TRRAP	UPF1
cluster_1747	13	ABL1	CCND1	CCND2	CDK4	CDKN1A	CDKN1B	CDKN2A	CTNNB1	JUN	MDM2	MYC	RB1	TP53
cluster_1748	5	F11	F9	IGHV3-43D	IGLL5	PROC
cluster_1749	5	INPP5B	OCRL	PHETA1	PHETA2	PLEKHJ1
cluster_1750	5	DVL2	FZD3	FZD7	PARD6A	WNT5A
cluster_1751	11	BRIX1	GNL2	GNL3	GTPBP4	MAK16	NOP53	PAK1IP1	RBM28	RBM34	RRP8	SDAD1
cluster_1752	10	PPP1R1A	PPP2CA	PPP2CB	PPP2R1A	PPP2R1B	PPP2R2B	PPP3CA	PRKCA	PRKCB	PRKCG
cluster_1753	10	ACAA1	ACAA2	ECHS1	ECI1	EHHADH	ETFB	HADH	HADHA	HADHB	HSD17B10
cluster_1754	6	AMOT	AMOTL1	AMOTL2	PRKCI	PRKCZ	WWC1
cluster_1755	6	CEL	CELA3A	CELA3B	CPA1	CTRC	PPY
cluster_1756	4	ADCYAP1	PPIP5K1	PPIP5K2	VIP
cluster_1757	8	MYO5B	RAB11B	RAB11FIP1	RAB11FIP2	RAB11FIP3	RAB11FIP4	RAB11FIP5	RAB25
cluster_1758	5	BTK	CASP1	NLRP3	PYCARD	SYK
cluster_1759	8	AMOT	AMOTL1	AMOTL2	MPDZ	MPP5	NF2	PATJ	WWC1
cluster_1760	7	EIF4A3	FUS	HNRNPC	HNRNPK	PTBP1	QKI	U2AF2
cluster_1761	13	AKT1	ATP1A1	ATP1A2	ATP1A3	ATP1A4	ATP1B1	ATP1B2	ATP1B3	ATP1B4	FXYD2	MAPK1	MAPK3	SLC9A1
cluster_1762	5	ALKBH1	ALKBH4	ALKBH6	ALKBH7	ALKBH8
cluster_1763	4	ETNK1	ETNK2	ETNPPL	PCYT2
cluster_1764	10	CALM1	CALM2	CALM3	CALML3	CALML4	CALML5	CALML6	NOS1	NOS2	NOS3
cluster_1765	16	AR	CCND1	EP300	ESR1	FOS	FOXA1	H3-3B	H3C12	H3C13	HDAC1	JUN	KDM1A	MYC	PGR	TBP	TP53
cluster_1766	5	CTU1	ELP1	ELP3	ELP5	KTI12
cluster_1767	4	ACO1	HAO1	HAO2	IREB2
cluster_1768	4	CD209	CLEC4M	ICAM3	PLK3
cluster_1769	7	DYNC2LI1	DYNLRB2	NUDCD3	TCTEX1D1	TCTEX1D2	WDR34	WDR60
cluster_1770	15	ATXN7	ATXN7-2	ATXN7L3	ENY2	SGF29	SUPT20H	SUPT3H	TADA1	TADA2A	TADA3	TMEM179B	TRRAP	USP27X	USP51	YEATS2
cluster_1771	4	ROBO1	ROBO2	SLIT2	SRGAP1
cluster_1772	22	PSMA1	PSMB2	PSMC1	PSMC3	PSMC4	PSMC5	PSMC6	PSMD11	PSMD12	PSMD13	PSMD14	PSMD2	PSMD3	PSMD4	PSMD6	PSMD7	RAD23A	RAD23B	UBE3A	UBQLN1	UBQLN2	UCHL5
cluster_1773	5	CDH15	CDH23	CTNNA2	CTNND1	JUP
cluster_1774	4	FKBP6	GTF2IRD1	TBL2	TRIM50
cluster_1775	4	E2F4	E2F5	MYBL2	TFDP2
cluster_1776	4	SYNGR2	TK1	TMC6	TMC8
cluster_1777	5	ACTL6A	ACTL6B	H3C12	POTEF	SMARCA4
cluster_1778	5	F5H5T6_HUMAN	SDHAF1	SDHAF2	SDHAF3	SDHAF4
cluster_1779	5	COL1A1	COL3A1	FBN1	TGFBR1	TGFBR2
cluster_1780	4	LDHD	PDHA2	PDHB	PDK1
cluster_1781	5	DYNLL1	DYNLL2	MOB4	STRN4	TRAF3IP3
cluster_1782	4	EP300	MRTFA	SMARCA4	WDR5
cluster_1783	52	ACO1	ACO2	AFG3L2	ATP5F1A	CUL7	DAP3	ENSP00000387111	H3BNC9_HUMAN	HIBCH	IREB2	MRPL13	MRPL16	MRPL17	MRPL19	MRPL2	MRPL22	MRPL23	MRPL27	MRPL3	MRPL30	MRPL32	MRPL33	MRPL34	MRPL36	MRPL4	MRPL40	MRPL41	MRPL43	MRPL44	MRPL46	MRPL47	MRPL49	MRPS10	MRPS11	MRPS12	MRPS14	MRPS15	MRPS16	MRPS2	MRPS35	MRPS5	MRPS6	MRPS9	PEBP1	PPP1R26	RPL11	RPL23	RPL8	RPS18	RPS9	SOD2	SOD2-2
cluster_1784	9	ADAR	DDX58	EIF2AK2	IFIH1	IRF9	MX1	SAMHD1	STAT1	STAT2
cluster_1785	7	CAB39L	EEF2K	PRKAA2	PRKAG1	PRKAG2	PRKAG3	STRADB
cluster_1786	7	GABPA	GABPB1	POLG	POLG2	POLRMT	TFAM	TWNK
cluster_1787	4	DHDDS	EPRS1	MRRF	NUS1
cluster_1788	6	ENPP2	GDPD1	GDPD3	LPAR1	LPAR2	LPAR6
cluster_1789	5	CEACAM1	HAVCR2	LGALS9	LGALS9B	LGALS9C
cluster_1790	5	HACL1	ILVBL	MT-CO1	MT-CO2	MT-CO3
cluster_1791	5	BSG	EMB	SLC16A3	SLC16A7	SLC16A8
cluster_1792	6	B4E171_HUMAN	CD63	CD81	CD9	PDCD6IP	TSG101
cluster_1793	12	AP2A1	AP2B1	AP2M1	ARRB1	ARRB2	CLTC	CLTCL1	DAB2	DNM2	EPN2	EPS15	SNAP91
cluster_1794	8	AUTS2	DCAF7	FBRS	FBRSL1	PCGF3	PCGF5	RYBP	YAF2
cluster_1795	4	C9orf72	SMCR8	TANK	TBK1
cluster_1796	20	ADAM10	AFDN	BAK1	BAX	C5	C6	C7	C8A	C8B	C9	CD34	PDZD11	PLEKHA7	PPIF	SLC25A31	SLC25A4	SLC25A5	SPG7	TSPAN33	VDAC1
cluster_1797	12	CPSF6	ELAVL1	FUBP1	HNRNPA1	HNRNPA2B1	HNRNPF	HNRNPM	KHDRBS1	KHSRP	SF3B1	SRSF3	U2AF2
cluster_1798	6	CDK5	CRMP1	DPYSL2	DPYSL3	PLXNA2	SEMA3A
cluster_1799	7	ILK	LIMS1	LIMS2	LIMS3	PARVB	PARVG	RSU1
cluster_1800	8	ADIPOQ	ALB	CRP	IGF1	INS	LEP	PRL	SHBG
cluster_1801	8	MYH6	MYH7	MYL2	MYL7	NPPA	NPPB	TNNI3	TNNT2
cluster_1802	5	CHCHD10	CHCHD2	CHCHD3	CHCHD6	TOMM40
cluster_1803	5	FMR1	FXR1	FXR2	G3BP2	KCNG1
cluster_1804	8	ADSL	COASY	ENPP1	ENPP3	PANK1	PANK2	PANK3	PPCDC
cluster_1805	4	HNF1A	HNF1B	PCBD1	PCBD2
cluster_1806	4	AAR2	CD2BP2	EFTUD2	ZNHIT2
cluster_1807	7	ABHD12	ABHD4	ABHD6	DAGLA	DAGLB	FAAH	NAPEPLD
cluster_1808	6	DYNC1H1	DYNC1I1	DYNC1I2	DYNC1LI2	NUDCD3	TCTEX1D2
cluster_1809	6	ADRB2	GNAI1	GNAI2	GNAI3	GNAS	GNB3
cluster_1810	6	GATA1	GFI1B	LMO2	LYL1	TAL1	ZFPM1
cluster_1811	5	RASA1	RHEB	SESN2	TSC1	TSC2
cluster_1812	4	DAB2	DNM2	EPS15	GJA1
cluster_1813	4	CHRNA5	CHRNA9	CHRNB4	SLURP1
cluster_1814	5	DES	INA	NEFL	NEFM	VIM
cluster_1815	8	ATAD5	BRD4	RFC1	RFC2	RFC3	RFC4	RFC5	TOP2A
cluster_1816	4	ADARB2	ALYREF	HNRNPA3	SRSF2
cluster_1817	4	ARRDC3	NDFIP2	NEDD4	NEDD4L
cluster_1818	4	AQP10	AQP11	AQP12A	MIP
cluster_1819	4	DCP2	DCPS	LSM1	XRN1
cluster_1820	4	ESCO1	ESCO2	KAT2A	KAT2B
cluster_1821	8	HLA-DMA	HLA-DMB	HLA-DOA	HLA-DPA1	HLA-DRA	HLA-DRB1	HLA-DRB5	TPBG
cluster_1822	12	ARAF	BRAF	HRAS	KRAS	MRAS	NRAS	PRKCA	PRKCB	PRKCG	RAF1	RRAS	RRAS2
cluster_1823	4	HSD17B10	PRORP	TRMT10C	TRMT61B
cluster_1824	4	TAC3	TAC4	TACR2	TACR3
cluster_1825	4	JAK2	SOCS2	SOCS3	SOCS5
cluster_1826	6	EGFR	ERBB2	EZR	GRB2	MSN	SRC
cluster_1827	4	C1orf109	LIX1	RUBCNL	SLCO1A2
cluster_1828	4	FFAR1	FFAR4	GNA11	GNAQ
cluster_1829	5	EHMT2	MED12	MED28	RCOR1	TRIP4
cluster_1830	7	ASIP	DCT	MC1R	MITF	POMC	TYR	TYRP1
cluster_1831	5	CHGB	CPE	SCG2	SCG3	SCG5
cluster_1832	4	BSN	KIF5B	SNPH	SYBU
cluster_1833	4	TMED2	TMED4	TMED5	TMED9
cluster_1834	9	ACTR1A	DCTN1	DCTN2	DCTN3	DYNC1H1	DYNC1I2	DYNLL1	HSP90AA1	HSP90AB1
cluster_1835	4	LSP1	NEK10	SLC4A7	TOX3
cluster_1836	4	BECN1	RUBCNL	STX17	UVRAG
cluster_1837	4	EIF2AK3	ERN1	PSEN1	PSEN2
cluster_1838	7	DDX5	EIF4A3	RBM25	RBM39	SF3B1	SON	SRSF11
cluster_1839	5	CD2	CD48	CD53	ITGB2	PTPRC
cluster_1840	13	DCAF10	DCAF11	DCAF12	DCAF15	DCAF16	DCAF17	DCAF5	DCAF6	DCAF7	DCAF8	DYRK4	FBXW5	TRPC4AP
cluster_1841	7	ATG14	BECN1	EEA1	PIK3C3	PIK3R4	RAB5A	UVRAG
cluster_1842	9	PDS5A	PDS5B	RAD21L1	REC8	SGO2	SMC1B	STAG1	STAG3	WAPL
cluster_1843	5	DKK2	DKK3	DKK4	KREMEN1	KREMEN2
cluster_1844	4	HLTF	SHPRH	SMARCA2	SMARCA4
cluster_1845	4	B2M	MR1	TAPBPL	TRDV1
cluster_1846	6	ELP3	GRWD1	NMD3	RCL1	WDR36	WDR43
cluster_1847	5	DNAJC3	HSPA5	HYOU1	SEC62	SEC63
cluster_1848	4	LAMTOR2	LAMTOR3	MAPK1	MAPK3
cluster_1849	4	TPD52	TPD52L1	TPD52L2	TPD52L3
cluster_1850	11	CREBBP	EP300	HDAC1	HDAC2	JUN	KAT2B	MYC	MYOD1	MYOG	SMARCA4	TP53
cluster_1851	5	ALKBH5	IGF2BP3	METTL14	METTL4	VIRMA
cluster_1852	5	ELN	FBLN1	FBLN2	NID1	NID2
cluster_1853	5	OMA1	OPA1	PARL	PARL-2	YME1L1
cluster_1854	4	STX1A	STX3	STXBP1	SYTL4
cluster_1855	4	GABRA5	GABRB3	GABRG3	UBE3A
cluster_1856	5	ARF3	NCF1	NCF2	NCF4	RAP2B
cluster_1857	11	AP1B1	AP1M1	AP1M2	AP2A2	AP2B1	AP2M1	AP2S1	AP4E1	CLINT1	CLTC	TGOLN2
cluster_1858	4	CHRNA1	CHRNA10	CHRNA5	CHRNA9
cluster_1859	4	AHNAK	FKBP2	FOSL1	LOC114841035
cluster_1860	5	CALB1	CALB2	PVALB	S100G	SDF4
cluster_1861	10	ATXN7L3	SUPT20H	SUPT3H	SUPT7L	TADA1	TADA2A	TAF5L	TAF6L	USP27X	USP51
cluster_1862	4	ATE1	UBR1	UBR2	WDYHV1
cluster_1863	13	CGAS	DDX58	IFIH1	IFNAR1	IFNB1	IRF3	IRF7	MAVS	OASL	TBK1	TLR3	TLR7	TLR9
cluster_1864	10	ACTR2	ARPC1A	ARPC1B	ARPC2	ARPC3	ARPC4-TTLL3	ARPC5	ARPC5L	ENSP00000491073	GMFG
cluster_1865	4	GRK2	GRK3	PTCH1	SMO
cluster_1866	4	LCE1D	LCE1E	LCE3A	LCE3C
cluster_1867	7	MAPK11	MAPK12	MAPK13	MAPK14	NEFH	NEFL	NEFM
cluster_1868	8	DSC1	DSC2	DSC3	DSG2	DSG3	JUP	PKP1	PKP2
cluster_1869	4	CRK	PITPNA	SCARF1	TRARG1
cluster_1870	8	AGRN	BCAN	BGN	DCN	GPC1	HSPG2	SDC2	VCAN
cluster_1871	5	CDH1	CDH2	CTNND1	CTTN	HCLS1
cluster_1872	6	DAZL	STRA8	SYCE1	SYCE2	SYCP1	SYCP3
cluster_1873	4	APBB1	APBB2	APLP1	APLP2
cluster_1874	4	CHUK	IKBIP	IKBKB	MAP3K8
cluster_1875	4	FBP1	FBP2	PFKFB2	ZBTB22
cluster_1876	4	BMPR2	GDF2	NOG	PAEP
cluster_1877	10	LCE1C	LCE2B	LCE3D	LCE3E	SPRR1A	SPRR2A	SPRR2B	SPRR2D	SPRR2E	SPRR2G
cluster_1878	4	BGLAP	RUNX2	WWTR1	YAP1
cluster_1879	9	AADAT	AFMID	HAAO	KMO	KYAT1	KYAT1-2	KYAT3	KYNU	TDO2
cluster_1880	4	CLDN1	CLDN7	OCLN	SCARB1
cluster_1881	4	FRAT1	GSK3A	GSK3B	GSKIP
cluster_1882	9	ALYREF	DEK	PNN	RNPS1	SF3B1	SRRM1	SRSF11	U2AF1	U2AF2
cluster_1883	4	PPP1R12A	PPP1R12C	PRKG1	PRKG2
cluster_1884	4	LNPEP	RAB10	RAB14	RAB8A
cluster_1885	4	EDA	EDA2R	EDAR	EDARADD
cluster_1886	4	GOLGA2	GORASP1	STK25	STK26
cluster_1887	5	CTAG1B	MAGEA1	MAGEA3	PMEL	TYR
cluster_1888	9	AK6	AK9	ATP6V0D1	ATP6V1B1	ATP6V1B2	ATP6V1D	ATP6V1E1	ATP6V1E2	ATP6V1F
cluster_1889	6	CD4	FOXP3	IL2	IL4	NFATC1	NFATC2
cluster_1890	4	CARD16	KLK8	SERPINA5	SERPINB6
cluster_1891	4	ERLIN1	ERLIN2	RNF170	RNF185
cluster_1892	15	APC	AXIN1	AXIN2	CSNK1A1	CSNK1D	CSNK1E	DVL1	DVL2	DVL3	FZD1	GSK3B	LRP5	LRP6	WNT1	WNT3A
cluster_1893	11	BTF3	BTF3L4	NACA	NACA2	NACAD	RPL23A	RPL31	RPL6	RPS16	RPS19	RPS8
cluster_1894	4	FUT7	GLG1	SELE	SELP
cluster_1895	12	ALB	GPX2	GPX3	GPX5	GPX6	GPX7	GPX8	IL1B	IL6	INS	TNF	TXN
cluster_1896	5	ACTC1	CSRP3	LDB3	NEXN	RBM20
cluster_1897	4	ANXA1	ANXA2	MYC	TP53
cluster_1898	4	DMXL1	DMXL2	ROGDI	WDR7
cluster_1899	4	FECH	HCCS	HEPH	HMOX2
cluster_1900	4	EBI3	IL12A	IL27	IL27RA
cluster_1901	4	XAGE1A	XAGE1B	XAGE2	XAGE3
cluster_1902	4	KSR2	MAP2K1	MAP2K2	MOS
cluster_1903	7	ALDH18A1	ALDH1L2	MTHFD1	MTHFD2	PHGDH	PSAT1	SHMT2
cluster_1904	4	BRMS1L	GATAD1	PHF12	SIN3B
cluster_1905	4	CRX	FIZ1	NR2E3	NRL
cluster_1906	9	AP2A1	AP2A2	AP2B1	AP2M1	EPS15	EPS15L1	ITSN2	NUMB	NUMBL
cluster_1907	5	EFR3A	EFR3B	FAM126A	PI4KA	TTC7B
cluster_1908	4	FGF13	SCN1A	SCN3A	SCN9A
cluster_1909	10	GRB2	IRS1	KRAS	NPM1	NRAS	PIK3CA	PIK3R1	PLCG1	PTPN11	SHC1
cluster_1910	4	HAO1	HAO2	HOGA1	PGP
cluster_1911	7	GOLGA2	GOLGA3	GOLGA5	GOLGB1	GORASP1	TRIP11	USO1
cluster_1912	4	DHODH	DPYD	KISS1	UMPS
cluster_1913	8	ACVR1	BAMBI	BMPR1A	BMPR1B	SMAD6	SMAD7	TGFBR1	TGFBR2
cluster_1914	6	CYP7A1	CYP8B1	FABP6	NR0B2	NR1H4	NR5A2
cluster_1915	5	INSL3	INSL4	INSL5	INSL6	RLN3
cluster_1916	5	ATP5F1A	ATP5PD	CHCHD2	COX4I1	COX6A1
cluster_1917	4	SCAF11	U2AF1	U2AF1L4	U2AF2
cluster_1918	4	CEP192	PLK4	STIL	TENT5C
cluster_1919	8	DBT	DHTKD1	DLAT	DLST	OGDH	OGDHL	PDHX	RNF8
cluster_1920	4	RPN2	SSR2	SSR3	TRAM1
cluster_1921	6	FYN	NRP1	PLXNA1	PLXNA2	PLXNA3	PLXNA4
cluster_1922	8	ATG5	ATG7	BECN1	BNIP3L	MAP1B	RB1CC1	SQSTM1	TP53
cluster_1923	6	CTNNAL1	DMD	SNTB1	SNTB2	SNTG1	SNTG2
cluster_1924	5	AFF1	KMT2A	MEIS1	MLLT3	PBX1
cluster_1925	6	ABL1	IL3	SOCS1	SOCS3	STAT5A	STAT5B
cluster_1926	4	CAP1	CAP2	PHLPP1	PHLPP2
cluster_1927	4	ATP12A	ATP4A	ATP4B	HRH2
cluster_1928	15	CHAC1	CHAC2	DIO1	GPX2	GPX3	GPX5	GPX6	GPX7	GPX8	GSS	GSTM5	GSTO1	GSTO2	MGST2	PRDX6
cluster_1929	4	NCLN	NOMO2	NOMO3	TMEM147
cluster_1930	16	DCK	DGUOK	MT-ND4	MT-ND6	NDUFAB1	NDUFB10	NDUFB6	NDUFB8	NDUFS1	NDUFS2	NDUFS3	NDUFS4	NDUFS8	NDUFV1	PALB2	TK2
cluster_1931	4	MAP2K3	MAP2K6	MAP3K6	TAOK3
cluster_1932	4	GEMIN5	SERF1A	SMN1	SMN2
cluster_1933	10	CD19	CD33	CEACAM8	FCGR3A	FCGR3B	FUT4	ITGAM	ITGB2	NCAM1	SELL
cluster_1934	6	DCLRE1C	PRKDC	RAG1	RAG2	XRCC4	XRCC5
cluster_1935	4	APPL1	EGF	IGF1R	NTRK1
cluster_1936	12	SCN10A	SCN1B	SCN2B	SCN3B	SCN4A	SCN4B	SCN7A	SCNN1A	SCNN1B	SCNN1D	SCNN1G	TRPM4
cluster_1937	5	CERKL	FSCN2	IMPG2	RP9	ZNF513
cluster_1938	11	KRTAP13-3	KRTAP20-1	KRTAP20-2	KRTAP22-1	KRTAP24-1	KRTAP26-1	KRTAP6-1	KRTAP6-2	KRTAP7-1	KRTAP8-1	SCYGR1
cluster_1939	6	ATM	BRCA1	CHEK1	HSP90AA1	HSP90AB1	PRKDC
cluster_1940	4	ESCO1	ESCO2	NAT1	NAT2
cluster_1941	7	ADAM10	DLL1	DLL4	JAG1	JAG2	NOTCH1	NOTCH2
cluster_1942	8	AKT1	ARRB1	ARRB2	EGFR	IGF1R	MAPK1	MAPK3	SRC
cluster_1943	32	AMBRA1	CDKN1B	COP1	CRBN	CUL4A	CUL4B	DCAF1	DCAF10	DCAF11	DCAF12	DCAF13	DCAF15	DCAF16	DCAF17	DCAF4	DCAF5	DCAF6	DCAF7	DCAF8	DDA1	DDB1	DDB2	DET1	DTL	ERCC8	FBXW5	GLMN	GRWD1	PWP1	RBX1	TBL3	TRPC4AP
cluster_1944	4	AR	NR3C1	NR3C2	PGR
cluster_1945	5	AKTIP	FAM160A1	FAM160A2	HOOK2	HOOK3
cluster_1946	7	DNA2	NBN	RBBP8	RPA1	RPA3	SSBP1	TOP3A
cluster_1947	5	CALR	CANX	EDEM3	UGGT1	UGGT2
cluster_1948	9	ANOS1	CHD7	FGFR1	GNRH1	GNRHR	KISS1R	NSMF	PROK2	PROKR2
cluster_1949	4	HSP90AA1	HSP90AB1	NOS2	NOS3
cluster_1950	12	ACLY	ALDH5A1	CS	DHTKD1	DLST	IDH3A	IDH3B	IDH3G	OGDH	OGDHL	SUCLA2	SUCLG1
cluster_1951	14	GPX2	GPX3	GPX4	GPX5	GPX6	GPX7	GPX8	GSR	GSTP1	PRDX1	PRDX2	PRDX5	SOD1	TXN
cluster_1952	6	DXO	RPAP2	RPRD1A	RPRD1B	RPRD2	XRN2
cluster_1953	4	GDNF	GFRA1	GFRA2	NCAM1
cluster_1954	11	GALNT14	MUC12	MUC13	MUC15	MUC17	MUC19	MUC2	MUC21	MUC3A	MUC4	MUC5AC
cluster_1955	4	AIF1	C1QA	CD68	P2RY12
cluster_1956	4	RAP1A	RAP1B	RAP1GAP	SIPA1L2
cluster_1957	4	SLC35A3	SLC35B4	SLC35D1	SLC35D2
cluster_1958	6	AGO4	DGCR8	DICER1	DROSHA	TARBP2	TNRC6B
cluster_1959	8	IFNAR1	IFNAR2	IFNE	IFNGR1	IFNK	IFNLR1	IFNW1	IL10RB
cluster_1960	6	ADIPOQ	PPARA	PPARG	SIRT1	SREBF1	SREBF2
cluster_1961	4	ATG2A	ATG2B	WDR45	WDR45B
cluster_1962	4	CASP1	CTSB	CTSS	NLRP3
cluster_1963	7	MYL12B	MYL9	PPP1R12A	RHOB	RHOC	ROCK1	ROCK2
cluster_1964	5	G6PD	ME1	NFE2L2	TALDO1	TKT
cluster_1965	4	CAMK2A	CAMK2B	CAMK2D	CAMK2N2
cluster_1966	5	PRKAA1	PRKAB2	PRKAG2	PRKAR1A	PRKAR2A
cluster_1967	4	BANF2	LBR	LMNB1	LMNB2
cluster_1968	8	CHCHD4	COX17	COX19	GFER	TIMM10	TIMM13	TIMM8A	TIMM9
cluster_1969	7	CCDC65	DNAI1	GAS8	RSPH1	RSPH3	RSPH4A	RSPH9
cluster_1970	4	PTGES2	PTGIS	PTGS1	TBXAS1
cluster_1971	4	MEPCE	SART3	USP15	USP4
cluster_1972	5	NUP153	PPIA	RAN	RANBP1	RGPD2
cluster_1973	4	ADAM22	ADAM23	LGI2	LGI3
cluster_1974	4	LDHD	PKLR	PKM	RRM2B
cluster_1975	16	CD2	CD247	CD3D	CD3E	CD3G	CD4	CD8A	CD8B	ICOS	ITK	KLRB1	LCK	SH2D1A	SYK	TRAT1	ZAP70
cluster_1976	17	CYP2F1	EPHX1	GSTA1	GSTA2	GSTA3	GSTA4	GSTA5	GSTM1	GSTM2	GSTM3	GSTM4	GSTP1	GSTT2B	GSTZ1	HPGDS	MGST1	MGST3
cluster_1977	4	CYB5RL	DPYD	DPYS	UMPS
cluster_1978	4	KNDC1	RGP1	RIC1	WDR41
cluster_1979	4	CRBN	CUL4A	IKZF1	IKZF3
cluster_1980	4	KAT2A	KAT2B	SGF29	USP27X
cluster_1981	5	STX3	STX4	TXLNA	TXLNB	TXLNG
cluster_1982	4	ETFRF1	LYRM1	LYRM2	LYRM9
cluster_1983	4	ANOS1	HS6ST1	NSMF	PROKR2
cluster_1984	4	CD81	CD9	FKBP11	PTGFRN
cluster_1985	5	JMJD6	LUC7L2	SRSF11	U2AF1	U2AF2
cluster_1986	9	FAIM2	GNPDA2	KCTD15	MC4R	MTCH2	NEGR1	SEC16B	SH2B1	TMEM18
cluster_1987	4	ARRB1	ARRB2	RXFP1	RXFP3
cluster_1988	5	CEPT1	CHPT1	LPCAT4	PCYT1A	PCYT1B
cluster_1989	8	AMH	CYP11A1	CYP17A1	HSD17B3	HSD3B1	INSL3	NR5A1	STAR
cluster_1990	15	AHNAK	CAPN1	CHRM1	COX8A	FKBP2	FOSL1	FTH1	LOC114841035	MAP3K11	MARK2	PLCB3	PYGM	ROM1	SCGB1A1	SF1
cluster_1991	7	APOA1	APOE	APP	CLU	PRKN	SNCA	TTR
cluster_1992	5	CELF1	CLCN1	MBNL1	TNNT2	TNNT3
cluster_1993	4	MTRNR2L1	MTRNR2L11	MTRNR2L12	MTRNR2L8
cluster_1994	5	NEUROD1	NEUROG3	NKX2-2	PAX6	PDX1
cluster_1995	4	AMELY	PCDH11Y	PRKY	ZFY
cluster_1996	8	ALB	CRP	EPO	IGF1	IGF2	INS	LEP	PTH
cluster_1997	5	DDX17	DDX5	HNRNPF	HNRNPH1	ZWINT
cluster_1998	7	CARM1	ESR2	NCOA1	NCOA2	NCOA3	PRMT1	PRMT5
cluster_1999	7	CD24	ENG	NANOG	POU5F1	PROM1	SOX2	THY1
