cluster_0	26	AGAP1	CBY1	CDC25B	CDK16	DCLK1	DENND1A	EIF4E2	GIGYF1	KCTD3	KIF13B	KSR1	LIMA1	LRFN1	MAGI1	MAST3	PLEKHA5	PPM1H	RTKN	SH3PXD2A	SIPA1L1	SRGAP2	SRSF12	SYDE1	TESK2	ZBTB21	ZNF638
cluster_1	18	CRCP	POLR1D	POLR2E	POLR2F	POLR2H	POLR2K	POLR2L	POLR3A	POLR3B	POLR3C	POLR3D	POLR3E	POLR3F	POLR3G	POLR3GL	POLR3H	POLR3K	RYBP
cluster_2	16	CCDC22	CCDC93	COMMD1	COMMD10	COMMD2	COMMD3	COMMD4	COMMD5	COMMD6	COMMD7	COMMD8	COMMD9	DENND10	VPS26C	VPS29	VPS35L
cluster_3	15	CDC5L	PSMC1	PSMC2	PSMC3	PSMC4	PSMC5	PSMC6	PSMD1	PSMD11	PSMD12	PSMD13	PSMD2	PSMD3	SNW1	UCHL5
cluster_4	15	GADD45GIP1	MRPL12	MRPL13	MRPL18	MRPL2	MRPL27	MRPL30	MRPL37	MRPL4	MRPL42	MRPL50	MRPL52	MRPL53	MRPS30	OXA1L
cluster_5	14	BIRC5	MED1	MED10	MED14	MED17	MED18	MED20	MED21	MED22	MED29	MED30	MED31	MED6	MED8
cluster_6	14	PSMC1	PSMC2	PSMC4	PSMC5	PSMC6	PSMD1	PSMD10	PSMD14	PSMD2	PSMD4	PSMD6	PTPN2	TMEM31	UCHL5
cluster_7	13	ASB6	COPS2	COPS3	COPS4	COPS5	COPS6	COPS7A	COPS7B	CUL4B	CUL5	DCUN1D1	GPS1	NEDD8
cluster_8	13	FGFR1OP2	MOB4	PDCD10	SIKE1	STK24	STK25	STK26	STRIP1	STRIP2	STRN	STRN3	STRN4	TRAF3IP3
cluster_9	12	BTBD2	COPS2	COPS3	COPS4	COPS5	COPS6	COPS7A	COPS7B	COPS8	COPS9	CUL3	GPS1
cluster_10	12	CLOCK	DZIP3	GIT2	GRIPAP1	NCKAP5L	PSMD9	RABEP1	RABGAP1L	RABGEF1	TUFT1	VPS53	YEATS4
cluster_11	12	NEURL4	POLR2A	POLR2B	POLR2C	POLR2D	POLR2G	POLR2H	POLR2I	POLR2J	POLR2K	POLR2M	RPAP2
cluster_12	11	ADRM1	DUSP4	PSMC2	PSMC3	PSMC4	PSMC5	PSMC6	PSMD11	PSMD14	PSMD3	PSMD7
cluster_13	11	ANAPC1	ANAPC10	ANAPC16	ANAPC2	ANAPC4	ANAPC5	ANAPC7	CDC16	CDC26	CDC27	MAD2L1
cluster_14	11	ANLN	CAPZA2	DBN1	FLNA	MYH9	MYO18A	MYO19	MYO5C	MYO6	PPP1CB	SYNPO
cluster_15	11	ARID1B	BCL7A	DPF2	RELB	SMARCA2	SMARCC1	SMARCC2	SMARCD1	SMARCD2	SMARCD3	SMARCE1
cluster_16	11	ARMC8	GID8	MAEA	MKLN1	RAB8A	RANBP10	RANBP9	RMND5A	RMND5B	WDR26	YPEL5
cluster_17	11	MBL2	PSMA1	PSMA2	PSMA3	PSMA6	PSMB1	PSMB2	PSMB3	PSMB4	PSMB7	PSME4
cluster_18	11	MRPL12	SEPTIN1	SEPTIN10	SEPTIN11	SEPTIN2	SEPTIN3	SEPTIN5	SEPTIN6	SEPTIN7	SEPTIN8	SEPTIN9
cluster_19	11	MRPS11	MRPS17	MRPS18B	MRPS18C	MRPS2	MRPS23	MRPS26	MRPS27	MRPS34	MRPS6	ZC3H4
cluster_20	10	ABL2	DDX6	LRRK2	SFN	YWHAB	YWHAE	YWHAG	YWHAH	YWHAQ	YWHAZ
cluster_21	10	ACTB	ACTG1	CCT2	CCT3	CCT4	CCT5	CCT6A	CCT7	CCT8	TCP1
cluster_22	10	APPBP2	COPS2	COPS3	COPS6	COPS7B	COPS8	COPS9	CUL2	DCUN1D1	GPS1
cluster_23	10	ARL13B	IFT22	IFT27	IFT46	IFT52	IFT56	IFT70A	IFT70B	IFT74	IFT81
cluster_24	10	CBY1	CGN	CWC25	GIGYF1	INPP5E	KCTD3	KIF13B	KSR1	LPIN3	ZBTB21
cluster_25	10	COPS2	COPS3	COPS4	COPS6	COPS7A	COPS8	CUL4A	CUL4B	GPS1	WDTC1
cluster_26	10	COPS2	COPS3	COPS5	COPS6	COPS7B	COPS8	CUL2	CUL5	KLHDC3	NEDD8
cluster_27	10	COPS2	COPS3	COPS5	COPS6	COPS9	CUL3	CUL5	DCUN1D1	GPS1	KLHL18
cluster_28	10	EIF1B	PSMA2	PSMA3	PSMA6	PSMA7	PSMB3	PSMB7	PSMD13	PSMD6	UCHL5
cluster_29	10	IFT172	IFT22	IFT46	IFT52	IFT57	IFT70A	IFT74	IFT81	IFT88	ZC2HC1C
cluster_30	10	MED14	MED17	MED19	MED22	MED26	MED27	MED29	MED6	MED8	ZCCHC10
cluster_31	9	ABI1	ARHGAP12	CYFIP1	CYFIP2	NCKAP1	NHSL3	WASF1	WASF2	WASF3
cluster_32	9	ADRM1	NCAPD3	PSMC1	PSMC2	PSMC4	PSMC5	PSMC6	PSMD10	UCHL5
cluster_33	9	ARCN1	CDH5	COPA	COPB1	COPB2	COPE	COPG1	COPG2	COPZ1
cluster_34	9	ATG9A	EMC1	EMC10	EMC2	EMC3	EMC4	EMC7	EMC8	MMGT1
cluster_35	9	CCDC22	COMMD1	COMMD2	COMMD3	COMMD4	COMMD5	COMMD6	COMMD8	NUP62
cluster_36	9	CCDC9	EIF4A3	MAGOH	NCBP3	PNN	RBM8A	RNPS1	SAP18	ZC3H14
cluster_37	9	CYBRD1	DBN1	FLNA	IQGAP1	LIMA1	MYH9	MYO18A	MYO19	SYNPO
cluster_38	9	DIS3L	EXOSC1	EXOSC10	EXOSC2	EXOSC3	EXOSC4	EXOSC7	EXOSC8	EXOSC9
cluster_39	9	DUSP15	PSMC3	PSMC5	PSMD1	PSMD13	PSMD2	PSMD3	PSMD6	PSMD7
cluster_40	9	EPB41	PSMA1	PSMA6	PSMA7	PSMB1	PSMB3	PSMB5	PSMB7	PSMC4
cluster_41	9	FGFR1OP2	ISCA2	MOB4	SIKE1	SLMAP	STRIP1	STRN	STRN3	STRN4
cluster_42	9	HAUS1	HAUS2	HAUS3	HAUS4	HAUS5	HAUS6	HAUS7	HAUS8	RNF10
cluster_43	9	MRPS12	MRPS15	MRPS17	MRPS18C	MRPS2	MRPS25	MRPS26	MRPS34	NOA1
cluster_44	9	PSMA1	PSMA2	PSMA5	PSMB10	PSMB3	PSMB4	PSMB7	PSMB9	TMEM31
cluster_45	9	PSMC1	PSMC3	PSMC4	PSMD13	PSMD14	PSMD2	PSMD4	PSMD6	TP53BP1
cluster_46	9	PSMC3	PSMC4	PSMC5	PSMC6	PSMD1	PSMD14	PSMD2	PSMD4	TMEM67
cluster_47	9	SNRPA1	SNRPB	SNRPB2	SNRPD3	SNRPE	SNRPF	SNRPG	SNRPN	SNUPN
cluster_48	8	ACTR5	ACTR8	INO80	INO80C	INO80D	NFRKB	RUVBL1	RUVBL2
cluster_49	8	ADRM1	PLEKHA7	PSMC5	PSMC6	PSMD11	PSMD13	PSMD6	PSMD7
cluster_50	8	ADRM1	PSMC6	PSMD11	PSMD12	PSMD3	PSMD4	PSMD6	XRCC6
cluster_51	8	AMBRA1	COPS2	COPS5	COPS6	CUL3	CUL4A	CUL4B	GPS1
cluster_52	8	ANAPC1	ANAPC2	ANAPC4	ANAPC5	CDC16	CDC27	FBXO5	SKP1
cluster_53	8	ANLN	CAPZA2	LIMA1	MYH9	MYO18A	PPP1CB	SYNPO	TNFAIP1
cluster_54	8	ARMC8	GID4	GID8	LILRB4	MAEA	MKLN1	RANBP10	RMND5A
cluster_55	8	AURKB	MRPL1	MRPL10	MRPL16	MRPL23	MRPL27	MRPL28	MRPL4
cluster_56	8	BBS1	BBS2	BBS4	BBS5	BBS7	BBS9	LZTFL1	TTC8
cluster_57	8	BNIP1	C19orf25	NAPA	NBAS	SCFD1	SCFD2	STX18	USE1
cluster_58	8	BRD8	DMAP1	EP400	EPC1	FAM9B	MORF4L1	MORF4L2	VPS72
cluster_59	8	C9orf78	CD2BP2	DDX23	EFTUD2	PRPF6	PRPF8	SNRNP200	USP39
cluster_60	8	CDCA4	PPP2CA	PPP2CB	PPP2R1A	PPP2R1B	PPP2R2A	PPP2R2C	PPP2R2D
cluster_61	8	CNOT1	CNOT10	CNOT11	CNOT2	CNOT3	CNOT6L	CNOT7	PDK4
cluster_62	8	COG1	COG2	COG3	COG4	COG5	COG6	COG7	COG8
cluster_63	8	COMMD1	COMMD4	COMMD6	COMMD7	COMMD9	DENND10	OR13G1	VPS35L
cluster_64	8	COPS2	COPS3	COPS5	COPS6	COPS7A	CUL1	FBXL14	GPS1
cluster_65	8	DAP3	MCAT	MRPS18B	MRPS2	MRPS23	MRPS24	MRPS7	ZNF133
cluster_66	8	DDX20	GEMIN2	GEMIN4	GEMIN5	GEMIN6	GEMIN7	GEMIN8	NCKIPSD
cluster_67	8	EIF3A	EIF3B	EIF3C	EIF3D	EIF3G	EIF3H	EIF3I	USP3
cluster_68	8	EPAS1	POLR2A	POLR2C	POLR2D	POLR2E	POLR2G	POLR2H	POLR2I
cluster_69	8	GATA1	MED1	MED14	MED16	MED17	MED19	MED20	MED21
cluster_70	8	HTRA4	PSMA6	PSMB3	PSMB4	PSMC1	PSMC5	PSMD12	PSMD13
cluster_71	8	INTU	PSMC3	PSMC4	PSMC6	PSMD12	PSMD13	PSMD7	PSMD8
cluster_72	8	KLHL8	SNRPA	SNRPA1	SNRPB2	SNRPC	SNRPE	SNRPF	SNRPG
cluster_73	8	MB21D2	TMEM102	TRAPPC1	TRAPPC10	TRAPPC2L	TRAPPC3	TRAPPC4	TRAPPC9
cluster_74	8	MED1	MED14	MED15	MED16	MED20	MED23	MED24	RAF1
cluster_75	8	POLR2E	POLR2F	POLR2H	POLR2K	POLR3B	POLR3E	POLR3F	UVRAG
cluster_76	8	PSMA2	PSMA6	PSMB3	PSMC1	PSMC4	PSMC5	PSMC6	TOP2A
cluster_77	8	PSMB1	PSMC1	PSMC2	PSMC3	PSMC5	PSMC6	PSMD3	RYBP
cluster_78	8	UGT1A1	UGT1A10	UGT1A3	UGT1A4	UGT1A6	UGT1A7	UGT1A8	UGT1A9
cluster_79	7	ACTR10	ACTR1A	ACTR1B	DCTN4	DCTN5	DCTN6	GSN
cluster_80	7	ACTR2	ACTR3	ARPC1B	ARPC2	ARPC3	ARPC4	WASL
cluster_81	7	AICDA	EXOSC1	EXOSC2	EXOSC3	EXOSC4	EXOSC6	EXOSC7
cluster_82	7	AIMP1	IARS1	KARS1	LARS1	QARS1	RARS1	TARS3
cluster_83	7	AKIRIN2	PSMA2	PSMA5	PSMB2	PSMB3	PSMB9	PSMC4
cluster_84	7	AKT1	EGFR	FBXW7	MYBL2	SMARCA4	SPOP	TP53
cluster_85	7	ANAPC1	ANAPC10	ANAPC13	ANAPC2	ANAPC5	ANAPC7	CDC23
cluster_86	7	ARID1A	ARID1B	DPF3	ECH1	SMARCA2	SMARCD1	SMARCD2
cluster_87	7	ARMC5	MYZAP	POLR2A	POLR2G	POLR2J	RPAP2	RPRD1B
cluster_88	7	ATF3	ATF4	BATF	BATF3	CEBPA	CEBPG	DDIT3
cluster_89	7	ATP5F1A	ATP5F1B	ATP5F1C	ATP5ME	ATP5PB	ATP5PF	CERS2
cluster_90	7	ATP6V0A1	ATP6V0D1	ATP6V1A	ATP6V1B2	ATP6V1D	ATP6V1F	SLC38A9
cluster_91	7	BYSL	MRPS17	MRPS18B	MRPS22	MRPS26	MRPS27	MRPS34
cluster_92	7	C1D	MPHOSPH6	NOL11	UTP15	UTP4	WDR43	WDR75
cluster_93	7	CAPZA2	DBN1	FLNA	KCTD10	LIMA1	MYO18A	MYO1C
cluster_94	7	CAPZA2	FLNA	MYH9	MYO5A	MYO5C	PDLIM7	SYNPO
cluster_95	7	CBR1	IMMP1L	IMMP2L	LACTB	OMA1	PARL	YME1L1
cluster_96	7	CBX1	CBX3	CBX5	DSN1	MIS12	NSL1	PMF1
cluster_97	7	CEP131	CEP162	CEP290	OFD1	PCM1	PCNT	PIBF1
cluster_98	7	CNOT11	CNOT2	CNOT6	CNOT6L	CNOT7	NFKB1	TNKS1BP1
cluster_99	7	COPS5	COPS6	CUL1	CUL3	CUL4A	FBXO3	NEDD8
cluster_100	7	CPSF1	CPSF2	CPSF3	CPSF4	FIP1L1	SYMPK	WDR33
cluster_101	7	CTTNBP2NL	MINK1	MOB4	STRIP1	STRN	STRN3	STRN4
cluster_102	7	DBN1	LIMA1	MYH9	MYO1B	MYO1C	OCRL	SYNPO
cluster_103	7	EXOC1	EXOC2	EXOC3	EXOC5	EXOC6	EXOC6B	EXOC7
cluster_104	7	FECH	FLNA	MYH9	MYO19	PPP1CB	PPP1CC	SYNPO
cluster_105	7	GNB2	PDRG1	PFDN1	PFDN2	PFDN4	PFDN6	VBP1
cluster_106	7	GOSR1	KCNK3	STX12	STX3	STX6	STX7	VAMP3
cluster_107	7	HTT	MED15	MED21	MED22	MED28	MED30	MED31
cluster_108	7	ITM2B	PSMA5	PSMC1	PSMC2	PSMC3	PSMC6	PSMD1
cluster_109	7	KPNB1	NUP107	NUP133	NUP153	NUP98	NXF1	SEH1L
cluster_110	7	LSM1	LSM2	LSM3	LSM4	LSM5	LSM6	LSM7
cluster_111	7	LTK	MRPL1	MRPL28	MRPL37	MRPL4	MRPL43	MRPS30
cluster_112	7	METTL3	PSMC1	PSMC3	PSMC4	PSMC5	PSMC6	PSMD13
cluster_113	7	MRPL23	MRPL24	MRPL28	MRPL41	MRPL47	NDUFAB1	SMYD3
cluster_114	7	NEMF	RPL10	RPL11	RPL19	RPL5	RPS11	RPS16
cluster_115	7	OCA2	PSMA7	PSMB1	PSMB6	PSMD11	PSMD2	PSMD6
cluster_116	7	POLR1A	POLR1B	POLR1E	POLR1F	POLR1G	POLR1H	RRN3
cluster_117	7	POLR2D	POLR2E	POLR2G	POLR2J	POLR2M	RPRD1B	SCAF1
cluster_118	7	POLR3A	POLR3B	POLR3C	POLR3D	POLR3E	POLR3F	SLC28A1
cluster_119	7	PRKN	PSMA1	PSMA5	PSMA6	PSMA7	PSMB4	PSMD2
cluster_120	7	PSMA2	PSMA6	PSMB1	PSMB3	PSMB5	PSMD13	VHL
cluster_121	6	AAK1	AP1B1	AP2A1	AP2B1	AP2M1	AP2S1
cluster_122	6	ACD	POT1	TERF1	TERF2	TERF2IP	TINF2
cluster_123	6	ACTR1A	ACTR1B	CPVL	DCTN2	DCTN5	DCTN6
cluster_124	6	ACTR1A	DCTN2	DYNC1I2	DYNC1LI1	DYNC1LI2	NIN
cluster_125	6	ACTR6	DMAP1	P4HA3	SRCAP	VPS72	YEATS4
cluster_126	6	ADRM1	PIPSL	PSMC1	PSMD10	PSMD12	PSMD2
cluster_127	6	ADRM1	PSMC2	PSMD1	PSMD2	PSMD4	RAD23A
cluster_128	6	AFF1	AFF4	EPB41L1	EPB41L3	MLLT1	MLLT3
cluster_129	6	AGO1	AGO2	FKBP5	HSP90AA1	HSP90AB1	PTGES3
cluster_130	6	AHCYL1	AHCYL2	PIP4K2A	PIP4K2B	PIP4K2C	PLCD3
cluster_131	6	AIMP1	EEF1E1	LARS1	MARS1	RAF1	RARS1
cluster_132	6	AIMP1	EPRS1	FGFR3	IARS1	LARS1	QARS1
cluster_133	6	AKAP10	PSMB1	PSMC1	PSMC6	PSMD1	PSMD3
cluster_134	6	AKAP8	YWHAB	YWHAE	YWHAG	YWHAH	YWHAZ
cluster_135	6	AKT1	BRAF	FBXW7	MSH2	SMARCA4	TP53
cluster_136	6	AKT1	CD44	SMAD4	SMARCA4	SPOP	TP53
cluster_137	6	AKT1	EGFR	MAPK15	PTEN	PTPN11	SPOP
cluster_138	6	ANAPC1	ANAPC16	ANAPC2	ANAPC5	CDC23	FBXO5
cluster_139	6	ANAPC1	ANAPC16	ANAPC5	CDC16	CDC27	H3C1
cluster_140	6	ANAPC1	ANAPC7	CDC16	CDC26	CDC27	H1-0
cluster_141	6	ANKRD55	IFT46	IFT52	IFT70A	IFT70B	IFT74
cluster_142	6	ANLN	CAPZA2	MICAL3	MYH9	MYO18A	MYO19
cluster_143	6	AP5S1	COPS3	COPS4	COPS7A	COPS7B	GPS1
cluster_144	6	APBB1	DDOST	OST4	RPN1	RPN2	STT3B
cluster_145	6	APEX1	MCM2	MCM3	MCM4	MCM5	MCM6
cluster_146	6	APOOL	CHCHD3	CHCHD6	IMMT	MTX2	SAMM50
cluster_147	6	ARFGEF2	PSMC6	PSMD13	PSMD2	PSMD3	PSMD4
cluster_148	6	ARMC8	GID8	LYPD1	MAEA	MKLN1	YPEL5
cluster_149	6	ATF2	CCT2	CCT3	CCT4	CCT5	TCP1
cluster_150	6	ATG4C	PSMC1	PSMC2	PSMC4	PSMC5	PSMD2
cluster_151	6	ATP5F1A	ATP5F1B	ATP5F1C	ATP5PB	ATP5PO	NCAPD3
cluster_152	6	ATP5F1B	ATP5F1C	ATP5ME	ATP5MG	ATP5PF	SUPV3L1
cluster_153	6	AXIN1	GID8	MAEA	RANBP10	RANBP9	WDR26
cluster_154	6	BAIAP2	CBY1	KCTD3	KIF13B	KSR1	ZBTB21
cluster_155	6	BCLAF1	EIF4A3	ERH	MAGOH	PRMT1	THOC1
cluster_156	6	BTC	EIF2B1	EIF2B2	EIF2B3	EIF2B4	EIF2B5
cluster_157	6	CAND1	CUL3	CUL4A	CUL4B	CUL5	RNF7
cluster_158	6	CANX	NAPA	NSF	SCFD1	STX18	STX5
cluster_159	6	CAPRIN1	EIF3A	EIF3B	EIF3L	G3BP1	PHACTR3
cluster_160	6	CAPZA2	DBN1	DIXDC1	FLNA	MYH9	MYO1C
cluster_161	6	CCDC125	SFN	YWHAE	YWHAH	YWHAQ	YWHAZ
cluster_162	6	CCDC22	CCDC93	COMMD1	COMMD3	COMMD9	VPS35
cluster_163	6	CCDC22	COMMD10	COMMD7	COMMD9	DENND10	VPS35L
cluster_164	6	CCL13	CCL21	CCL24	CCL5	CXCL11	XCL1
cluster_165	6	CCL21	CCL5	CXCL11	CXCL12	PF4	TNFAIP6
cluster_166	6	CCNB1	CEP128	CEP162	CNTRL	OFD1	PCM1
cluster_167	6	CCP110	SFN	YWHAB	YWHAG	YWHAH	YWHAQ
cluster_168	6	CCT2	CCT3	CCT4	CCT6A	CCT8	MSTO1
cluster_169	6	CCT2	CCT3	CCT5	CCT6B	CCT7	METAP2
cluster_170	6	CCT2	CCT3	CCT6A	CCT7	CELA2B	TCP1
cluster_171	6	CCT2	CCT5	CCT6A	CCT8	HTT	TCP1
cluster_172	6	CDC37	CHUK	FKBP5	HSP90AA1	HSP90AB1	IKBKB
cluster_173	6	CDC5L	RFC2	RFC3	RFC4	RFC5	SNW1
cluster_174	6	CDC7	GTF2H1	GTF2H2C	GTF2H3	GTF2H4	GTF2H5
cluster_175	6	CDK19	FBXW7	MED10	MED12	MED13	MED28
cluster_176	6	CDK5RAP2	CEP128	CEP135	CEP63	ODF2	PCM1
cluster_177	6	CDK7	ERCC5	GTF2H2	GTF2H3	GTF2H4	GTF2H5
cluster_178	6	CEP131	KIAA0753	OFD1	PCM1	PIBF1	SAV1
cluster_179	6	CEP135	CEP63	FXR1	FXR2	ODF2	POC5
cluster_180	6	CEP63	PSMC3	PSMC6	PSMD11	PSMD2	PSMD3
cluster_181	6	CFTR	DDX6	SLAIN1	YWHAB	YWHAG	YWHAH
cluster_182	6	CGN	DENND4C	HDAC4	KIF13B	KSR1	SUPV3L1
cluster_183	6	COMMD1	COMMD2	COMMD4	COMMD6	SSRP1	SUPT16H
cluster_184	6	COMMD10	COMMD2	COMMD3	COMMD7	DENND10	VPS26C
cluster_185	6	COPS2	COPS4	COPS5	COPS6	GPS1	IRF8
cluster_186	6	COPS2	COPS4	COPS6	COPS7A	COPS7B	SYCE3
cluster_187	6	CPVL	SEPTIN11	SEPTIN2	SEPTIN7	SEPTIN8	SEPTIN9
cluster_188	6	CSNK2A1	CSNK2A2	CSNK2B	RING1	RNF2	YAF2
cluster_189	6	CSNK2A1	CSNK2A2	CSNK2B	ZMYND8	ZNF592	ZNF687
cluster_190	6	CTTNBP2	CTTNBP2NL	STRIP1	STRIP2	STRN	STRN4
cluster_191	6	CYSRT1	KRTAP10-8	KRTAP12-3	KRTAP9-2	LYVE1	NOTCH2NLC
cluster_192	6	DKC1	GRHL1	NPM1	RPL36	RPS6	ZC3HAV1
cluster_193	6	DOK4	GSE1	HMG20A	HMG20B	RCOR1	RCOR3
cluster_194	6	DSN1	MIS12	NSL1	PMF1	SPC24	SPC25
cluster_195	6	DYNC1I1	DYNC1I2	DYNC1LI1	DYNC1LI2	DYNLRB1	DYNLT1
cluster_196	6	EEF1A1	MED10	MED19	MED29	MED9	POLR2C
cluster_197	6	EGFR	SEPTIN10	SEPTIN3	SEPTIN6	SEPTIN8	SEPTIN9
cluster_198	6	EIF3A	EIF3B	EIF3C	EIF3E	EIF3H	RSPH9
cluster_199	6	EIF3A	EIF3B	EIF3C	EIF3G	GPBP1	RACK1
cluster_200	6	EIF3A	EIF3B	EIF3E	EIF3I	EIF3L	ZKSCAN4
cluster_201	6	EIF3B	EIF3E	EIF3H	EIF3L	SLC35G3	SRP68
cluster_202	6	EIF4A3	MAGOH	NCBP1	RBM8A	THRAP3	UPF3B
cluster_203	6	EIF4E2	GIGYF1	GIGYF2	KCTD3	SIPA1L1	WDR83
cluster_204	6	ELK1	TUBA1B	TUBB	TUBB2A	TUBB4A	TUBB4B
cluster_205	6	GDPD5	STX12	STX3	STX7	STX8	VTI1B
cluster_206	6	GPN3	IMMP1L	IMMP2L	POLR2A	POLR2C	POLR2L
cluster_207	6	HDAC1	HDAC2	RBBP4	RBBP7	ZNF423	ZNF521
cluster_208	6	HGS	MED21	MED22	MED25	MED30	MED7
cluster_209	6	HNRNPC	NKAPD1	SRSF1	TRA2A	U2AF2	ZC3H11A
cluster_210	6	IFT22	IFT46	IFT74	IFT81	IFT88	ODAD3
cluster_211	6	INTS10	INTS11	INTS13	INTS14	INTS9	KPNA1
cluster_212	6	ISL2	LDB1	LMO1	SSBP2	SSBP3	SSBP4
cluster_213	6	JMJD6	MED11	MED14	MED19	MED31	MED9
cluster_214	6	KDELR1	PSMD11	PSMD12	PSMD4	PSMD6	UCHL5
cluster_215	6	MED1	MED13	MED14	MED17	MED24	NR1I3
cluster_216	6	MRPL27	MRPL30	MRPL34	MRPL4	MRPL52	UBR4
cluster_217	6	MYH10	MYL12A	MYL12B	MYL6	MYL6B	MYL9
cluster_218	6	MYZAP	POLR2D	POLR2J	POLR2J2	POLR2L	RPAP2
cluster_219	6	MZT1	MZT2B	TUBG1	TUBG2	TUBGCP2	TUBGCP3
cluster_220	6	NCBP1	NCBP2	NELFA	NELFB	NELFCD	NELFE
cluster_221	6	NDUFA7	NDUFAF2	NDUFB8	NDUFB9	NDUFV2	NDUFV3
cluster_222	6	NEK4	PSMA1	PSMA2	PSMA4	PSMA7	PSMD3
cluster_223	6	NRSN1	STX10	STX12	STX3	STX6	VAMP3
cluster_224	6	ODF2	THOC1	THOC3	THOC5	THOC6	THOC7
cluster_225	6	PAK4	SF3B6	SLC4A1AP	SNRPB2	SNRPD2	SNRPGP15
cluster_226	6	PARD3B	PRP4K	SNRPB	SNRPC	SNRPD2	SNRPF
cluster_227	6	PGBD1	SCAND1	ZNF397	ZNF446	ZSCAN12	ZSCAN32
cluster_228	6	PHF21A	PHLDB3	RCOR1	SCLT1	VPS50	VPS51
cluster_229	6	POLR2A	POLR2C	POLR2E	POLR2F	POLR2G	TCEA1
cluster_230	6	POLR2A	POLR2D	POLR2I	POLR2J	RPAP2	SYDE1
cluster_231	6	POP4	POP5	POP7	RPP21	RPP25	RPP40
cluster_232	6	PPM1D	PSMC2	PSMC5	PSMD2	PSMD4	PSMD6
cluster_233	6	PPP4C	SF3B2	SF3B3	SF3B5	SF3B6	SNRPA1
cluster_234	6	PSMC1	PSMC3	PSMD1	PSMD4	PSMD7	SWSAP1
cluster_235	6	RPL13	RPL4	SRPK2	SRSF6	TWNK	ZC3H18
cluster_236	6	SEPTIN10	SEPTIN11	SEPTIN12	SEPTIN4	SEPTIN7	SEPTIN8
cluster_237	6	SNRPA	SNRPC	SNRPF	SSRP1	SUPT4H1	TOP1
cluster_238	6	TRAPPC1	TRAPPC11	TRAPPC13	TRAPPC3	TRAPPC5	TRAPPC6B
cluster_239	5	AATK	TRAPPC10	TRAPPC4	TRAPPC5	TRAPPC9
cluster_240	5	ABI1	CDH23	CYFIP1	NCKAP1	WASF1
cluster_241	5	ABI1	CYFIP1	CYFIP2	DTNBP1	NCKAP1
cluster_242	5	ABI1	CYFIP2	HOMER3	NCKAP1	WASF2
cluster_243	5	ABI1	NCKAP1	NHSL3	VASP	WASF2
cluster_244	5	ABI2	FBXL19	MED10	MED11	MED29
cluster_245	5	ABRAXAS2	COPS3	COPS4	COPS7A	COPS8
cluster_246	5	ABT1	EMD	RPS6	RRP1B	SF3B1
cluster_247	5	ACLY	PPP2R1A	PPP2R2A	PPP2R2C	PPP2R2D
cluster_248	5	ACTBL2	BCL7A	BCL7C	SMARCA2	SMARCD1
cluster_249	5	ACTR10	ACTR1B	DCTN2	DCTN4	TWF1
cluster_250	5	ACTR2	ACTR3	ARL3	ARPC1A	ARPC2
cluster_251	5	ACTR2	ARPC1A	ARPC2	ARPC3	CLEC16A
cluster_252	5	ADAMTS4	TUBA1A	TUBA1C	TUBA4A	TUBB3
cluster_253	5	ADAMTSL4	AMMECR1	CYSRT1	HOXA1	KRTAP10-8
cluster_254	5	ADARB1	PRKRA	SRPK2	ZMAT4	ZNF346
cluster_255	5	AGAP1	EIF4E2	LZTS2	PHLDB2	SIPA1L1
cluster_256	5	AHNAK	CAPZA2	LIMA1	MYH9	MYO19
cluster_257	5	AK6	ATXN7L3	TADA1	TADA2B	TAF6L
cluster_258	5	AKIRIN1	PSMA5	PSMB3	PSMB7	PSMB9
cluster_259	5	AKR7L	DGCR8	GPKOW	PPIL4	ZRANB2
cluster_260	5	AKT1	AKT2	BRAF	PTPN11	SMAD4
cluster_261	5	AKT1	BRAF	CCDC120	SMAD4	SPOP
cluster_262	5	AKT1	BRAF	SMAD4	TP53	UBC
cluster_263	5	ALDOB	BBS1	BBS2	BBS4	BBS7
cluster_264	5	ANAPC1	ANAPC16	ANAPC7	CDC27	SQSTM1
cluster_265	5	ANAPC1	ANAPC5	ANAPC7	CDC27	NOTCH1
cluster_266	5	ANAPC16	ANAPC2	ANAPC5	CDC27	GRAP2
cluster_267	5	ANAPC16	CDC16	CDC26	CDC27	KIF2B
cluster_268	5	ANGPTL2	DDX20	GEMIN2	GEMIN4	GEMIN6
cluster_269	5	ANKRD26	CEP128	CEP89	CNTRL	PCM1
cluster_270	5	ANLN	DBN1	FLNA	PALM	SYNPO
cluster_271	5	ANLN	DBN1	LIMA1	RRAS2	SYNPO
cluster_272	5	ANLN	MYH9	MYLK	MYO19	PPP1CB
cluster_273	5	ANLN	SEPTIN2	SEPTIN6	SEPTIN7	SEPTIN9
cluster_274	5	ANXA5	GPI	PA2G4	SND1	TRAP1
cluster_275	5	AP5B1	AP5M1	AP5S1	AP5Z1	SPG11
cluster_276	5	APOA2	EMC1	EMC3	EMC7	EMC8
cluster_277	5	APP	SEPTIN2	SEPTIN4	SEPTIN5	SEPTIN8
cluster_278	5	ARCN1	COPB1	COPB2	COPE	INSR
cluster_279	5	ARCN1	COPB2	COPG1	COPG2	MYC
cluster_280	5	ARHGAP18	DCP1A	DCP1B	EDC3	EDC4
cluster_281	5	ARHGEF12	PSMC2	PSMD13	PSMD3	PSMD6
cluster_282	5	ARHGEF2	PPP2CA	PPP2CB	PPP2R1A	PPP2R2A
cluster_283	5	ARHGEF6	ARHGEF7	FBXO28	GIT1	GIT2
cluster_284	5	ARMC8	GDNF	GID4	MAEA	RANBP10
cluster_285	5	ARMC8	GID4	GID8	MKLN1	SLURP1
cluster_286	5	ARMC8	GID8	RMND5B	UBE2H	WDR26
cluster_287	5	ARX	CLTA	CLTB	CLTC	GTSE1
cluster_288	5	ASF1A	ASF1B	MCM2	MCM4	MCM6
cluster_289	5	ASH2L	HCFC1	OGT	RBBP5	WDR5
cluster_290	5	ASPM	MZT2B	TUBGCP2	TUBGCP3	TUBGCP4
cluster_291	5	ATF2	SFN	YWHAB	YWHAG	YWHAZ
cluster_292	5	ATF3	BATF3	DDIT3	MAFF	MAFG
cluster_293	5	ATG10	GABARAP	GABARAPL1	GABARAPL2	MAP1LC3B
cluster_294	5	ATG16L1	CRNKL1	DNAJC17	ISY1	PPIE
cluster_295	5	ATG2A	EMC1	EMC3	EMC4	EMC8
cluster_296	5	ATP6V0D1	ATP6V1A	ATP6V1B2	ATP6V1G1	TMEM63B
cluster_297	5	ATXN1	PSMA1	PSMA4	PSMB1	PSMB4
cluster_298	5	AURKA	DDX17	DHX9	HNRNPD	HNRNPK
cluster_299	5	BAG2	MED16	MED19	MED29	MED9
cluster_300	5	BBS1	BBS2	BBS7	BBS9	CLUAP1
cluster_301	5	BHLHA15	DAP3	MRPS18B	MRPS31	MRPS9
cluster_302	5	BNIP1	CCDC107	SCFD1	STX18	STX5
cluster_303	5	BORCS6	LAMTOR1	LAMTOR2	LAMTOR3	LAMTOR4
cluster_304	5	BRAF	FBXW7	MYB	SMARCA4	SPOP
cluster_305	5	BRD8	EP400P1	MORF4L1	MORF4L2	MRGBP
cluster_306	5	BTRC	EED	EZH2	FBXW11	SUZ12
cluster_307	5	BUD13	CEPT1	DGCR8	GPKOW	HNRNPC
cluster_308	5	BUD13	GPKOW	HADHA	SBDS	ZC3H11A
cluster_309	5	BZW2	EIF3B	PSPC1	RPS11	RPS16
cluster_310	5	C16orf87	HDAC1	HDAC2	MIER1	MIER3
cluster_311	5	C19orf47	DDX39B	THOC1	THOC5	THOC7
cluster_312	5	C1D	DIS3L	EXOSC3	EXOSC5	EXOSC6
cluster_313	5	C2orf49	YWHAE	YWHAG	YWHAQ	YWHAZ
cluster_314	5	CAB39	PDCD10	STK24	STK25	STK26
cluster_315	5	CAMK1	PSMA5	PSMD12	PSMD14	PSMD6
cluster_316	5	CAND1	COPS5	CUL1	CUL3	QDPR
cluster_317	5	CAPRIN1	G3BP1	G3BP2	RACK1	SLC16A11
cluster_318	5	CAPZA2	CARD10	DBN1	MYO19	MYO1C
cluster_319	5	CAPZA2	CHMP4B	DBN1	FLNA	MYO19
cluster_320	5	CAPZA2	CLTCL1	DBN1	LIMA1	MYO19
cluster_321	5	CAPZA2	FBXO46	MYO18A	MYO19	MYO1C
cluster_322	5	CAPZA2	GAS2L1	IQGAP1	MYO19	PPP1CB
cluster_323	5	CASC3	ERH	PNN	RNPS1	THRAP3
cluster_324	5	CAV1	EGFR	PTEN	PTPN11	SMAD4
cluster_325	5	CBX2	H2AZ1	H2BC21	HMGA1	PARP1
cluster_326	5	CCDC22	COMMD1	COMMD3	COMMD8	FAM167A
cluster_327	5	CCDC22	COMMD2	COMMD3	COMMD8	ODAD3
cluster_328	5	CCDC61	YWHAB	YWHAE	YWHAG	YWHAQ
cluster_329	5	CCDC8	YWHAG	YWHAH	YWHAQ	YWHAZ
cluster_330	5	CCDC9	PPP2R1A	PPP2R1B	PPP2R2A	PPP2R2D
cluster_331	5	CCDC93	NUP62	PHF21A	VPS51	VPS53
cluster_332	5	CCT2	CCT4	CCT5	CCT6A	LCOR
cluster_333	5	CCT2	CCT4	CCT6A	CCT7	FBXO45
cluster_334	5	CCT2	CCT6A	CCT7	CCT8	CIAO1
cluster_335	5	CCT2	CCT7	CCT8	DLD	HSD17B10
cluster_336	5	CCT3	CCT4	CCT5	CCT6A	EIF3G
cluster_337	5	CCT3	CCT4	CCT5	CCT7	FECH
cluster_338	5	CCT3	CCT5	CCT6A	CCT8	PLEKHA7
cluster_339	5	CCT3	CCT5	CCT8	TCP1	TRAF3IP3
cluster_340	5	CCT3	CCT6A	CCT8	TCP1	XRCC3
cluster_341	5	CCT3	CCT7	CCT8	STK4	TCP1
cluster_342	5	CCT4	CCT5	CCT7	CDK1	TCP1
cluster_343	5	CCT4	CCT7	CCT8	HMGN5	TCP1
cluster_344	5	CD2BP2	DHX38	PRPF6	SNRNP40	USP39
cluster_345	5	CD44	GTF3C1	GTF3C2	GTF3C3	GTF3C5
cluster_346	5	CD68	COG4	COG5	COG7	COG8
cluster_347	5	CD74	YWHAB	YWHAE	YWHAQ	YWHAZ
cluster_348	5	CDC14B	GINS1	GINS2	GINS3	GINS4
cluster_349	5	CDC25C	GIGYF2	MIF	NF1	SIPA1L1
cluster_350	5	CDC37	CSNK2A1	CSNK2A2	HSP90AA1	HSP90AB1
cluster_351	5	CDC37	FKBP5	HSP90AA1	NOD1	PTGES3
cluster_352	5	CDC37	HSP90AA1	HSP90AB1	RPS6KA1	RPS6KA3
cluster_353	5	CDC5L	LRWD1	ORC2	ORC3	SNW1
cluster_354	5	CDC5L	MRE11	NBN	RAD50	SNW1
cluster_355	5	CDH23	TADA1	TADA3	TAF5L	TAF6L
cluster_356	5	CDK16	KCTD3	RASAL2	SH3KBP1	SYDE1
cluster_357	5	CDK3	CKS1B	COPS5	COPS6	CUL1
cluster_358	5	CENPH	PSMD11	PSMD12	PSMD13	PSMD6
cluster_359	5	CENPL	PRKRA	RPL13	RPLP0	RRP8
cluster_360	5	CEP128	CEP131	CNTRL	PCM1	SLAIN2
cluster_361	5	CEP128	CEP135	CEP63	OFD1	TANK
cluster_362	5	CEP128	CEP135	OFD1	PCM1	TTLL5
cluster_363	5	CEP128	CEP162	CEP290	IQCB1	PCM1
cluster_364	5	CEP128	CEP164	CEP89	OFD1	PCM1
cluster_365	5	CEP128	CNTRL	ODF2	OFD1	SRSF2
cluster_366	5	CEP152	CNOT1	CNOT10	CNOT3	CNOT9
cluster_367	5	CEP162	IPO5	LCA5	OFD1	PCM1
cluster_368	5	CEP43	PPP2CA	PPP2CB	PPP2R1A	PPP2R1B
cluster_369	5	CGN	EIF4E2	EXOSC5	GIGYF2	NAV1
cluster_370	5	CHD4	DYRK1A	MBD3	MTA1	MTA3
cluster_371	5	CHD4	GATAD2B	MBD3	MTA2	ZGPAT
cluster_372	5	CHEK2	DHX9	HNRNPK	HNRNPU	SYNCRIP
cluster_373	5	CHEK2	GPATCH4	MYBBP1A	RBM28	RRS1
cluster_374	5	CHM	POLR3A	POLR3B	POLR3E	POLR3H
cluster_375	5	CIAO2A	VPS16	VPS18	VPS33A	VPS41
cluster_376	5	CLNS1A	COPRS	PRMT5	RIOK1	WDR77
cluster_377	5	CLNS1A	DDX20	GEMIN2	GEMIN4	GEMIN5
cluster_378	5	CLSTN1	KIF5B	KLC1	KLC2	KLC4
cluster_379	5	CLSTN2	NUP160	NUP37	NUP43	NUP85
cluster_380	5	CNOT1	CNOT11	CNOT6	CNOT9	IZUMO1
cluster_381	5	CNOT10	CNOT2	CNOT3	CNOT7	DISC1
cluster_382	5	CNOT11	CNOT2	CNOT3	NLK	TNKS1BP1
cluster_383	5	CNOT11	CNOT2	CNOT6	CNOT9	THRSP
cluster_384	5	COG3	COG5	COG6	COG7	VSIG2
cluster_385	5	COPA	COPB1	COPB2	COPE	STAT3
cluster_386	5	COPA	COPB1	COPB2	COPG2	SLC16A11
cluster_387	5	COPA	COPB2	COPE	COPG2	HACL2
cluster_388	5	COPA	COPB2	COPE	RAB3GAP1	RAB3GAP2
cluster_389	5	COPA	COPE	COPG2	COPZ1	MCFD2
cluster_390	5	COPS2	COPS3	COPS4	GPS1	WRAP73
cluster_391	5	COPS2	COPS3	COPS6	GPS1	RHOBTB2
cluster_392	5	COPS2	COPS4	COPS6	COPS8	COPS9
cluster_393	5	COPS4	COPS7A	COPS8	GPS1	SLC71A1
cluster_394	5	COPS5	COPS6	CUL2	NEDD8	ZYG11B
cluster_395	5	COPS5	COPS6	CUL3	DCUN1D1	KLHL23
cluster_396	5	COPS5	COPS6	CUL4A	CUL4B	DCAF16
cluster_397	5	CORO2B	MAEA	RANBP10	WDR26	YPEL5
cluster_398	5	CPSF6	SF3A1	SF3B1	SNRPC	WWOX
cluster_399	5	CREB3	STX6	STX7	STX8	VTI1B
cluster_400	5	CREBBP	CSNK2A1	CSNK2A2	CSNK2B	EP300
cluster_401	5	CSGALNACT2	EMC2	EMC3	EMC4	EMC8
cluster_402	5	CSNK2A2	MED20	MED21	MED23	MED6
cluster_403	5	CUL3	DUT	GABARAP	GABARAPL1	GABARAPL2
cluster_404	5	CYFIP1	NCKAP1	RAC1	WASF1	WASF2
cluster_405	5	CYSRT1	ECE1	KRTAP1-3	KRTAP10-5	KRTAP10-8
cluster_406	5	CYSRT1	HOXA1	INO80B	KRTAP10-8	NOTCH2NLC
cluster_407	5	CYSRT1	KRTAP10-8	KRTAP10-9	NOTCH2NLC	ZNF319
cluster_408	5	DAP3	MRPS10	MRPS18C	MRPS9	ZNF777
cluster_409	5	DARS1	FOXM1	IARS1	LARS1	QARS1
cluster_410	5	DBN1	FLNA	IQGAP1	PRNP	SYNPO
cluster_411	5	DBN1	FLNA	JUP	LIMA1	SYNPO
cluster_412	5	DBT	MCAT	MRPS11	MRPS18C	MRPS6
cluster_413	5	DBT	MRPL18	MRPL53	MRPL58	TRMT61B
cluster_414	5	DCTN1	HAUS4	HAUS6	HAUS7	HAUS8
cluster_415	5	DDX1	FAM98A	FAM98B	RTCB	RTRAF
cluster_416	5	DDX20	FAXC	GEMIN2	GEMIN4	GEMIN8
cluster_417	5	DDX20	GEMIN4	GEMIN7	GEMIN8	SLC7A11
cluster_418	5	DDX23	EFTUD2	PRPF6	PRPF8	SCARB2
cluster_419	5	DDX6	MADD	YWHAG	YWHAH	YWHAZ
cluster_420	5	DDX6	MCRIP1	YWHAG	YWHAH	YWHAQ
cluster_421	5	DDX6	PSD4	YWHAE	YWHAG	YWHAZ
cluster_422	5	DDX6	SPAST	YWHAE	YWHAG	YWHAH
cluster_423	5	DEFB106A	EMC3	EMC4	EMC7	EMC8
cluster_424	5	DENND1A	DENND4A	DENND4C	GIGYF1	INPP5E
cluster_425	5	DFFA	YWHAB	YWHAG	YWHAQ	YWHAZ
cluster_426	5	DHX30	LDHD	NOP53	RPL30	ZC3HAV1
cluster_427	5	DIS3L2	H2AC11	LIN28A	RPLP0	SRSF6
cluster_428	5	DKC1	LIN28A	MAPK6	RSL1D1	SRSF5
cluster_429	5	DLG1	LIN7A	LIN7B	LIN7C	MPP2
cluster_430	5	DLGAP5	KRR1	PURG	RPS10	RRS1
cluster_431	5	DPF1	DPF3	SMARCD1	SMARCD2	SMARCD3
cluster_432	5	DRG1	RPS16	RPS3	SRP19	TRADD
cluster_433	5	DSTN	MYH9	MYO18A	MYO1C	PPP1CB
cluster_434	5	DTNBP1	EIPR1	VPS50	VPS51	VPS53
cluster_435	5	DYNC1I2	DYNC1LI1	DYNC1LI2	GIGYF1	PAFAH1B1
cluster_436	5	DYNLL1	DYNLL2	PPP2CB	PPP2R1A	PPP2R1B
cluster_437	5	E2F6	HSD17B14	L3MBTL2	MGA	PCGF6
cluster_438	5	EAF1	TAF1A	TAF1B	TAF1C	TAF1D
cluster_439	5	ECSIT	NDUFAF1	PPP2R1A	PPP2R2A	PPP2R2D
cluster_440	5	EFEMP2	FAM110A	HDAC4	USP21	ZNF638
cluster_441	5	EHMT1	EHMT2	H3-3A	WIZ	ZNF644
cluster_442	5	EHMT1	EHMT2	XAGE2	ZNF462	ZNF644
cluster_443	5	EIF3A	EIF3E	EIF3F	EIF3L	NUAK1
cluster_444	5	EIF3B	EIF3CL	EIF3D	EIF3L	EIF5
cluster_445	5	EIF3D	EIF3E	EIF3L	EIF3M	SCYL1
cluster_446	5	EIF4A1	MED10	MED19	MED26	MED9
cluster_447	5	ELAVL2	FAM120A	RBFOX2	RBMS2	UPF1
cluster_448	5	EMC1	EMC10	EMC3	EMC4	SCGB1D1
cluster_449	5	EMC1	EMC2	EMC3	EMC8	SLC35H1
cluster_450	5	EMC2	EMC3	EMC7	LRRC32	MMGT1
cluster_451	5	EMC2	EMC3	EMC8	LPAR1	MMGT1
cluster_452	5	ENKD1	YWHAE	YWHAG	YWHAH	YWHAQ
cluster_453	5	ERLEC1	FAM8A1	OS9	SEL1L	SYVN1
cluster_454	5	EXOSC2	EXOSC4	EXOSC7	EXOSC9	LRRC47
cluster_455	5	FBXO2	GPAA1	PIGK	PIGS	PIGU
cluster_456	5	FGF17	MRPS14	MRPS18C	MRPS7	MRPS9
cluster_457	5	FOXC1	PPP2CB	PPP2R1A	PPP2R2A	PPP2R2D
cluster_458	5	FOXK1	FOXK2	HDAC1	HDAC2	RBBP7
cluster_459	5	FOXR2	POMP	PSMA5	PSMG1	PSMG2
cluster_460	5	FTL	L3MBTL2	MGA	PCGF6	PIPSL
cluster_461	5	G3BP2	RNH1	RPL11	RPL17	SEC61B
cluster_462	5	GABARAP	GABARAPL2	ITGB3	MAP1LC3A	MAP1LC3B
cluster_463	5	GADD45GIP1	MRPL10	MRPL11	MRPL23	PNMA1
cluster_464	5	GATA4	NKX2-5	RPA1	RPA2	RPA3
cluster_465	5	GATA4	NKX2-5	TPM1	TPM3	TPM4
cluster_466	5	GCC2	PSMB1	PSMC5	PSMD13	PSMD2
cluster_467	5	GDPD5	NDUFA12	NDUFA2	NDUFS4	NDUFS6
cluster_468	5	GPKOW	HPF1	ILF3	NPM1	ZC3H11A
cluster_469	5	GPKOW	NPM1	PPIL4	SP2	ZRANB2
cluster_470	5	GPN2	MYZAP	POLR2J	POLR2J2	RPAP1
cluster_471	5	GRB10	PPP2CA	PPP2R1A	PPP2R2A	PPP2R2D
cluster_472	5	H2AC11	KRR1	RPSA	SRSF5	ZNF335
cluster_473	5	H2AZ1	H2BC21	MSH2	MSH6	PARP1
cluster_474	5	H3C1	SNRPA	SSRP1	SUPT16H	TOP1
cluster_475	5	HAUS3	HAUS6	HAUS7	HAUS8	HSCB
cluster_476	5	HAUS4	HAUS5	HAUS6	HAUS8	SOHLH1
cluster_477	5	HCN1	SEPTIN11	SEPTIN3	SEPTIN6	SEPTIN7
cluster_478	5	HDAC1	HDAC2	KPNA3	KPNA4	RBBP4
cluster_479	5	HIF1AN	PSMC2	PSMC5	PSMD13	PSMD14
cluster_480	5	HLA-C	PSMA2	PSMA6	PSMB4	PSMD6
cluster_481	5	HMGN5	PSMC6	PSMD11	PSMD12	PSMD7
cluster_482	5	HNRNPA1	HNRNPC	KLHL20	TRA2A	ZC3H11A
cluster_483	5	HTRA4	MYH9	PPP1CA	PPP1CB	PPP1CC
cluster_484	5	IARS1	IKBKG	LARS1	MARS1	RARS1
cluster_485	5	IFT122	IFT140	IFT43	WDR19	WDR35
cluster_486	5	INSR	MED14	MED16	MED21	MED27
cluster_487	5	INSR	TRAPPC3	TRAPPC5	TRAPPC8	TRAPPC9
cluster_488	5	INTS7	POLR2B	POLR2E	POLR2F	POLR2K
cluster_489	5	IQGAP1	LZTS2	MYH9	MYO18A	SYNPO
cluster_490	5	IQGAP1	MYO18A	MYO19	MYO1C	TJP2
cluster_491	5	KAT14	MBIP	PPARG	TADA2A	ZZZ3
cluster_492	5	KAT2A	KAT2B	MED23	SUPT20H	TAF6L
cluster_493	5	KATNIP	RPS16	RPS3A	RPS6	YBX1
cluster_494	5	KHDC3L	NLRP5	NLRP7	OOEP	TLE6
cluster_495	5	KPNA3	KPNA4	NCBP1	NCBP2	NCBP3
cluster_496	5	KPNB1	NUP107	NUP153	NUP50	RGPD8
cluster_497	5	KPNB1	NUP107	NUP153	RANBP1	RCC1
cluster_498	5	KPNB1	POLR1D	POLR2E	POLR2F	POLR2K
cluster_499	5	KRTAP10-5	KRTAP10-8	KRTAP5-9	NOTCH2NLA	ZFYVE21
cluster_500	5	KRTAP4-12	KRTAP5-6	KRTAP5-9	KRTAP9-2	LINGO1
cluster_501	5	LGALS3BP	TRAPPC10	TRAPPC3	TRAPPC5	TRAPPC9
cluster_502	5	LIN28A	RPS10	RPS3	SLBP	SRSF6
cluster_503	5	LRRC47	RACK1	RPS11	RPS16	RPS3
cluster_504	5	LSM4	OLA1	PPIH	PRPF3	PRPF4
cluster_505	5	LTK	MRPS31	MRPS5	MRPS6	MRPS9
cluster_506	5	MAP3K6	SFN	YWHAE	YWHAG	YWHAH
cluster_507	5	MAPRE1	PSMA1	PSMB1	PSMD12	PSMD6
cluster_508	5	MCM2	MCM4	MCM6	SMC1A	SMC3
cluster_509	5	MED1	MED17	MED29	MED8	THRA
cluster_510	5	MED10	MED19	MED26	MED29	TTN
cluster_511	5	MED10	MED20	MED29	MED9	UBB
cluster_512	5	MED11	MED19	MED25	MED31	PRDX1
cluster_513	5	MED19	MED26	MED29	MED9	TMPO
cluster_514	5	MED4	PSMA2	PSMB1	PSMC5	PSMD7
cluster_515	5	MGME1	MRPS17	MRPS2	MRPS23	MRPS25
cluster_516	5	MMGT1	STX12	STX3	STX6	STX8
cluster_517	5	MOB1A	MOB1B	PPP6C	PPP6R1	PPP6R3
cluster_518	5	MRPL10	MRPL20	MRPL50	MRPL51	PSME3
cluster_519	5	MRPL27	MRPL28	MRPL9	MRPS30	THAP3
cluster_520	5	MRPS15	MRPS23	MRPS27	MRPS28	MRPS34
cluster_521	5	MRPS18B	MRPS2	MRPS31	PTCD3	TBRG4
cluster_522	5	MRPS18C	MRPS5	MRPS7	MRPS9	SULF2
cluster_523	5	MRPS23	MRPS25	MRPS26	MRPS9	SLC12A9
cluster_524	5	MRPS31	MRPS5	MRPS9	PTCD3	ZNF689
cluster_525	5	NABP2	PSMD11	PSMD13	PSMD6	PSMD7
cluster_526	5	NCKAP5L	RABGAP1L	STRN	TUFT1	YEATS4
cluster_527	5	NDUFA1	NDUFA6	NDUFA7	NDUFB2	NDUFV3
cluster_528	5	NDUFA2	NDUFA7	NDUFB3	NDUFV3	SSMEM1
cluster_529	5	NDUFAF3	NDUFAF4	NDUFAF5	NDUFS3	NDUFS7
cluster_530	5	NDUFB10	NDUFB11	NDUFB5	NDUFC2	TMEM185A
cluster_531	5	NME2	PSMA2	PSMA7	PSMB4	PSMD12
cluster_532	5	ORC2	ORC3	ORC4	ORC5	ORC6
cluster_533	5	OTUB1	SFN	YWHAB	YWHAQ	YWHAZ
cluster_534	5	PAK2	PSMA1	PSMA2	PSMB7	PSMD13
cluster_535	5	PBXIP1	STX12	STX6	STX8	VTI1B
cluster_536	5	PGBD1	SCAND1	ZSCAN20	ZSCAN22	ZSCAN25
cluster_537	5	PLAC1	SUPT20H	SUPT7L	TADA1	TRRAP
cluster_538	5	PNN	RNPS1	SAP18	SLC4A4	SRRM2
cluster_539	5	POLR2B	POLR2J	POLR2K	POLR2L	TANGO6
cluster_540	5	POMK	PSMC1	PSMD14	PSMD7	PSMD8
cluster_541	5	PPIL4	SF3B1	SMAD5	SNRPA	U2AF2
cluster_542	5	PSMA1	PSMA7	PSMB1	PSMD4	SLC31A1
cluster_543	5	PSMA4	PSMC4	PSMD4	TMEM31	UBB
cluster_544	5	PSMA7	PSMC3	PSMD12	PSMD4	SLC38A12
cluster_545	5	PSMB2	PSMC1	PSMC5	PSMC6	UBA52
cluster_546	5	PSMB2	PSMD12	PSMD14	PSMD6	ZDHHC5
cluster_547	5	PSMB9	PSMD11	PSMD12	PSMD6	USP15
cluster_548	5	PSMC5	PSMD1	PSMD2	PSMD3	PTP4A1
cluster_549	5	PSMC6	PSMD13	PSMD14	PSMD4	SLC16A12
cluster_550	5	PSMD11	PSMD12	PSMD6	PSMD7	USP20
cluster_551	5	PSMD12	PSMD13	PSMD6	PSMD8	RPS6KA5
cluster_552	5	PSMD13	PSMD14	PSMD3	PSMD7	REX1BD
cluster_553	5	RAB9A	STX12	STX7	STX8	VAMP3
cluster_554	5	RALBP1	SEPTIN10	SEPTIN2	SEPTIN7	SEPTIN9
cluster_555	5	RB1CC1	TRAPPC11	TRAPPC12	TRAPPC13	TRAPPC8
cluster_556	5	REPS2	SFN	YWHAB	YWHAH	YWHAZ
cluster_557	5	SCAND1	ZNF394	ZNF397	ZSCAN20	ZSCAN32
cluster_558	5	SCAND1	ZNF446	ZSCAN16	ZSCAN22	ZSCAN32
cluster_559	5	SCN3B	STX3	STX6	STX8	VTI1B
cluster_560	5	SEPTIN10	SEPTIN11	SEPTIN3	SEPTIN4	SEPTIN6
cluster_561	5	SEPTIN10	SEPTIN14	SEPTIN3	SEPTIN4	SEPTIN5
cluster_562	5	SFN	SHC1	YWHAE	YWHAG	YWHAZ
cluster_563	5	SLC30A10	STX12	STX8	VAMP3	VTI1B
cluster_564	5	SSRP1	SUPT16H	TOP1	XRCC5	XRCC6
cluster_565	5	STX12	STX6	STX8	TMEM86B	VAMP3
cluster_566	5	STX6	STX7	STX8	TMEM205	VAMP4
cluster_567	5	STX6	STX7	STX8	TMEM98	VAMP3
cluster_568	5	TAF10	TAF11	TAF12	TAF13	TAF3
cluster_569	5	ZNF197	ZNF232	ZNF397	ZSCAN20	ZSCAN32
cluster_570	5	ZNF232	ZSCAN20	ZSCAN23	ZSCAN29	ZSCAN32
cluster_571	4	AAR2	EAPP	TSSC4	TTC27
cluster_572	4	AARSD1	PSMC2	PSMD2	PSMD3
cluster_573	4	ABCD3	HRAS	KRAS	NRAS
cluster_574	4	ABCG2	DBN1	MYO5C	SYNPO
cluster_575	4	ABI1	KCNK3	NHSL3	WASF1
cluster_576	4	ABI1	TUBA1B	TUBB	TUBB4B
cluster_577	4	ABL1	ADAM10	FYN	NCK1
cluster_578	4	ABL2	EPHA4	EPHA7	EPHB2
cluster_579	4	ABRA	ACTR10	DCTN4	DCTN6
cluster_580	4	ABRAXAS2	PAAF1	PSMD10	PSMD5
cluster_581	4	ACAD11	HNRNPA2B1	HNRNPH1	ILF2
cluster_582	4	ACAD9	ACKR2	ECSIT	NDUFAF1
cluster_583	4	ACD	ACTB	POT1	TINF2
cluster_584	4	ACD	DBNL	POT1	TERF1
cluster_585	4	ACIN1	PNN	SAP18	TP53
cluster_586	4	ACOT7	POT1	TERF1	TINF2
cluster_587	4	ACOT9	RBM28	RPL11	RPL14
cluster_588	4	ACOX1	UBA1	UBE2N	UBE2V1
cluster_589	4	ACTB	ACTG1	HCN1	SYNGAP1
cluster_590	4	ACTB	MYL12A	MYL12B	MYL6
cluster_591	4	ACTBL2	DBN1	LIMA1	MYH9
cluster_592	4	ACTN4	ARPC1A	ARPC2	SSH1
cluster_593	4	ACTR10	CCDC120	DCTN5	DCTN6
cluster_594	4	ACTR1A	ACTR1B	DYNC1LI1	SLC7A11
cluster_595	4	ACTR2	ACTR3	ARPC4	CHURC1
cluster_596	4	ACTR5	INO80	NFRKB	RAB18
cluster_597	4	ACTR6	CARD8	SRCAP	VPS72
cluster_598	4	ACTR8	INO80	INO80C	YY1
cluster_599	4	ADAM30	SEC11A	SPCS1	SPCS2
cluster_600	4	ADAMTS13	C2CD4B	DICER1	TARBP2
cluster_601	4	ADAMTSL4	CHCHD2	CYSRT1	TRIM42
cluster_602	4	ADAMTSL4	CYSRT1	GNG13	KRTAP9-2
cluster_603	4	ADAMTSL4	FAH	KRTAP10-8	KRTAP5-9
cluster_604	4	ADD3	CAPZA2	MYO19	SYNPO
cluster_605	4	ADIPOQ	PPP3CA	PPP3CB	PPP3R1
cluster_606	4	ADNP2	CBX1	CBX3	CBX5
cluster_607	4	ADRM1	PAAF1	PSMC2	PSMC5
cluster_608	4	ADRM1	PSMC5	PSMD6	TBRG4
cluster_609	4	AEN	KRTAP10-5	KRTAP10-7	KRTAP10-8
cluster_610	4	AFDN	FAM53C	NCK2	SH3PXD2A
cluster_611	4	AFF1	AFF4	KMT2A	MLLT1
cluster_612	4	AFF4	ARRB2	MLLT1	MLLT3
cluster_613	4	AFG2A	PSMC4	PSMC5	PSMD14
cluster_614	4	AFTPH	AP1B1	AP1M2	AP1S3
cluster_615	4	AGO1	AGO2	DICER1	TARBP2
cluster_616	4	AGO1	AGO2	PHB1	PHB2
cluster_617	4	AGO1	AGO2	PRMT5	WDR77
cluster_618	4	AGO4	CTR9	LEO1	PAF1
cluster_619	4	AHCYL1	AHCYL2	CPSF4	WDR33
cluster_620	4	AHCYL1	AHCYL2	FOXK1	FOXK2
cluster_621	4	AICDA	CCT4	CCT6A	TCP1
cluster_622	4	AIMP1	ELF3	IARS1	QARS1
cluster_623	4	AIMP1	EPRS1	RARS1	RIN3
cluster_624	4	AKAP11	PRKACB	VAPA	VAPB
cluster_625	4	AKT1	APPL1	EGFR	TP53
cluster_626	4	AKT1	BAX	SMARCA4	TP53
cluster_627	4	AKT1	BRAF	FBXW7	RAB23
cluster_628	4	AKT1	CDH1	EGFR	PTEN
cluster_629	4	AKT1	CREBBP	EP300	TP53
cluster_630	4	AKT1	EGFR	MAP3K5	SMAD4
cluster_631	4	AKT1	EGFR	MBIP	PTPN11
cluster_632	4	AKT1	EGFR	NR3C1	SMARCA4
cluster_633	4	AKT1	FBXW7	KAT6A	SMARCA4
cluster_634	4	AKT1	FBXW7	RAD52	SPOP
cluster_635	4	ALDOC	GPKOW	HNRNPA1	SMNDC1
cluster_636	4	ALPI	KRTAP10-8	KRTAP10-9	NOTCH2NLA
cluster_637	4	ALPK2	FBXO45	MYCBP2	SPRYD3
cluster_638	4	ALYREF	DDX5	HNRNPL	MATR3
cluster_639	4	AMFR	ERLIN1	ERLIN2	TMUB1
cluster_640	4	AMOT	FAM168A	WWP1	WWP2
cluster_641	4	ANAPC1	ANAPC2	ANAPC4	SRP14
cluster_642	4	ANAPC1	ANAPC2	ANAPC5	MED19
cluster_643	4	ANAPC1	ANAPC4	ANAPC5	GPR156
cluster_644	4	ANAPC10	ANAPC11	ANAPC2	ANAPC4
cluster_645	4	ANAPC10	ANAPC4	CDC16	CDC26
cluster_646	4	ANAPC13	ANAPC2	CDC23	FBXO5
cluster_647	4	ANAPC15	DENND1A	GIGYF2	RTKN
cluster_648	4	ANAPC16	ANAPC2	ANAPC4	CCT7
cluster_649	4	ANAPC2	CDC16	CDC27	ZNF408
cluster_650	4	ANAPC4	CDC16	CDC27	RRM2
cluster_651	4	ANK2	LIN28A	NPM1	SF3B1
cluster_652	4	ANKRD27	YWHAE	YWHAH	YWHAZ
cluster_653	4	ANKRD28	AP2A2	AP2M1	AP2S1
cluster_654	4	ANLN	DBN1	MYO1C	PRKCA
cluster_655	4	ANLN	LIMA1	LYN	MYH9
cluster_656	4	ANTXR1	FLNA	MYH9	MYO19
cluster_657	4	AP1B1	AP1G1	AP2B1	AP2M1
cluster_658	4	AP1B1	AP2A1	AP2M1	SHC2
cluster_659	4	AP1B1	AP2A2	AP2B1	U2AF1
cluster_660	4	AP1B1	AP2A2	EPS15	SLC35A5
cluster_661	4	AP1S2	LRRK2	MAPT	VCP
cluster_662	4	AP2A1	AP2B1	AP2M1	SV2C
cluster_663	4	AP2A1	AP2B1	AP2S1	DNAJC5
cluster_664	4	AP2A1	AP2M1	ATG16L1	CLINT1
cluster_665	4	AP2A1	AP2M1	CRK	EPS15
cluster_666	4	AP2A2	AP2M1	MAB21L2	REPS1
cluster_667	4	AP2B1	AP2M1	AP2S1	CALCOCO1
cluster_668	4	AP3B1	PIP4K2A	PIP4K2C	PLCD3
cluster_669	4	AP3D1	AP3S1	EPB41L1	EPB41L3
cluster_670	4	AP4B1	AP4E1	AP4M1	AP4S1
cluster_671	4	APC	CAPZA2	FLNA	SYNPO
cluster_672	4	APEX1	HNRNPR	ILF2	SYNCRIP
cluster_673	4	APOA1	IGHG1	TF	TTR
cluster_674	4	APOO	IMMP1L	OMA1	PARL
cluster_675	4	APPL2	POLR3B	POLR3F	POLR3H
cluster_676	4	APTX	HNRNPC	SRSF7	ZC3H11A
cluster_677	4	AQR	CDK8	ISY1	XAB2
cluster_678	4	ARCN1	COPA	COPB1	NCF1
cluster_679	4	ARCN1	COPB1	COPG1	DRD3
cluster_680	4	ARF6	DDOST	RPN1	RPN2
cluster_681	4	ARF6	SF3A1	SF3B1	SNRPA1
cluster_682	4	ARHGAP18	LSM2	LSM4	LSM6
cluster_683	4	ARID1A	ASCL1	SMARCC1	SMARCC2
cluster_684	4	ARID1B	NEURL4	SMARCA2	SMARCD2
cluster_685	4	ARID4A	BBX	SIN3B	SINHCAF
cluster_686	4	ARL6IP4	PIP4K2A	PIP4K2B	PIP4K2C
cluster_687	4	ARL8B	ARPC1A	ARPC2	ARPC5L
cluster_688	4	ARMC8	BAIAP2	GID4	WDR26
cluster_689	4	ARMC8	GID8	HBP1	RMND5A
cluster_690	4	ARMC8	GID8	MAEA	SPINK7
cluster_691	4	ARMC8	MKLN1	NFATC1	ZMYND19
cluster_692	4	ARMC8	NOTCH1	RANBP10	RANBP9
cluster_693	4	ARMC8	PTX3	RANBP10	WDR26
cluster_694	4	ARPC1A	ARPC2	ARPC5	RHOG
cluster_695	4	ARPC2	ARPC3	ARPC5L	FHIP1B
cluster_696	4	ARRB1	ARRB2	PRMT5	WDR77
cluster_697	4	ARRDC3	DTNA	SNTB2	UTRN
cluster_698	4	ARRDC3	SRSF1	SRSF7	U2AF2
cluster_699	4	ASF1A	ASF1B	RBBP4	RBBP7
cluster_700	4	ASXL2	BAP1	HCFC1	OGT
cluster_701	4	ATAD3A	MRPL58	PHB1	PHB2
cluster_702	4	ATAD3B	MED18	MED21	MED7
cluster_703	4	ATAD3B	SRPK1	SRPK2	SRPK3
cluster_704	4	ATF2	ATP5F1B	ATP5F1C	ATP5PO
cluster_705	4	ATF3	CEBPG	DDIT3	NFE2L2
cluster_706	4	ATF5	BATF	CEBPA	CEBPG
cluster_707	4	ATF6	COP1	DET1	STK40
cluster_708	4	ATG12	SF3A1	SF3B1	SNRPB2
cluster_709	4	ATG14	CEP131	KIAA0753	PCM1
cluster_710	4	ATG16L1	EIF2B1	EIF2B2	EIF2B3
cluster_711	4	ATG16L1	NAPA	NSF	SCFD1
cluster_712	4	ATG16L1	NUP37	NUP85	NUP98
cluster_713	4	ATP13A1	CCDC47	TCTN2	TCTN3
cluster_714	4	ATP2B1	ATP6V1F	VMA12	VMA22
cluster_715	4	ATP5F1A	ATP5F1B	ATP5F1C	RIMS1
cluster_716	4	ATP5F1A	ATP5F1B	ATP5PB	GPR21
cluster_717	4	ATP5F1B	ATP5F1C	ATP5PF	SLC43A3
cluster_718	4	ATP5F1B	ATP5PB	ATP5PD	P2RY12
cluster_719	4	ATP5F1C	ATP5PB	ATP5PD	MED4
cluster_720	4	ATP5F1C	ATP5PB	ATP5PF	XYLT2
cluster_721	4	ATP5F1C	ATP5PF	ATP5PO	FECH
cluster_722	4	ATP5ME	ATP5PD	ATP5PF	SLC5A9
cluster_723	4	ATP5PB	ATP5PD	ATP5PF	SLC16A8
cluster_724	4	ATP6AP1	ATP6V0A2	ATP6V1A	SLC6A7
cluster_725	4	ATP6V0A1	ATP6V0A2	ATP6V1A	FTH1
cluster_726	4	ATP6V0A2	ATP6V1D	ATP6V1E1	ATP6V1F
cluster_727	4	ATP6V0D1	ATP6V1B2	ATP6V1D	CLTC
cluster_728	4	ATXN2	ATXN2L	LSM12	NUFIP2
cluster_729	4	ATXN2L	CCNT1	HEXIM1	NUFIP2
cluster_730	4	AURKB	MAEA	RANBP9	WDR26
cluster_731	4	BACC1	POLR2E	POLR2F	POLR2H
cluster_732	4	BACH1	BATF	BATF3	DDIT3
cluster_733	4	BACH1	DDOST	OST4	STT3B
cluster_734	4	BAG1	DDX6	LRRK2	MAPT
cluster_735	4	BAG2	PSMC4	PSMD2	PSMD6
cluster_736	4	BAG5	SLC12A4	SLC12A6	SLC12A7
cluster_737	4	BATF2	CEBPA	CEBPG	DDIT3
cluster_738	4	BAZ1A	BAZ1B	CAVIN1	SMARCA5
cluster_739	4	BBS1	BBS2	SOHLH1	TTC8
cluster_740	4	BBS10	BBS12	BBS7	MKKS
cluster_741	4	BBS10	CCT2	CCT3	TCP1
cluster_742	4	BCAR3	PSMA2	PSMD1	PSMD2
cluster_743	4	BCAS2	CRNKL1	PRCC	PRPF19
cluster_744	4	BCKDHA	MRPL23	MRPL41	MRPS30
cluster_745	4	BCL2L14	HDAC2	RBBP4	RBBP7
cluster_746	4	BCLAF1	CDKL2	PNN	THRAP3
cluster_747	4	BCLAF1	COQ2	EIF4A3	THRAP3
cluster_748	4	BCLAF1	CORO2A	ERH	THRAP3
cluster_749	4	BCR	MRPL10	MRPL28	MRPL41
cluster_750	4	BECN1	MYH10	MYL12B	MYL6
cluster_751	4	BEND3	GATAD2A	MTA2	MTA3
cluster_752	4	BLK	CNOT1	CNOT10	CNOT7
cluster_753	4	BLM	RMI1	RMI2	SPIDR
cluster_754	4	BLOC1S1	BLOC1S2	BLOC1S4	WASHC3
cluster_755	4	BNIP1	NBAS	SCFD2	SLC24A5
cluster_756	4	BNIP1	NBAS	STX18	TEX28
cluster_757	4	BOD1L1	CAMK2D	CXXC1	SETD1A
cluster_758	4	BRAF	IDH1	PTPN11	TP53
cluster_759	4	BRAF	PTEN	PTPN11	RTEL1
cluster_760	4	BRCA1	NSMCE1	NSMCE3	NSMCE4A
cluster_761	4	BRD4	RFC2	RFC4	RFC5
cluster_762	4	BSCL2	DNAJC30	NDUFB10	NDUFB11
cluster_763	4	BTF3	TXLNA	TXLNB	TXLNG
cluster_764	4	BTRC	FBXW11	NFKB2	RELA
cluster_765	4	BTRC	FBXW11	STK3	STK4
cluster_766	4	BTRC	FBXW11	TUBGCP5	TUBGCP6
cluster_767	4	BUB1B	DSN1	MIS12	PMF1
cluster_768	4	BUD13	PPIB	SBDS	ZRANB2
cluster_769	4	BUD13	PPIL4	RBM15	STXBP2
cluster_770	4	BYSL	CSNK1G2	LTV1	TSR1
cluster_771	4	BYSL	KRTAP10-5	KRTAP10-7	KRTAP4-2
cluster_772	4	BZW2	EIF2B1	EIF2B2	EIF2B4
cluster_773	4	C1QTNF9	C1QTNF9B	COLGALT2	PLOD3
cluster_774	4	C1orf174	H2AC11	YBX2	ZNF346
cluster_775	4	CACNA1C	CEP128	CEP135	ODF2
cluster_776	4	CACYBP	CAPRIN1	CD47	EIF4A1
cluster_777	4	CAMK2A	ELP1	ELP2	ELP3
cluster_778	4	CAMK2A	H1-2	H1-4	RSL1D1
cluster_779	4	CAMK2B	CAMK2G	CDC37	HSP90AB1
cluster_780	4	CAMK2B	CAMK2G	FXR1	FXR2
cluster_781	4	CAMK2G	PSMB1	PSMD12	PSMD13
cluster_782	4	CAMKV	FKBP5	HSP90AA1	HSP90AB1
cluster_783	4	CAMKV	GID8	MAEA	RMND5A
cluster_784	4	CAND1	CCNB1	CFTR	JUN
cluster_785	4	CAND1	CDH5	CUL1	HNRNPU
cluster_786	4	CAND1	COPS5	JUN	TRMT61A
cluster_787	4	CAND1	CUL3	PPP4C	SF3B1
cluster_788	4	CANX	TMED10	TMED2	TMED9
cluster_789	4	CAPZA1	CAPZA2	CLEC4G	FLNA
cluster_790	4	CAPZA1	CAPZA2	DCTN1	MYO19
cluster_791	4	CAPZA1	CAPZA2	KIAA1671	PPP1CB
cluster_792	4	CAPZA2	DBN1	NAP1L4	SYNPO
cluster_793	4	CAPZA2	EIF3G	FLNA	IQGAP1
cluster_794	4	CAPZB	CFTR	EGLN3	JUN
cluster_795	4	CASTOR1	CASTOR2	MIOS	PLAAT4
cluster_796	4	CBY1	KCTD3	KIF13B	KLC3
cluster_797	4	CBY1	LIMA1	RHOA	RTKN
cluster_798	4	CCAR2	NFKB2	RELA	RELB
cluster_799	4	CCDC112	CEP128	NINL	PCM1
cluster_800	4	CCDC12	CDC40	SNW1	SYF2
cluster_801	4	CCDC12	DHX35	DNAJC17	PPIE
cluster_802	4	CCDC47	TCTN3	TMED2	TMED9
cluster_803	4	CCNA2	CDK3	CKS1B	CKS2
cluster_804	4	CCNDBP1	COPS5	CUL5	JUN
cluster_805	4	CCNH	ERCC2	GTF2F1	GTF2F2
cluster_806	4	CCNT1	CPSF1	CPSF2	FIP1L1
cluster_807	4	CCT2	CCT3	CCT4	POC1B
cluster_808	4	CCT2	CCT3	CCT5	OGT
cluster_809	4	CCT2	CCT3	CCT6B	MAPK15
cluster_810	4	CCT2	CCT3	CCT7	CORO7
cluster_811	4	CCT2	CCT3	CCT8	RIPK4
cluster_812	4	CCT2	CCT5	CCT7	EIF2A
cluster_813	4	CCT2	CCT7	PLBD1	TCP1
cluster_814	4	CCT2	CCT8	SWSAP1	TCP1
cluster_815	4	CCT3	CCT6A	CCT7	ODAPH
cluster_816	4	CCT8L2	POLR2A	POLR2I	RPAP2
cluster_817	4	CD109	MYH9	MYO5C	SYNPO
cluster_818	4	CD226	EXOC5	EXOC6B	EXOC7
cluster_819	4	CD300A	CD300C	CD300LB	CD300LF
cluster_820	4	CD300A	CD300E	CD300LB	CD300LD
cluster_821	4	CD6	GTF2H1	GTF2H2	GTF2H4
cluster_822	4	CD6	POLR1A	POLR1E	POLR1G
cluster_823	4	CD74	EIF2B3	EIF2B4	EIF2B5
cluster_824	4	CDC123	CEP128	ODF2	PCM1
cluster_825	4	CDC42	DBN1	IQGAP1	LIMA1
cluster_826	4	CDC42	MYH10	MYL6	MYL6B
cluster_827	4	CDC42	TUBB	TUBB4A	TUBB4B
cluster_828	4	CDC5L	HSP90AA1	HSP90AB1	SNW1
cluster_829	4	CDC5L	MSH2	MSH6	SNW1
cluster_830	4	CDC5L	RANBP2	RANGAP1	SNW1
cluster_831	4	CDC5L	RUVBL1	RUVBL2	SNW1
cluster_832	4	CDC5L	SMC1A	SMC3	SNW1
cluster_833	4	CDC5L	SNW1	SPTAN1	SPTBN1
cluster_834	4	CDC5L	SNW1	TUBB	TUBB4B
cluster_835	4	CDH23	KAT14	MBIP	YEATS2
cluster_836	4	CDH5	DDOST	RPN1	STT3B
cluster_837	4	CDH5	MYH10	MYL12A	MYL6
cluster_838	4	CDHR2	CDHR5	MYO7B	USH1C
cluster_839	4	CDK16	FAM110A	HDAC4	MIF4GD
cluster_840	4	CDK19	CDK7	MED17	MED31
cluster_841	4	CDK19	MCM2	MCM3	MCM4
cluster_842	4	CDK20	PSMB2	PSMC6	PSMD1
cluster_843	4	CDK5RAP3	DDRGK1	UFC1	UFM1
cluster_844	4	CDR2	EIF4E2	FAM110A	HDAC4
cluster_845	4	CDR2	PPP3CB	PPP3CC	PPP3R1
cluster_846	4	CELF5	ELAVL2	PAIP1	PAIP2B
cluster_847	4	CENPE	CEP131	OFD1	PCM1
cluster_848	4	CEP120	ECH1	KIAA0753	SPICE1
cluster_849	4	CEP120	NAP1L1	NAP1L4	SPICE1
cluster_850	4	CEP128	CEP162	NINL	PDLIM7
cluster_851	4	CEP131	LRRCC1	PCM1	PIBF1
cluster_852	4	CEP135	CEP250	CEP63	POC5
cluster_853	4	CEP135	CEP63	KEAP1	ODF2
cluster_854	4	CEP63	EPRS1	IARS1	RARS1
cluster_855	4	CEP63	PPP1R10	TOX4	WDR82
cluster_856	4	CERKL	EIF3B	EIF3G	EIF3I
cluster_857	4	CFAP184	DTNB	SNTB2	UTRN
cluster_858	4	CFAP410	FTL	NEK1	PIPSL
cluster_859	4	CFTR	DDX21	FOXRED1	JUN
cluster_860	4	CFTR	DDX6	GRK2	YWHAG
cluster_861	4	CFTR	DDX6	OSGEP	ZC3H11A
cluster_862	4	CGN	LARP7	SRSF12	ZNF638
cluster_863	4	CHCHD2	HAUS2	HAUS3	HAUS8
cluster_864	4	CHCHD3	IMMT	SAMM50	SLC35G2
cluster_865	4	CHCHD6	KLHDC2	MTX2	SAMM50
cluster_866	4	CHD4	CTBP1	GATAD2A	MTA2
cluster_867	4	CHD4	GATAD2A	MBD2	RBPJ
cluster_868	4	CHEK1	CPSF6	FUS	TRA2A
cluster_869	4	CHERP	RBM17	U2SURP	WDFY2
cluster_870	4	CHMP1A	CHMP1B	CHMP5	VPS4B
cluster_871	4	CHMP1A	CHMP4B	CHMP5	EXOSC9
cluster_872	4	CHMP1A	CHMP4B	GOLT1B	IST1
cluster_873	4	CHMP2A	CHMP3	CHMP5	TTC19
cluster_874	4	CHRD	FXR1	FXR2	SPRY1
cluster_875	4	CHRM4	EXOC5	EXOC6	EXOC6B
cluster_876	4	CIAO2B	MMS19	PRIM1	PRIM2
cluster_877	4	CILK1	CLUAP1	IFT172	IFT88
cluster_878	4	CLINT1	STX8	VAMP4	VTI1B
cluster_879	4	CLIP1	NUP107	NUP133	NUP98
cluster_880	4	CLK1	CLK2	SRSF10	TRA2B
cluster_881	4	CLK2	MTREX	RBM7	ZCCHC8
cluster_882	4	CLK4	KRTAP10-7	KRTAP10-8	KRTAP10-9
cluster_883	4	CMSS1	MED17	MED19	MED29
cluster_884	4	CNBP	FTSJ1	RPS3A	RPS9
cluster_885	4	CNOT1	CNOT10	CNOT11	MED4
cluster_886	4	CNOT1	CNOT2	CNOT7	EGLN3
cluster_887	4	CNOT2	CNOT9	HSCB	TNKS1BP1
cluster_888	4	CNOT6	CNOT6L	CNOT9	VASN
cluster_889	4	COL8A1	PFDN1	PFDN2	PFDN4
cluster_890	4	COLGALT2	PLOD3	VIPAS39	VPS33B
cluster_891	4	COMMD1	COMMD3	COMMD4	HTT
cluster_892	4	COMMD1	COMMD5	COMMD6	COMMD9
cluster_893	4	COMMD2	COMMD4	COMMD6	RBMX2
cluster_894	4	COPA	COPB1	COPG1	STK4
cluster_895	4	COPA	COPG1	COPG2	KCNJ10
cluster_896	4	COPB1	COPG1	COPG2	SEC62
cluster_897	4	COPS2	COPS3	COPS7B	FBXO6
cluster_898	4	COPS2	COPS6	COPS7B	RAB40A
cluster_899	4	COPS2	COPS8	GFER	GPS1
cluster_900	4	COPS3	COPS7B	GPS1	HSPA12A
cluster_901	4	COPS5	CUL2	CUL5	FEM1C
cluster_902	4	COPS6	CUL1	FBXL15	NEDD8
cluster_903	4	COQ8A	MRPS23	MRPS27	PTCD3
cluster_904	4	CORO1A	GIT2	PSMD9	RABGAP1L
cluster_905	4	CORO1A	IFT172	IFT57	IFT80
cluster_906	4	COX15	SAFB	SAFB2	VDAC1
cluster_907	4	COXFA4	NDUFA12	NDUFA2	NDUFA6
cluster_908	4	CPAP	SEC23A	SEC23B	SEC24B
cluster_909	4	CPSF1	CPSF2	CPSF3	HSCB
cluster_910	4	CPSF1	CPSF4	FIP1L1	NBEAL2
cluster_911	4	CPSF2	CPSF3	PAPOLA	SYMPK
cluster_912	4	CPSF3	CPSF4L	FIP1L1	WDR33
cluster_913	4	CSGALNACT2	NDUFB3	NDUFB9	NDUFC2
cluster_914	4	CSNK2A1	CSNK2A2	RBL1	RBL2
cluster_915	4	CSNK2A1	CSNK2A2	RUVBL1	RUVBL2
cluster_916	4	CSTA	SBDS	ZC3H11A	ZRANB2
cluster_917	4	CTBP1	RANBP9	WDR26	YPEL5
cluster_918	4	CTBP2	GATAD2B	MBD3	MTA1
cluster_919	4	CTCF	H1-1	ZMYM4	ZNF668
cluster_920	4	CTDP1	RFC3	RFC4	RFC5
cluster_921	4	CTNNAL1	DTNA	RPP25L	SNTB2
cluster_922	4	CTR9	LEO1	UBE2A	UBE2B
cluster_923	4	CUL1	CUL3	ENC1	KLHL25
cluster_924	4	CUL2	CUL5	DCUN1D1	KLHDC2
cluster_925	4	CUL2	CUL5	NEDD8	RNF187
cluster_926	4	CUL2	DCUN1D1	KLHDC10	NEDD8
cluster_927	4	CUL3	GABARAPL2	KLHL5	MAP1LC3B
cluster_928	4	CUL4A	CUL4B	DCUN1D1	PHIP
cluster_929	4	CWC15	FMR1	PLRG1	PRPF19
cluster_930	4	CWC22	YWHAB	YWHAG	YWHAH
cluster_931	4	CXCL10	CXCL11	CXCL12	DPP8
cluster_932	4	CXXC1	HCFC1	OGT	SETD1A
cluster_933	4	CYSRT1	FOXD4L1	KRTAP6-2	KRTAP6-3
cluster_934	4	CYSRT1	GGN	KRTAP2-4	KRTAP5-9
cluster_935	4	CYSRT1	GPATCH2L	KRTAP10-9	KRTAP4-12
cluster_936	4	CYSRT1	HOXA1	HR	KRTAP6-3
cluster_937	4	CYSRT1	IQUB	KRTAP10-7	KRTAP10-9
cluster_938	4	CYSRT1	KRTAP1-1	KRTAP10-8	SCARF1
cluster_939	4	CYSRT1	KRTAP10-7	KRTAP12-3	PTGDS
cluster_940	4	DAD1	HSCB	MLEC	STT3A
cluster_941	4	DAG1	PSMA2	PSMB2	PSMB4
cluster_942	4	DAP	RACK1	RBM8A	SEC61B
cluster_943	4	DARS1	DNM1L	LARS1	RARS1
cluster_944	4	DARS1	IARS1	RARS1	SNCA
cluster_945	4	DBN1	FLNA	MYO1C	RASA1
cluster_946	4	DBN1	ILKAP	MYO1B	MYO1C
cluster_947	4	DBN1	IQGAP1	LARP7	MYH9
cluster_948	4	DBN1	LIMA1	MYO18A	SLC38A5
cluster_949	4	DCAF7	RING1	RNF2	YAF2
cluster_950	4	DCTN1	PSMC3	PSMD14	PSMD7
cluster_951	4	DDIT4L	LSM3	LSM5	LSM7
cluster_952	4	DDOST	NSG1	OST4	RPN1
cluster_953	4	DDOST	OST4	RBM4	RPN2
cluster_954	4	DDOST	RPN2	SLC71A1	STT3B
cluster_955	4	DDR2	DHX9	FAM120A	HNRNPUL2
cluster_956	4	DDX21	DDX6	LIN28B	SMG5
cluster_957	4	DDX21	LIN28B	MTCH2	ZC3H11A
cluster_958	4	DDX21	RPS6	RPS6KA1	SRSF5
cluster_959	4	DDX23	SF3A1	SNRPE	SUPV3L1
cluster_960	4	DDX24	MYBBP1A	RPL18A	TRIM44
cluster_961	4	DDX5	HNRNPH1	HNRNPK	TYK2
cluster_962	4	DDX5	HNRNPK	LGALS3BP	RBMX
cluster_963	4	DDX54	NOP53	RBM19	SLC14A2
cluster_964	4	DDX6	DGCR8	NPM1	PARVB
cluster_965	4	DDX6	ERCC3	ESR1	RPS3
cluster_966	4	DDX6	SFN	YWHAG	ZC2HC1C
cluster_967	4	DECR1	ESR1	ILF3	NPM1
cluster_968	4	DENND1A	EIF4E2	GIGYF2	PAAT
cluster_969	4	DENND4C	KCTD3	KIF1C	RYBP
cluster_970	4	DENND4C	MED4	NAV1	ZNF638
cluster_971	4	DEPDC5	RRAGA	RRAGB	RRAGC
cluster_972	4	DGCR8	GPKOW	LIN28B	PDLIM5
cluster_973	4	DGCR8	ILF3	SAP30BP	ZC3H11A
cluster_974	4	DIS3L	EIF4E2	EXOSC3	GIGYF2
cluster_975	4	DISC1	IFT172	IFT74	IFT88
cluster_976	4	DISC1	RANBP9	RMND5A	WDR26
cluster_977	4	DLD	HSD17B10	RUVBL1	RUVBL2
cluster_978	4	DLD	HSD17B10	XRCC5	XRCC6
cluster_979	4	DLG2	DLG3	DLG4	LRP2
cluster_980	4	DLGAP5	TUBA1B	TUBB2A	TUBB4B
cluster_981	4	DLST	MRPS11	MRPS14	MRPS17
cluster_982	4	DLST	PSMC1	PSMC4	PSMD2
cluster_983	4	DMAP1	EPC1	FOXO6	YEATS4
cluster_984	4	DNAJC21	MRPS17	MRPS18B	MRPS6
cluster_985	4	DPY30	HNRNPA2B1	HNRNPH1	MATR3
cluster_986	4	DPYS	DPYSL2	DPYSL3	DPYSL5
cluster_987	4	DR1	KAT2A	KAT2B	TADA3
cluster_988	4	DRG1	KRTCAP2	RACK1	RBM42
cluster_989	4	DRG1	PWP1	RBM8A	SRP19
cluster_990	4	DSN1	EXOC5	EXOC6	EXOC7
cluster_991	4	DSN1	MIS12	NSL1	S100A2
cluster_992	4	DSN1	NSL1	PMF1	PPP1CC
cluster_993	4	DYNC1H1	DYNC1I2	DYNC1LI1	DYNLT3
cluster_994	4	DYNC2I1	DYNC2I2	DYNLL1	DYNLL2
cluster_995	4	DYNC2I1	DYNC2I2	DYNLRB1	DYNLT1
cluster_996	4	DYNLL1	DYNLL2	RCOR1	RCOR3
cluster_997	4	DYNLL1	DYNLL2	RSBN1	RSBN1L
cluster_998	4	DYNLL1	DYNLL2	ZMYM2	ZMYM3
cluster_999	4	DYRK2	NCBP1	NCBP2	ZC3H18
cluster_1000	4	DZIP3	HNRNPF	HNRNPH1	MATR3
cluster_1001	4	EAPP	GPATCH1	KIAA1143	WDR83
cluster_1002	4	EBP	ERGIC3	STOM	TMEM14B
cluster_1003	4	ECH1	IQGAP1	PPP1CA	PPP1CB
cluster_1004	4	EFHD2	LIMA1	MYH9	MYO18A
cluster_1005	4	EFTUD2	NCDN	SNRPD2	SNRPF
cluster_1006	4	EFTUD2	PRKAB1	SF3A1	SNRNP200
cluster_1007	4	EFTUD2	PRPF19	SNCA	SNRNP200
cluster_1008	4	EFTUD2	PRPF8	SNRNP200	TTC27
cluster_1009	4	EFTUD2	SF3A1	SNRPB	SWSAP1
cluster_1010	4	EGFR	EXOC2	EXOC3	EXOC7
cluster_1011	4	EGLN3	HAUS3	HAUS4	HAUS5
cluster_1012	4	EIF2B1	EIF2B2	EIF2B5	EXOG
cluster_1013	4	EIF2B1	EIF2B3	EIF2B5	SGPL1
cluster_1014	4	EIF2B1	EIF2B4	EIF2B5	RBM15
cluster_1015	4	EIF2B2	EIF2B3	EIF2B4	SLCO1B3
cluster_1016	4	EIF2B2	EIF2B3	EIF2B5	OPN3
cluster_1017	4	EIF2B2	EIF2B4	EIF2B5	FAM174A
cluster_1018	4	EIF2B3	EIF2B5	GPR183	SMDT1
cluster_1019	4	EIF2S3	MAPK6	RACK1	RPL10
cluster_1020	4	EIF3A	EIF3C	EIF3D	SLC9B2
cluster_1021	4	EIF3A	EIF3J	EIF3K	P2RY6
cluster_1022	4	EIF3I	EIF3L	EIF3M	GH1
cluster_1023	4	EIF3I	EIF4E	EIF4G1	PAK2
cluster_1024	4	EIF4A3	MAGOH	RBM8A	SMG1
cluster_1025	4	EIF4E2	GIGYF1	GIGYF2	ZNF598
cluster_1026	4	EIF4E2	GIGYF1	HDAC4	TLE5
cluster_1027	4	EIF4E2	GIGYF2	NEUROG3	ZNF638
cluster_1028	4	EIF4E2	MELK	P4HA2	SIPA1L1
cluster_1029	4	ELF1	ELF2	HCFC2	YY1
cluster_1030	4	ELF1	GPKOW	HNRNPC	NPM1
cluster_1031	4	EMC2	MMGT1	PHB1	PHB2
cluster_1032	4	EMID1	NDUFA2	NDUFA7	NDUFS4
cluster_1033	4	ENC1	KLHL13	KLHL25	KLHL9
cluster_1034	4	ENDOD1	STRIP1	STRN	STRN3
cluster_1035	4	ENG	EXOSC3	EXOSC6	EXOSC7
cluster_1036	4	ENKD1	GADD45GIP1	MRPL28	MRPL38
cluster_1037	4	ENO1	ZP2	ZP3	ZP4
cluster_1038	4	ENOX2	SRPK2	SRSF4	SRSF5
cluster_1039	4	EPB41L3	GID8	RANBP9	WDR26
cluster_1040	4	EPHA7	PSMB1	PSMB4	PSMB7
cluster_1041	4	EPRS1	IARS1	LARS1	YWHAZ
cluster_1042	4	ERAL1	HTRA4	MRPS22	MRPS9
cluster_1043	4	ERBB2	KIF5C	KLC1	KLC4
cluster_1044	4	ERBB3	ERBB4	MTMR6	MTMR9
cluster_1045	4	ERCC3	GTF2H2	GTF2H3	GTF2H4
cluster_1046	4	ESR1	IFRD2	NPM1	RRP1B
cluster_1047	4	ESR2	RFC1	RFC2	RFC4
cluster_1048	4	EXOC1	STRN	STRN3	STRN4
cluster_1049	4	EXOC2	EXOC3L1	EXOC5	EXOC7
cluster_1050	4	EXOSC10	MTREX	RBM7	UPF2
cluster_1051	4	EXOSC2	EXOSC3	EXOSC6	HDGF
cluster_1052	4	EXOSC5	TAF4	TAF5	TAF9
cluster_1053	4	EZR	TRAPPC1	TRAPPC10	TRAPPC9
cluster_1054	4	FABP5	NELFB	NELFCD	NELFE
cluster_1055	4	FAM110A	FHL3	KCTD3	ZBTB21
cluster_1056	4	FAM120A	FAM120C	HNRNPU	YBX1
cluster_1057	4	FAM167A	HAUS1	HAUS4	HAUS5
cluster_1058	4	FAM174A	TUBB	TUBB2A	TUBB4A
cluster_1059	4	FAM9B	MRPL10	MRPL28	MRPL9
cluster_1060	4	FASTKD2	MED14	MED16	MED19
cluster_1061	4	FAXC	ZMYND8	ZNF592	ZNF687
cluster_1062	4	FBL	NUP205	RPS6	RRP1B
cluster_1063	4	FBL	POLR1A	POLR1B	POLR1E
cluster_1064	4	FBLN5	POLR2A	POLR2I	RECQL5
cluster_1065	4	FBXW7	MAP2K4	SPOP	TP53
cluster_1066	4	FBXW7	RAD51AP1	SMARCA4	TP53
cluster_1067	4	FECH	SEPTIN11	SEPTIN2	SEPTIN8
cluster_1068	4	FEM1A	INTS10	INTS13	INTS14
cluster_1069	4	FGFR1	FGFR4	RPS6KA1	RPS6KA3
cluster_1070	4	FGL1	GTF2H1	GTF2H2	GTF2H3
cluster_1071	4	FHL3	SNRPB	SNRPC	SNRPG
cluster_1072	4	FKBP8	PSMC4	PSMC5	PSMD2
cluster_1073	4	FLNA	IQGAP1	MAPK14	MYO19
cluster_1074	4	FLNA	MYO19	PPP1CB	SUPV3L1
cluster_1075	4	FLNA	MYO19	SCARB2	SYNPO
cluster_1076	4	FLOT1	FLOT2	SOX5	SOX6
cluster_1077	4	FMR1	PSMC3	PSMD11	PSMD3
cluster_1078	4	FMR1	SEPTIN4	SEPTIN5	SEPTIN7
cluster_1079	4	FNIP2	LAMTOR3	LAMTOR4	LAMTOR5
cluster_1080	4	FOXF1	FOXP1	SATB1	SATB2
cluster_1081	4	FOXK1	FOXK2	MAP1LC3A	MAP1LC3B
cluster_1082	4	FOXM1	LIN54	LIN9	MYBL2
cluster_1083	4	FOXM1	PRPF8	SART1	SNRNP200
cluster_1084	4	FOXP3	NUP107	NUP133	NUP160
cluster_1085	4	FTL	PIPSL	PRIM1	PRIM2
cluster_1086	4	FTSJ3	RRP8	SURF6	TPP2
cluster_1087	4	FUS	JUN	PIP	SF3B1
cluster_1088	4	FUS	NCBP1	NCBP3	PLEC
cluster_1089	4	FUS	SLC13A3	SNRPA	U2AF2
cluster_1090	4	FXR1	FXR2	SF3B2	SF3B3
cluster_1091	4	G3BP1	G3BP2	VDAC2	VDAC3
cluster_1092	4	GABARAPL1	GABARAPL2	KRTAP10-7	KRTAP10-9
cluster_1093	4	GABPB1	SNRPA	SNRPB2	SNRPG
cluster_1094	4	GADD45GIP1	MRPL28	MRPL53	NFKBID
cluster_1095	4	GATA4	MCCC1	PCCA	PCCB
cluster_1096	4	GATA4	NKX2-5	SSBP1	TFAM
cluster_1097	4	GDI1	GDI2	NCBP2	NCBP3
cluster_1098	4	GFAP	JPH3	RASSF1	RASSF5
cluster_1099	4	GFER	TUBB	TUBB2A	TUBB4B
cluster_1100	4	GID8	MKLN1	RANBP9	SLX4
cluster_1101	4	GIGYF1	MAST3	PRKAA2	SH3PXD2A
cluster_1102	4	GLI1	IFT56	IFT74	IFT81
cluster_1103	4	GLI2	PSMC2	PSMC3	PSMD1
cluster_1104	4	GNAI1	GNAI3	TUBA1A	TUBB3
cluster_1105	4	GOLGA2	PSMA1	PSMA4	PSMD4
cluster_1106	4	GOSR1	MOSPD2	STX12	STX6
cluster_1107	4	GOSR2	GPRC5B	SCFD1	STX5
cluster_1108	4	GPBP1L1	SNRNP200	SNRNP40	TSSC4
cluster_1109	4	GPC4	GPC6	HADHA	HADHB
cluster_1110	4	GPKOW	LIN28B	NPM1	PTPN12
cluster_1111	4	GPKOW	NAMPT	PPIL4	ZC3H11A
cluster_1112	4	GPKOW	PPIL4	SMNDC1	TMA16
cluster_1113	4	GPKOW	SMNDC1	TSNAX	ZC3H11A
cluster_1114	4	GPN3	HSCB	POLR2C	POLR2E
cluster_1115	4	GPR156	PRPF6	PRPF8	SNRNP200
cluster_1116	4	GRB2	MED14	MED19	MED28
cluster_1117	4	GRB2	SF3A2	SNRNP200	SNRPD2
cluster_1118	4	GSE1	HMG20B	RCOR3	TFIP11
cluster_1119	4	GSTM2	GSTM3	GSTM4	GSTM5
cluster_1120	4	GTF2H1	GTF2H3	GTF2H4	HDGFL2
cluster_1121	4	GTF3C3	POLR1D	POLR3D	POLR3E
cluster_1122	4	GTPBP6	MRPL12	MRPL21	MRPL23
cluster_1123	4	GTPBP8	MALSU1	MRPL12	MRPL21
cluster_1124	4	H1-0	MED12	MED25	MED27
cluster_1125	4	H1-7	H2AC11	H2BC11	KRR1
cluster_1126	4	H2AC14	MED10	MED25	MED27
cluster_1127	4	H2BC9	PRPF8	SNRPD2	USP39
cluster_1128	4	HADHA	HADHB	SDC2	SDC4
cluster_1129	4	HAUS1	HAUS3	HAUS4	KRT23
cluster_1130	4	HAUS3	HAUS5	HAUS6	INF2
cluster_1131	4	HCFC1	SIN3A	SIN3B	SUDS3
cluster_1132	4	HDAC1	HDAC2	SMARCC2	SMARCE1
cluster_1133	4	HDAC1	HDAC2	ZMYM2	ZMYM3
cluster_1134	4	HDAC11	NUP133	NUP85	NUP98
cluster_1135	4	HDGF	RFC1	RFC4	RFC5
cluster_1136	4	HES6	TLE1	TLE3	TLE4
cluster_1137	4	HMGB2	TAF3	TAF5	TAF6
cluster_1138	4	HNRNPA1	HNRNPA2B1	MATR3	TTF2
cluster_1139	4	HNRNPC	HNRNPCL2	QKI	ZC3H11A
cluster_1140	4	HNRNPC	SDCBP	SRSF3	SRSF7
cluster_1141	4	HNRNPC	SRSF7	TRA2A	TWNK
cluster_1142	4	HNRNPCL2	KSR1	MELK	SRSF12
cluster_1143	4	HNRNPD	HNRNPR	NFE2L2	RBMX
cluster_1144	4	HNRNPU	ILF3	RPS16	THAP11
cluster_1145	4	HOXB9	JUN	NPM1	SF3B1
cluster_1146	4	HPN	NDUFA12	NDUFA7	NDUFV3
cluster_1147	4	HSCB	RFC2	RFC3	RFC5
cluster_1148	4	HSF2BP	PRPF3	RBM17	SART1
cluster_1149	4	HSPBP1	SF1	SF3A2	SF3A3
cluster_1150	4	HSPD1	MED12L	MED19	MED9
cluster_1151	4	IBTK	RFC1	RFC3	RFC4
cluster_1152	4	ICE2	SNRPA1	SNRPB	SNRPB2
cluster_1153	4	IFIT1	IFIT2	IFIT3	MAVS
cluster_1154	4	IFT22	IFT74	IFT81	JPH4
cluster_1155	4	IFT52	IFT74	IFT81	PLCD3
cluster_1156	4	IFT70A	IFT74	IFT81	SERPINB2
cluster_1157	4	IGF1R	SEPTIN10	SEPTIN6	SEPTIN8
cluster_1158	4	IKBKG	PSMA3	PSMB5	PSMD13
cluster_1159	4	IL10RB	IL22	IL22RA1	IL22RA2
cluster_1160	4	ILF3	SMNDC1	TGS1	ZC3H11A
cluster_1161	4	ILK	PARVA	PARVB	RSU1
cluster_1162	4	IMMP1L	IMMP2L	NUP214	NUP88
cluster_1163	4	IMMP1L	IMMP2L	OMA1	UGGT1
cluster_1164	4	IMMP1L	IMMP2L	OPA3	PARL
cluster_1165	4	IMPDH1	NDUFB5	NDUFC2	NDUFS7
cluster_1166	4	INCENP	NPM1	RPS11	SMNDC1
cluster_1167	4	INPP5B	OCRL	PHETA1	PHETA2
cluster_1168	4	INSR	POLR3C	POLR3E	POLR3G
cluster_1169	4	ISY1	PPIE	REC8	XAB2
cluster_1170	4	JMJD6	RNPC3	SNRNP35	ZRSR2
cluster_1171	4	KARS1	MARS1	MYC	RARS1
cluster_1172	4	KATNA1	KATNAL1	KATNB1	KATNBL1
cluster_1173	4	KDM6A	KMT2D	MATR3	PAXIP1
cluster_1174	4	KDSR	NDUFB3	NDUFB5	NDUFC2
cluster_1175	4	KIF13B	KIF1C	KIFBP	ZNF638
cluster_1176	4	KIF1C	MAGI1	PPM1H	TSC1
cluster_1177	4	KLHL11	PSMB7	PSMD12	PSMD6
cluster_1178	4	KLHL12	MED12	MED25	MED28
cluster_1179	4	KLHL22	MRPS25	MRPS5	NOA1
cluster_1180	4	KPNA1	POLR1B	POLR1E	POLR1G
cluster_1181	4	KRR1	RPL31	ZFX	ZNF346
cluster_1182	4	KRR1	RPS19	RPS8	ZNF579
cluster_1183	4	KRT2	NUF2	PHLDB3	VPS50
cluster_1184	4	KRTAP1-3	KRTAP9-3	KRTAP9-8	UNC119
cluster_1185	4	KRTAP10-7	KRTAP10-8	NOTCH2NLA	PCED1A
cluster_1186	4	KRTAP10-7	KRTAP10-9	NOTCH2NLA	TEDC2
cluster_1187	4	KRTAP10-8	KRTAP10-9	KRTAP4-12	TBC1D23
cluster_1188	4	KRTAP10-8	KRTAP9-2	KRTAP9-8	RNF8
cluster_1189	4	KRTAP4-2	KRTAP5-6	KRTAP5-9	NLK
cluster_1190	4	KSR1	RASAL2	SH3PXD2A	USP21
cluster_1191	4	LAMTOR1	LAMTOR2	RRAGA	RRAGB
cluster_1192	4	LARP7	MRPS15	MRPS22	MRPS27
cluster_1193	4	LDB1	LHX9	SSBP3	SSBP4
cluster_1194	4	LDB1	SSBP2	SSBP3	TAL1
cluster_1195	4	LDB2	SSBP2	SSBP3	SSBP4
cluster_1196	4	LIN37	LIN52	LIN54	LIN9
cluster_1197	4	LMNA	NFIA	NFIC	TEAD1
cluster_1198	4	LONP1	MRPS2	MRPS24	MRPS26
cluster_1199	4	LRRC40	NONO	TRA2A	U2AF2
cluster_1200	4	LSM11	MRPS17	MRPS25	MRPS26
cluster_1201	4	LZTS2	SIPA1	SIPA1L2	SIPA1L3
cluster_1202	4	MAK16	RBM34	RPF2	TUB
cluster_1203	4	MALSU1	MRPL12	MRPL58	MTG1
cluster_1204	4	MALSU1	MRPL21	MRPL23	TOP3A
cluster_1205	4	MALSU1	MRPL27	MRPL30	ZNF274
cluster_1206	4	MAMDC4	SUPT7L	TADA1	TAF6L
cluster_1207	4	MAP2K3	NPM1	NPM3	RPL13
cluster_1208	4	MAPK1	MAPK3	RPS6KA1	RPS6KA3
cluster_1209	4	MAPK14	SNRPA	SNRPB	SNRPN
cluster_1210	4	MAPKAPK5	RPL13	SRPK1	SRPK2
cluster_1211	4	MAPT	TRAPPC1	TRAPPC2L	TRAPPC8
cluster_1212	4	MCAT	MRPS22	MRPS34	MYC
cluster_1213	4	MCF2L2	MRPS14	MRPS26	MRPS31
cluster_1214	4	MCM3	MCM4	MCM5	NEK4
cluster_1215	4	MED11	MED21	MED29	SSC5D
cluster_1216	4	MED12	MED15	MED16	MYO1C
cluster_1217	4	MED14	MED19	MED9	REPS1
cluster_1218	4	MED15	MED24	MED27	TOP2B
cluster_1219	4	MED16	MED17	MED24	XRCC3
cluster_1220	4	MED17	MED20	MED23	TCEA1
cluster_1221	4	MED21	MED30	MED7	PCBD2
cluster_1222	4	MED23	PSMA2	PSMD6	PSMD7
cluster_1223	4	MKS1	PIH1D1	RPAP3	UXT
cluster_1224	4	MLEC	OST4	RPN1	STT3A
cluster_1225	4	MLF1	MLF2	PSMD2	PSMD3
cluster_1226	4	MMS22L	SSRP1	SUPT16H	TONSL
cluster_1227	4	MOB1A	MOB1B	STK3	STK4
cluster_1228	4	MOB4	PKN3	STRN	STRN3
cluster_1229	4	MRPL1	MRPL10	MRPL9	RANBP1
cluster_1230	4	MRPL1	MRPL12	MRPL16	SGK3
cluster_1231	4	MRPL11	MRPL12	MRPL37	TGOLN2
cluster_1232	4	MRPL12	MRPL23	MRPL37	MRPL53
cluster_1233	4	MRPL19	MRPL2	MRPL41	SMURF2
cluster_1234	4	MRPL20	MRPL35	MRPL42	MRPS18A
cluster_1235	4	MRPL23	MRPL40	MRPL53	USP44
cluster_1236	4	MRPL28	MRPL38	MRPL41	TUBGCP4
cluster_1237	4	MRPL47	MRPL50	PTPN12	RPL37
cluster_1238	4	MRPS11	MRPS2	MRPS23	TPD52
cluster_1239	4	MRPS14	MRPS23	MRPS34	MTA2
cluster_1240	4	MRPS15	MRPS27	MRPS35	PHF8
cluster_1241	4	MRPS18B	MRPS22	MRPS34	NFKBIL1
cluster_1242	4	MRPS2	MRPS26	MRPS34	RYBP
cluster_1243	4	MRPS24	MRPS26	MRPS7	THAP3
cluster_1244	4	MT-ND6	NDUFAF3	NDUFS3	NDUFS5
cluster_1245	4	MTIF3	STX3	STX6	VAMP4
cluster_1246	4	MYL12A	MYL6	MYL6B	PDLIM7
cluster_1247	4	MYLK2	PSMC1	PSMC2	PSMD3
cluster_1248	4	NAPA	NAPG	NSF	PLEKHA7
cluster_1249	4	NBN	POLR1A	POLR1B	POLR1G
cluster_1250	4	NCBP1	NCBP2	PPRC1	SNRPC
cluster_1251	4	NCBP1	RBFOX2	SF3A1	SNRPC
cluster_1252	4	NCLN	RPN1	RPN2	STT3B
cluster_1253	4	NDRG1	PSMC2	PSMC3	PSMD2
cluster_1254	4	NDUFA12	NDUFC2	NDUFV3	PIM1
cluster_1255	4	NDUFA12	NDUFS4	NDUFV3	TSHZ2
cluster_1256	4	NDUFA6	NDUFB4	NDUFV2	SCARA3
cluster_1257	4	NDUFA7	NDUFB9	NDUFC2	SLC25A16
cluster_1258	4	NDUFB3	NDUFB8	NDUFC2	SIDT2
cluster_1259	4	NDUFS1	NDUFS4	NDUFS5	SLC30A5
cluster_1260	4	NFIA	NFIB	NFIC	RLIM
cluster_1261	4	NFKBIB	POLR1D	POLR2H	POLR2L
cluster_1262	4	NHSL3	SORBS3	WASF1	WASF2
cluster_1263	4	NICN1	TBC1D19	TPGS1	TTLL1
cluster_1264	4	NME2	RPS16	RPS19	RPS6
cluster_1265	4	NOG	RPS13	RPS16	ZNF346
cluster_1266	4	NOL7	RACK1	RPL10	SRP9
cluster_1267	4	NOMO1	RPL4	RPL5	SRP72
cluster_1268	4	NOP53	PRKRA	RIGI	ZC3HAV1
cluster_1269	4	NOTCH1	PBRM1	SMARCC1	SMARCC2
cluster_1270	4	NOTCH1	PRPF6	PRPF8	SART1
cluster_1271	4	NOTCH2	SUPT3H	TAF5L	TAF6L
cluster_1272	4	NPHP4	YWHAB	YWHAE	YWHAH
cluster_1273	4	NSF	RAB1A	RAB1B	SCFD1
cluster_1274	4	NUF2	RABGAP1	RABGAP1L	TUFT1
cluster_1275	4	NUP107	NUP133	NUP54	RANBP1
cluster_1276	4	NUP107	NUP62	NUP98	RANBP1
cluster_1277	4	NUP133	NUP160	NUP85	RIC3
cluster_1278	4	OFD1	PSMD14	PSMD2	PSMD7
cluster_1279	4	PABPC5	PAIP1	PAIP2	RBMS2
cluster_1280	4	PAK4	PSMC1	PSMC4	PSMD12
cluster_1281	4	PCNA	PPP1CB	PPP1CC	SYNPO
cluster_1282	4	PDCD2	PSPC1	RPS16	RPS2
cluster_1283	4	PDS5A	PDS5B	SMC1A	SMC3
cluster_1284	4	PDS5A	PDS5B	STAG1	STAG2
cluster_1285	4	PELP1	RBM15	TEX10	WDR18
cluster_1286	4	PEX7	PFDN2	PFDN6	VBP1
cluster_1287	4	PFDN1	PFDN2	PFDN6	TUBG1
cluster_1288	4	PFDN2	PFDN4	SUPT6H	VBP1
cluster_1289	4	PFDN4	PFDN6	PTPN21	VBP1
cluster_1290	4	PHC1	PHC3	RING1	RNF2
cluster_1291	4	PHLPP1	PHLPP2	USP12	WDR20
cluster_1292	4	PIAS1	SMAD4	SPOP	TP53
cluster_1293	4	PIH1D1	PKN3	RPAP3	URI1
cluster_1294	4	PMPCB	SBDS	SF3B4	ZC3H11A
cluster_1295	4	POLR1C	POLR1F	POLR1H	RRN3
cluster_1296	4	POLR2A	POLR2C	POLR2D	SRP9
cluster_1297	4	POLR2A	POLR2F	POLR2G	SETX
cluster_1298	4	POLR2E	POLR2H	POLR2I	POLR2K
cluster_1299	4	POLR3A	POLR3B	POLR3C	SLC13A5
cluster_1300	4	POP1	POP4	RPP30	RPP40
cluster_1301	4	POP1	POP5	RPP21	RPP40
cluster_1302	4	PPAN	RPL18	RPL28	ZNF644
cluster_1303	4	PPIL4	SBDS	SPTLC1	ZC3H11A
cluster_1304	4	PPP1R15A	PSMC5	PSMC6	PSMD11
cluster_1305	4	PREX1	PSMA6	PSMD13	PSMD7
cluster_1306	4	PRNP	PSMA3	PSMA5	PSMA6
cluster_1307	4	PRPF3	PRPF6	RAB4B	SNRNP200
cluster_1308	4	PRPF4	PRPF6	SLC24A3	SNRNP200
cluster_1309	4	PSMA1	PSMB1	PSMB3	TRIM27
cluster_1310	4	PSMA3	PSMA4	PSMB4	SHLD3
cluster_1311	4	PSMA3	PSMB1	PSMD13	SLC16A5
cluster_1312	4	PSMA5	PSMA6	PSMA7	XBP1
cluster_1313	4	PSMA6	PSMA7	PSMB5	RIPK2
cluster_1314	4	PSMA7	PSMB3	PSMB9	RNF181
cluster_1315	4	PSMB1	PSMD2	PSMD3	WRAP73
cluster_1316	4	PSMC2	PSMC5	PSMD3	SMIM26
cluster_1317	4	PSMD11	PSMD12	PSMD2	RMC1
cluster_1318	4	PTDSS1	RRP1B	SRPK1	SRPK2
cluster_1319	4	PTPRF	PTPRS	SLC6A11	SLC6A12
cluster_1320	4	RAB3GAP1	RAB3GAP2	VAPA	VAPB
cluster_1321	4	RAB5A	SNRPB	SNRPD3	SNRPN
cluster_1322	4	RANBP6	RPL13	RPL27A	RPL35
cluster_1323	4	RBM15	SEPTIN11	SEPTIN2	SEPTIN5
cluster_1324	4	RBM39	SAP18	SAP30BP	SF3A2
cluster_1325	4	RBM4	UTP15	WDR43	WDR75
cluster_1326	4	RCOR1	RCOR3	TGIF2	ZNF174
cluster_1327	4	RFC2	RFC3	RFC4	RYBP
cluster_1328	4	RIN3	YWHAB	YWHAH	YWHAQ
cluster_1329	4	RNF20	RNF40	UBE2A	UBE2B
cluster_1330	4	RPS19	RPS2	RPSA	SMURF2
cluster_1331	4	RTN3	RTN4	VAPA	VAPB
cluster_1332	4	RTN4	SLMAP	STRN	STRN3
cluster_1333	4	RUVBL1	RUVBL2	TELO2	TTI1
cluster_1334	4	RUVBL1	RUVBL2	TUBA1A	TUBB3
cluster_1335	4	SCAND1	ZNF174	ZNF18	ZNF446
cluster_1336	4	SF3B1	SNRPA	SNRPB2	TRIM27
cluster_1337	4	SF3B1	SNRPC	SNRPF	TXN
cluster_1338	4	SHLD3	SNRPA1	SNRPE	SNRPF
cluster_1339	4	SLC14A2	SMARCA2	SMARCC1	SMARCC2
cluster_1340	4	SLC47A1	SLMAP	STRIP1	STRN4
cluster_1341	4	SLMAP	STRIP1	STRN	ULK1
cluster_1342	4	SMAD4	SMARCA4	SP1	TP53
cluster_1343	4	SMC1A	SMC3	STAG1	STAG2
cluster_1344	4	SOX4	SUPT20H	TADA2B	TAF5L
cluster_1345	4	STK3	STK4	VAPA	VAPB
cluster_1346	4	STX6	STX8	TMEM171	VTI1A
cluster_1347	4	SULT1A1	SULT1A2	SULT1A4	SULT4A1
cluster_1348	4	TRAPPC1	TRAPPC11	TRAPPC2	TRAPPC2B
cluster_1349	4	WASF1	WASF2	WASF3	WASHC3
cluster_1350	4	ZNF473	ZNF497	ZNF792	ZNF837
cluster_1351	3	A1BG	KCMF1	UBR4
cluster_1352	3	A2M	ATP5F1A	ATP5F1B
cluster_1353	3	A2M	SLC25A5	SLC25A6
cluster_1354	3	AAAS	ABHD14A	NDC1
cluster_1355	3	AAAS	G3BP1	G3BP2
cluster_1356	3	AACS	PEX7	VENTX
cluster_1357	3	AAK1	PSMD4	PSMD7
cluster_1358	3	AAMP	GABARAPL2	MAP1LC3B
cluster_1359	3	AAMP	SSRP1	SUPT16H
cluster_1360	3	AAR2	C9orf78	EAPP
cluster_1361	3	AAR2	FKBP5	PTGES3
cluster_1362	3	AARD	STX1A	STX2
cluster_1363	3	AARSD1	MLF1	MLF2
cluster_1364	3	AARSD1	TUBB2A	TUBB4A
cluster_1365	3	AATK	AFTPH	SYNRG
cluster_1366	3	AATK	BAZ1B	SMARCA5
cluster_1367	3	AATK	BTRC	FBXW11
cluster_1368	3	AATK	CDC37	HSP90AA1
cluster_1369	3	AATK	KIF5C	KLC2
cluster_1370	3	AATK	MTMR6	MTMR9
cluster_1371	3	AATK	PPP3CA	PPP3CB
cluster_1372	3	ABAT	GPM6A	NUFIP1
cluster_1373	3	ABCA2	FBXO45	MYCBP2
cluster_1374	3	ABCA9	PMM1	PMM2
cluster_1375	3	ABCB10	FTL	PIPSL
cluster_1376	3	ABCB7	ATAD3A	MRPL58
cluster_1377	3	ABCC2	LGALS3	LGALS9
cluster_1378	3	ABCC6	MAP1LC3A	MAP1LC3B
cluster_1379	3	ABCC8	ABCC9	KCNJ11
cluster_1380	3	ABCD3	TOMM20	TOMM22
cluster_1381	3	ABCF1	CDC5L	SNW1
cluster_1382	3	ABCF2	AHCYL1	AHCYL2
cluster_1383	3	ABHD10	FOXK1	FOXK2
cluster_1384	3	ABHD11	FAHD1	YARS2
cluster_1385	3	ABHD12	KRAS	NRAS
cluster_1386	3	ABHD12	TCTN2	TCTN3
cluster_1387	3	ABHD14A	FAM8A1	SYVN1
cluster_1388	3	ABHD18	SRP19	SRP72
cluster_1389	3	ABI1	ABL2	NCKAP1
cluster_1390	3	ABI1	CCDC22	CYFIP2
cluster_1391	3	ABI1	IVNS1ABP	PRPSAP2
cluster_1392	3	ABI1	SORBS2	WASF1
cluster_1393	3	ABI2	ABL1	NCK1
cluster_1394	3	ABI2	ACTB	ACTG1
cluster_1395	3	ABI2	FGFR1	FGFR4
cluster_1396	3	ABI2	FGFR1OP2	SIKE1
cluster_1397	3	ABI2	GFAP	JPH3
cluster_1398	3	ABI2	LHX3	LHX4
cluster_1399	3	ABI2	MRPL28	MRPL44
cluster_1400	3	ABI3	EIF3H	EIF3M
cluster_1401	3	ABL1	AHSG	FYN
cluster_1402	3	ABL1	DRG1	G3BP2
cluster_1403	3	ABL2	ERBB3	ERBB4
cluster_1404	3	ABLIM1	LIN7B	LIN7C
cluster_1405	3	ABLIM3	BBS2	BBS9
cluster_1406	3	ABRA	FLII	LRRFIP2
cluster_1407	3	ABRAXAS2	FAM168A	WWP2
cluster_1408	3	ABRAXAS2	IGHG1	IGHG2
cluster_1409	3	ABT1	ANKRD28	ZNF574
cluster_1410	3	ABT1	DCAF5	FGFBP1
cluster_1411	3	ABT1	FAM9B	SURF6
cluster_1412	3	ABT1	KANK2	ZNF512
cluster_1413	3	ABT1	NAP1L5	RPS2
cluster_1414	3	ABT1	PICK1	RRP8
cluster_1415	3	ABTB1	CARS1	EEF1A2
cluster_1416	3	ABTB2	SFN	YWHAE
cluster_1417	3	ACAA1	DDX6	SMNDC1
cluster_1418	3	ACAA1	HBA1	HBB
cluster_1419	3	ACAA1	IMMP1L	IMMP2L
cluster_1420	3	ACACA	STK3	STK4
cluster_1421	3	ACAD11	MED21	MED7
cluster_1422	3	ACAD9	ECSIT	FAF2
cluster_1423	3	ACAD9	MT-ND6	NDUFAF3
cluster_1424	3	ACAD9	NDUFAF1	OCLN
cluster_1425	3	ACAD9	PDK2	PDK3
cluster_1426	3	ACAD9	VDAC2	VDAC3
cluster_1427	3	ACAP2	GPAA1	PIGS
cluster_1428	3	ACAP2	NDUFA9	NDUFS1
cluster_1429	3	ACAT2	MAPT	VCP
cluster_1430	3	ACBD3	CACNB1	CACNB3
cluster_1431	3	ACBD3	KIDINS220	XPR1
cluster_1432	3	ACBD4	VAPA	VAPB
cluster_1433	3	ACBD6	CTU1	CTU2
cluster_1434	3	ACD	APOBEC3F	TINF2
cluster_1435	3	ACD	EIF3G	POT1
cluster_1436	3	ACD	TRIM55	TRIM63
cluster_1437	3	ACKR3	PTPRF	PTPRS
cluster_1438	3	ACKR5	RPN2	STT3B
cluster_1439	3	ACO1	BRAF	SMAD4
cluster_1440	3	ACOT7	UBQLN1	UBQLN2
cluster_1441	3	ACP2	STX12	STX7
cluster_1442	3	ACRBP	MBD3	MTA3
cluster_1443	3	ACSL3	COPB2	COPE
cluster_1444	3	ACSL3	IFT140	WDR19
cluster_1445	3	ACSM1	GBP5	SLC22A16
cluster_1446	3	ACTA1	CAP1	CAP2
cluster_1447	3	ACTA1	DCP1B	EDC3
cluster_1448	3	ACTA1	MRPS23	MRPS5
cluster_1449	3	ACTA2	CBY1	CGN
cluster_1450	3	ACTB	ARRB1	ARRB2
cluster_1451	3	ACTB	BBS1	BBS4
cluster_1452	3	ACTB	RUVBL1	RUVBL2
cluster_1453	3	ACTB	SSBP1	TFAM
cluster_1454	3	ACTBL2	HCN1	SYNGAP1
cluster_1455	3	ACTC1	BCL7C	DPF2
cluster_1456	3	ACTG1	CHUK	IKBKB
cluster_1457	3	ACTL6A	BRD8	MCRS1
cluster_1458	3	ACTL6A	SSRP1	TOP1
cluster_1459	3	ACTN1	ACTN3	ACTN4
cluster_1460	3	ACTN2	RACK1	SRP9
cluster_1461	3	ACTN4	ARPC2	SPECC1L
cluster_1462	3	ACTR10	ACTR1B	NGEF
cluster_1463	3	ACTR10	DCTN4	DCTN5
cluster_1464	3	ACTR10	DCTN6	KLC3
cluster_1465	3	ACTR1A	ACTR1B	PDCL3
cluster_1466	3	ACTR1A	DCTN2	DNM1L
cluster_1467	3	ACTR1A	DCTN4	RAB5A
cluster_1468	3	ACTR1A	DLD	DYNC1LI1
cluster_1469	3	ACTR1A	DYNC1I2	SLC16A11
cluster_1470	3	ACTR1B	DCTN2	MAPK6
cluster_1471	3	ACTR1B	DCTN4	RAB11A
cluster_1472	3	ACTR2	ACTR3	CD44
cluster_1473	3	ACTR2	ARPC2	HLA-B
cluster_1474	3	ACTR2	ARPC3	MNDA
cluster_1475	3	ACTR2	ARPC4	ARPC5L
cluster_1476	3	ACTR2	CLTA	CLTB
cluster_1477	3	ACTR3	ARPC4	DNALI1
cluster_1478	3	ACTR3	CST1	CST4
cluster_1479	3	ACTR5	ACTR8	INO80C
cluster_1480	3	ACTR5	DDB1	INO80
cluster_1481	3	ACTR6	DR1	SRCAP
cluster_1482	3	ACTR6	PSMA1	PSMA7
cluster_1483	3	ACTR8	INO80D	YY1
cluster_1484	3	ACTRT1	MYH9	PPP1CB
cluster_1485	3	ACVR1	MED16	MED24
cluster_1486	3	ACVR2B	CDC37	HSP90AB1
cluster_1487	3	ACY1	POT1	TERF1
cluster_1488	3	ADAD2	CRTAP	P3H1
cluster_1489	3	ADAM15	ARHGEF6	ARHGEF7
cluster_1490	3	ADAM15	SH3PXD2A	SH3RF3
cluster_1491	3	ADAM19	ITFG2	KPTN
cluster_1492	3	ADAMTS13	AGGF1	C2CD4B
cluster_1493	3	ADAMTS4	DICER1	TARBP2
cluster_1494	3	ADAMTSL4	APOL6	KRTAP10-8
cluster_1495	3	ADAMTSL4	CFAP206	CYSRT1
cluster_1496	3	ADAMTSL4	GLYCTK	TRIM42
cluster_1497	3	ADAMTSL4	KRTAP9-2	RCHY1
cluster_1498	3	ADAR	THOC1	THOC7
cluster_1499	3	ADARB1	EHHADH	PRKRA
cluster_1500	3	ADCYAP1	CLNS1A	COPRS
cluster_1501	3	ADD1	CAPZA2	IQGAP1
cluster_1502	3	ADD1	SPTAN1	SPTBN1
cluster_1503	3	ADD1	TPM3	TPM4
cluster_1504	3	ADGRG2	SLC22A9	SLC29A2
cluster_1505	3	ADGRG5	REEP5	REEP6
cluster_1506	3	ADGRL2	EPHA4	EPHA7
cluster_1507	3	ADI1	TRAPPC10	TRAPPC9
cluster_1508	3	ADIPOQ	C1QTNF9	C1QTNF9B
cluster_1509	3	ADNP	DDX55	ZC3H8
cluster_1510	3	ADNP2	EHMT2	ZNF644
cluster_1511	3	ADORA1	NPLOC4	UFD1
cluster_1512	3	ADPRH	SRPK1	SRPK2
cluster_1513	3	ADRM1	INO80E	UCHL5
cluster_1514	3	ADRM1	PSMC5	PSMD8
cluster_1515	3	ADRM1	PSMD4	UBC
cluster_1516	3	ADRM1	RPN1	RPN2
cluster_1517	3	ADRM1	TAGLN	USP14
cluster_1518	3	AEBP2	RBBP4	RBBP7
cluster_1519	3	AEN	RBMY1A1	RBMY1F
cluster_1520	3	AFDN	DSCAM	SIPA1L1
cluster_1521	3	AFDN	EZR	SRGAP2
cluster_1522	3	AFDN	NECTIN1	NECTIN3
cluster_1523	3	AFF4	BTK	MLLT1
cluster_1524	3	AFF4	DAXX	MLLT3
cluster_1525	3	AFG3L2	NTRK1	NTRK3
cluster_1526	3	AFTPH	TUBA1B	TUBB4B
cluster_1527	3	AGAP1	CBY1	CD6
cluster_1528	3	AGAP1	CDH23	MELK
cluster_1529	3	AGAP1	DCLK1	ITM2B
cluster_1530	3	AGAP1	NF1	P4HA3
cluster_1531	3	AGAP1	NUBP1	ZBTB21
cluster_1532	3	AGFG1	AGGF1	SF3B4
cluster_1533	3	AGMAT	ARMC8	GID8
cluster_1534	3	AGO1	AGO2	AGO3
cluster_1535	3	AGO3	AGO4	WTIP
cluster_1536	3	AGO3	AP3D1	AP3S1
cluster_1537	3	AGO3	FLNA	MYH9
cluster_1538	3	AGO3	PRMT5	WDR77
cluster_1539	3	AGO4	SF3B2	SNRPD2
cluster_1540	3	AGO4	TUBB	TUBB4B
cluster_1541	3	AGR2	PSMA1	PSMB1
cluster_1542	3	AGRN	HADHA	HADHB
cluster_1543	3	AHCTF1	KRT18	KRT8
cluster_1544	3	AHNAK	CHD4	MTA2
cluster_1545	3	AHNAK	HSPA9	SLC25A5
cluster_1546	3	AHNAK	NCBP1	NCBP2
cluster_1547	3	AHNAK2	GABARAPL1	GABARAPL2
cluster_1548	3	AICDA	HSP90AA1	HSP90AB1
cluster_1549	3	AIF1L	CALD1	CTTN
cluster_1550	3	AIFM1	H1-1	SURF6
cluster_1551	3	AIMP1	ATG12	EPRS1
cluster_1552	3	AIP	PRAMEF10	PRAMEF17
cluster_1553	3	AIPL1	MIOS	WDR24
cluster_1554	3	AIRIM	KRT75	KRT76
cluster_1555	3	AJUBA	DTNB	SNTB2
cluster_1556	3	AK4	GTPBP3	YARS2
cluster_1557	3	AK6	TAF7L	TAF8
cluster_1558	3	AKAP1	PHB1	PHB2
cluster_1559	3	AKAP10	ARFGEF1	ARFGEF2
cluster_1560	3	AKAP10	DDX21	ILF3
cluster_1561	3	AKAP11	AP2M1	PRKACB
cluster_1562	3	AKAP12	KIF3B	KIF3C
cluster_1563	3	AKAP17A	ANKHD1	ANKRD17
cluster_1564	3	AKAP5	PPP3CA	PPP3R1
cluster_1565	3	AKAP7	PRKAR2B	SPA17
cluster_1566	3	AKAP8	HNRNPH1	MATR3
cluster_1567	3	AKAP8	NCOR1	NCOR2
cluster_1568	3	AKAP8L	HDAC1	HDAC2
cluster_1569	3	AKAP8L	KPNA3	KPNA4
cluster_1570	3	AKAP8L	SNRPC	SSRP1
cluster_1571	3	AKAP9	CEP63	POC5
cluster_1572	3	AKAP9	DHX9	HNRNPM
cluster_1573	3	AKAP9	DYNLL1	DYNLL2
cluster_1574	3	AKR1C2	THOC1	THOC5
cluster_1575	3	AKR7A2	CTR9	LEO1
cluster_1576	3	AKR7A2	LRRK2	MAPT
cluster_1577	3	AKR7L	GTF2F1	GTF2F2
cluster_1578	3	AKR7L	MARK2	MARK3
cluster_1579	3	AKT1	ANXA2	EGFR
cluster_1580	3	AKT1	APOH	TP53
cluster_1581	3	AKT1	BRAF	EIF5A2
cluster_1582	3	AKT1	CDH5	SMARCA4
cluster_1583	3	AKT1	CSF2RB	PTPN11
cluster_1584	3	AKT1	KEL	SPOP
cluster_1585	3	AKT1	NR2F2	SMAD4
cluster_1586	3	AKT1	OSGIN1	PTEN
cluster_1587	3	ALB	YWHAG	YWHAQ
cluster_1588	3	ALDH16A1	CEP192	DERA
cluster_1589	3	ALDH2	HNRNPA1	ZC3H11A
cluster_1590	3	ALDH3A2	INTS1	INTS12
cluster_1591	3	ALDH3B1	GNAI2	GNAI3
cluster_1592	3	ALDH3B1	MCCC1	MCCC2
cluster_1593	3	ALDH3B1	TUBA1C	TUBA4A
cluster_1594	3	ALDH5A1	MRPL23	MRPL50
cluster_1595	3	ALDOA	FLOT1	FLOT2
cluster_1596	3	ALG5	SMNDC1	ZC3H11A
cluster_1597	3	ALG6	CCDC47	TCTN3
cluster_1598	3	ALK	FGFR4	RET
cluster_1599	3	ALKBH4	MLLT1	MLLT3
cluster_1600	3	ALKBH5	DDX39B	THOC7
cluster_1601	3	ALOX12B	ALOXE3	TGM1
cluster_1602	3	ALOX12B	CCDC27	HAL
cluster_1603	3	ALPK2	HYPK	NAA16
cluster_1604	3	ALS2	CFAP410	NEK1
cluster_1605	3	ALS2CL	RAB22A	RAB31
cluster_1606	3	ALX3	KBTBD6	KBTBD7
cluster_1607	3	AMACR	GTPBP6	YARS2
cluster_1608	3	AMBRA1	PPP2CA	PPP2R1A
cluster_1609	3	AMDHD2	GNPDA1	GNPDA2
cluster_1610	3	AMER1	YWHAG	YWHAH
cluster_1611	3	AMHR2	RPS6KA1	RPS6KA3
cluster_1612	3	AMHR2	SEC11A	SPCS2
cluster_1613	3	AMIGO1	DNM1	DNM3
cluster_1614	3	AMOT	CEP128	OFD1
cluster_1615	3	AMOT	NEDD4	NEDD4L
cluster_1616	3	AMOT	WWTR1	YAP1
cluster_1617	3	AMOTL2	EIF4E2	MAGI1
cluster_1618	3	AMOTL2	KRT15	KRT19
cluster_1619	3	AMOTL2	KRTAP10-5	KRTAP4-2
cluster_1620	3	AMOTL2	RNF20	RNF40
cluster_1621	3	AMPD1	AMPD2	AMPD3
cluster_1622	3	AMPD2	SDC2	SDC4
cluster_1623	3	AMY2A	AMY2B	DUSP4
cluster_1624	3	ANAPC1	ANAPC4	CXorf66
cluster_1625	3	ANAPC1	ANAPC5	ATG16L1
cluster_1626	3	ANAPC1	CAPZB	CDC27
cluster_1627	3	ANAPC16	CDC27	POU2F3
cluster_1628	3	ANAPC2	ANAPC7	COPS5
cluster_1629	3	ANAPC2	CDC27	SMAD2
cluster_1630	3	ANAPC2	FBXO5	UBE2S
cluster_1631	3	ANAPC2	LYAR	MAGEB2
cluster_1632	3	ANAPC5	ANAPC7	AURKB
cluster_1633	3	ANAPC5	HAL	SBSN
cluster_1634	3	ANAPC7	CDC26	TRIM28
cluster_1635	3	ANG	MSH2	MSH6
cluster_1636	3	ANG	MTA1	MTA3
cluster_1637	3	ANG	PCBP1	PCBP2
cluster_1638	3	ANG	PPP2CA	PPP2CB
cluster_1639	3	ANG	PSMC3	PSMD2
cluster_1640	3	ANG	YWHAH	YWHAQ
cluster_1641	3	ANGEL2	HNRNPU	ILF3
cluster_1642	3	ANGPTL4	ARMC8	MKLN1
cluster_1643	3	ANK2	DBN1	MYH9
cluster_1644	3	ANK2	INA	NEFM
cluster_1645	3	ANKHD1	HOXA7	HOXB7
cluster_1646	3	ANKK1	SERPINB3	SERPINB4
cluster_1647	3	ANKRA2	RFX5	RFXAP
cluster_1648	3	ANKRD1	MYBPC1	TTN
cluster_1649	3	ANKRD11	CSNK2A1	CSNK2B
cluster_1650	3	ANKRD28	MOB1A	MOB1B
cluster_1651	3	ANKRD28	SMC1A	SMC3
cluster_1652	3	ANKRD39	NAE1	UBA3
cluster_1653	3	ANKRD44	KCNAB1	KCNAB2
cluster_1654	3	ANKRD46	BNIP1	NBAS
cluster_1655	3	ANKRD49	CSNK1D	CSNK1E
cluster_1656	3	ANKRD49	STK24	STK26
cluster_1657	3	ANKRD9	ASH2L	RBBP5
cluster_1658	3	ANKRD9	CUL4A	CUL4B
cluster_1659	3	ANKRD9	ELOB	ELOC
cluster_1660	3	ANKS3	CSNK2A1	CSNK2A2
cluster_1661	3	ANLN	APOB	MYH9
cluster_1662	3	ANLN	ATP6V0A1	ATP6V0A2
cluster_1663	3	ANLN	CAPZA2	IDH2
cluster_1664	3	ANLN	DBN1	HRAS
cluster_1665	3	ANLN	LAMTOR2	LAMTOR4
cluster_1666	3	ANO10	DDX6	SBDS
cluster_1667	3	ANP32B	H2AZ1	PARP1
cluster_1668	3	ANP32E	H2BC1	H2BC11
cluster_1669	3	ANP32E	XRCC5	XRCC6
cluster_1670	3	ANXA1	EGFR	PTPN11
cluster_1671	3	ANXA1	RPLP0	RPS14
cluster_1672	3	ANXA11	CFTR	JUN
cluster_1673	3	ANXA4	POT1	TINF2
cluster_1674	3	ANXA5	CPNE3	GPI
cluster_1675	3	ANXA5	TERF2	TERF2IP
cluster_1676	3	ANXA7	HRAS	NRAS
cluster_1677	3	AOPEP	EGFR	SMAD4
cluster_1678	3	AOPEP	TUBA4A	TUBB3
cluster_1679	3	AP1B1	AP1M1	AP2B1
cluster_1680	3	AP1B1	AP2A2	COMT
cluster_1681	3	AP1B1	AP2M1	KIF13A
cluster_1682	3	AP1M1	FXR1	FXR2
cluster_1683	3	AP1M1	KRTAP10-7	KRTAP10-8
cluster_1684	3	AP1M2	ATRN	MGRN1
cluster_1685	3	AP1S2	STX8	VTI1B
cluster_1686	3	AP2A1	AP2B1	CTBP1
cluster_1687	3	AP2A1	AP2M1	ATG9A
cluster_1688	3	AP2A1	ARX	CLINT1
cluster_1689	3	AP2A2	AP2B1	HTT
cluster_1690	3	AP2A2	AP2M1	PRKCZ
cluster_1691	3	AP2B1	AP2M1	APC
cluster_1692	3	AP2B1	PPP6R1	PPP6R3
cluster_1693	3	AP2M1	CCDC32	STON2
cluster_1694	3	AP3B1	EPB41L1	EPB41L3
cluster_1695	3	AP3M1	PIP4K2A	PLCD3
cluster_1696	3	AP4B1	AP4E1	FHIP1A
cluster_1697	3	AP4E1	AP4S1	CEP104
cluster_1698	3	APBA1	ELP5	ELP6
cluster_1699	3	APBA1	GORASP2	LNX2
cluster_1700	3	APBA3	FRMPD4	TAMALIN
cluster_1701	3	APBB1	HERC2	NEURL4
cluster_1702	3	APC	BRAF	SMARCA4
cluster_1703	3	APC	COG4	COG5
cluster_1704	3	APC	GIGYF2	NAV1
cluster_1705	3	APC	NUP214	RANBP2
cluster_1706	3	APEX1	MORF4L1	MORF4L2
cluster_1707	3	APEX1	MRE11	RAD50
cluster_1708	3	API5	GPKOW	ZRANB2
cluster_1709	3	APLF	LIG3	XRCC1
cluster_1710	3	APLF	RPS3A	YBX1
cluster_1711	3	APOA1	CD81	TF
cluster_1712	3	APOA1	CRHBP	HP
cluster_1713	3	APOA1	FGA	TMEM43
cluster_1714	3	APOBEC3B	ILF2	MATR3
cluster_1715	3	APOBEC3B	PPP1CB	PPP1CC
cluster_1716	3	APOBEC3C	CNOT1	CNOT2
cluster_1717	3	APOBEC3C	HMGN5	NUMA1
cluster_1718	3	APOBEC3C	HNRNPK	RBMX
cluster_1719	3	APOBEC3C	NUP153	RANBP1
cluster_1720	3	APOBEC3C	POLR1E	POLR1G
cluster_1721	3	APOBEC3C	TJP1	TJP2
cluster_1722	3	APOC3	EMC1	EMC8
cluster_1723	3	APOD	CDK19	MED17
cluster_1724	3	APOD	RPS11	RPS3
cluster_1725	3	APOOL	CARD19	MTX2
cluster_1726	3	APP	ATP5F1C	ATP5PO
cluster_1727	3	APP	COPA	COPB1
cluster_1728	3	APP	COX15	VDAC1
cluster_1729	3	APP	DDOST	RPN1
cluster_1730	3	APP	NF1	SYDE1
cluster_1731	3	APP	YWHAB	YWHAZ
cluster_1732	3	APPL1	PIK3R1	PIK3R2
cluster_1733	3	APPL1	TRAPPC11	TRAPPC2
cluster_1734	3	AQP12B	PCCA	PCCB
cluster_1735	3	AQP6	ARL6IP6	EBP
cluster_1736	3	AQP6	EFNA5	GPR152
cluster_1737	3	AQP6	LEPROT	TMX2
cluster_1738	3	AQR	EEF1AKMT3	XAB2
cluster_1739	3	AR	CCNT1	HEXIM1
cluster_1740	3	AR	CPSF6	FUS
cluster_1741	3	AR	CREBBP	EP300
cluster_1742	3	AR	DDX42	RBM17
cluster_1743	3	AR	HDAC3	TBL1XR1
cluster_1744	3	AR	HDAC4	ZBTB21
cluster_1745	3	AR	RNF14	RNF6
cluster_1746	3	AR	SH2D1A	SH2D1B
cluster_1747	3	ARAF	BCLAF1	THRAP3
cluster_1748	3	ARAF	DSG1	DSP
cluster_1749	3	ARAF	SBDS	ZC3H11A
cluster_1750	3	ARAP1	CAPZA1	CAPZA2
cluster_1751	3	ARAP1	CAPZB	VCAM1
cluster_1752	3	ARAP1	EEF1AKMT3	UBXN6
cluster_1753	3	ARCN1	COPB1	HTT
cluster_1754	3	ARCN1	COPB2	COPZ2
cluster_1755	3	ARCN1	COPG1	KEAP1
cluster_1756	3	ARCN1	COPG2	PHLDA3
cluster_1757	3	AREG	CYSRT1	KRTAP10-8
cluster_1758	3	ARF4	FBL	RPS6
cluster_1759	3	ARF5	RAB11FIP3	RAB11FIP4
cluster_1760	3	ARF6	GGA1	GGA3
cluster_1761	3	ARF6	KIF23	RACGAP1
cluster_1762	3	ARF6	SMARCC1	SMARCD2
cluster_1763	3	ARFGAP2	H1-2	H1-4
cluster_1764	3	ARFGAP3	NDUFS5	NDUFV1
cluster_1765	3	ARFIP1	HAUS6	HAUS7
cluster_1766	3	ARG1	CBX1	CBX3
cluster_1767	3	ARGLU1	NCBP2	NCBP3
cluster_1768	3	ARHGAP11A	CAPZA2	SYNPO
cluster_1769	3	ARHGAP21	CEP120	SPICE1
cluster_1770	3	ARHGAP22	ARMC8	MAEA
cluster_1771	3	ARHGAP22	PPP3CC	PPP3R1
cluster_1772	3	ARHGAP23	SNRPA	SNRPB2
cluster_1773	3	ARHGAP26	THOC6	THOC7
cluster_1774	3	ARHGAP29	CPSF1	FIP1L1
cluster_1775	3	ARHGAP29	YWHAG	YWHAZ
cluster_1776	3	ARHGAP32	HNRNPD	SYNCRIP
cluster_1777	3	ARHGAP36	MRPS26	MRPS7
cluster_1778	3	ARHGAP36	PRPF3	USP39
cluster_1779	3	ARHGAP9	SNRPC	SNRPF
cluster_1780	3	ARHGDIA	EIF2B1	EIF2B4
cluster_1781	3	ARHGEF11	ARHGEF12	PLEKHG4B
cluster_1782	3	ARHGEF19	GATAD2A	MBD3
cluster_1783	3	ARHGEF2	LIN28A	RPL35
cluster_1784	3	ARHGEF39	HNRNPF	HNRNPH1
cluster_1785	3	ARHGEF4	EBNA1BP2	KNOP1
cluster_1786	3	ARHGEF7	GIT1	INAVA
cluster_1787	3	ARHGEF7	TRAPPC2L	TRAPPC4
cluster_1788	3	ARID1B	DPF2	RPRD1B
cluster_1789	3	ARID1B	DPYSL2	DPYSL3
cluster_1790	3	ARID3A	ARID3B	CELA2A
cluster_1791	3	ARID4B	NFIA	PLEKHF2
cluster_1792	3	ARIH1	ATF7	JUND
cluster_1793	3	ARL2BP	ELF1	ELF2
cluster_1794	3	ARL6IP1	NSF	SCFD1
cluster_1795	3	ARL6IP1	RTN3	RTN4
cluster_1796	3	ARL6IP1	SNX1	SNX2
cluster_1797	3	ARL6IP5	COPG2	COPZ1
cluster_1798	3	ARMC6	CLASP1	CLASP2
cluster_1799	3	ARMC6	NDUFA12	NDUFC2
cluster_1800	3	ARMC6	RAB3GAP1	RAB3GAP2
cluster_1801	3	ARMC8	CHM	WDR26
cluster_1802	3	ARMC8	CUTA	GID4
cluster_1803	3	ARMC8	DDX21	RANBP10
cluster_1804	3	ARMC9	CCDC66	CSPP1
cluster_1805	3	ARPC1A	ARPC5L	GMFB
cluster_1806	3	ARPC1A	NCAPD2	NCAPG
cluster_1807	3	ARPC1B	ARPC2	PAK4
cluster_1808	3	ARPC2	ARPC3	CXCR2
cluster_1809	3	ARPC2	ARPC4	BCL7C
cluster_1810	3	ARPC2	ARPC5L	SHANK3
cluster_1811	3	ARPC3	ARPC5L	SPHK1
cluster_1812	3	ARRB1	KCTD3	TIAM1
cluster_1813	3	ARRB2	MAPK1	MAPK3
cluster_1814	3	ARRB2	MRPL43	MRPL44
cluster_1815	3	ARRDC1	RCOR1	RCOR3
cluster_1816	3	ARRDC2	BOD1L1	SETD1A
cluster_1817	3	ARRDC2	DDX20	GEMIN4
cluster_1818	3	ARRDC2	WWP1	WWP2
cluster_1819	3	ARRDC3	MCM3	MCM5
cluster_1820	3	ARRDC4	SMC2	SMC4
cluster_1821	3	ARRDC5	ERLIN1	ERLIN2
cluster_1822	3	ARSF	EIF2B4	EIF2B5
cluster_1823	3	ARSK	SPCS1	SPCS2
cluster_1824	3	ASB3	CUL5	DCUN1D1
cluster_1825	3	ASB3	KATNA1	KATNB1
cluster_1826	3	ASB6	PDRG1	UXT
cluster_1827	3	ASB8	CUL4B	CUL5
cluster_1828	3	ASCL1	TCF12	TCF3
cluster_1829	3	ASF1A	ASF1B	CDAN1
cluster_1830	3	ASF1A	PPP1CA	PPP1CB
cluster_1831	3	ASF1B	RPL31	RPS3A
cluster_1832	3	ASIC4	COMMD2	COMMD3
cluster_1833	3	ASIC4	ERLEC1	SEL1L
cluster_1834	3	ASPH	DDOST	OST4
cluster_1835	3	ASPM	NAP1L1	NAP1L4
cluster_1836	3	ASPM	TUBGCP5	TUBGCP6
cluster_1837	3	ASXL1	ELF2	ELF4
cluster_1838	3	ASXL1	HCFC1	OGT
cluster_1839	3	ASXL2	BAP1	KDM1B
cluster_1840	3	ATAD3A	ATAD3B	BAD
cluster_1841	3	ATAD3A	PPP1CA	PPP1CC
cluster_1842	3	ATAD3B	ECSIT	NDUFAF1
cluster_1843	3	ATAD5	RFC4	RFC5
cluster_1844	3	ATF2	JDP2	JUND
cluster_1845	3	ATF2	UQCRC1	UQCRC2
cluster_1846	3	ATF3	BATF3	CRK
cluster_1847	3	ATF3	CEBPG	KRT38
cluster_1848	3	ATF6	ATF6B	BTNL2
cluster_1849	3	ATF7IP	H1-1	RPS3A
cluster_1850	3	ATG10	TAF4	TAF5
cluster_1851	3	ATG16L1	CHMP1A	CHMP4B
cluster_1852	3	ATG16L1	COPS7B	GPS1
cluster_1853	3	ATG16L1	FAM120A	UPF1
cluster_1854	3	ATG16L1	GPN3	POLR2C
cluster_1855	3	ATG16L1	GSTM2	GSTM5
cluster_1856	3	ATG16L1	LACTB	YME1L1
cluster_1857	3	ATG16L1	PSMC3	UCHL5
cluster_1858	3	ATG16L1	STRIP1	STRN
cluster_1859	3	ATG16L1	TELO2	TTI1
cluster_1860	3	ATG16L1	TXLNA	TXLNB
cluster_1861	3	ATG16L2	GABARAP	MAP1LC3B
cluster_1862	3	ATG4D	SLC12A4	SLC12A6
cluster_1863	3	ATG5	CCT2	CCT7
cluster_1864	3	ATG7	HAUS3	HAUS5
cluster_1865	3	ATG7	PRIM1	PRIM2
cluster_1866	3	ATG9A	PSMD11	PSMD6
cluster_1867	3	ATL1	COPA	COPB2
cluster_1868	3	ATL1	TMED2	TMED9
cluster_1869	3	ATM	MT-ND4	NDUFA8
cluster_1870	3	ATM	SFN	YWHAZ
cluster_1871	3	ATN1	NELL1	NELL2
cluster_1872	3	ATN1	RBBP5	WDR5
cluster_1873	3	ATOH8	PPP3CB	PPP3CC
cluster_1874	3	ATOSB	PPP2R2C	PPP2R2D
cluster_1875	3	ATP11C	STX12	VAMP3
cluster_1876	3	ATP13A1	PCDHGB5	PCDHGC4
cluster_1877	3	ATP1A3	ATP1B2	RS1
cluster_1878	3	ATP23	COP1	DET1
cluster_1879	3	ATP2A2	EMC4	EMC8
cluster_1880	3	ATP2B3	DGUOK	GPM6A
cluster_1881	3	ATP2B4	EGFR	PTEN
cluster_1882	3	ATP5F1B	ATP5F1C	NSUN2
cluster_1883	3	ATP5F1B	ATP5PB	ATXN1
cluster_1884	3	ATP5F1C	ATP5MC1	ATP5PF
cluster_1885	3	ATP5F1C	ATP5PB	FAM241B
cluster_1886	3	ATP5F1C	NDUFA9	NDUFB3
cluster_1887	3	ATP5IF1	MED20	MED23
cluster_1888	3	ATP5IF1	RRP8	SURF6
cluster_1889	3	ATP5ME	ATP5MG	SLC5A3
cluster_1890	3	ATP5ME	ATP5PF	DNAJC28
cluster_1891	3	ATP5ME	IMMP1L	PARL
cluster_1892	3	ATP5PD	ATP5PF	GPC1
cluster_1893	3	ATP6AP1	ATP6AP2	ATP6V0A4
cluster_1894	3	ATP6AP2	LAMTOR1	LAMTOR2
cluster_1895	3	ATP6V0A1	ATP6V1A	CTSD
cluster_1896	3	ATP6V0A2	ATP6V0A4	ATP6V0D2
cluster_1897	3	ATP6V0A2	RAB1A	RAB1B
cluster_1898	3	ATP6V0D1	ATP6V1B2	HTT
cluster_1899	3	ATP6V0D2	VMA12	VMA22
cluster_1900	3	ATP6V1A	ATP6V1B2	PRNP
cluster_1901	3	ATP6V1B2	ATP6V1D	DISC1
cluster_1902	3	ATP6V1B2	ATP6V1G1	RAB14
cluster_1903	3	ATP6V1C2	ATP6V1G1	GOLGA2
cluster_1904	3	ATP6V1C2	PDCD10	STK24
cluster_1905	3	ATP6V1D	ATP6V1F	BBLN
cluster_1906	3	ATP6V1F	FGFR3	VMA22
cluster_1907	3	ATP8B2	ATP8B4	TMEM30B
cluster_1908	3	ATPAF2	CTIF	MIF4GD
cluster_1909	3	ATPAF2	POLR3F	POLR3H
cluster_1910	3	ATXN1	CCT5	CCT6A
cluster_1911	3	ATXN1	DAZAP2	FAM168A
cluster_1912	3	ATXN1	MED15	MED27
cluster_1913	3	ATXN1	RBM17	SF3A3
cluster_1914	3	ATXN10	CEP128	CEP162
cluster_1915	3	ATXN2	DDX1	RTCB
cluster_1916	3	ATXN2L	CCP110	NUFIP2
cluster_1917	3	ATXN2L	LSM12	MCRIP1
cluster_1918	3	ATXN7	ATXN7L3	PICK1
cluster_1919	3	ATXN7	SGF29	TADA2B
cluster_1920	3	ATXN7L1	ELP1	ELP3
cluster_1921	3	ATXN7L3	USP27X	USP51
cluster_1922	3	AURKA	MRPL16	MRPL28
cluster_1923	3	AURKA	MRPS31	MRPS35
cluster_1924	3	AURKA	PPP6C	PPP6R3
cluster_1925	3	AURKAIP1	GTF3C1	GTF3C3
cluster_1926	3	AURKAIP1	LRRC49	TPGS1
cluster_1927	3	AURKB	KLHL13	KLHL9
cluster_1928	3	AURKB	STRIP1	STRN4
cluster_1929	3	AURKB	TRAPPC4	TRAPPC5
cluster_1930	3	AUTS2	CYSRT1	KRTAP6-3
cluster_1931	3	AVIL	MYO5A	MYO5C
cluster_1932	3	AVPR2	EXOC2	EXOC3
cluster_1933	3	AXDND1	SRP68	SRP72
cluster_1934	3	AXIN1	PSMD2	PSMD6
cluster_1935	3	AXL	MRPL10	MRPL17
cluster_1936	3	AXL	SEPTIN6	SEPTIN8
cluster_1937	3	AZIN1	KIF5C	KLC1
cluster_1938	3	B2M	RANBP2	RANGAP1
cluster_1939	3	B3GNT7	BNIP1	STX18
cluster_1940	3	B4GALT7	CYSRT1	KRTAP10-7
cluster_1941	3	B4GAT1	TMED10	TMED2
cluster_1942	3	B9D1	CC2D2A	TCTN2
cluster_1943	3	B9D2	BCOR	PCGF1
cluster_1944	3	BACH2	BATF3	DDIT3
cluster_1945	3	BACH2	ENC1	KLHL25
cluster_1946	3	BACH2	FAM161A	SCNM1
cluster_1947	3	BACH2	MAFG	MAFK
cluster_1948	3	BACH2	NFE2L1	NFE2L3
cluster_1949	3	BAD	BCL2	BCL2L1
cluster_1950	3	BAD	HDAC2	RBBP4
cluster_1951	3	BAG1	NPM1	RPS11
cluster_1952	3	BAG1	SF3A1	SF3A2
cluster_1953	3	BAG2	CLTA	CLTC
cluster_1954	3	BAG2	DCP1A	EDC4
cluster_1955	3	BAG2	DPH1	DPH2
cluster_1956	3	BAG2	IRF2BP1	IRF2BP2
cluster_1957	3	BAG2	METTL14	METTL3
cluster_1958	3	BAG2	PHC1	PHC3
cluster_1959	3	BAG2	TAB1	TAB2
cluster_1960	3	BAG2	TUBA1A	TUBB3
cluster_1961	3	BAG4	FBXW7	SMARCA4
cluster_1962	3	BAG4	SNRPB	SNRPC
cluster_1963	3	BAG5	KRTAP5-4	LCE2C
cluster_1964	3	BAG6	DSN1	PMF1
cluster_1965	3	BAG6	YBX1	ZNF346
cluster_1966	3	BAHD1	MIER1	MIER3
cluster_1967	3	BAK1	BCL2A1	BID
cluster_1968	3	BANP	PHF21A	PSMD9
cluster_1969	3	BANP	SFN	YWHAG
cluster_1970	3	BATF	CEBPA	CEBPB
cluster_1971	3	BATF2	DBP	DDIT3
cluster_1972	3	BATF3	CEBPG	CREB5
cluster_1973	3	BAZ1A	BAZ1B	DDX55
cluster_1974	3	BAZ1B	SMARCA1	SUPV3L1
cluster_1975	3	BAZ2A	RPL31	RPS10
cluster_1976	3	BBS1	BBS2	FBXW5
cluster_1977	3	BBS2	BBS7	KLHL14
cluster_1978	3	BBS2	SPG11	TTC8
cluster_1979	3	BBS7	PWP2	WDR36
cluster_1980	3	BCAP31	RBM8A	SEC61B
cluster_1981	3	BCAR1	COPB1	COPG1
cluster_1982	3	BCAR1	PA2G4	SND1
cluster_1983	3	BCAR1	PSMD11	PSMD4
cluster_1984	3	BCAS2	FAM167A	PRPF19
cluster_1985	3	BCKDHA	BCKDHB	PPM1K
cluster_1986	3	BCKDK	CPSF6	RBM39
cluster_1987	3	BCKDK	MRPL12	MRPL52
cluster_1988	3	BCL2L14	COPB1	COPG2
cluster_1989	3	BCL2L14	NDUFAF4	NDUFS2
cluster_1990	3	BCL2L14	PYCR1	PYCR2
cluster_1991	3	BCL6	ELF1	YY1
cluster_1992	3	BCL6	HDAC4	KIF13B
cluster_1993	3	BCL7A	BCL7C	BICRAL
cluster_1994	3	BCL7A	CBX5	SMARCA2
cluster_1995	3	BCL7A	DPF2	EMC8
cluster_1996	3	BCL7B	PSMC5	PSMD3
cluster_1997	3	BCL7C	RBM15	SMARCC2
cluster_1998	3	BCLAF1	ERH	LBR
cluster_1999	3	BCLAF1	PNN	SLC46A2
