cluster_0	12	PSMA1	PSMA2	PSMA5	PSMA7	PSMB1	PSMB2	PSMB3	PSMB4	PSMB7	PSMB9	PSME1	PSME2
cluster_1	9	CCDC22	CCDC93	COMMD1	COMMD2	COMMD3	COMMD4	COMMD6	COMMD8	NUP62
cluster_2	8	COPS2	COPS3	COPS6	COPS7B	COPS8	FEM1B	GPS1	MYEOV2
cluster_3	7	ACAD9	ECSIT	NDUFA13	NDUFAF1	NDUFAF4	NDUFB5	NDUFC2
cluster_4	7	C1D	EXOSC2	EXOSC4	EXOSC5	EXOSC7	MPHOSPH6	ZFC3H1
cluster_5	7	COPS2	COPS3	COPS5	COPS6	COPS7A	FBXL14	GPS1
cluster_6	7	DSN1	MIS12	NDC80	NSL1	NUF2	PMF1	TPST2
cluster_7	7	DSN1	MIS12	NSL1	S100A2	SPC24	SPC25	ZWINT
cluster_8	7	GPSM3	YWHAB	YWHAE	YWHAG	YWHAH	YWHAQ	YWHAZ
cluster_9	7	ISL2	LDB1	LMX1B	MFAP4	SSBP2	SSBP3	SSBP4
cluster_10	6	ANKRD39	COPS2	COPS6	COPS7A	GPS1	SKP2
cluster_11	6	ARHGEF6	ARHGEF7	GIT1	GIT2	YWHAG	YWHAH
cluster_12	6	C7orf30	MRPL30	MRPL47	MRPL50	MRPL51	PDGFB
cluster_13	6	CCNA2	CDK2	CDK3	CKS1B	CKS2	GMNN
cluster_14	6	CCT2	CCT3	CCT5	CCT6B	CCT7	METAP2
cluster_15	6	COMMD1	COMMD4	COMMD6	COMMD8	E2F6	TFDP1
cluster_16	6	EXTL3	NDUFA12	NDUFB3	NDUFB8	NDUFS4	NDUFV3
cluster_17	6	IFT20	IFT27	IFT57	RABL5	TTC30A	TTC30B
cluster_18	6	NDUFA12	NDUFA7	NDUFB8	NDUFS4	NDUFS6	VAPB
cluster_19	6	POP1	POP5	RPP14	RPP21	RPP25	RPP30
cluster_20	6	STX12	STX6	STX7	STX8	VAMP3	VTI1B
cluster_21	5	ACD	POT1	TERF1	TERF2IP	TINF2
cluster_22	5	ACTR10	C1orf106	DCTN1	DCTN5	DCTN6
cluster_23	5	AKIRIN2	PSMA2	PSMA5	PSMB2	PSMB3
cluster_24	5	ALKBH3	ASCC1	ASCC2	ASCC3	TRIP4
cluster_25	5	ALPK2	C15orf63	NAA10	NAA15	NAA16
cluster_26	5	ARHGAP22	PIP4K2A	PIP4K2B	PIP4K2C	PLCD3
cluster_27	5	ARID2	SMARCB1	SMARCC2	SMARCD1	SMARCE1
cluster_28	5	ATF6	DET1	RFWD2	STK40	TRIB1
cluster_29	5	ATP5A1	ATP5B	ATP5F1	ATP5ME	NTSR1
cluster_30	5	C15orf24	PLAC9	TMEM111	TMEM85	TMEM93
cluster_31	5	C1D	DIS3	EXOSC2	MPHOSPH6	WDR43
cluster_32	5	C5orf25	FAM178A	NDNL2	NSMCE1	SMC6
cluster_33	5	C6orf154	TBC1D5	VPS26A	VPS26B	VPS35
cluster_34	5	CCDC151	CCDC22	COMMD2	COMMD3	COMMD8
cluster_35	5	CCDC22	COMMD1	COMMD3	COMMD8	FAM167A
cluster_36	5	CCNA2	CDC20	CDK2	CDKN1A	CKS1B
cluster_37	5	CCT2	CCT3	CCT7	DCAF13	PDCL3
cluster_38	5	CCT2	CCT3	CCT7	DCAF7	TCP1
cluster_39	5	CD6	ERCC3	GTF2H1	GTF2H2	GTF2H4
cluster_40	5	CDC14B	GINS1	GINS2	GINS3	GINS4
cluster_41	5	COBRA1	RDBP	TH1L	WHSC2	XYLT1
cluster_42	5	COPS6	COPS7A	COPS7B	GPS1	RHOBTB1
cluster_43	5	EIF3A	EIF3E	EIF3H	EIF3M	GPBP1L1
cluster_44	5	EIF3C	EIF3E	EIF3H	EIF3M	PSMD12
cluster_45	5	FBXL19	MED10	MED17	MED20	MED21
cluster_46	5	FTL	L3MBTL2	MGA	PCGF6	PIPSL
cluster_47	5	HDAC1	MBD3L1	RBBP7	ZBTB2	ZNF219
cluster_48	5	HOMER1	HOMER2	HOMER3	MYPN	PALLD
cluster_49	5	ILK	LIMS1	PARVA	PARVB	RSU1
cluster_50	5	LAGE3	NUP43	OSGEP	TP53RK	TPRKB
cluster_51	5	MIS12	NDC80	NUF2	SPC24	SPC25
cluster_52	5	NDNL2	NSMCE1	OBFC1	SMC5	SMC6
cluster_53	5	NDNL2	NSMCE4A	PJA1	SMC5	SMC6
cluster_54	5	NSMCE1	NSMCE4A	SMC5	SMC6	ZNF597
cluster_55	5	PHKG2	PRKAA1	PRKAB1	PRKAB2	PRKAG1
cluster_56	5	PRPF3	SNRNP27	SNRPE	SNRPG	SNRPN
cluster_57	5	RGS3	SEPT10	SEPT11	SEPT2	SEPT8
cluster_58	5	ZNF174	ZNF192	ZNF232	ZNF397	ZNF496
cluster_59	4	ABI2	C10orf88	CYFIP2	NCKAP1
cluster_60	4	ADARB1	PRKRA	RPL35A	RRS1
cluster_61	4	ADIPOQ	C19orf63	TMEM111	TMEM85
cluster_62	4	AKAP11	AP2M1	PRKACB	PRKAR1B
cluster_63	4	AKAP7	PRKACB	PRKACG	PRKAR1B
cluster_64	4	AMHR2	RPS6KA1	RPS6KA2	RPS6KA3
cluster_65	4	AMIGO1	DNM1	DNM2	DNM3
cluster_66	4	ANKRD32	FAM178A	NSMCE4A	SMC5
cluster_67	4	AP1B1	AP1G1	AP1S2	PPP6R2
cluster_68	4	AP4B1	AP4E1	AP4S1	DISC1
cluster_69	4	APLF	LIG3	POLB	TDP1
cluster_70	4	ARHGEF6	ARHGEF7	GIT1	MED4
cluster_71	4	ARHGEF6	GIT1	GIT2	RABGGTB
cluster_72	4	ARHGEF7	CAMK4	GIT1	GIT2
cluster_73	4	ARIH1	KCTD10	KCTD13	TNFAIP1
cluster_74	4	ARRDC1	RCOR1	RCOR3	ZMYM2
cluster_75	4	ASB6	E2F6	L3MBTL2	MGA
cluster_76	4	ASH1L	KDM5C	MORF4L1	MORF4L2
cluster_77	4	ASH2L	HCFC2	RBBP5	WDR5
cluster_78	4	ATF7	BACH1	BATF3	CREB5
cluster_79	4	ATP6V0A1	ATP6V0A2	ATP6V0D2	GPRC5D
cluster_80	4	ATP6V0A1	ATP6V0A2	HBXIP	LAMTOR1
cluster_81	4	ATP6V1B2	ATP6V1D	ATP6V1G1	TBC1D24
cluster_82	4	ATXN7L3	FAM48A	TAF12	USP22
cluster_83	4	BCR	CSNK2A1	CSNK2A2	CSNK2B
cluster_84	4	BCR	YWHAB	YWHAG	YWHAH
cluster_85	4	BNIP1	CCDC107	STX18	STX5
cluster_86	4	BNIP1	NBAS	STX18	TEX28
cluster_87	4	BRD8	C20orf20	MORF4L1	S100A2
cluster_88	4	C10orf2	FAM120A	HNRNPC	PABPC5
cluster_89	4	C11orf49	C19orf20	EIF3F	LRRC49
cluster_90	4	C15orf23	DYNLL1	DYNLL2	SPAG5
cluster_91	4	C15orf24	COX4NB	SLC18A1	TMEM85
cluster_92	4	C15orf59	MED28	MED30	MED4
cluster_93	4	C17orf59	CYTB	UQCRH	UQCRQ
cluster_94	4	C17orf71	C19orf20	LRRC49	NICN1
cluster_95	4	C1orf85	TUBB	TUBB2A	TUBB2C
cluster_96	4	C20orf7	NDUFAF4	NDUFS3	NDUFS7
cluster_97	4	C3AR1	NDUFB3	NDUFB5	NDUFC2
cluster_98	4	C6orf222	YWHAE	YWHAG	YWHAZ
cluster_99	4	CAB39	CAB39L	STK11	STRADA
cluster_100	4	CAMK2A	CAMK2B	CAMK2D	CAMK2G
cluster_101	4	CAMKK2	PRKAA2	PRKAB1	PRKAG1
cluster_102	4	CAPZA1	CAPZA2	CAPZB	CCDC53
cluster_103	4	CASQ2	GTF3C1	GTF3C2	GTF3C3
cluster_104	4	CBX3	DSN1	MIS12	PMF1
cluster_105	4	CBX6	PCDHGB2	PCDHGB4	PCDHGB5
cluster_106	4	CCDC114	COG1	COG5	COG6
cluster_107	4	CCDC132	TSSC1	VPS53	VPS54
cluster_108	4	CCDC6	PPP4R2	SMEK1	SMEK2
cluster_109	4	CCNB2	CDK1	CDK17	CDKN1B
cluster_110	4	CCNC	CDK19	CDK8	DNAJC12
cluster_111	4	CCNH	CDK7	ERCC2	MNAT1
cluster_112	4	CCT2	CCT3	CCT5	HDAC3
cluster_113	4	CCT2	CCT5	CCT7	RFWD3
cluster_114	4	CD3EAP	POLR1D	POLR2F	ZNRD1
cluster_115	4	CD6	CIRH1A	WDR43	WDR75
cluster_116	4	CD97	ND5	NDUFB3	NDUFB8
cluster_117	4	CENPL	PRKRA	RPL13	RPLP0
cluster_118	4	CENPO	CENPP	CENPQ	ITGB3BP
cluster_119	4	CERKL	EIF3B	EIF3G	EIF3I
cluster_120	4	CHUK	IKBKB	IKBKG	MRFAP1L1
cluster_121	4	CIRH1A	MAD2L1	NOL11	WDR43
cluster_122	4	COBLL1	PACSIN1	PACSIN2	PACSIN3
cluster_123	4	COG2	COG6	COG7	DUSP16
cluster_124	4	COMMD1	COMMD4	COMMD6	OR13G1
cluster_125	4	COPS2	COPS6	COPS7B	KLHDC3
cluster_126	4	CORO1A	CORO1B	CORO1C	CORO6
cluster_127	4	COX7A2L	NAT8B	UQCRB	UQCRQ
cluster_128	4	CPNE5	DTNB	SNTB2	UTRN
cluster_129	4	CPSF6	FAM168A	WWP1	WWP2
cluster_130	4	CRNKL1	DNAJC17	ISY1	SYF2
cluster_131	4	CRY1	CRY2	CSNK1D	CSNK1E
cluster_132	4	CSRP2BP	MBIP	MYF6	YEATS2
cluster_133	4	CTDP1	POLR2G	POLR2L	RPRD1B
cluster_134	4	CUL4A	CUL4B	DDB2	RBX1
cluster_135	4	CUL4B	ERCC8	GPS1	MYEOV2
cluster_136	4	DDAH2	EPB41L1	EPB41L2	EPB41L3
cluster_137	4	DDX20	GEMIN4	HCST	SIP1
cluster_138	4	DDX20	GEMIN6	PLCD3	SIP1
cluster_139	4	DEPDC5	GLA	NPRL2	NPRL3
cluster_140	4	DHX37	H1FNT	LARP7	YBX2
cluster_141	4	DOCK4	ELMO1	ELMO2	ELMO3
cluster_142	4	DOK4	PHKA2	PHKB	PHKG2
cluster_143	4	DYNLL1	DYNLL2	FAM83D	HMMR
cluster_144	4	DYNLL1	DYNLL2	PRKACB	PRKACG
cluster_145	4	DYNLL1	DYNLL2	RSBN1	RSBN1L
cluster_146	4	E2F6	L3MBTL2	PCGF6	TFDP2
cluster_147	4	ECSIT	IPPK	LPAR1	NDUFAF1
cluster_148	4	EED	EZH1	EZH2	SUZ12
cluster_149	4	EEF2K	EPB41	EPB41L1	EPB41L3
cluster_150	4	EIF2B2	EIF2B4	EIF2B5	PCDH9
cluster_151	4	ENAH	EVL	FBLIM1	VASP
cluster_152	4	ENDOD1	FAM40A	STRN	STRN3
cluster_153	4	EXOC1	NDC80	NUF2	ZWINT
cluster_154	4	FAM189A2	YWHAG	YWHAQ	YWHAZ
cluster_155	4	FBXO45	MYCBP2	YWHAG	YWHAH
cluster_156	4	FTL	PIPSL	SKA1	SKA3
cluster_157	4	GDPD5	STX7	STX8	VTI1B
cluster_158	4	GEMIN6	GEMIN8	NCKIPSD	SIP1
cluster_159	4	GIMAP8	SRP54	SRP68	SRP72
cluster_160	4	GOLGB1	TMED10	TMED2	TMED5
cluster_161	4	GPRASP2	GYG2	GYS1	STBD1
cluster_162	4	GSTM2	GSTM3	GSTM4	GSTM5
cluster_163	4	HIF1AN	NFKB2	NFKBIB	REL
cluster_164	4	HLA-DQB1	NDUFA12	NDUFB8	NDUFB9
cluster_165	4	HPS3	HPS5	HPS6	TCL1B
cluster_166	4	IDI2	LMO4	SSBP2	SSBP4
cluster_167	4	IFT74	IFT81	JPH4	RABL5
cluster_168	4	ISY1	PPIE	SNW1	ZNF830
cluster_169	4	KCTD3	SHKBP1	SLC9A3R1	SLC9A3R2
cluster_170	4	LRP1	TUBB2A	TUBB2C	TUBB4
cluster_171	4	LSM5	PRPF3	PRPF4	ZGPAT
cluster_172	4	LZTS2	SIPA1L1	SIPA1L2	SIPA1L3
cluster_173	4	MAK16	RBM34	RPF2	TUB
cluster_174	4	MAMDC4	SUPT7L	TADA1	TAF6L
cluster_175	4	MDFI	STX6	STX8	VTI1B
cluster_176	4	MED1	MED13	MED23	MED4
cluster_177	4	MLLT1	PCGF1	RYBP	YAF2
cluster_178	4	MRPS17	MRPS25	MRPS34	PREPL
cluster_179	4	NAA10	NAA11	NAA16	NAA50
cluster_180	4	NDUFA12	NDUFS4	NDUFV3	TSHZ2
cluster_181	4	NDUFB3	NDUFB8	NDUFC2	SIDT2
cluster_182	4	NME1	NME1-NME2	NME3	NME4
cluster_183	4	NOL9	PELP1	SENP3	WDR18
cluster_184	4	NRBP1	SNX1	SNX2	SNX6
cluster_185	4	PCDHA10	PCDHA2	PCDHA7	PCDHA8
cluster_186	4	PDHB	PDK1	PDK2	PDK3
cluster_187	4	PGBD1	ZKSCAN4	ZNF174	ZNF396
cluster_188	4	PIH1D1	RPAP3	UXT	WDR92
cluster_189	4	POP4	RBM4B	RPP25	RPP40
cluster_190	4	PSMA7	PSMB3	PSMB9	RNF181
cluster_191	4	PSMD4	TMEM31	UBE3A	UCHL5
cluster_192	4	RPL18	RPL7A	RPL8	SPPL3
cluster_193	4	SEC11A	SPCS1	SPCS2	WNT6
cluster_194	4	SGOL1	USP46	WDR20	WDR48
cluster_195	4	SKI	SKIL	SMAD2	SMAD4
cluster_196	4	SNRPB	SNRPD3	SNRPN	TXNL4A
cluster_197	4	SPECC1L	YWHAG	YWHAH	YWHAQ
cluster_198	4	TCTEX1D2	TCTEX1D4	WDR34	WDR60
cluster_199	4	TPD52	TPD52L1	TPD52L2	TPD52L3
cluster_200	4	UQCR10	UQCRB	UQCRC1	UQCRC2
cluster_201	4	ZNF212	ZNF398	ZNF767	ZNF777
cluster_202	3	ABT1	DDX47	NOL10
cluster_203	3	ACSM1	GBP5	SLC22A16
cluster_204	3	ACTB	ACTC1	DUSP10
cluster_205	3	AIP	PRAMEF10	PRAMEF17
cluster_206	3	AKT1	AKT2	XAF1
cluster_207	3	AKTIP	FAM160A2	TNFSF13B
cluster_208	3	ALDH16A1	DERA	ERP29
cluster_209	3	ALDOA	ALDOB	ALDOC
cluster_210	3	AMDHD2	GNPDA1	GNPDA2
cluster_211	3	AMPH	BIN1	BIN2
cluster_212	3	ANAPC10	ANAPC13	C16orf87
cluster_213	3	ANKRD46	ATRNL1	RNF157
cluster_214	3	ANKRD55	IFT46	IFT74
cluster_215	3	AP3M1	AP3M2	AP3S2
cluster_216	3	APBA2	IQSEC1	IQSEC2
cluster_217	3	APOOL	CHCHD3	MTX2
cluster_218	3	APPL1	APPL2	GIPC1
cluster_219	3	APTX	LIG4	XRCC4
cluster_220	3	ARHGAP44	CASP4	CASP5
cluster_221	3	ARID3A	ARID3B	ARID3C
cluster_222	3	ARID4A	BRMS1	SAP30
cluster_223	3	ARNTL	CLOCK	NPAS2
cluster_224	3	ATF2	ATF7	CREB5
cluster_225	3	ATF7IP	ATF7IP2	SETDB1
cluster_226	3	ATG4A	PACS1	WDR37
cluster_227	3	ATXN2L	FAM98A	NUFIP2
cluster_228	3	ATXN7L3	ENY2	USP51
cluster_229	3	B9D2	CC2D2A	TCTN1
cluster_230	3	BABAM1	BRCC3	DNAJC25
cluster_231	3	BAD	BCL2	BCL2L1
cluster_232	3	BAG6	GET4	RNF126
cluster_233	3	BCAS2	PLRG1	PRPF19
cluster_234	3	BCKDHA	BCKDHB	PPM1K
cluster_235	3	BCL7A	BCL7C	SS18
cluster_236	3	BIRC2	BIRC7	DIABLO
cluster_237	3	BLVRA	PHF13	TBX20
cluster_238	3	BLZF1	GORASP2	TMED7
cluster_239	3	BMP2K	DAB2	REPS1
cluster_240	3	BNIP1	NBAS	SCFD2
cluster_241	3	BPGM	PGAM1	PGAM2
cluster_242	3	BTN3A1	BTN3A2	BTN3A3
cluster_243	3	BYSL	NOP14	RPS16
cluster_244	3	C11orf49	LRRC49	NICN1
cluster_245	3	C12orf4	IL6R	TBCK
cluster_246	3	C12orf66	ITFG2	KPTN
cluster_247	3	C17orf49	HMGXB4	MAGEA3
cluster_248	3	C19orf57	F11	PRCC
cluster_249	3	C1QBP	MAGED2	NOM1
cluster_250	3	C1QL3	NRBP1	TSC22D2
cluster_251	3	C4orf19	STK24	STK25
cluster_252	3	C6orf62	SNF8	VPS36
cluster_253	3	CAMK2B	CAMK2D	NR3C1
cluster_254	3	CAMK2B	CAMK2G	SHISA6
cluster_255	3	CAPN1	CAPN8	CAST
cluster_256	3	CBFB	RUNX1	RUNX2
cluster_257	3	CBX1	CBX3	SUV39H2
cluster_258	3	CCDC116	GNL1	PAPSS1
cluster_259	3	CCDC121	TBC1D15	TBC1D17
cluster_260	3	CCDC28B	LAGE3	OSGEP
cluster_261	3	CCDC86	NSA2	RPL17
cluster_262	3	CCHCR1	IQCC	PIP
cluster_263	3	CCM2	ITGB1BP1	KRIT1
cluster_264	3	CCNB2	CDK1	CKS2
cluster_265	3	CCNL1	CDK11A	SAP30BP
cluster_266	3	CDA	MPP2	MPP6
cluster_267	3	CDCA3	CTDSP1	CTDSPL
cluster_268	3	CDCA8	MYH3	MYH4
cluster_269	3	CDKAL1	CIAO1	MMS19
cluster_270	3	CENPA	HJURP	MIS18A
cluster_271	3	CENPH	CENPI	CENPK
cluster_272	3	CEP152	CEP57	CEP63
cluster_273	3	CES2	HIBADH	SERPINF2
cluster_274	3	CHMP1A	MEOX1	MEOX2
cluster_275	3	CINP	SPATA5	SPATA5L1
cluster_276	3	CKAP2	LRRC45	PAK6
cluster_277	3	CKS1B	CKS2	SPDYC
cluster_278	3	CLIC2	CLIC5	TPRN
cluster_279	3	CLINT1	PICALM	PIK3C2A
cluster_280	3	CMTM8	DAGLB	PDCD1
cluster_281	3	CNKSR1	CYTH1	CYTH2
cluster_282	3	COG1	COG2	COG4
cluster_283	3	COG1	COG6	COG8
cluster_284	3	COMMD5	COMMD6	OR13G1
cluster_285	3	COPB2	COPE	COPZ1
cluster_286	3	COPS4	COPS5	DENR
cluster_287	3	CPSF2	CPSF4	FIP1L1
cluster_288	3	CRY1	CRY2	FBXL3
cluster_289	3	CSNK1D	CSNK1E	FAM110B
cluster_290	3	CSNK1G1	CSNK1G2	CSNK1G3
cluster_291	3	CSNK2A1	CSNK2A2	PHRF1
cluster_292	3	CUL3	ENC1	KLHL25
cluster_293	3	CXCL1	CXCL2	CXCL3
cluster_294	3	CYC1	UQCR10	UQCRH
cluster_295	3	CYP1A2	FECH	PGRMC1
cluster_296	3	CYP26B1	ECSIT	NDUFAF1
cluster_297	3	CYP2C18	CYP2C19	CYP2C9
cluster_298	3	DCAF7	DYRK1B	FAM53C
cluster_299	3	DCP1A	EDC3	PIM1
cluster_300	3	DDAH1	DDAH2	EPB41L2
cluster_301	3	DHX35	EAPP	EFTUD2
cluster_302	3	DHX8	MORC1	MORC2
cluster_303	3	DKC1	NOP10	SHQ1
cluster_304	3	DNAJB1	DNAJB4	TTLL12
cluster_305	3	DNM2	DNM3	DNMBP
cluster_306	3	DNMT3A	DNMT3B	TCL1A
cluster_307	3	DOCK1	ELMO1	ELMO3
cluster_308	3	DOHH	EIF5A	EIF5A2
cluster_309	3	DPPA4	L3MBTL3	SAMD1
cluster_310	3	DPYS	DPYSL2	DPYSL3
cluster_311	3	DSN1	NSL1	SPC24
cluster_312	3	DTX3L	PARP9	RBM43
cluster_313	3	DUSP2	SYN2	SYN3
cluster_314	3	DUSP3	ERLIN1	TMUB2
cluster_315	3	DVL1	DVL2	NXN
cluster_316	3	DYDC2	INPPL1	NME5
cluster_317	3	ECD	NCDN	TTC27
cluster_318	3	EFCAB7	RFFL	RNF34
cluster_319	3	EHD1	EHD2	EHD3
cluster_320	3	EIF1AD	MND1	PSMC3IP
cluster_321	3	EIF2S1	EIF2S2	EIF2S3
cluster_322	3	EIF3F	EIF3K	EIF3L
cluster_323	3	ELAC2	RNF123	UBAC1
cluster_324	3	ELP2	ELP3	MPG
cluster_325	3	EME1	MUS81	RPL27A
cluster_326	3	ENDOG	ITLN1	ITLN2
cluster_327	3	ENO1	ENO2	ENO3
cluster_328	3	ERCC1	ERCC4	XPA
cluster_329	3	ERLIN2	TMUB1	TMUB2
cluster_330	3	ESRP1	RBPMS	RBPMS2
cluster_331	3	EZR	MSN	RDX
cluster_332	3	FAM104A	UBXN6	VCP
cluster_333	3	FAM107B	OSTN	PCNP
cluster_334	3	FAM71F2	RAB2A	RAB2B
cluster_335	3	FAM89B	POMP	PSMG2
cluster_336	3	FASTKD2	PTCD1	TRUB2
cluster_337	3	FBXO30	FBXO34	MYO6
cluster_338	3	FCGR1A	PCDH12	PCDH17
cluster_339	3	FERD3L	HEXIM2	TCF12
cluster_340	3	FERMT1	FERMT2	FERMT3
cluster_341	3	FGL1	TUBD1	TUBE1
cluster_342	3	FIG4	PIKFYVE	VAC14
cluster_343	3	FOXJ1	RFX2	RFX3
cluster_344	3	FOXN3	RFX1	RFX3
cluster_345	3	FOXP1	FOXP2	FOXP3
cluster_346	3	FOXR1	MYC	YEATS4
cluster_347	3	FUZ	INTU	NCAPG
cluster_348	3	G3BP1	G3BP2	USP10
cluster_349	3	GAB2	TBC1D14	TGM4
cluster_350	3	GABPB1	TPD52L2	TPD52L3
cluster_351	3	GAPVD1	SNX24	TSSK1B
cluster_352	3	GEMIN7	SMN2	SNRNP70
cluster_353	3	GFOD1	GFOD2	NKIRAS2
cluster_354	3	GINS2	GINS4	SIK1
cluster_355	3	GK	GK2	GK3P
cluster_356	3	GLS2	HIP1	HIP1R
cluster_357	3	GLUD1	GLUD2	KLHL22
cluster_358	3	GP9	NUDT1	TNFSF14
cluster_359	3	GPATCH1	ISY1	SYF2
cluster_360	3	GPN1	GPN2	RPAP1
cluster_361	3	GPS2	NCOR1	TBL1Y
cluster_362	3	GTF2A1	GTF2A2	TBPL1
cluster_363	3	GZMH	TUBA1C	TUBA4A
cluster_364	3	HAUS2	HAUS5	HAUS7
cluster_365	3	HCFC2	OGT	THAP2
cluster_366	3	HDAC11	RSRC1	TFIP11
cluster_367	3	HIF1A	MYH3	MYH6
cluster_368	3	HLA-A	HLA-C	HLA-G
cluster_369	3	HLA-E	HLA-F	HLA-G
cluster_370	3	HMGB1	HMGB2	SP100
cluster_371	3	HNRNPC	HNRNPCL1	HNRNPUL2
cluster_372	3	HSF1	HSF2	HSF4
cluster_373	3	HUS1	RAD1	RAD9A
cluster_374	3	IDH3A	IDH3B	IDH3G
cluster_375	3	IGBP1	MID1	MID2
cluster_376	3	IK	MRFAP1L1	SMU1
cluster_377	3	IKBKB	IKBKG	MAP3K14
cluster_378	3	ILDR1	ITCH	WWP1
cluster_379	3	IMPDH1	IMPDH2	SLC25A44
cluster_380	3	IPO8	ZSCAN21	ZSCAN23
cluster_381	3	IRF2	IRF2BP1	IRF2BP2
cluster_382	3	IVNS1ABP	PRPSAP1	PRPSAP2
cluster_383	3	KATNA1	KATNB1	PFDN4
cluster_384	3	KBTBD6	KBTBD7	RPS19BP1
cluster_385	3	KCNC1	KCNC3	KCNC4
cluster_386	3	KCNIP1	KCNIP2	KCNIP4
cluster_387	3	KCTD3	KCTD7	SHKBP1
cluster_388	3	KHDRBS1	KHDRBS2	KHDRBS3
cluster_389	3	KIF26B	LIN7B	LIN7C
cluster_390	3	KIN	METTL22	RRAS
cluster_391	3	KLHL12	KLHL2	KLHL3
cluster_392	3	KLRF1	REEP5	REEP6
cluster_393	3	KSR2	MAP2K1	MAP2K2
cluster_394	3	LAMTOR1	LAMTOR2	RRAGD
cluster_395	3	LAMTOR2	RRAGA	SLC38A9
cluster_396	3	LAS1L	NOL9	WDR18
cluster_397	3	LEAP2	PACS2	WDR37
cluster_398	3	LPIN1	LPIN2	LPIN3
cluster_399	3	LRRC8B	LRRC8D	NPEPPS
cluster_400	3	LRRTM3	LRRTM4	NRXN3
cluster_401	3	LSM4	LSM7	TMCO6
cluster_402	3	LTBP1	MMP10	MMP3
cluster_403	3	LYRM2	NDUFAB1	OXSM
cluster_404	3	MAB21L2	MEIS1	MEIS2
cluster_405	3	MAFG	MAFK	NFE2L3
cluster_406	3	MAP2	PRKACA	PRKACB
cluster_407	3	MAPK11	MAPKAPK2	MAPKAPK3
cluster_408	3	MAT1A	MAT2A	MAT2B
cluster_409	3	MCM8	MCM9	MSH2
cluster_410	3	MDM2	MDM4	TP53
cluster_411	3	MMAB	NUDT8	PMPCA
cluster_412	3	MMP14	TIMP2	TIMP3
cluster_413	3	MOB2	STK38	STK38L
cluster_414	3	MORF4L1	MORF4L2	PALB2
cluster_415	3	MPPED1	UCK1	UPRT
cluster_416	3	MRPL35	MRPL45	MRPL51
cluster_417	3	MRPS2	MRPS23	TPD52
cluster_418	3	MSL1	MSL2	MSL3
cluster_419	3	MTMR7	MTMR8	MTMR9
cluster_420	3	MZF1	ZNF213	ZSCAN1
cluster_421	3	NECAB1	NECAB2	NECAB3
cluster_422	3	NEDD4	SMURF1	SMURF2
cluster_423	3	NLGN4Y	PRIM1	PRIM2
cluster_424	3	NOL7	UTP15	WDR43
cluster_425	3	NONO	PSPC1	SFPQ
cluster_426	3	NPM1	NPM2	NPM3
cluster_427	3	NUDT5	PYCR1	PYCR2
cluster_428	3	NUP107	NUP133	NUP43
cluster_429	3	OR7A5	UBE4B	UBL7
cluster_430	3	OTUB2	TRAPPC6B	TRAPPC8
cluster_431	3	PAAF1	PSMC4	PSMC5
cluster_432	3	PAFAH1B1	PAFAH1B2	PAFAH1B3
cluster_433	3	PDCD2	PRMT3	RPS2
cluster_434	3	PES1	WDR12	WDR55
cluster_435	3	PFDN1	PFDN6	VBP1
cluster_436	3	PHKA2	PHKG1	PHKG2
cluster_437	3	PIGK	PIGT	THY1
cluster_438	3	PIK3CB	PIK3R1	PIK3R2
cluster_439	3	PPP1R3C	PPP1R3D	STBD1
cluster_440	3	PPP2CB	PPP2R1A	PPP2R5C
cluster_441	3	PRPF19	SENP6	ZDBF2
cluster_442	3	PRPF40B	RBM25	RGS9
cluster_443	3	PRPS1	PRPS1L1	PRPSAP2
cluster_444	3	PRR5-ARHGAP8	SH3GL1	SH3GL3
cluster_445	3	PRUNE2	SNX2	SNX6
cluster_446	3	PSG1	PSG3	PSG9
cluster_447	3	RAD17	RFC2	RFC5
cluster_448	3	RAD51AP1	USP46	WDR48
cluster_449	3	RBM15	RBM15B	ZC3H18
cluster_450	3	REEP1	REEP2	REEP3
cluster_451	3	RNF20	RNF40	WAC
cluster_452	3	RPA1	RPA2	RPAIN
cluster_453	3	RRM1	RRM2	RRM2B
cluster_454	3	SCFD1	STX18	USE1
cluster_455	3	SKA1	SKA2	SKA3
cluster_456	3	SLC12A3	SNX1	SNX5
cluster_457	3	SLC25A24	TOMM22	TOMM40
cluster_458	3	SLC9A3R1	SLC9A3R2	TBC1D10A
cluster_459	3	SNAPC1	SNAPC4	SNAPC5
cluster_460	3	SRP9	TRMT6	TRMT61A
cluster_461	3	SRPK1	SRPK2	U2AF2
cluster_462	3	STX12	STX7	VAMP7
cluster_463	3	SULT1A1	SULT1A3	SULT1C3
cluster_464	3	TAF1A	TAF1B	TAF1D
cluster_465	3	TCP11L1	TTC5	TUBB
cluster_466	3	TEAD1	TEAD2	TEAD4
cluster_467	3	TECPR2	VPS18	VPS41
cluster_468	3	TOMM40L	TOMM6	TOMM7
cluster_469	3	TPM1	TPM2	TPM4
cluster_470	3	TRAPPC2B	TRAPPC2L	TRAPPC6A
cluster_471	3	TRIM34	TRIM5	TRIM6-TRIM34
cluster_472	3	UBAP1	VPS28	VPS37B
cluster_473	3	UQCR10	UQCRC1	UQCRQ
cluster_474	3	ZKSCAN3	ZKSCAN4	ZSCAN23
cluster_475	3	ZMYM2	ZMYM3	ZNF202
cluster_476	3	ZNF232	ZSCAN23	ZSCAN30
cluster_477	8	ACTR1A	ACTR1B	DCTN1	DCTN2	DCTN3	DCTN4	DCTN5	DCTN6
cluster_478	10	ADRM1	CCDC74B	CCDC92	PSMD10	PSMD12	PSMD13	PSMD3	PSMD4	PSMD8	UCHL5
cluster_479	12	C15orf59	CCDC22	CCDC93	COMMD1	COMMD10	COMMD2	COMMD3	COMMD5	COMMD7	COMMD8	COMMD9	FAM45A
cluster_480	7	AP1B1	AP2A1	AP2A2	AP2B1	AP2M1	AP2S1	ARFGAP1
cluster_481	7	C18orf21	POP4	POP5	RPP14	RPP30	RPP38	RPP40
cluster_482	7	ND5	NDUFB3	NDUFB5	NDUFB8	NDUFB9	NDUFS6	TACR1
cluster_483	12	C1D	DIS3L	EXOSC1	EXOSC2	EXOSC3	EXOSC4	EXOSC5	EXOSC6	EXOSC7	EXOSC8	EXOSC9	MPHOSPH6
cluster_484	10	MRPL12	SEPT10	SEPT11	SEPT2	SEPT3	SEPT5	SEPT6	SEPT7	SEPT8	SEPT9
cluster_485	6	ACTR10	ACTR1B	C16orf45	DCTN1	DCTN4	DCTN6
cluster_486	6	ACTR10	ACTR1B	DCTN3	DCTN5	DCTN6	RPS6KA2
cluster_487	6	AES	DSCR6	TLE1	TLE2	TLE3	TLE4
cluster_488	6	C18orf21	C3orf17	CBX6	POP4	RPP38	RPP40
cluster_489	6	C22orf41	COPS2	COPS4	COPS6	COPS7A	COPS7B
cluster_490	6	CCDC22	CCDC93	COMMD10	COMMD3	COMMD9	WHAMML1
cluster_491	6	CD226	EIF2B1	EIF2B2	EIF2B3	EIF2B4	EIF2B5
cluster_492	6	CPNE2	GRINL1A	POLR2A	POLR2D	POLR2J	RPAP2
cluster_493	6	DDX21	PURA	RRS1	SURF2	YBX1	ZCRB1
cluster_494	6	DES	GFAP	INA	NEFL	NEFM	VIM
cluster_495	6	E2F6	L3MBTL2	MAX	MGA	PCGF6	TFDP1
cluster_496	6	EAPP	ECD	PRPF8	SNRNP200	TSSC4	TTC27
cluster_497	6	EP400	EPC2	FHL2	ING3	KAT5	MEAF6
cluster_498	6	FAM40A	FGFR1OP2	MOBKL3	PSMC5	SIKE1	STRN
cluster_499	6	FAM48A	LDLRAD1	TADA1	TAF6L	TAF9	TAF9B
cluster_500	8	ATP5A1	ATP5B	ATP5D	ATP5F1	ATP5J	ATP5ME	ATPIF1	LASS2
cluster_501	8	COX7A2L	CYTB	PTGES2	UQCR10	UQCRB	UQCRFS1	UQCRH	UQCRQ
cluster_502	10	EIF3A	EIF3B	EIF3C	EIF3CL	EIF3D	EIF3E	EIF3G	EIF3H	EIF3I	EIF3M
cluster_503	13	CCNC	CDK19	MED1	MED12	MED13	MED19	MED23	MED24	MED26	MED27	MED28	MED4	MED7
cluster_504	7	ACTR6	DMAP1	P4HA3	SRCAP	VPS72	YEATS4	ZNHIT1
cluster_505	7	KBTBD7	MRPS17	MRPS24	MRPS25	MRPS26	MRPS28	MRPS34
cluster_506	5	ABI1	CYFIP2	DTNBP1	NCKAP1	NHSL2
cluster_507	5	AP3B1	AP3D1	AP3M1	AP3S1	EIF2C3
cluster_508	5	APOA2	C15orf24	COX4NB	KIAA0090	TMEM111
cluster_509	5	APOC2	CROCCP2	DSCR4	GAST	XAGE3
cluster_510	5	ATF2	BATF3	C18orf25	JUNB	RAD18
cluster_511	5	ATF2	CREB5	FOS	FOSB	JUNB
cluster_512	5	ATG12	ATG16L1	ATG5	RAB33A	RAB33B
cluster_513	5	ATP6V1B1	ATP6V1B2	ATP6V1G1	DMXL1	WDR7
cluster_514	5	ATP6V1B2	ATP6V1D	ATP6V1E1	ATP6V1F	ATP6V1H
cluster_515	5	BABAM1	BRE	FAM168A	FAM175B	WWP2
cluster_516	5	BBS4	BBS5	BBS7	LZTFL1	TTC8
cluster_517	5	BET1	STX12	STX7	STX8	YKT6
cluster_518	5	BET1	STX12	STX8	TRDN	VTI1B
cluster_519	5	BMI1	PCGF2	PHC1	PHC2	SCMH1
cluster_520	5	C10orf47	MST4	PDCD10	STK24	STK25
cluster_521	5	C11orf49	KIAA1841	LRRC49	TBC1D19	TTLL1
cluster_522	5	C15orf24	C19orf63	COX4NB	KIAA0090	OR4N2
cluster_523	5	CCDC9	PPP2R1A	PPP2R1B	PPP2R2A	PPP2R2D
cluster_524	5	CCNA2	CDK1	CDK2	CKS1B	PHF8
cluster_525	5	CCT2	CCT4	CCT6A	CCT7	FBXO45
cluster_526	5	CDC73	CTR9	LEO1	PAF1	TULP2
cluster_527	5	CEP350	FGFR1OP	PPP2CB	PPP2R1A	PPP2R3C
cluster_528	5	CLP1	TSEN15	TSEN2	TSEN34	TSEN54
cluster_529	5	CTTNBP2NL	FAM40A	MOBKL3	SPINK2	STRN
cluster_530	5	CX3CL1	GOSR2	STX5	STX7	STX8
cluster_531	5	DOCK6	DOCK8	LRCH1	LRCH3	LRCH4
cluster_532	5	EXOC3	EXOC5	EXOC6B	EXOC7	IFT20
cluster_533	5	LAMTOR1	LAMTOR3	RRAGB	RRAGC	RRAGD
cluster_534	5	MRPS11	MRPS17	MRPS24	MRPS25	MTIF2
cluster_535	5	MRPS18C	MRPS5	MRPS7	MRPS9	SULF2
cluster_536	5	NOC4L	NOP14	STX12	STX7	STX8
cluster_537	5	OBFC2B	PSMD11	PSMD13	PSMD6	PSMD7
cluster_538	5	RIPPLY1	RIPPLY2	TLE2	TLE3	TLE4
cluster_539	5	SRP14	SRP19	SRP54	SRP68	SRP9
cluster_540	8	ARID4A	FAM60A	FOXK1	FOXK2	HDAC1	RBBP7	SAP30	TGIF2LX
cluster_541	8	ARIH1	ATF2	ATF7	BATF3	CREB5	JUN	JUNB	JUND
cluster_542	8	ERCC3	ERCC5	GTF2H1	GTF2H2	GTF2H2D	GTF2H3	GTF2H4	GTF2H5
cluster_543	10	SCAND1	ZNF192	ZNF232	ZNF24	ZNF263	ZNF397	ZNF444	ZNF446	ZSCAN20	ZSCAN23
cluster_544	15	BTBD1	BTBD2	COPS2	COPS3	COPS4	COPS5	COPS6	COPS7A	COPS7B	COPS8	CUL3	DENR	GPS1	MYEOV2	UBE2M
cluster_545	11	PSMA1	PSMA2	PSMA4	PSMA6	PSMB1	PSMB2	PSMB3	PSMB4	PSMB5	PSMB6	PSMB7
cluster_546	6	AEBP2	BTRC	EED	EZH2	FBXW11	SUZ12
cluster_547	6	AKAP11	PRKACB	PRKACG	PRKAR1B	VAPA	VAPB
cluster_548	6	ANAPC10	ANAPC13	ANAPC16	ANAPC5	CDC26	FBXO5
cluster_549	6	APLF	CHD1L	PARP2	RNF146	SUPT16H	XPC
cluster_550	6	CCDC22	CCDC93	COMMD2	COMMD3	COMMD5	TRIM72
cluster_551	6	CCNA2	CCNB1	CDK1	CDK2	CKS2	FZR1
cluster_552	6	CDC37	HSP90AA1	HSP90AA4P	HSP90AB1	HSP90AB4P	TTC9C
cluster_553	6	FAM48A	HS1BP3	SUPT7L	TADA2B	TAF5L	TAF9B
cluster_554	6	LIN37	LIN52	LIN54	LIN9	MYBL1	MYBL2
cluster_555	6	MTMR3	MTMR4	YWHAB	YWHAG	YWHAH	YWHAQ
cluster_556	7	ACTBL2	CCT2	CCT4	CCT6B	CCT7	CCT8	PDCL3
cluster_557	7	ACTR1A	CAPZA1	CAPZA2	CAPZB	DCTN1	DCTN2	RCSD1
cluster_558	7	BRD8	C20orf20	EP400NL	KDM5C	MORF4L1	MORF4L2	PALB2
cluster_559	7	C20orf4	EAPP	ECD	PRPF8	TPM1	TPM3	TSSC4
cluster_560	7	C2orf29	CNOT1	CNOT10	CNOT2	CNOT8	GPBP1L1	NANOS2
cluster_561	7	CCDC22	CCDC93	COMMD1	COMMD2	COMMD6	COMMD7	COMMD9
cluster_562	7	CCNA2	CCNB1	CCNB2	CDK1	CKS1B	CKS2	PKMYT1
cluster_563	7	CNOT10	CNOT6	CNOT6L	CNOT7	GADD45B	TEX13A	TNKS1BP1
cluster_564	7	CTTNBP2NL	FAM40A	SLMAP	STRN	STRN3	STRN4	ZNF550
cluster_565	7	DDX23	LSM4	PRPF3	PRPF6	SART1	SNRPE	SNRPG
cluster_566	7	FAM120A	GTPBP10	MRPL2	MRPL30	MRPL50	MRPS30	PTCD1
cluster_567	12	KIF5A	KIF5B	KLC1	KLC2	KLC3	KLC4	YWHAB	YWHAE	YWHAG	YWHAH	YWHAQ	YWHAZ
cluster_568	4	AATF	NAT10	NGDN	NOL10
cluster_569	4	ABCB10	FTL	LETMD1	PIPSL
cluster_570	4	ABCF2	AHCYL1	AHCYL2	PITX2
cluster_571	4	ABI1	ABI2	UBXN11	WASF1
cluster_572	4	ABRA	FLII	TMOD1	TMOD3
cluster_573	4	ABT1	PRKRA	RPL13A	TARBP2
cluster_574	4	ABT1	RPL13A	RPL15	TRIM41
cluster_575	4	ABT1	SAV1	STK3	STK4
cluster_576	4	ACTL6A	CCT2	CCT6B	TCP1
cluster_577	4	ADAD2	CRTAP	EMID1	LEPRE1
cluster_578	4	ADAMTS13	C2CD4B	DICER1	TARBP2
cluster_579	4	ADRM1	CCDC74B	CCDC92	UCHL5
cluster_580	4	AHCYL1	AHCYL2	FGF11	FGF12
cluster_581	4	AHCYL1	AHCYL2	FOXK1	FOXK2
cluster_582	4	AHCYL1	AHCYL2	HOXA5	HOXB6
cluster_583	4	AHCYL1	AHCYL2	HOXB9	HOXC9
cluster_584	4	AHCYL1	ATF7	CREB5	JUN
cluster_585	4	AIM1	INA	NEFL	NEFM
cluster_586	4	AIMP1	AIMP2	EEF1E1	SDCBP
cluster_587	4	AKAP17A	MYH3	MYH4	MYH7
cluster_588	4	AKAP9	DYNLL1	DYNLL2	LOC100134230
cluster_589	4	AKAP9	LOC100134230	PRKACB	PRKACG
cluster_590	4	AKR1C1	AKR1C2	AKR1C3	AKR1C4
cluster_591	4	AKR7L	RPP25	RPP38	RPP40
cluster_592	4	ALPK2	FBXO45	MYCBP2	SPRYD3
cluster_593	4	AMOTL1	FHL2	INADL	MPP5
cluster_594	4	ANAPC16	ANAPC5	BUB1B	CDC20
cluster_595	4	ANAPC16	CDC23	CDC27	KIF2B
cluster_596	4	ANGPT4	BLOC1S2	DTNBP1	SNAPIN
cluster_597	4	ANKRD20A1	ANKRD20A2	ANKRD20A4	PDZRN3
cluster_598	4	APC	BTRC	FAM123B	FBXW11
cluster_599	4	ARHGAP17	FOXC1	SLC9A3R1	SLC9A3R2
cluster_600	4	ARHGAP44	CD2AP	SH3BP1	SH3KBP1
cluster_601	4	ARMC5	GRINL1A	POLR2A	RPAP2
cluster_602	4	ARMC8	BAIAP2	C17orf39	WDR26
cluster_603	4	ARMC8	C17orf39	GPS2	MAEA
cluster_604	4	ARMC8	CDK5RAP1	MAEA	ZMYND19
cluster_605	4	ARMC8	MKLN1	NFATC1	ZMYND19
cluster_606	4	ARMC8	PTX3	RANBP10	WDR26
cluster_607	4	ASCL1	TCF12	TCF3	TCF4
cluster_608	4	ATF2	ATF7	JUN	PTX3
cluster_609	4	ATG16L1	ATG5	CCT2	TCP1
cluster_610	4	ATP6V1B2	ATP6V1G1	ATP6V1G2	DMXL2
cluster_611	4	ATXN2L	FAM195A	LSM12	NUFIP2
cluster_612	4	ATXN2L	G3BP1	G3BP2	NUFIP2
cluster_613	4	BAG2	BUB1	CASC5	HSPA1A
cluster_614	4	BAG2	DPH1	DPH2	HSPA1A
cluster_615	4	BAG2	HSPA1A	TLE1	TLE4
cluster_616	4	BAG4	DCP1A	DCP1B	EDC3
cluster_617	4	BCL11A	BCL11B	ZAK	ZNF296
cluster_618	4	BCLAF1	ERH	SRSF8	THRAP3
cluster_619	4	BEND3	GATAD2A	MTA2	MTA3
cluster_620	4	BLOC1S1	BLOC1S2	BLOC1S3	DTNBP1
cluster_621	4	BLOC1S1	CNO	FAM9C	LOH12CR1
cluster_622	4	BMI1	CBX2	PHC2	RPL7
cluster_623	4	BMI1	CBX8	PHC2	SFTPC
cluster_624	4	BOD1L	CAMK2D	CXXC1	SETD1A
cluster_625	4	BORCS8-MEF2B	MEF2A	MEF2C	MEF2D
cluster_626	4	BSG	DDX23	PRPF6	PRPF8
cluster_627	4	BTRC	FBXW11	HIVEP1	USP37
cluster_628	4	BTRC	FBXW11	NFKB1	RELA
cluster_629	4	C11orf2	C19orf50	TSSC1	VPS52
cluster_630	4	C11orf2	CCDC132	CD79B	VPS52
cluster_631	4	C11orf57	DHX8	HNRNPC	ZC3H11A
cluster_632	4	C11orf57	EIF4A3	PNN	SNIP1
cluster_633	4	C11orf74	IFT122	IFT140	WDR35
cluster_634	4	C14orf104	GPM6A	H2AFY2	NUFIP1
cluster_635	4	C16orf70	POMP	PSMG1	PSMG2
cluster_636	4	C16orf91	C6orf125	FAM36A	UQCC
cluster_637	4	C17orf75	DDHD1	FAM91A1	WDR11
cluster_638	4	C17orf79	CLNS1A	PRMT5	RBFOX1
cluster_639	4	C17orf79	CLNS1A	RIOK1	RPS2
cluster_640	4	C17orf85	CHTOP	ZC3H11A	ZC3H14
cluster_641	4	C19orf38	NCAPD3	NCAPG2	SMC2
cluster_642	4	C1orf106	CYTH1	CYTH2	CYTH3
cluster_643	4	C1orf189	MYH4	MYH7	MYH8
cluster_644	4	C2orf29	CNOT6	IZUMO1	RQCD1
cluster_645	4	C3orf52	KIDINS220	TTYH1	XPR1
cluster_646	4	C3orf75	ZBTB2	ZBTB25	ZNF639
cluster_647	4	C4orf26	NUDT8	PMPCA	PMPCB
cluster_648	4	C9orf23	CTNNAL1	DTNA	SNTB2
cluster_649	4	CAB39	PIP4K2A	STRADA	STRADB
cluster_650	4	CABIN1	CDX1	HIRA	UBN2
cluster_651	4	CABIN1	HIRA	UBN1	ZCCHC10
cluster_652	4	CABLES1	CABLES2	DLK1	FIBP
cluster_653	4	CAMK2A	FAM120A	HNRNPUL2	RBMS2
cluster_654	4	CAPG	SETMAR	SLC2A2	TRUB1
cluster_655	4	CAPSL	TUBA1A	TUBA1B	TUBA1C
cluster_656	4	CBFB	FBXW12	RUNX1	RUNX3
cluster_657	4	CCDC85B	CCDC85C	PPP1CA	PPP1CC
cluster_658	4	CCNL1	CCNL2	CSNK2A1	SAP30BP
cluster_659	4	CCNT1	CCNT2	HEXIM1	HEXIM2
cluster_660	4	CCT2	CCT6A	CCT6B	KLHL26
cluster_661	4	CCT2	CCT6A	TCP1	WDR37
cluster_662	4	CCT6A	CCT7	DCAF8L2	TCP1
cluster_663	4	CD79B	TUBA1A	TUBA1C	TUBA4A
cluster_664	4	CDC34	CTC1	OBFC1	UBE2R2
cluster_665	4	CDC45	CLSPN	GINS3	TIPIN
cluster_666	4	CDCA2	NUP153	PPP1CA	PPP1CC
cluster_667	4	CENPH	RPL13	RPL28	RPL3
cluster_668	4	CEP152	CEP63	KRT37	KRT38
cluster_669	4	CGA	TRAPPC10	TRAPPC2	TRAPPC9
cluster_670	4	CGGBP1	SPIN1	SPIN2B	YRDC
cluster_671	4	CHD4	GATAD2B	MAGEA3	MBD3
cluster_672	4	CHM	CHML	RAB30	RABGGTA
cluster_673	4	CKAP5	SLAIN1	SLAIN2	TACC3
cluster_674	4	CNNM2	CNNM3	PTP4A1	PTP4A2
cluster_675	4	COG6	DTNA	DTNB	SNTB2
cluster_676	4	CPEB1	CSTF2	CSTF2T	SYMPK
cluster_677	4	CRTAP	LEPRE1	ZNF397	ZNF446
cluster_678	4	CSNK1A1	CSNK1A1L	LRP5	LRP6
cluster_679	4	CSNK2A1	CSNK2A2	CT45A5	PLCD3
cluster_680	4	CSRP2BP	RFPL4B	YEATS2	ZZZ3
cluster_681	4	CTTNBP2	CTTNBP2NL	STRN	STRN3
cluster_682	4	CUL3	KBTBD6	KBTBD7	UBE2M
cluster_683	4	DBT	MRPS11	MRPS18C	MRPS6
cluster_684	4	DCT	EDEM2	FBLN7	TXNDC11
cluster_685	4	DDX21	LIN28A	THUMPD1	YBX1
cluster_686	4	DES	PRPH	SYNC	SYNM
cluster_687	4	DGUOK	GPM6A	HAX1	HPCAL1
cluster_688	4	DGUOK	GPM6A	NUFIP1	SYP
cluster_689	4	DLK1	FIBP	KIAA0195	KIAA0528
cluster_690	4	DNASE1L2	PHF13	SLC25A21	TBX20
cluster_691	4	DOCK7	LRCH2	LRCH3	S100P
cluster_692	4	DOM3Z	GRINL1A	RECQL5	RPAP2
cluster_693	4	DSN1	EXOC5	EXOC6	EXOC7
cluster_694	4	DTNA	P4HA1	SNTB2	UTRN
cluster_695	4	DTNBP1	KIF5A	KLC2	KLC3
cluster_696	4	DYNLL1	DYNLL2	KIAA0802	KIAA0889
cluster_697	4	DYNLL1	DYNLL2	NDE1	NDEL1
cluster_698	4	EDAR	MARCH1	NDFIP2	RNF149
cluster_699	4	EDN3	TUBA1C	TUBA4A	TUBB3
cluster_700	4	EDNRB	EXOC2	EXOC3	EXOC5
cluster_701	4	EFTUD2	PRPF8	SNRNP200	TTC27
cluster_702	4	EHD1	EHD3	EHD4	MICALL1
cluster_703	4	EIF2B1	EIF2B3	EIF2B5	OPN3
cluster_704	4	ELAVL2	HNRNPUL2	PABPC5	SRRT
cluster_705	4	EPB41L1	EPB41L3	VANGL1	VANGL2
cluster_706	4	EPS15	EPS15L1	FCHO2	SPC25
cluster_707	4	EPS15L1	ITSN1	ITSN2	NCKIPSD
cluster_708	4	EXOC1	EXOC2	EXOC3L1	EXOC6
cluster_709	4	EXOC3	EXOC4	EXOC5	SCHIP1
cluster_710	4	FAM124A	INADL	MPDZ	MPP5
cluster_711	4	FAM125A	LASS2	TSG101	VPS28
cluster_712	4	FAM168A	RC3H1	WBP2	WWP2
cluster_713	4	FBLN5	SUPT7L	TAF6L	TAF9B
cluster_714	4	FOSL2	IRF2BP1	IRF2BP2	IRF2BPL
cluster_715	4	FTL	PIPSL	PLD1	PLD2
cluster_716	4	FTL	PIPSL	POGZ	ZNF828
cluster_717	4	FTSJ3	RBM28	RRS1	U2AF2
cluster_718	4	GADD45GIP1	MRPL51	RNF123	UBAC1
cluster_719	4	GATAD2A	KPNA2	MBD3	MTA2
cluster_720	4	GATAD2B	MBD3	MTA1	TXNIP
cluster_721	4	GATAD2B	MBD3	MTA2	ZBED1
cluster_722	4	GATAD2B	MECOM	MTA1	MTA2
cluster_723	4	GBE1	GYG1	GYS1	STBD1
cluster_724	4	GCFC1	PQBP1	RSRC1	TFIP11
cluster_725	4	GLT25D2	PLOD3	VIPAR	VPS33B
cluster_726	4	GNAI1	GNAI3	GNB4	RGS14
cluster_727	4	GNAO1	SNX1	SNX2	SNX5
cluster_728	4	GOSR1	PPAPDC1A	STX5	STX8
cluster_729	4	GPM6A	HAX1	NAPG	NUFIP1
cluster_730	4	GRIN2A	PPP2CA	PPP2R1A	PPP2R1B
cluster_731	4	GRRP1	KDM1A	RCOR1	RCOR3
cluster_732	4	GSK3A	PPP3CB	PPP3CC	PPP3R1
cluster_733	4	GTPBP2	RPL4	ZNF467	ZNF48
cluster_734	4	GTSE1	PICALM	STAMBP	STAMBPL1
cluster_735	4	H2AFB2	LARP7	PINX1	RPL23A
cluster_736	4	HDAC1	HDAC2	MIER2	SIN3A
cluster_737	4	HENMT1	SNX2	SNX32	SNX6
cluster_738	4	HES1	HES6	HEY1	TLE1
cluster_739	4	HK1	HK2	HK3	HKDC1
cluster_740	4	HNRNPC	LARP4B	NCOA5	PABPC5
cluster_741	4	HNRNPUL2	PABPC5	RBM7	ZCCHC8
cluster_742	4	HOMER1	HOMER2	TPM1	TPM3
cluster_743	4	HSP90AA1	HSP90AA5P	HSP90AB4P	PDGFRB
cluster_744	4	HSPD1	MRPL16	MRPL37	MRPL4
cluster_745	4	HUS1B	RAD1	RAD9A	ZFP161
cluster_746	4	ICAM1	TUBA1A	TUBA4A	TUBB3
cluster_747	4	IFIT1	IFIT2	IFIT3	PHACTR4
cluster_748	4	IFT52	IFT74	IFT81	RHPN1
cluster_749	4	IPPK	LPAR1	ZDHHC13	ZDHHC17
cluster_750	4	IPPK	LPAR1	ZDHHC18	ZDHHC9
cluster_751	4	ISL1	ISL2	LHX4	SSBP4
cluster_752	4	JPH4	MPRIP	TRIOBP	UACA
cluster_753	4	KARS	QARS	SYNJ2BP	TARSL2
cluster_754	4	KCMF1	OR52B2	PTX3	UBR4
cluster_755	4	KCTD17	KCTD2	KCTD5	PDZK1
cluster_756	4	KCTD17	KCTD2	POLK	TMEM45A
cluster_757	4	KIAA0182	LLGL2	RCOR1	RCOR3
cluster_758	4	KIAA0196	KIAA1033	PER2	WASH3P
cluster_759	4	KIAA1267	KIAA1310	PHF20	PHF20L1
cluster_760	4	KIF5A	KIF5B	KLC1	NPEPPS
cluster_761	4	KIF5A	KLC1	KLC2	RABEP2
cluster_762	4	KRT32	KRT34	TXLNA	TXLNG
cluster_763	4	LIN7A	MAGEA9	MPP2	MPP6
cluster_764	4	LSM10	LSM2	LSM3	LSM6
cluster_765	4	LSM5	PRPF3	RBM42	SNRPE
cluster_766	4	MBIP	NCAPH2	YEATS2	ZZZ3
cluster_767	4	MED21	MED4	RNF20	RNF40
cluster_768	4	MORC4	RNF2	RYBP	YAF2
cluster_769	4	MPRIP	RAI14	VAPA	VAPB
cluster_770	4	MRPL12	THOC1	THOC5	THOC7
cluster_771	4	MRPL30	PRR3	WBSCR16	YBX2
cluster_772	4	MZT1	MZT2A	TUBG2	TUBGCP5
cluster_773	4	MZT1	TUBG1	TUBGCP5	TUBGCP6
cluster_774	4	NDE1	NDEL1	OR52B2	PTX3
cluster_775	4	NDUFA5	NDUFAF3	NDUFAF4	NDUFS3
cluster_776	4	NDUFB1	NDUFB8	NDUFC2	SPPL2B
cluster_777	4	NFATC1	PPP3CA	PPP3CC	PPP3R1
cluster_778	4	NLGN3	PIK3CA	PIK3CB	PIK3R3
cluster_779	4	NPHP1	NPHP4	RPGR	RPGRIP1L
cluster_780	4	NRN1	SLC12A4	SLC12A6	SLC12A7
cluster_781	4	OSBPL11	OSBPL9	VAPA	VAPB
cluster_782	4	OSBPL3	OSBPL6	VAPA	VAPB
cluster_783	4	POLA1	POLR3H	PRIM1	PRIM2
cluster_784	4	PPIA	SMARCA2	SMARCD1	SMARCD2
cluster_785	4	PPP1CA	PPP1CC	PPP1R13B	TP53BP2
cluster_786	4	PPP2R2A	PPP2R2D	PTPDC1	SERTAD1
cluster_787	4	PWP2	TBL3	WDR3	WDR36
cluster_788	4	RAI14	TRIOBP	UACA	VTN
cluster_789	4	REEP5	REEP6	SYS1	TMEM208
cluster_790	4	RFC4	TAF12	TAF2	TAF9B
cluster_791	4	RFX5	RFX7	RFXANK	RFXAP
cluster_792	4	RPL26	RPS8	YBX1	ZCCHC9
cluster_793	4	SCAND1	ZNF18	ZNF24	ZNF446
cluster_794	4	SEC11A	SEC11C	SPCS2	SPCS3
cluster_795	4	SMAD2	SMAD3	SMAD9	ZFYVE9
cluster_796	4	SNX1	SNX5	SNX6	ZBTB3
cluster_797	4	STK3	STK4	VAPA	VAPB
cluster_798	4	TSC22D1	TSC22D2	TSC22D3	TSC22D4
cluster_799	4	UCK1	UCK2	UCKL1	UPRT
cluster_800	4	VAPA	VAPB	VPS13A	VPS13C
cluster_801	10	AQR	CCDC12	CDC40	CRNKL1	DHX8	ISY1	PPIE	SNW1	SYF2	XAB2
cluster_802	10	CCDC101	CSRP2BP	IKZF5	KAT2A	KAT2B	MBIP	TADA2A	TADA3	YEATS2	ZZZ3
cluster_803	10	CCDC22	COG1	COG2	COG3	COG4	COG5	COG6	COG7	COG8	COMMD8
cluster_804	8	C2orf29	C3orf24	CNOT3	CNOT6L	MAP4K4	MINK1	NANOS2	TNKS1BP1
cluster_805	8	CASC5	DSN1	NDC80	NUF2	PMF1	PPP1CA	PPP1CC	ZWINT
cluster_806	8	CBX3	E2F6	L3MBTL2	MGA	PCGF6	RING1	RNF2	RYBP
cluster_807	8	COPS2	COPS3	COPS7A	COPS7B	COPS8	DCAF4	GPS1	LRR1
cluster_808	8	FAM120A	FTL	MRPL2	MRPL20	MRPL27	MRPL35	MRPL51	PIPSL
cluster_809	11	ACTR5	ACTR8	INO80	INO80B	INO80C	INO80E	NFRKB	RUVBL1	RUVBL2	TFPT	YY1
cluster_810	11	COPS2	COPS3	COPS4	COPS5	COPS6	COPS7A	COPS7B	CT45A5	CUL4A	CUL4B	SYT2
cluster_811	7	CCDC74A	PSMC5	PSMD13	PSMD2	RGPD5	RGPD8	UCHL5
cluster_812	7	FAM9C	GOSR1	SNAP47	STX5	STX6	STX7	STX8
cluster_813	7	GPN2	GRINL1A	POLR2D	POLR2J3	POLR2L	RPAP1	RPAP2
cluster_814	7	NFKB1	NFKB2	NFKBIA	NFKBIB	REL	RELA	RELB
cluster_815	7	PRKAA2	PRKAB1	PRKAB2	PRKAG1	PRKAG2	PRKAG3	STIM2
cluster_816	6	ABI1	ABI2	CYFIP2	HOMER3	NCKAP1	WASF2
cluster_817	6	AP4B1	AP4E1	AP4M1	AP4S1	C17orf56	SUV39H2
cluster_818	6	ARMC8	KCTD6	MKLN1	RANBP10	RMND5A	ZMYND19
cluster_819	6	BMI1	CBX4	FBLN5	PCGF2	PHC2	PHC3
cluster_820	6	C11orf2	CCDC132	GINS2	TSSC1	VPS52	VPS53
cluster_821	6	C14orf179	IFT122	IFT140	TULP3	WDR19	WDR35
cluster_822	6	CCDC151	IFT46	IFT74	IFT81	IFT88	RABL5
cluster_823	6	CCNA2	CCNB1	CCNB2	CDK2	CKS1B	SKP1
cluster_824	6	CCT2	CCT4	CCT6B	CCT7	TCP1	TUBA1B
cluster_825	6	CIRH1A	NFKBIL1	NOL11	UTP15	WDR43	WDR75
cluster_826	6	CSNK2A1	CSNK2A2	CSNK2B	ZMYND8	ZNF592	ZNF687
cluster_827	6	CSRP2BP	FHL2	MBIP	TADA2A	YEATS2	ZZZ3
cluster_828	6	DCP1A	DCP1B	DCP2	DDX6	EDC3	PNRC2
cluster_829	6	FAS	TUBB	TUBB2A	TUBB2B	TUBB2C	TUBB4
cluster_830	6	LAMTOR1	LAMTOR2	LAMTOR3	LAMTOR4	RPTOR	SLC38A9
cluster_831	6	RGS3	ZNF192	ZNF24	ZNF397	ZNF446	ZNF629
cluster_832	5	ABT1	RIOK2	RPL26L1	RPS13	RPS16
cluster_833	5	ACTR1A	DCTN1	DCTN2	DCTN3	RPS19BP1
cluster_834	5	ACTR8	BCL7A	BCL7C	INO80	INO80E
cluster_835	5	APOOL	CHCHD6	MTX2	SAMM50	TRAK1
cluster_836	5	ATP6AP1	ATP6AP2	ATP6V0C	CMTM8	VMA21
cluster_837	5	BNIP1	CENPQ	STX5	STX8	VTI1B
cluster_838	5	BNIP1	IPPK	LPAR1	STX5	STX8
cluster_839	5	BUB1	CASC5	DSN1	MLF1	ZWINT
cluster_840	5	BYSL	LTV1	RPS16	SRFBP1	TSR1
cluster_841	5	C15orf23	CCDC22	CCDC93	COMMD3	SPAG5
cluster_842	5	C15orf59	EAPP	PRPF8	TSSC4	ZNHIT2
cluster_843	5	CALM1	CALML3	CCDC12	DGCR14	SNW1
cluster_844	5	CASC5	CBX5	CHAF1B	DSN1	NSL1
cluster_845	5	CBFA2T2	CBFA2T3	PRDM14	PRDM6	RUNX1T1
cluster_846	5	CCDC12	CRNKL1	EAPP	LZTS2	TSSC4
cluster_847	5	CCDC12	EAPP	MAGEA9	PRPF6	TSSC4
cluster_848	5	CCDC140	FBXO11	STAU1	ZNF467	ZNF48
cluster_849	5	CCDC85A	NFKBIL1	PIP4K2A	PIP4K2B	PIP4K2C
cluster_850	5	CRMP1	DPYSL2	DPYSL3	DPYSL4	DPYSL5
cluster_851	5	CSNK1A1	CSNK1A1L	CSNK1D	FAM83D	HMMR
cluster_852	5	CTIF	DDX19A	DDX19B	DDX25	MIF4GD
cluster_853	5	DMAP1	EPC2	FTL	PIPSL	SRCAP
cluster_854	5	DYNC1H1	DYNC1I1	DYNC1I2	DYNC1LI1	DYNC1LI2
cluster_855	5	ECD	GPR156	PRPF6	TSSC4	ZNHIT2
cluster_856	5	ELAVL4	H2AFB2	RPL19	RPL26L1	STAU1
cluster_857	5	EML1	EML4	TCP11L1	TUBB2B	TUBB3
cluster_858	5	GORASP2	TMED10	TMED2	TMED4	TMED7
cluster_859	5	GOSR1	STX10	STX6	STX7	TMEM200A
cluster_860	5	H2AFX	HIST1H2AB	HIST1H2BD	HIST1H2BO	HIST2H2AC
cluster_861	5	HBXIP	LAMTOR3	LAMTOR4	RPTOR	RRAGA
cluster_862	5	HEXIM1	HEXIM2	LARP7	RPS3	SRSF6
cluster_863	5	ISCA1	RAB40A	RAB40AL	RAB40B	RAB40C
cluster_864	5	KRR1	RPS19	RPS9	SNRPA1	UTP23
cluster_865	5	MED21	MED28	MED9	STX8	VTI1B
cluster_866	5	PAAF1	PSMC3	PSMC5	PSMC6	ZFAND2B
cluster_867	5	PCDH20	SUPT7L	TAF12	TAF5L	TAF9B
cluster_868	5	POLR3C	POLR3D	POLR3E	POLR3G	POLR3GL
cluster_869	5	ZKSCAN4	ZNF215	ZNF24	ZNF396	ZNF446
cluster_870	16	CRELD1	ND1	ND4	ND5	NDUFA12	NDUFA7	NDUFB3	NDUFB5	NDUFB6	NDUFB7	NDUFB8	NDUFB9	NDUFC2	NDUFS4	NDUFS6	NDUFV3
cluster_871	15	GNL3	MRP63	MRPL13	MRPL15	MRPL16	MRPL17	MRPL27	MRPL28	MRPL30	MRPL32	MRPL39	MRPL42	MRPL51	MRPL9	MRPS30
cluster_872	8	ARHGEF6	ARHGEF7	GIT1	GIT2	NCK1	NCK2	PAK1	PAK2
cluster_873	8	ARMC8	C17orf39	C20orf11	MAEA	NDUFS6	RANBP10	RMND5A	ZMYND19
cluster_874	8	ATP6AP1	ATP6AP2	ATP6V0A1	ATP6V0A2	ATP6V0A4	ATP6V0C	ATP6V0D1	ATP6V0D2
cluster_875	8	C19orf2	PDRG1	PIH1D1	POLR3A	RPAP3	RUVBL1	RUVBL2	UXT
cluster_876	10	ARID1B	BCL7B	DPF3	HDGFRP2	SMARCA2	SMARCC1	SMARCC2	SMARCD1	SMARCD2	SMARCE1
cluster_877	10	BLOC1S1	BLOC1S2	C10orf32	C3orf10	CNO	DTNBP1	LOH12CR1	MUTED	PLDN	SNAPIN
cluster_878	10	MED14	MED17	MED22	MED26	MED27	MED29	MED4	MED6	MED8	ZCCHC10
cluster_879	16	PAAF1	PSMC4	PSMC5	PSMD1	PSMD10	PSMD11	PSMD12	PSMD13	PSMD14	PSMD2	PSMD3	PSMD4	PSMD5	PSMD6	PSMD7	PSMD8
cluster_880	7	BCL2L14	CABS1	TBC1D14	TRAPPC1	TRAPPC2	TRAPPC3	TRAPPC5
cluster_881	7	C12orf41	INO80	INO80C	INO80E	MCRS1	RUVBL1	RUVBL2
cluster_882	7	COMMD1	COMMD4	COMMD5	COMMD6	COMMD8	COMMD9	ZNF268
cluster_883	7	CT45A5	IFT52	IFT74	IFT81	PLCD3	RABL5	TTC30A
cluster_884	7	CTNNAL1	DMD	PLEKHA2	SNTA1	SNTB1	SNTB2	TAGAP
cluster_885	7	FUT1	ND5	NDUFB3	NDUFB5	NDUFB6	NDUFB8	NDUFS4
cluster_886	12	C2orf29	CNOT1	CNOT10	CNOT2	CNOT3	CNOT6	CNOT6L	CNOT7	CNOT8	MAGEA9	RQCD1	TNKS1BP1
cluster_887	9	EIF3C	EIF3CL	EIF3D	EIF3E	EIF3F	EIF3K	EIF3L	EIF3M	JOSD1
cluster_888	8	ACTR2	ACTR3	ACTR3B	ARPC1B	ARPC2	ARPC3	ARPC4	ARPC5L
cluster_889	18	DDX28	MRPL10	MRPL20	MRPL30	MRPL33	MRPL35	MRPL37	MRPL39	MRPL4	MRPL41	MRPL42	MRPL43	MRPL47	MRPL50	MRPL52	MRPL53	RBMS2	RPL37
cluster_890	6	AKAP7	MEPCE	PRPF3	SART3	TUT1	USP15
cluster_891	6	AMOT	AMOTL1	C1orf190	INADL	MPDZ	MPP5
cluster_892	6	AUTS2	FBRS	FBRSL1	PCGF5	RYBP	YAF2
cluster_893	6	C11orf57	CSNK2A1	CSNK2A2	CSNK2B	LUC7L	LUC7L2
cluster_894	6	CCNH	ERCC2	ERCC3	ERCC5	GTF2H1	MNAT1
cluster_895	6	CCT8L2	CHUK	HNRNPCL2	IKBKB	IKBKG	PRKY
cluster_896	6	CLINT1	CLTCL1	DNAJC6	PICALM	STAMBP	STAMBPL1
cluster_897	6	COMMD10	COMMD2	COMMD3	COMMD5	COMMD7	JOSD2
cluster_898	6	CPNE4	FTSJ3	KIAA0020	RPL26L1	STAU1	WHSC1
cluster_899	6	DCP1A	DCP1B	EDC3	YWHAG	YWHAH	YWHAQ
cluster_900	6	DDX20	FGF14	GEMIN4	GEMIN5	GEMIN8	SIP1
cluster_901	6	DOCK7	DOCK8	ISM2	LRCH1	LRCH2	LRCH3
cluster_902	6	DPCD	INO80C	INO80D	RUVBL1	RUVBL2	TNFSF13
cluster_903	6	EML1	EML2	EML6	TUBB2A	TUBB2B	TUBB3
cluster_904	6	GADD45GIP1	HECTD3	MRPL10	MRPL27	MRPL30	ZZEF1
cluster_905	6	GTF3C1	GTF3C2	GTF3C3	GTF3C5	RNPS1	ZCCHC10
cluster_906	6	INADL	LIN7A	LIN7B	LIN7C	MPDZ	MPP5
cluster_907	6	LSM4	LSM6	SNRPB	SNRPD3	SNRPN	WDR77
cluster_908	6	PCDHA1	PCDHA10	PCDHA11	PCDHA4	PCDHA7	PCDHA9
cluster_909	6	PGBD1	ZKSCAN3	ZKSCAN4	ZNF18	ZNF24	ZNF396
cluster_910	6	PPP2CA	PPP2CB	PPP2R1A	PPP2R1B	PPP2R3B	TBCCD1
cluster_911	6	RCOR1	RCOR2	RCOR3	ZMYM2	ZMYM4	ZNF174
cluster_912	6	TGFBRAP1	VPS11	VPS16	VPS18	VPS33A	VPS41
cluster_913	6	ZNF212	ZNF282	ZNF398	ZNF746	ZNF767	ZNF783
cluster_914	11	BET1L	C19orf25	NBAS	RINT1	SCFD1	SCFD2	SEC22B	STX18	USE1	VAMP5	ZW10
cluster_915	11	CCNA2	CCNB1	CCNO	CDK1	CDK2	CDK3	CDKN1A	CKS1B	PLEKHG2	REC8	SKP2
cluster_916	20	DAP3	MRPS16	MRPS17	MRPS18B	MRPS18C	MRPS21	MRPS22	MRPS23	MRPS24	MRPS25	MRPS26	MRPS27	MRPS28	MRPS31	MRPS33	MRPS34	MRPS35	MRPS6	MRPS9	PTCD3
cluster_917	9	CCDC93	COMMD1	COMMD10	COMMD4	COMMD5	COMMD6	COMMD7	COMMD9	STK11IP
cluster_918	9	EPB41	EPB41L1	EPB41L2	EPB41L3	YWHAB	YWHAE	YWHAG	YWHAQ	YWHAZ
cluster_919	8	ATP6V1A	ATP6V1B1	ATP6V1B2	ATP6V1C2	ATP6V1E2	ATP6V1G1	ATP6V1G2	G6PD
cluster_920	8	BYSL	DHX36	NOC4L	NOP14	RBM19	RPS16	RPS3	RRP12
cluster_921	8	CTNNAL1	DMD	DTNA	DTNB	KCNA4	SNTB1	SNTB2	UTRN
cluster_922	8	DNAJC21	MRPS17	MRPS18B	MRPS22	MRPS23	MRPS26	MRPS28	MRPS34
cluster_923	8	DTNA	DTNB	SNTA1	SNTB1	SNTB2	SNTG2	TAGAP	UTRN
cluster_924	7	ACTR1A	ACTR1B	CCT2	CCT6B	DCTN5	PDCL3	TCP1
cluster_925	7	ARMC8	C15orf59	C17orf39	MAEA	MKLN1	RMND5A	WDR26
cluster_926	7	ARMC8	C20orf11	CST8	MAEA	MKLN1	RANBP10	WDR26
cluster_927	7	BLOC1S2	CCHCR1	COG5	COG6	COG7	DTNBP1	SNAPIN
cluster_928	7	CDK1	CDK3	CDT1	CKS1B	CKS2	PKMYT1	SPDYC
cluster_929	7	DLAT	FOXD4	PDHA1	PDHB	PDHX	PDK2	PDK3
cluster_930	7	DNAJC21	MCAT	METTL17	MRPS17	MRPS18B	MRPS27	MRPS34
cluster_931	10	C4orf14	CCDC59	MRPS18C	MRPS21	MRPS24	MRPS26	MRPS31	MRPS5	MRPS7	MRPS9
cluster_932	23	BTG3	C2orf29	C3orf24	CAPZA1	CAPZA2	CAPZB	CNOT1	CNOT10	CNOT2	CNOT3	CNOT6	CNOT6L	CNOT7	CNOT8	FHL2	NANOS1	NANOS2	PABPN1L	RAVER1	RIBC1	RQCD1	TNKS1BP1	TOB1
cluster_933	14	AIMP1	AIMP2	DARS	EEF1E1	EPRS	IARS	KARS	LARS	MARS	QARS	RARS	SDCBP	SDCCAG8	TARSL2
cluster_934	16	ANAPC1	ANAPC13	ANAPC16	ANAPC2	ANAPC4	ANAPC5	ANAPC7	BUB1B	C16orf87	CDC16	CDC23	CDC26	CDC27	FZR1	MAGIX	TTLL1
cluster_935	5	ACTA2	ACTB	ACTC1	NPB	PLEKHG6
cluster_936	5	ADD1	ADD2	ADD3	ANKRD29	ROCK1
cluster_937	5	AGPAT4	EIF2B1	EIF2B2	EIF2B4	SEC62
cluster_938	5	AIMP1	AIMP2	EPRS	PNMA2	TARSL2
cluster_939	5	AKAP1	PRKACA	PRKACB	PRKACG	PRKAR2A
cluster_940	5	AKAP5	GPR161	PRKACA	PRKACB	PRKACG
cluster_941	5	ALMS1	FAM83D	FTL	HOOK1	PIPSL
cluster_942	5	ANAPC1	ANAPC4	ANAPC5	CDC23	GPR156
cluster_943	5	ANKRD29	MTHFD2	TFCP2	TFCP2L1	UBP1
cluster_944	5	APLNR	CMKLR1	GPR182	KIDINS220	XPR1
cluster_945	5	ATG12	ATG16L1	ATG5	KRT37	KRT38
cluster_946	5	ATG13	C12orf44	C9orf128	RB1CC1	ULK1
cluster_947	5	ATG14	BECN1	NRBF2	PIK3C3	PIK3R4
cluster_948	5	ATP11B	IFNA1	IFNA14	IFNA21	IFNA6
cluster_949	5	ATP5A1	ATP5B	ATP5F1	ATP8	ZFYVE27
cluster_950	5	AZIN1	KIF5B	KLC1	KLC2	KLC4
cluster_951	5	B2M	KPNA3	KPNA4	RAN	RCC1
cluster_952	5	BAG2	DGCR14	HSPA1A	HSPA2	SNW1
cluster_953	5	BET1	BNIP1	CHRNB2	CHRNB4	STX18
cluster_954	5	BET1	NRSN1	STX10	STX12	STX6
cluster_955	5	BLOC1S2	C10orf32	C15orf59	LOH12CR1	SNAPIN
cluster_956	5	BRD1	BRPF3	ING4	KAT5	MEAF6
cluster_957	5	C11orf30	GATAD1	KDM5A	PHF12	SIN3B
cluster_958	5	C12orf4	CRYZL1	KLRAQ1	TBCK	TCP10L
cluster_959	5	C16orf88	DDX21	DGCR8	DKC1	SHQ1
cluster_960	5	C17orf79	CHTOP	PRMT5	RIOK1	WDR77
cluster_961	5	C6orf15	PDYN	TIMM13	TIMM8A	TIMM8B
cluster_962	5	C7orf30	MRPL12	MRPL23	PNPT1	UQCRFS1
cluster_963	5	C7orf43	ISCA1	TRAPPC2	TRAPPC4	TRAPPC9
cluster_964	5	C9orf16	COG3	COG5	COG6	VSIG2
cluster_965	5	CA10	PSMG1	PSMG2	PSMG3	PSMG4
cluster_966	5	CCDC22	COMMD1	COMMD6	VIPAR	VPS33B
cluster_967	5	CDC37	CLK3	FKBP5	HSP90AA1	HSP90AB3P
cluster_968	5	CDH12	CDH2	CTNNA1	CTNNA2	CTNNB1
cluster_969	5	CETN1	CETN2	PARP2	SUPT16H	XPC
cluster_970	5	COX4I1	COX5B	COX6A1	COX7A1	COX7C
cluster_971	5	CPSF3	CPSF4	FIP1L1	P4HA1	WDR33
cluster_972	5	CSNK2A1	CSNK2A2	RNF111	TSPYL2	ZMYND8
cluster_973	5	CUL3	GPS1	KLHL18	MYEOV2	UBE2M
cluster_974	5	DTNA	HMG20A	SNTA1	SNTB1	SNTB2
cluster_975	5	EFNB1	EFNB2	EPHB2	EPHB3	PHLPP1
cluster_976	5	FAM168A	POLR2C	POLR2I	RECQL5	WWP2
cluster_977	5	FAM19A3	PPP2CA	PPP2R1B	PPP2R2A	PPP2R2D
cluster_978	5	GBA	RAB27A	RAB27B	SYTL3	SYTL4
cluster_979	5	H2AFY	H2BFWT	HIST1H2AG	SUPT16H	XPC
cluster_980	5	HAUS1	HAUS3	HAUS4	HAUS5	KRT27
cluster_981	5	HAUS3	HAUS4	HAUS5	HAUS8	WHAMML1
cluster_982	5	HECTD3	MRPS24	MRPS34	MRPS9	ZZEF1
cluster_983	5	ILK	LIMS1	PARVG	PXN	RSU1
cluster_984	5	IRS4	PIK3CD	PIK3R1	PIK3R2	PIK3R3
cluster_985	5	KAT2A	MBIP	POLE4	TADA2A	YEATS2
cluster_986	5	MACROD1	PARP1	PARP2	RNF146	XPC
cluster_987	5	MCM2	PARP2	SPIN2B	SUPT16H	XPC
cluster_988	5	MRPS18B	MRPS24	MRPS35	MRPS7	ZNF263
cluster_989	5	NDEL1	SNTA1	SNTB1	SNTB2	UTRN
cluster_990	5	NOP2	RBM4	UTP15	WDR43	WDR75
cluster_991	5	PDCD7	RNPC3	SNRNP48	ZMAT5	ZRSR2
cluster_992	5	THOC1	THOC2	THOC3	THOC6	THOC7
cluster_993	27	CDK19	CDK8	MED10	MED11	MED12L	MED13L	MED14	MED15	MED16	MED17	MED18	MED19	MED20	MED21	MED22	MED23	MED24	MED25	MED26	MED27	MED28	MED30	MED31	MED6	MED7	MED8	MED9
cluster_994	9	ABRA	ACTR10	ACTR1A	ACTR1B	DCTN4	DCTN5	DCTN6	GSN	SCIN
cluster_995	9	ABT1	H2AFB2	PURG	RPL19	RPL26L1	RPL3	RPS16	RPS3	YTHDF1
cluster_996	9	ATP6AP1	ATP6AP2	ATP6V0A1	ATP6V0A2	ATP6V0D2	ATP6V0E1	CCDC115	SLC2A1	TMEM199
cluster_997	9	BET1	GOSR1	KCNE3	SNAP47	STX10	STX12	STX5	STX6	STX7
cluster_998	9	BET1	GOSR1	STX10	STX5	STX6	STX8	TMEM74	VTI1A	VTI1B
cluster_999	9	CABS1	TBC1D14	TRAPPC1	TRAPPC2B	TRAPPC2L	TRAPPC3	TRAPPC5	TRAPPC6A	TRAPPC8
cluster_1000	9	PGBD1	ZKSCAN4	ZNF174	ZNF213	ZNF24	ZNF396	ZNF500	ZSCAN1	ZSCAN18
cluster_1001	14	BTG3	CNOT1	CNOT10	CNOT3	CNOT6	CNOT6L	CNOT7	CNOT8	GADD45B	MMP7	NANOS1	RAVER1	RIBC1	TOB1
cluster_1002	14	DNAJC21	METTL17	MRPS14	MRPS15	MRPS16	MRPS17	MRPS18B	MRPS2	MRPS23	MRPS25	MRPS27	MRPS28	MRPS34	MRPS6
cluster_1003	13	ARID5B	BAHD1	C16orf87	CDYL	H2AFZ	HDAC1	HDAC2	HIST1H2AM	HIST1H2BA	HIST1H2BE	HIST3H2BB	MIER1	MIER3
cluster_1004	16	ADRM1	CCDC74A	CCDC74B	CCDC92	PSMC2	PSMD10	PSMD11	PSMD12	PSMD13	PSMD14	PSMD2	PSMD3	PSMD5	PSMD6	PSMD8	UBLCP1
cluster_1005	10	BTC	EIF2B1	EIF2B2	EIF2B3	EIF2B4	EIF2B5	OPN3	P2RX4	PVRL4	SYT1
cluster_1006	10	CCT2	CCT3	CCT4	CCT5	CCT6A	CCT6B	CCT7	CCT8	TCP1	TRIM68
cluster_1007	10	EXOC2	EXOC3	EXOC4	EXOC5	EXOC6	EXOC6B	EXOC7	EXOC8	IL1R2	KIAA1524
cluster_1008	8	CDH23	CSRP2BP	MBIP	TADA1	TADA3	TAF5L	TAF6L	YEATS2
cluster_1009	8	HIST1H1C	IL17B	LLPH	RBM28	RPL17	RPL26L1	RPL32	STAU1
cluster_1010	18	ABI1	ABI2	AMZ1	ARHGAP12	C3orf10	CBLC	CYFIP1	CYFIP2	EPS8L1	KIAA1522	NCK1	NCK2	NCKAP1	NHSL1	NHSL2	WASF1	WASF2	WASF3
cluster_1011	9	ISL1	LDB1	LHX1	LHX4	LMO3	LMO4	SSBP2	SSBP3	SSBP4
cluster_1012	7	C9orf25	GATAD2A	GATAD2B	MBD3	MTA1	MTA2	MTA3
cluster_1013	7	CCDC53	FAM21A	FAM21C	KIAA0196	KIAA1033	WASH3P	WASH6P
cluster_1014	7	CCND2	CCND3	CDK4	CDK6	CDKN1A	CDKN1B	CDKN1C
cluster_1015	7	CLINT1	DNAJC6	STAMBP	STAMBPL1	STX8	VAMP4	VTI1B
cluster_1016	7	MRPS18C	MRPS21	MRPS22	MRPS26	MRPS31	MRPS5	PTCD3
cluster_1017	6	BLOC1S1	BLOC1S2	CCDC53	CCHCR1	CNO	PLDN
cluster_1018	6	C11orf57	C1orf226	NOS1AP	PNN	RNPS1	ZCCHC10
cluster_1019	6	C12orf66	C7orf60	DEPDC5	KIAA0467	NPRL2	NPRL3
cluster_1020	6	C19orf29	CDK11B	CSNK2A1	CSNK2A2	CSNK2B	RP9
cluster_1021	6	CHM	CHML	RAB17	RAB7B	RAB9B	RABGGTA
cluster_1022	6	CLCN3	CLCN5	LGALS3	LGALS8	LGALS9	LGALS9B
cluster_1023	6	CT45A5	NFKBIL1	NOS1AP	PIP4K2A	PIP4K2C	PLCD3
cluster_1024	6	DDX21	PNMAL1	RPL13A	RPL28	RPL36	RPL9
cluster_1025	6	DNM1	DNM1L	DNM2	DNM3	GYPA	SCN2B
cluster_1026	6	GEMIN4	GEMIN6	GEMIN8	SMN1	SMN2	SNRNP70
cluster_1027	6	LLPH	RPL26L1	RPL36AL	RPL7	RPS15	RPS2
cluster_1028	6	MCM2	MCM3	MCM4	MCM6	MCM7	TIMELESS
cluster_1029	6	PBX1	PBX2	PBX3	PKNOX1	PKNOX2	VWA5A
cluster_1030	4	A1BG	CCL5	RNF123	UBAC1
cluster_1031	4	ABCE1	HEXA	HEXB	IGF2R
cluster_1032	4	ABT1	FGF13	KBTBD6	KBTBD7
cluster_1033	4	ACSS2	EML1	EML4	PRPS2
cluster_1034	4	ACTA2	ACTBL2	CAPNS2	GM2A
cluster_1035	4	ACTR6	QPRT	SRCAP	VPS72
cluster_1036	4	ACVR2A	ACVR2B	INHBB	ROR2
cluster_1037	4	ACYP2	GFPT1	GFPT2	SIRT6
cluster_1038	4	ADAMTS13	ALDH18A1	C2CD4B	PDGFC
cluster_1039	4	ADAMTS13	C2CD4B	FZD3	ZBBX
cluster_1040	4	ADARB1	HIST1H1C	IMP3	KRR1
cluster_1041	4	ADNP2	CBX1	CBX3	ZNF462
cluster_1042	4	AIM1	PPP2R5A	PPP2R5B	PPP2R5E
cluster_1043	4	AKAP17A	PNN	RNPS1	ZCCHC10
cluster_1044	4	AKR7L	DDX55	DHX36	STRBP
cluster_1045	4	AMOTL1	INADL	MPDZ	RNF166
cluster_1046	4	ANGPTL2	RASSF8	ZBTB2	ZNF639
cluster_1047	4	ANKHD1	ANKRD17	BAG2	HSPA1A
cluster_1048	4	ANKRD49	CSNK1D	CSNK1E	RNF43
cluster_1049	4	ANO4	ENOSF1	PWP2	WDR36
cluster_1050	4	AP3D1	AP3S1	AP3S2	RNF13
cluster_1051	4	AP3M2	AP3S2	EPB41	EPB41L3
cluster_1052	4	APBA1	LIN7A	LIN7B	LIN7C
cluster_1053	4	APC	CTNNA3	CTNNB1	FAM123B
cluster_1054	4	APC	FAM123B	NTN5	ZNF408
cluster_1055	4	APLF	LIG4	XRCC5	XRCC6
cluster_1056	4	APOBEC3C	C17orf42	KAL1	RPL4
cluster_1057	4	APOBEC3D	C11orf57	HNRNPC	ZC3H3
cluster_1058	4	AQP3	TUBA1C	TUBA4A	TUBB8
cluster_1059	4	ARCN1	COPE	COPZ1	SEC61B
cluster_1060	4	ARGLU1	RP9	VANGL1	VANGL2
cluster_1061	4	ARHGAP1	FTL	PIPSL	TRIM25
cluster_1062	4	ARHGAP10	ARHGAP26	C2CD2	OPHN1
cluster_1063	4	ARHGAP22	CSNK1A1	CSNK1D	CSNK1E
cluster_1064	4	ARIH1	FBXL15	FBXW2	SPANXN3
cluster_1065	4	ARL16	CTSA	RHOA	RHOC
cluster_1066	4	ARNTL	ARNTL2	NPAS2	OLFM1
cluster_1067	4	ASF1A	ASF1B	CDAN1	IPO4
cluster_1068	4	ATF2	CREB5	PPP2R2A	PPP2R2D
cluster_1069	4	ATP13A3	LGALS3	LGALS8	LGALS9
cluster_1070	4	ATP2B3	ATP2B4	CALM1	CALML3
cluster_1071	4	ATP6V0A1	ATP6V0A2	LGALS1	LGALS8
cluster_1072	4	ATRIP	INTS1	INTS12	JTB
cluster_1073	4	AURKC	MYH1	MYH4	MYH8
cluster_1074	4	AVPR2	C5AR1	SLC30A5	SLC30A6
cluster_1075	4	AXIN2	FRAT1	GSK3A	GSK3B
cluster_1076	4	BACH2	ENC1	KLHL25	ZBTB17
cluster_1077	4	BAG2	C18orf25	HSPA1A	RAD18
cluster_1078	4	BAG2	HSPA2	PHC1	PHC3
cluster_1079	4	BAG3	HSPB1	HSPB2	HSPB6
cluster_1080	4	BAG4	C3orf38	HSF1	HSF2
cluster_1081	4	BCAR1	BCAR3	NEDD9	SH2D3C
cluster_1082	4	BCAS2	LINS	PLRG1	ZBTB8B
cluster_1083	4	BCAS4	BLOC1S1	BLOC1S2	SNX7
cluster_1084	4	BET1	KIAA1467	SEC22B	STX12
cluster_1085	4	BET1L	NBAS	STX18	USE1
cluster_1086	4	BNIP1	HAUS1	STX5	VTI1A
cluster_1087	4	BOLA2B	CIAPIN1	GLRX3	NDOR1
cluster_1088	4	BOLA3	FAHD2A	FAHD2B	LILRA5
cluster_1089	4	BOLL	CDC20B	UBA5	UFM1
cluster_1090	4	BRD2	BRD3	BRD4	FAM90A1
cluster_1091	4	BTBD6	SEC23A	SEC23B	SEC24A
cluster_1092	4	BTBD9	KCTD10	RBX1	TNFAIP1
cluster_1093	4	BTC	HEPHL1	HEPN1	S100A3
cluster_1094	4	BTF3	BTF3L4	NACA	NACA2
cluster_1095	4	C11orf57	SF3A1	SF3A2	ZC3H11A
cluster_1096	4	C11orf84	SPIN1	SPIN2B	SPIN3
cluster_1097	4	C16orf54	IFNA17	LHFPL4	ZNF586
cluster_1098	4	C16orf75	RMI1	SRCRB4D	TOP3A
cluster_1099	4	C17orf57	CDNF	LYRM4	NFS1
cluster_1100	4	C18orf8	CCZ1	SP6	TNFSF10
cluster_1101	4	C19orf40	FANCM	KIAA0101	PCNA
cluster_1102	4	C19orf75	SDK2	TACSTD2	TNFSF9
cluster_1103	4	C1QA	TUBA4A	TUBB3	TUBB8
cluster_1104	4	C1QBP	LUC7L	LUC7L2	U2AF2
cluster_1105	4	C1QTNF1	COL21A1	COL4A2	COL4A6
cluster_1106	4	C1orf109	CAMKMT	CINP	SPATA5L1
cluster_1107	4	C1orf109	SPATA5	SPATA5L1	TIMD4
cluster_1108	4	C1orf112	MZT2B	SPINT2	TUBGCP2
cluster_1109	4	C1orf226	FTL	NOS1AP	PIPSL
cluster_1110	4	C2CD4B	FAT1	FREM2	NXPH2
cluster_1111	4	C3orf18	SEMA4C	TGFBRAP1	VPS11
cluster_1112	4	C3orf37	HIST1H2AE	HIST1H3B	HIST1H3F
cluster_1113	4	C3orf52	ITPR2	ITPR3	ZNRF4
cluster_1114	4	C5AR1	ECSIT	NDUFAF1	VIPR2
cluster_1115	4	C7orf30	GNRH1	MRPL14	MRPL18
cluster_1116	4	C7orf34	CEACAM8	HAPLN3	TOR3A
cluster_1117	4	CACNB1	CACNB2	CACNB3	CACNB4
cluster_1118	4	CADPS	GORAB	PAN2	PAN3
cluster_1119	4	CAMKV	CD44	SDC2	SDC4
cluster_1120	4	CASK	DLG1	SPATA2	TULP4
cluster_1121	4	CASQ2	MRPL20	MRPL21	MRPL44
cluster_1122	4	CCDC101	DTNA	DTNB	SNTB1
cluster_1123	4	CCDC104	DNAJA1	OSBPL11	OSBPL9
cluster_1124	4	CCDC12	DGCR14	DHX35	S100A2
cluster_1125	4	CCDC41	CKAP5	POTEB	SLAIN1
cluster_1126	4	CCDC41	POTEB	RBM15B	TRIM23
cluster_1127	4	CCDC96	CDK5RAP2	DUSP16	PCNT
cluster_1128	4	CCDC96	DUSP16	TUBGCP5	TUBGCP6
cluster_1129	4	CCL3	CDKN2AIPNL	METTL18	XRN2
cluster_1130	4	CCL3	SCGB2A2	SUPT3H	TAF5L
cluster_1131	4	CCNB1	CCNH	CCNO	MNAT1
cluster_1132	4	CCNY	CCNYL1	DHRS3	GAP43
cluster_1133	4	CCNY	CCNYL1	DUSP22	PTPRG
cluster_1134	4	CCT8L2	HNRNPCL2	MST4	PDCD10
cluster_1135	4	CD58	NUBP2	RNASEH2B	RNASEH2C
cluster_1136	4	CDC16	CSRP2BP	MGA	YEATS2
cluster_1137	4	CDC23	CDC27	LAMTOR2	LAMTOR3
cluster_1138	4	CDC34	HTATSF1	TCEANC2	UBE2R2
cluster_1139	4	CDC42BPA	KCND2	KCTD17	KCTD5
cluster_1140	4	CDC5L	PLRG1	PRPF19	SENP6
cluster_1141	4	CDH8	CTNNA1	CTNNA2	PSEN1
cluster_1142	4	CDK15	NDRG1	NDRG2	SDCBP2
cluster_1143	4	CDK2	CDK5	FIBP	KIAA0528
cluster_1144	4	CDK5RAP2	FTL	PCNT	PIPSL
cluster_1145	4	CDK7	ERCC2	ERCC3	ERCC5
cluster_1146	4	CDON	PCDH12	PCDH19	RYK
cluster_1147	4	CDS1	REEP5	REEP6	SLC35F2
cluster_1148	4	CDYL	CYBRD1	KLK6	MIER1
cluster_1149	4	CELSR3	MEGF8	PSG1	PSG9
cluster_1150	4	CHCHD10	CHCHD2	LUC7L	PRM2
cluster_1151	4	CHCHD2	CLEC3A	EIF2B1	PRM2
cluster_1152	4	CHCHD2	CXCL14	GNLY	ZFP91
cluster_1153	4	CHCHD2	DDX50	DDX54	GNLY
cluster_1154	4	CHM	CHML	RAB17	RAB5C
cluster_1155	4	CHST9	ETV6	LRP5	LRP6
cluster_1156	4	CKM	LZTR1	RIT1	RIT2
cluster_1157	4	CMTM8	SLC18A2	TRAPPC2	TRAPPC5
cluster_1158	4	CNOT7	CNOT8	FPR1	TNKS1BP1
cluster_1159	4	COL1A2	COL3A1	ERAL1	TIMM44
cluster_1160	4	CPE	FAM19A2	HYOU1	VWDE
cluster_1161	4	CPSF4	MALL	SAA1	WDR33
cluster_1162	4	CPSF4	MRPS17	TRA2A	WDR33
cluster_1163	4	CRAMP1L	GON4L	NPAT	SS18L2
cluster_1164	4	CSNK2A1	CSNK2A2	RNPS1	ZCCHC10
cluster_1165	4	CSNK2B	LIG3	XPC	XRCC1
cluster_1166	4	CSPP1	DSN1	SPC24	SPC25
cluster_1167	4	CTAG2	INTS1	INTS12	MELK
cluster_1168	4	CUEDC1	HECW2	ITCH	WWP1
cluster_1169	4	CUL3	KCTD3	SHKBP1	UBE2M
cluster_1170	4	CUL4A	CUL4B	DCAF8	DDB1
cluster_1171	4	CWC22	CXXC1	EPB41L4B	SETD1A
cluster_1172	4	CXorf1	FYN	MALL	YES1
cluster_1173	4	CXorf66	PPP2CA	PPP2R1A	SGOL2
cluster_1174	4	CYFIP2	HSPB9	NCKAP1	NHS
cluster_1175	4	DACH1	DACH2	TRIM17	TRIM44
cluster_1176	4	DBF4B	MAP1B	MAP1S	NOXO1
cluster_1177	4	DCAF12L2	RCOR1	RCOR2	RCOR3
cluster_1178	4	DDX28	RPUSD3	RPUSD4	SSSCA1
cluster_1179	4	DDX39A	DNAJC14	SARNP	ZC3H14
cluster_1180	4	DFNA5	FAM114A2	GYPA	SCN2B
cluster_1181	4	DHX37	PNO1	UTP14A	UTP14C
cluster_1182	4	DIDO1	PRRC2A	RBMXL1	SFPQ
cluster_1183	4	DIP2C	PIP4K2A	PIP4K2C	ST6GAL1
cluster_1184	4	DKK2	FEZF1	HECTD3	ZZEF1
cluster_1185	4	DNAJA2	TAF1B	TAF1C	WDR36
cluster_1186	4	DOK4	FHL2	HMG20B	PHF21A
cluster_1187	4	DPYS	DPYSL2	DPYSL4	MAP4K2
cluster_1188	4	DUSP3	ERLIN1	ERLIN2	TMUB1
cluster_1189	4	DUSP7	DUSP9	MAPK14	RBM43
cluster_1190	4	DYRK2	MAPK4	MAPK6	MAPKAPK5
cluster_1191	4	ECSIT	GPR88	NDUFAF1	S1PR1
cluster_1192	4	EDA2R	PEX13	TRAF1	TRAF6
cluster_1193	4	EFEMP1	VWCE	ZNF316	ZNF324
cluster_1194	4	EID3	NCAPH	NSMCE1	NSMCE2
cluster_1195	4	EIF2C1	EIF2C3	PTGES3	SMYD3
cluster_1196	4	EIF3C	EIF3D	HERC2	NEURL4
cluster_1197	4	EME1	MAGEB2	MUS81	RPL13A
cluster_1198	4	EML6	TCTN3	TUBB2B	TUBB8
cluster_1199	4	EPHB4	PCDHGA6	PCDHGA7	PTPRS
cluster_1200	4	ERLIN2	RIPK2	RNF170	TMUB1
cluster_1201	4	EZH1	FARP1	POLDIP3	TPX2
cluster_1202	4	FABP4	GDF5	RAB3IL1	TMEM102
cluster_1203	4	FAM117B	SH3BP5L	TNKS	TNKS2
cluster_1204	4	FAM120A	FAM120C	HNRNPR	ILF2
cluster_1205	4	FAM120C	PABPC1L	PABPC5	PAIP1
cluster_1206	4	FAM168A	PPP1R13B	TP53BP2	WWP2
cluster_1207	4	FAM81A	OR5C1	PCCA	PCCB
cluster_1208	4	FAM9B	KIF23	TBC1D1	TBC1D4
cluster_1209	4	FARP1	H2AFB3	HIST1H1C	MYBBP1A
cluster_1210	4	FBL	NOL8	PWP2	WDR36
cluster_1211	4	FBN2	LDLR	PRG2	PRG3
cluster_1212	4	FBN2	LTBP2	LTBP4	NOTCH2
cluster_1213	4	FBXL2	FBXL20	YPEL1	YPEL3
cluster_1214	4	FBXO30	FBXO34	MYO1B	TNNC1
cluster_1215	4	FGB	RPRD1A	RPRD1B	SNRNP27
cluster_1216	4	FGF11	FGF12	KBTBD6	KBTBD7
cluster_1217	4	FGFBP1	NPM3	WDR43	WDR46
cluster_1218	4	FMO1	LDHA	LDHB	LDHC
cluster_1219	4	FMOD	PPM1E	SERPINB3	SERPINB4
cluster_1220	4	FNIP2	LAMTOR3	LAMTOR4	RRAGB
cluster_1221	4	FOXN2	FOXN3	RFX2	RFX3
cluster_1222	4	FTH1	FTL	KLHL11	PIPSL
cluster_1223	4	FTH1	GDA	MSRB3	RBP4
cluster_1224	4	FTL	NDUFB4	NDUFB5	PIPSL
cluster_1225	4	FTL	PIPSL	SMARCA1	SMARCA5
cluster_1226	4	GANAB	PNPLA1	RNF123	UBAC1
cluster_1227	4	GATSL3	MIOS	RXRA	WDR24
cluster_1228	4	GMDS	PAGE4	TNKS	TNKS2
cluster_1229	4	GORASP1	USP12	USP46	WDR48
cluster_1230	4	GPC1	GPC4	SEC11A	SPCS2
cluster_1231	4	GTF2E2	MST4	PDCD10	SNRNP27
cluster_1232	4	GZMH	TBCB	TUBA1A	TUBA4A
cluster_1233	4	H2AFX	NUPL2	PAIP1	PAIP2B
cluster_1234	4	HCLS1	SNX1	SNX2	SNX32
cluster_1235	4	HEATR6	PRKAA2	PRKAB1	PRKAB2
cluster_1236	4	HERC2	NEURL4	PSMC2	PSMD2
cluster_1237	4	HMG20A	HMG20B	PHF14	PHF21A
cluster_1238	4	HOXA4	HOXC4	RABGAP1	RABGAP1L
cluster_1239	4	HPS1	SALL1	SALL3	SALL4
cluster_1240	4	HSPA8	SF3A1	SF3A2	SF3A3
cluster_1241	4	HSPB11	IFT27	TTC30A	TTC30B
cluster_1242	4	HTR3D	LRFN4	TKTL2	ZSWIM2
cluster_1243	4	IGHG1	IGHG2	IGHG3	IGHG4
cluster_1244	4	IGKC	NOTCH2NL	RPIA	SERTAD1
cluster_1245	4	IKZF1	IKZF2	IKZF3	IKZF4
cluster_1246	4	IL7R	SDC2	SDC4	TMEM192
cluster_1247	4	IPPK	LPAR1	SNX14	TMEM63B
cluster_1248	4	IQGAP1	MYL12B	MYL3	MYL6
cluster_1249	4	ITCH	NEDD4	TNFRSF19	WWP1
cluster_1250	4	KAT2A	KAT2B	TADA1	TADA3
cluster_1251	4	KATNAL1	KRTAP13-3	PFDN1	PFDN6
cluster_1252	4	KBTBD6	KBTBD7	KBTBD8	KLHL29
cluster_1253	4	KRT37	KRT38	NUF2	ZWINT
cluster_1254	4	KRT37	KRT38	TRIM24	TRIM33
cluster_1255	4	KRT37	KRT38	TXLNA	TXLNG
cluster_1256	4	LAMTOR2	RRAGA	RRAGD	STYX
cluster_1257	4	LGALS3	LGALS7	LGALS9	NID2
cluster_1258	4	LGR4	LRRIQ1	MARCH1	RNF149
cluster_1259	4	LIN28A	SRSF3	WDR43	WDR75
cluster_1260	4	LIN7A	LIN7C	MPP6	NSUN2
cluster_1261	4	LMAN1L	NEMF	SPCS1	SPCS2
cluster_1262	4	LRRC46	PACS2	POLE	POLE2
cluster_1263	4	LTV1	NOB1	PRM2	TSR1
cluster_1264	4	LUC7L	LUC7L2	NOM1	ZRANB2
cluster_1265	4	MAB21L1	MEIS2	PBX1	SHOX
cluster_1266	4	MAGEB2	RPL15	RPL26L1	ZRANB2
cluster_1267	4	MAK16	MDM2	REXO4	RPL15
cluster_1268	4	MAP3K7	TAB2	YWHAG	YWHAH
cluster_1269	4	MAP4K4	MINK1	STRN	STRN3
cluster_1270	4	MAP4K4	RAP2A	RAP2B	RAP2C
cluster_1271	4	MAPK1	MAPK3	PEA15	RPS6KA6
cluster_1272	4	MECR	SNX30	SNX4	SNX7
cluster_1273	4	MEIS2	PBX3	PIGL	TSHZ1
cluster_1274	4	METTL1	TRIM34	TRIM6-TRIM34	ZWINT
cluster_1275	4	MEX3B	PIP4K2A	PIP4K2B	ZNF428
cluster_1276	4	MICAL2	PTPRN	PTPRN2	SGSM2
cluster_1277	4	MITF	TFE3	TFEB	TFEC
cluster_1278	4	MOAP1	PNMA1	PNMA6C	ZCCHC12
cluster_1279	4	MRPL35	MRS2	RPL27A	RPL37
cluster_1280	4	MRPL39	MRPL52	RBMS2	RPL37
cluster_1281	4	MYBBP1A	MYEF2	PRKRA	ZNF791
cluster_1282	4	MZT2B	TREM1	TTK	TUBGCP2
cluster_1283	4	NCAPG2	NCAPH2	SMC2	SMC4
cluster_1284	4	NEK6	NEK7	SLC18A2	TFB2M
cluster_1285	4	NFKBID	NFKBIE	REL	RELB
cluster_1286	4	NFKBIL1	PLCD3	VANGL1	VANGL2
cluster_1287	4	NFYB	NFYC	PON1	PON3
cluster_1288	4	NMS	PLA2G5	RNF123	UBAC1
cluster_1289	4	NUPR1	SEMG1	SEMG2	SLC22A13
cluster_1290	4	OSBPL3	OSBPL6	OSBPL7	PHTF2
cluster_1291	4	OTX2	PDK1	PDK2	PDK4
cluster_1292	4	PCDHGA6	PCDHGA7	PCDHGB1	RYK
cluster_1293	4	PDHA1	PDK2	PDK3	PDK4
cluster_1294	4	PFKFB1	PFKFB2	PFKFB3	PFKFB4
cluster_1295	4	PHF7	TCEAL1	USP11	USP5
cluster_1296	4	PIK3CB	PIK3R2	PLEKHH3	PTGER3
cluster_1297	4	PIP5K1C	PTAR1	RAB26	RABGGTB
cluster_1298	4	POU2F1	PRR20A	SIAH1	SIAH2
cluster_1299	4	PPP2CB	PPP2R5C	PRR14	TBCCD1
cluster_1300	4	PRG2	PRG3	TUBA4A	TUBB3
cluster_1301	4	PSMC1	PSMC2	PSMC3	PSMC6
cluster_1302	4	RAB11A	RAB11B	RAB11FIP2	SH3BP5
cluster_1303	4	RAB40B	RAB40C	TCEB1	TCEB2
cluster_1304	4	RAD51AP1	USP1	USP12	WDR48
cluster_1305	4	RINT1	SCFD1	SCFD2	ZW10
cluster_1306	4	RNF25	UBE2D1	UBE2D3	UBE2E1
cluster_1307	4	SAE1	SUMO2	UBA2	UBE2I
cluster_1308	4	SEC16A	SEC23B	SEC24C	SRA1
cluster_1309	4	SNX2	SNX5	SNX6	VAPB
cluster_1310	4	SOX1	SOX13	SOX5	SOX6
cluster_1311	4	TERF1	TINF2	TNKS	TNKS2
cluster_1312	4	TFAP2A	TFAP2B	TFAP2C	TFAP2D
cluster_1313	4	WASH1	WASH3P	WASH6P	WASH8P
cluster_1314	4	ZNF197	ZNF397	ZNF483	ZSCAN30
cluster_1315	3	A1BG	FDXR	OTC
cluster_1316	3	A1CF	PSMG1	PSMG2
cluster_1317	3	A2M	GDPD1	KNG1
cluster_1318	3	A2M	LOXL1	METRN
cluster_1319	3	A4GALT	CIDEB	VPS37C
cluster_1320	3	A4GALT	ICK	TMEM45A
cluster_1321	3	AACS	CACNG1	RAB35
cluster_1322	3	AAMP	ACE2	AEN
cluster_1323	3	AARS2	PTRH1	RCN1
cluster_1324	3	AARSD1	ALKBH2	TAT
cluster_1325	3	AASDH	CTRL	PSME1
cluster_1326	3	AASDHPPT	FBXL22	USP22
cluster_1327	3	AASS	PPIB	VPS37D
cluster_1328	3	AATF	DDX18	RPL17
cluster_1329	3	ABAT	ASGR1	EPHX1
cluster_1330	3	ABCA2	CRISP1	PEX11B
cluster_1331	3	ABCA6	ABCA8	CISD3
cluster_1332	3	ABCA7	GABRA3	GABRA5
cluster_1333	3	ABCA9	BLK	SYCP3
cluster_1334	3	ABCA9	GET4	ZP3
cluster_1335	3	ABCB1	CCR6	HM13
cluster_1336	3	ABCB6	GRPR	PCSK1
cluster_1337	3	ABCB6	MRAP2	UGCG
cluster_1338	3	ABCB7	OCIAD1	RFX6
cluster_1339	3	ABCB8	CD80	LPAR6
cluster_1340	3	ABCC1	CMTM5	GGCX
cluster_1341	3	ABCC3	CRELD1	TMEM201
cluster_1342	3	ABCC4	KDSR	YIF1A
cluster_1343	3	ABCC5	MPV17L2	TRDN
cluster_1344	3	ABCD1	ATP2A1	NSUN5
cluster_1345	3	ABCD3	ATP2A1	ATP2A2
cluster_1346	3	ABCF2	AHCYL2	ARSI
cluster_1347	3	ABCG1	ACAD11	CNTN5
cluster_1348	3	ABCG2	KIR3DL2	TRIM13
cluster_1349	3	ABCG8	CD320	UGT3A1
cluster_1350	3	ABCG8	EPHA5	TSPAN3
cluster_1351	3	ABHD16A	CLSTN3	SCNN1D
cluster_1352	3	ABHD5	FMO3	NRAS
cluster_1353	3	ABHD6	DHDDS	HPCA
cluster_1354	3	ABHD6	OR10H1	RLBP1
cluster_1355	3	ABHD8	LMO2	MEX3D
cluster_1356	3	ABHD8	YBX2	ZNF711
cluster_1357	3	ABLIM1	SEPSECS	SH2D1B
cluster_1358	3	ABLIM2	KDM1B	SPATA17
cluster_1359	3	ABLIM3	BBS2	BBS9
cluster_1360	3	ABTB1	EEF1B2	EEF1D
cluster_1361	3	ACAA2	NME6	UQCRFS1
cluster_1362	3	ACAA2	PREPL	RGS4
cluster_1363	3	ACACA	EGLN3	OAS2
cluster_1364	3	ACAD8	GMIP	POLM
cluster_1365	3	ACADS	FEZ2	KIF6
cluster_1366	3	ACBD3	CACNG3	SLC35A1
cluster_1367	3	ACBD6	NMT1	NMT2
cluster_1368	3	ACE	METTL9	ST3GAL1
cluster_1369	3	ACER3	MFAP1	PRPF38A
cluster_1370	3	ACOT11	ACOT12	FGFBP2
cluster_1371	3	ACOT4	ESRRA	ESRRG
cluster_1372	3	ACOT7	IL17RD	RELT
cluster_1373	3	ACOT8	AMDHD1	KLHL23
cluster_1374	3	ACOT9	C6	KIR3DL3
cluster_1375	3	ACOX1	ADAMTSL1	BOC
cluster_1376	3	ACOX3	PEX19	PEX3
cluster_1377	3	ACP1	ACTB	SLC25A11
cluster_1378	3	ACP5	CIZ1	TAS2R14
cluster_1379	3	ACRBP	DEPDC1B	SMN1
cluster_1380	3	ACSBG1	ARSI	NOL11
cluster_1381	3	ACSF2	ATP8A1	SLC6A20
cluster_1382	3	ACSF2	MRPL12	MRPL23
cluster_1383	3	ACSL3	HAVCR2	TSPAN7
cluster_1384	3	ACSM5	BCL2L12	POLG
cluster_1385	3	ACSS2	CABLES1	PRPS2
cluster_1386	3	ACTBL2	NXF5	RPS19BP1
cluster_1387	3	ACTN2	ACTN4	PDLIM1
cluster_1388	3	ACTN3	MECOM	MYLPF
cluster_1389	3	ACTR2	ACTR3	ARPC2
cluster_1390	3	ACTR3C	EPHB1	MALL
cluster_1391	3	ACTR5	INO80	INO80B
cluster_1392	3	ACVR1B	ACVR1C	TGFBR1
cluster_1393	3	ACVR2B	INHBB	IZUMO1
cluster_1394	3	ACY1	ARL6IP4	PHOSPHO1
cluster_1395	3	ACYP2	BCS1L	MX1
cluster_1396	3	ADA	HACE1	POTEF
cluster_1397	3	ADAM11	ADAM23	RAB32
cluster_1398	3	ADAM15	ADAM33	ITGB5
cluster_1399	3	ADAM2	ADAM30	ADAMTS2
cluster_1400	3	ADAM2	C6orf120	ERLIN1
cluster_1401	3	ADAM22	DHFR	LGI1
cluster_1402	3	ADAM30	MBTPS2	MUSK
cluster_1403	3	ADAMTS12	SNRK	USF2
cluster_1404	3	ADAMTS7	BMP8B	SCGB2A2
cluster_1405	3	ADAMTS9	NOTCH2	NPNT
cluster_1406	3	ADAMTSL1	FBN2	KLKB1
cluster_1407	3	ADAP2	KCTD10	KCTD13
cluster_1408	3	ADAR	DNAJB6	NPAS1
cluster_1409	3	ADAR	ILF3	RPL21
cluster_1410	3	ADARB1	TTF1	ZFP62
cluster_1411	3	ADAT2	ADAT3	TRIP13
cluster_1412	3	ADCY2	ANKMY2	FKBP8
cluster_1413	3	ADCY2	GDE1	XPNPEP1
cluster_1414	3	ADD2	CRISP3	PECAM1
cluster_1415	3	ADH1A	ADH1B	ADH1C
cluster_1416	3	ADI1	CMBL	TRAPPC4
cluster_1417	3	ADI1	GLB1	TRAPPC9
cluster_1418	3	ADIPOQ	PDP1	PNOC
cluster_1419	3	ADIPOQ	RBCK1	SHARPIN
cluster_1420	3	ADIPOR2	NEU2	NOSIP
cluster_1421	3	ADK	FGB	OXSR1
cluster_1422	3	ADORA3	CRABP1	TSPO
cluster_1423	3	ADPGK	GAA	PAM
cluster_1424	3	ADPRHL2	PRKX	RAD54L2
cluster_1425	3	ADSL	MTPN	SCLY
cluster_1426	3	AEBP2	ATXN3	TOMM20L
cluster_1427	3	AFAP1	EXT2	INVS
cluster_1428	3	AFAP1	TNFRSF1B	TTC3
cluster_1429	3	AFAP1L1	KDM4A	KDM4B
cluster_1430	3	AFF1	AFF3	MLLT1
cluster_1431	3	AFF4	EAF2	ELL
cluster_1432	3	AFG3L2	MAGEA12	MAGEA2
cluster_1433	3	AFM	GBP1	GBP3
cluster_1434	3	AGA	CD28	HBA2
cluster_1435	3	AGBL3	C17orf97	CLIC3
cluster_1436	3	AGFG1	APEX1	FCGR2A
cluster_1437	3	AGGF1	C2CD4B	FZD3
cluster_1438	3	AGK	HCCS	IFNA1
cluster_1439	3	AGMAT	CHURC1-FNTB	FNTA
cluster_1440	3	AGPAT1	DGKQ	HAVCR2
cluster_1441	3	AGPAT1	KLHL1	RNASEH2A
cluster_1442	3	AGPAT5	LAMP2	TFB2M
cluster_1443	3	AGR2	GPLD1	PTDSS1
cluster_1444	3	AGRP	ANGPTL3	BIRC6
cluster_1445	3	AGRP	CRIP1	TK1
cluster_1446	3	AGTPBP1	AHSP	TTLL4
cluster_1447	3	AGTRAP	ENPP6	PAFAH2
cluster_1448	3	AHCTF1	RTTN	TACSTD2
cluster_1449	3	AHCYL1	CAPN10	HOXC9
cluster_1450	3	AHCYL2	DACT1	HOXC9
cluster_1451	3	AHI1	DOCK5	ZHX2
cluster_1452	3	AHI1	LAD1	ZFP36L2
cluster_1453	3	AHNAK	PPL	SPRR1B
cluster_1454	3	AHNAK2	FKBP11	NUDT14
cluster_1455	3	AHR	ARNT	SIM2
cluster_1456	3	AIF1	GAS8	KRT27
cluster_1457	3	AIFM2	G2E3	SPECC1L
cluster_1458	3	AIFM3	GRK6	NR4A1
cluster_1459	3	AIFM3	LZTR1	MYH13
cluster_1460	3	AIPL1	NADSYN1	PDE5A
cluster_1461	3	AIRE	CTSH	SLCO6A1
cluster_1462	3	AK1	CHORDC1	GTF2E2
cluster_1463	3	AK4	FKBP3	TNRC6A
cluster_1464	3	AK4	NSDHL	UNC50
cluster_1465	3	AK7	ASH2L	DPY30
cluster_1466	3	AKAP11	DUOXA2	PRKAR1B
cluster_1467	3	AKAP12	EID3	NSMCE2
cluster_1468	3	AKAP12	HSPA12A	SNCB
cluster_1469	3	AKAP13	MTR	SOX12
cluster_1470	3	AKAP3	PRKAR1A	STOML2
cluster_1471	3	AKAP7	PRKAR2A	PRKAR2B
cluster_1472	3	AKAP8	ALG13	MYCBP
cluster_1473	3	AKAP8	CLEC11A	FAM83B
cluster_1474	3	AKAP8	PIGS	PIGT
cluster_1475	3	AKIRIN1	AKIRIN2	IPO9
cluster_1476	3	AKR1A1	AKR1B1	SLC16A4
cluster_1477	3	AKR1B10	GATM	PDE4DIP
cluster_1478	3	AKR7A2	AKR7A3	DDRGK1
cluster_1479	3	AKT1	AKT3	RNF14
cluster_1480	3	AKT1S1	TTC21B	TULP3
cluster_1481	3	AKT3	RXRG	SNX8
cluster_1482	3	ALAD	ANKRD22	NUDT2
cluster_1483	3	ALAD	APIP	ISOC2
cluster_1484	3	ALDH1A1	ALDH1A2	SLC2A3
cluster_1485	3	ALDH1B1	ALDH2	FGA
cluster_1486	3	ALDH1L1	ALDH1L2	CCDC88C
cluster_1487	3	ALDH3A1	CPN1	IGLL5
cluster_1488	3	ALDH3A2	CAND2	FANCD2
cluster_1489	3	ALDH3B1	ALDH3B2	CHIT1
cluster_1490	3	ALDH4A1	ARRB1	SAG
cluster_1491	3	ALDH6A1	ALDH8A1	CYP1A1
cluster_1492	3	ALG10	SLC16A10	SLC22A9
cluster_1493	3	ALG10B	NPLOC4	SLC32A1
cluster_1494	3	ALG11	KCNJ12	KCNMB3
cluster_1495	3	ALG11	PRAF2	TSPAN10
cluster_1496	3	ALG13	SLC2A4	SMAP2
cluster_1497	3	ALG14	CD9	TSPAN1
cluster_1498	3	ALG2	ARF6	TGOLN2
cluster_1499	3	ALG5	CWC27	EDA
cluster_1500	3	ALG9	GLT6D1	UPK1A
cluster_1501	3	ALK	EPHA2	SP7
cluster_1502	3	ALOX15	DCAF10	PRY
cluster_1503	3	ALOXE3	EDEM3	GLIPR1
cluster_1504	3	ALPL	SPCS2	WNT6
cluster_1505	3	AMACR	PSMG3	PSMG4
cluster_1506	3	AMBN	IL10	LRP2
cluster_1507	3	AMBRA1	CISH	SOCS3
cluster_1508	3	AMFR	FZD6	ZNRF4
cluster_1509	3	AMFR	SLC17A2	SLC43A1
cluster_1510	3	AMIGO1	NGLY1	ZNF146
cluster_1511	3	AMOT	PHF20L1	WWTR1
cluster_1512	3	AMOTL1	KRT16	NF2
cluster_1513	3	AMOTL2	KIF15	MPDZ
cluster_1514	3	AMPD2	AMPD3	EPS8
cluster_1515	3	AMPD3	CD151	ITGB2
cluster_1516	3	AMPD3	CDK10	TTC14
cluster_1517	3	AMTN	CLCC1	SPNS3
cluster_1518	3	AMY2A	AMY2B	TOMM7
cluster_1519	3	ANAPC2	ANAPC7	CDC16
cluster_1520	3	ANG	FBXO46	RNH1
cluster_1521	3	ANGEL2	HNRNPF	NAA40
cluster_1522	3	ANGPT1	ANGPT4	C9orf16
cluster_1523	3	ANGPT2	CCBE1	FBXO28
cluster_1524	3	ANGPTL2	COX17	SUOX
cluster_1525	3	ANKFY1	ASB1	PPP1R12B
cluster_1526	3	ANKFY1	HIF1AN	RNASEL
cluster_1527	3	ANKH	MMACHC	SELENBP1
cluster_1528	3	ANKLE2	C4orf3	EDC4
cluster_1529	3	ANKLE2	NUDT11	STAC3
cluster_1530	3	ANKRA2	RFX5	RFXANK
cluster_1531	3	ANKRD11	GPS2	NCOR2
cluster_1532	3	ANKRD11	PEA15	SAFB
cluster_1533	3	ANKRD13D	OPN1SW	RALA
cluster_1534	3	ANKRD2	MICB	NR2F1
cluster_1535	3	ANKRD22	ESYT1	USO1
cluster_1536	3	ANKRD27	TBC1D5	VPS29
cluster_1537	3	ANKRD40	ENDOV	ULK4
cluster_1538	3	ANKRD44	PPP6R1	PPP6R3
cluster_1539	3	ANKRD46	FBXO2	TM2D3
cluster_1540	3	ANKRD52	PPP6R2	PRKDC
cluster_1541	3	ANKS1A	DAB2IP	RASAL2
cluster_1542	3	ANKS3	ANKS6	NEK8
cluster_1543	3	ANKS4B	USH1C	USH1G
cluster_1544	3	ANKS6	PRKY	SMYD4
cluster_1545	3	ANLN	ISCA1	RAB40AL
cluster_1546	3	ANO4	ANO6	CHRNA10
cluster_1547	3	ANO4	ENOSF1	PREB
cluster_1548	3	ANO5	PTGIR	XKR8
cluster_1549	3	ANTXR2	ECHDC1	IL13RA2
cluster_1550	3	ANTXR2	ETS1	SPTBN4
cluster_1551	3	ANXA13	APBB1IP	ZNF200
cluster_1552	3	ANXA6	PAK6	TNXB
cluster_1553	3	AOC2	AOC3	FUT4
cluster_1554	3	AP1AR	AP1G2	AP1S2
cluster_1555	3	AP2B1	ITSN1	ITSN2
cluster_1556	3	AP3D1	AP3S1	DHRS2
cluster_1557	3	APAF1	OMD	PIP5K1B
cluster_1558	3	APBA1	MARK1	MITD1
cluster_1559	3	APBA3	IL13RA1	NECAB3
cluster_1560	3	APBB2	APLP1	LDHAL6B
cluster_1561	3	APBB3	HGFAC	SPINT1
cluster_1562	3	APCDD1	MPO	PLB1
cluster_1563	3	APEH	EMCN	MPRIP
cluster_1564	3	APEX1	KLHL36	PDAP1
cluster_1565	3	APEX1	LMOD3	PLS1
cluster_1566	3	APEX2	CUL9	UBE2F
cluster_1567	3	APIP	ITGA5	PLA2G2E
cluster_1568	3	APLF	XRCC1	XRCC5
cluster_1569	3	APLNR	OGG1	SLC33A1
cluster_1570	3	APLP2	DUSP5	KLK2
cluster_1571	3	APLP2	UGT1A4	UGT3A1
cluster_1572	3	APOA4	CP	GDPD1
cluster_1573	3	APOB	CYB5R3	SLC19A1
cluster_1574	3	APOBEC3C	DHX30	PUS7
cluster_1575	3	APOC2	ASGR2	SOAT1
cluster_1576	3	APOD	MGST2	SLC35C1
cluster_1577	3	APOE	C9	CACNA2D3
cluster_1578	3	APOH	CYP4F22	ST6GALNAC6
cluster_1579	3	APOM	PCSK9	SEC11C
cluster_1580	3	APOO	KHK	SPG21
cluster_1581	3	APP	F11	FRMD6
cluster_1582	3	APPBP2	BMP6	HHIP
cluster_1583	3	APPL1	AQP9	GIPC2
cluster_1584	3	APPL2	CLCN3	CLCN5
cluster_1585	3	APRT	CLEC4G	UNC45B
cluster_1586	3	AQP1	CLEC4E	RNF166
cluster_1587	3	AQP3	SLC33A1	TMEM177
cluster_1588	3	AQP6	NPTXR	SFTPC
cluster_1589	3	ARAF	BRAF	RAF1
cluster_1590	3	ARAF	CITED1	STK36
cluster_1591	3	ARC	FAM83B	FER
cluster_1592	3	ARC	GKAP1	RIN2
cluster_1593	3	AREG	GLIPR1L2	SNX11
cluster_1594	3	AREG	ICAM1	NAT1
cluster_1595	3	ARF3	ARF4	ARF5
cluster_1596	3	ARFGAP1	MAU2	NIPBL
cluster_1597	3	ARFGAP2	ARFGAP3	OCM2
cluster_1598	3	ARFGAP2	CEPT1	SERPING1
cluster_1599	3	ARFGEF1	ARFGEF2	ORAI1
cluster_1600	3	ARFGEF2	CSGALNACT1	MYCBP
cluster_1601	3	ARFIP1	ARFIP2	XYLT1
cluster_1602	3	ARG1	ARG2	DHX34
cluster_1603	3	ARHGAP12	PRR12	SHANK3
cluster_1604	3	ARHGAP19	RNF41	SRR
cluster_1605	3	ARHGAP26	ARHGAP42	OPHN1
cluster_1606	3	ARHGAP29	JPH4	MYO10
cluster_1607	3	ARHGAP32	ASB3	GON4L
cluster_1608	3	ARHGAP39	SPIN2B	YRDC
cluster_1609	3	ARHGAP42	DCDC2	GCH1
cluster_1610	3	ARHGAP42	DEF6	PRKCQ
cluster_1611	3	ARHGAP8	ISOC1	NOXO1
cluster_1612	3	ARHGDIB	SLC25A46	SLC26A6
cluster_1613	3	ARHGEF1	THBS3	THBS4
cluster_1614	3	ARHGEF11	CTSA	RHOC
cluster_1615	3	ARHGEF11	LDB3	RHOA
cluster_1616	3	ARHGEF17	SH2B2	WDR83
cluster_1617	3	ARHGEF18	LTBR	TCHP
cluster_1618	3	ARHGEF25	CORO2B	GABRB2
cluster_1619	3	ARHGEF37	BIN3	DNMBP
cluster_1620	3	ARID3A	CELA2A	PDCD6IP
cluster_1621	3	ARID3B	POU2F1	PRR20A
cluster_1622	3	ARIH1	HOXA10	SPANXN3
cluster_1623	3	ARL13A	INTS1	INTS12
cluster_1624	3	ARL17A	FNDC3A	PCDH10
cluster_1625	3	ARL17A	GGT7	PIGM
cluster_1626	3	ARL4C	DCUN1D4	FBXO33
cluster_1627	3	ARL4D	CXXC4	RCVRN
cluster_1628	3	ARL6IP1	ATL1	TM4SF5
cluster_1629	3	ARL6IP1	CD81	TSPAN31
cluster_1630	3	ARL6IP1	GPR108	IPPK
cluster_1631	3	ARL6IP1	METTL7B	RTN4
cluster_1632	3	ARL6IP4	CLASRP	PIP4K2A
cluster_1633	3	ARL6IP5	HTR3E	ICAM2
cluster_1634	3	ARL8B	TSPAN10	VEZT
cluster_1635	3	ARMC1	DNAJC11	STX1B
cluster_1636	3	ARMC4	ATG9B	FBXL4
cluster_1637	3	ARMC4	FANCC	OMA1
cluster_1638	3	ARMC5	LMO2	POLR2C
cluster_1639	3	ARMC8	RMND5B	WDR26
cluster_1640	3	ARMCX4	DPAGT1	OLFML3
cluster_1641	3	ARNT2	NPAS3	SIM2
cluster_1642	3	ARNTL2	DHTKD1	PGLYRP3
cluster_1643	3	ARNTL2	MSRA	NPAS2
cluster_1644	3	ARPC1A	NCAPD2	NCAPH
cluster_1645	3	ARR3	ARRB2	GPR55
cluster_1646	3	ARRDC3	MS4A10	NEDD4L
cluster_1647	3	ARSH	GPHN	KMO
cluster_1648	3	ARSH	ITCH	TIGIT
cluster_1649	3	ARSI	EID1	FBXO21
cluster_1650	3	ART1	ATR	ATRIP
cluster_1651	3	ART3	CHD1L	GMDS
cluster_1652	3	ART5	LRIG2	PON2
cluster_1653	3	ASAP1	CRKL	RAPGEF1
cluster_1654	3	ASB13	NPRL2	NPRL3
cluster_1655	3	ASB2	DCUN1D3	SPATA7
cluster_1656	3	ASB3	STK19	ZBTB46
cluster_1657	3	ASB4	DNAJB5	NLRP8
cluster_1658	3	ASB7	KIF13A	TRIP11
cluster_1659	3	ASCC2	COX10	DGKZ
cluster_1660	3	ASCL1	PLA2G4E	TGM3
cluster_1661	3	ASIP	HSDL2	MIPEP
cluster_1662	3	ASNS	ICA1L	PICK1
cluster_1663	3	ASNSD1	PTPRA	PTPRE
cluster_1664	3	ASPH	CD93	FBLN7
cluster_1665	3	ASPM	DNAJB7	TP53INP1
cluster_1666	3	ASPN	FGF10	ITIH2
cluster_1667	3	ASPSCR1	GLTP	HACL1
cluster_1668	3	ASRGL1	PIK3R6	TRIM72
cluster_1669	3	ASS1	NEUROG3	PC
cluster_1670	3	ASTE1	EPS8L2	PUS7L
cluster_1671	3	ASTE1	NSD1	ZNF692
cluster_1672	3	ASTL	JMJD8	PDIA3
cluster_1673	3	ASTL	KIRREL2	VHL
cluster_1674	3	ASTL	TUBB1	WFIKKN1
cluster_1675	3	ASXL1	ASXL3	BAP1
cluster_1676	3	ASXL2	CTRL	MBD6
cluster_1677	3	ASXL2	KDM1B	MBD5
cluster_1678	3	ATAD1	DERL2	FAF2
cluster_1679	3	ATAD2	DNAJC2	HNRNPCL2
cluster_1680	3	ATAD3A	ATAD3B	S100B
cluster_1681	3	ATAD3A	PSME1	PSME2
cluster_1682	3	ATAD3B	DKK3	SLC25A5
cluster_1683	3	ATAT1	HERC1	ZNF555
cluster_1684	3	ATE1	CLDN10	SLITRK3
cluster_1685	3	ATE1	GPR37	TXNRD3NB
cluster_1686	3	ATE1	HLA-DQB2	POU2AF1
cluster_1687	3	ATF6B	MYH11	RWDD2B
cluster_1688	3	ATG13	DENR	DOCK11
cluster_1689	3	ATG16L2	ATG5	TECPR1
cluster_1690	3	ATG2B	NLRP10	WDR45
cluster_1691	3	ATG3	GPR141	MAP1LC3B2
cluster_1692	3	ATG4C	ATG4D	CLCN6
cluster_1693	3	ATG9A	HERPUD1	PF4V1
cluster_1694	3	ATL2	ATL3	KRTCAP2
cluster_1695	3	ATM	C1orf112	P2RY8
cluster_1696	3	ATP10A	HSPA8	TTC7A
cluster_1697	3	ATP10D	GJB6	VMA21
cluster_1698	3	ATP11A	ATP11C	P2RY1
cluster_1699	3	ATP11C	MS4A6E	SLC2A1
cluster_1700	3	ATP11C	SLC6A1	TMEM107
cluster_1701	3	ATP13A1	TRPT1	ZYG11B
cluster_1702	3	ATP13A2	PEX16	PEX19
cluster_1703	3	ATP13A3	RFT1	YIPF4
cluster_1704	3	ATP1A3	S1PR1	SLC25A22
cluster_1705	3	ATP1B1	PANX1	TM9SF2
cluster_1706	3	ATP2A2	ATP2A3	KCNF1
cluster_1707	3	ATP2B1	NPTN	SGSM3
cluster_1708	3	ATP2B2	CD300LB	TSPAN14
cluster_1709	3	ATP2B3	PNPLA4	SLC26A4
cluster_1710	3	ATP4A	KLK8	LIPC
cluster_1711	3	ATP5ME	NTSR1	SURF4
cluster_1712	3	ATP5ME	P2RY1	SLC19A2
cluster_1713	3	ATP6AP1	CLGN	SLC12A2
cluster_1714	3	ATP6V0D1	DHCR24	MVD
cluster_1715	3	ATP6V0D2	MIP	SLC6A1
cluster_1716	3	ATP6V1C1	ATP6V1C2	DMXL1
cluster_1717	3	ATP7A	KLK12	KLRD1
cluster_1718	3	ATP7B	CLEC2D	MOGS
cluster_1719	3	ATP8B2	ATP8B4	CLEC4C
cluster_1720	3	ATPAF2	CABP1	ECHS1
cluster_1721	3	ATRX	EPB41	EPB41L3
cluster_1722	3	ATRX	ING1	USF2
cluster_1723	3	ATXN10	EPHA1	XPOT
cluster_1724	3	ATXN10	OCIAD1	SLC30A3
cluster_1725	3	ATXN3	IGF1R	IGF2
cluster_1726	3	ATXN7L1	MAU2	USP27X
cluster_1727	3	AUP1	PARP11	RNF114
cluster_1728	3	AURKA	CEP192	PRKCSH
cluster_1729	3	AURKB	AURKC	INCENP
cluster_1730	3	AVL9	HORMAD2	KDM2A
cluster_1731	3	AWAT2	CYP8B1	HERC3
cluster_1732	3	AWAT2	UBE3A	ZNF366
cluster_1733	3	AXIN1	FAM13A	PPP2R5A
cluster_1734	3	AXIN2	GSK3B	SAMHD1
cluster_1735	3	AZI2	BBOX1	CASP2
cluster_1736	3	AZI2	CALCOCO2	SULT1A2
cluster_1737	3	AZIN1	OAZ1	OAZ2
cluster_1738	3	AZU1	FOXE1	ZYG11B
cluster_1739	3	AZU1	SH3GL2	SH3GL3
cluster_1740	3	B3GALNT1	CHCHD5	KPRP
cluster_1741	3	B3GALT2	GNPTAB	SGCZ
cluster_1742	3	B3GALT2	IPO13	LTN1
cluster_1743	3	B3GALT6	EXTL2	KCNA10
cluster_1744	3	B3GAT1	ENTPD4	PCYOX1
cluster_1745	3	B3GAT1	STAT1	STAT4
cluster_1746	3	B3GNT3	MDFI	SLC30A5
cluster_1747	3	B4GALNT3	B4GALNT4	PILRA
cluster_1748	3	B4GALT2	FAT3	PDGFB
cluster_1749	3	B4GALT4	DNAJC3	TCN2
cluster_1750	3	B4GALT5	CSF2	EPO
cluster_1751	3	B4GALT6	GALP	RTP1
cluster_1752	3	B9D1	PIGB	TCTN2
cluster_1753	3	B9D1	TMEM218	TMEM231
cluster_1754	3	B9D2	PARN	SRSF2
cluster_1755	3	BAAT	SERPINA6	SERPINF1
cluster_1756	3	BACE1	HLA-DMB	KLRC3
cluster_1757	3	BACH1	CREBZF	FBXO22
cluster_1758	3	BACH2	MAFB	ZBTB17
cluster_1759	3	BAG1	CPZ	KCNV1
cluster_1760	3	BAG1	KCND2	MAPT
cluster_1761	3	BAG2	MBNL3	SCYL2
cluster_1762	3	BAG2	MFF	STAM
cluster_1763	3	BAG5	GPAT2	P2RX6
cluster_1764	3	BAG6	FUZ	HPS1
cluster_1765	3	BAIAP2	BAIAP2L1	EPS8
cluster_1766	3	BAK1	EDNRA	MCL1
cluster_1767	3	BASP1	DAB2	SLC25A41
cluster_1768	3	BAX	BBC3	BCL2L2
cluster_1769	3	BAX	BCL2L10	BCL2L11
cluster_1770	3	BAZ1A	DRAP1	POLE3
cluster_1771	3	BAZ2A	LARP7	PURB
cluster_1772	3	BAZ2A	RPL31	RPS12
cluster_1773	3	BBOX1	CIAPIN1	CNN1
cluster_1774	3	BBS10	BBS7	STIL
cluster_1775	3	BBS10	DNAJC7	NPHP4
cluster_1776	3	BBX	RSBN1	ZNF653
cluster_1777	3	BCAN	SET	TRIM23
cluster_1778	3	BCAP29	PEX10	SCN3B
cluster_1779	3	BCAR1	BCAR3	SH2D3A
cluster_1780	3	BCAS3	C16orf70	ZBTB16
cluster_1781	3	BCAS4	BLOC1S3	NUDT15
cluster_1782	3	BCDIN3D	EYA2	SIX2
cluster_1783	3	BCDIN3D	MGST2	RELL2
cluster_1784	3	BCKDK	GCNT3	LGALS3BP
cluster_1785	3	BCL2	BCL2L11	RHPN2
cluster_1786	3	BCL2L12	KATNAL1	S100A6
cluster_1787	3	BCL2L13	CCS	SOD1
cluster_1788	3	BCL2L13	EFNA4	VPS54
cluster_1789	3	BCL2L14	BMP2	VHL
cluster_1790	3	BCL2L14	GATA2	TRAPPC4
cluster_1791	3	BCL6B	ERMN	SULT4A1
cluster_1792	3	BCL6B	SLC5A2	TUBA3C
cluster_1793	3	BCL9L	PYGO2	SH3PXD2B
cluster_1794	3	BEND3	DENND5A	PIWIL4
cluster_1795	3	BFAR	DPH3	SERGEF
cluster_1796	3	BFSP1	CCDC18	SCLT1
cluster_1797	3	BFSP2	CENPE	NEK2
cluster_1798	3	BFSP2	FRMD8	ZNF423
cluster_1799	3	BHLHE23	LUC7L	NOM1
cluster_1800	3	BHLHE23	OR51E2	S100A3
cluster_1801	3	BHMT	BHMT2	MREG
cluster_1802	3	BICD2	CAPN6	NEFL
cluster_1803	3	BIRC2	CASP7	CXCL1
cluster_1804	3	BIRC2	GPR107	ZFAND6
cluster_1805	3	BIRC6	DENND5A	OSBPL2
cluster_1806	3	BLK	CCL15	TAGAP
cluster_1807	3	BLK	DNAJC25	TLR3
cluster_1808	3	BLMH	IGFBP4	NUDT12
cluster_1809	3	BMP1	TLL1	TLL2
cluster_1810	3	BMP4	CDC25C	SUFU
cluster_1811	3	BMP8B	FEM1A	INTS10
cluster_1812	3	BMP8B	OS9	TLL2
cluster_1813	3	BMPR2	DES	SYNM
cluster_1814	3	BNC2	CHCHD10	CLPX
cluster_1815	3	BNIP3	BNIP3L	TMEM11
cluster_1816	3	BOD1	PLXDC2	ZCWPW1
cluster_1817	3	BPNT1	PPOX	TRADD
cluster_1818	3	BRAP	PRODH	SLC23A3
cluster_1819	3	BRAT1	INTS4	INTS9
cluster_1820	3	BRD3	FAM90A1	KDM5B
cluster_1821	3	BRD7	OR8B8	PBRM1
cluster_1822	3	BRF2	FIS1	ZFYVE26
cluster_1823	3	BROX	NFYA	PDXP
cluster_1824	3	BRPF3	ING5	KAT5
cluster_1825	3	BRWD3	LLGL2	PARD6G
cluster_1826	3	BSCL2	DERL1	IFRD1
cluster_1827	3	BSCL2	DNAJC14	YIPF6
cluster_1828	3	BSCL2	SLC33A1	SPTLC2
cluster_1829	3	BTBD1	BTBD2	C9orf78
cluster_1830	3	BTBD10	BUB3	KCTD20
cluster_1831	3	BTBD10	CUL3	KBTBD2
cluster_1832	3	BTBD6	SEC16A	SEC23B
cluster_1833	3	BTC	SYT13	ZDHHC6
cluster_1834	3	BTD	FBXO40	MYO1D
cluster_1835	3	BTF3L4	FMN1	NAPG
cluster_1836	3	BTK	GADD45G	MAP3K4
cluster_1837	3	BTLA	HDHD3	MTHFD2L
cluster_1838	3	BTN1A1	FABP3	NME5
cluster_1839	3	BTNL2	HTATIP2	OTOA
cluster_1840	3	BTNL2	IKBIP	MSR1
cluster_1841	3	BTNL8	CNNM2	OSBP2
cluster_1842	3	BVES	DCX	RGL4
cluster_1843	3	C10orf71	DYRK1B	SKOR1
cluster_1844	3	C10orf71	FNTB	GRIP1
cluster_1845	3	C10orf90	FHL5	PDLIM7
cluster_1846	3	C11orf1	DALRD3	LONP1
cluster_1847	3	C12orf43	CTCFL	DDX49
cluster_1848	3	C12orf49	SLC30A7	ST3GAL1
cluster_1849	3	C12orf57	PAK3	TAX1BP3
cluster_1850	3	C12orf65	MYLK2	TRIM49
cluster_1851	3	C15orf40	CALML3	MYO1C
cluster_1852	3	C15orf40	CLIC2	TXNDC17
cluster_1853	3	C16orf74	KLHL20	MAP3K13
cluster_1854	3	C16orf74	PAX9	ZER1
cluster_1855	3	C19orf44	GRIN3A	GRIN3B
cluster_1856	3	C19orf54	PHB	XIAP
cluster_1857	3	C1QB	DMWD	GPR3
cluster_1858	3	C1QB	FN1	MEPE
cluster_1859	3	C1QL1	P2RX2	PNLDC1
cluster_1860	3	C1QL3	CDC42SE2	TSC22D3
cluster_1861	3	C1QTNF2	SET	ZDBF2
cluster_1862	3	C1R	C1RL	C1S
cluster_1863	3	C1orf112	IPO13	LRRC25
cluster_1864	3	C1orf146	CDSN	OR2L13
cluster_1865	3	C1orf146	CENPE	LMO1
cluster_1866	3	C1orf146	TSC22D1	TSC22D4
cluster_1867	3	C1orf174	CDC37L1	STK35
cluster_1868	3	C1orf189	CCDC50	KIF20B
cluster_1869	3	C1orf189	IWS1	LSG1
cluster_1870	3	C1orf226	NOS1	NOS2
cluster_1871	3	C2	CD55	CHI3L1
cluster_1872	3	C20orf85	CCBE1	VASP
cluster_1873	3	C3orf14	DENND1B	SERPINA12
cluster_1874	3	C4A	CCL5	HOXA4
cluster_1875	3	C4BPB	PROS1	SLC25A15
cluster_1876	3	C5orf22	OSM	PQBP1
cluster_1877	3	C5orf22	WBP11	XAGE1A
cluster_1878	3	C6	LDB3	NPC2
cluster_1879	3	C6orf226	KLHDC8A	PEX7
cluster_1880	3	C6orf89	CHRNB2	CHST11
cluster_1881	3	C7	CCDC141	FABP6
cluster_1882	3	C8B	PAPSS2	TBX18
cluster_1883	3	C8G	EDEM2	SLC25A16
cluster_1884	3	C8G	SEC24B	SLC27A5
cluster_1885	3	C8orf33	GRWD1	RPL34
cluster_1886	3	C8orf82	ETFA	ETFB
cluster_1887	3	C9orf16	GRIN3B	TPD52L2
cluster_1888	3	C9orf72	SMCR8	WDR41
cluster_1889	3	C9orf78	CEP120	DONSON
cluster_1890	3	C9orf78	DDX3Y	ZC3H11A
cluster_1891	3	CA1	HBD	UPF3A
cluster_1892	3	CA10	PHYHIP	PPRC1
cluster_1893	3	CA12	CDHR1	TMEM30B
cluster_1894	3	CA5A	PAX4	PITRM1
cluster_1895	3	CA6	NPC2	TTR
cluster_1896	3	CA6	PLXNA2	PLXNA3
cluster_1897	3	CABLES1	CCNI	CDK5
cluster_1898	3	CABLES1	FIBP	GRAMD1C
cluster_1899	3	CABLES2	DLK1	SCAMP2
cluster_1900	3	CABP1	USP11	USP4
cluster_1901	3	CABP4	SPTA1	SPTB
cluster_1902	3	CACHD1	FAM131B	SLC25A15
cluster_1903	3	CACHD1	GXYLT1	SCGB2A2
cluster_1904	3	CACNA2D2	DEFB135	PLXNA3
cluster_1905	3	CACNG3	CDC20B	PLK1
cluster_1906	3	CACNG4	KCNJ6	LRRC1
cluster_1907	3	CACNG6	RNF121	SLC38A3
cluster_1908	3	CADM1	CDR2	SPPL2B
cluster_1909	3	CADM4	CD69	EPHB6
cluster_1910	3	CALB1	GRIPAP1	ZNF365
cluster_1911	3	CALCA	CALCB	GIP
cluster_1912	3	CALM1	IRX5	ITPKA
cluster_1913	3	CALML3	EHBP1	JOSD1
cluster_1914	3	CALR3	PNLIPRP1	TMEM132A
cluster_1915	3	CALU	IGF2	IGFBP2
cluster_1916	3	CAMK1	IL16	PTH1R
cluster_1917	3	CAMK1D	CAMK1G	GNRHR
cluster_1918	3	CAMK2A	PMFBP1	SNRK
cluster_1919	3	CAMK2D	SHISA6	UNG
cluster_1920	3	CAMKK1	IRGM	KIAA0355
cluster_1921	3	CAMKK2	MYL1	MYL4
cluster_1922	3	CAMSAP1	DNAL1	MFHAS1
cluster_1923	3	CAMSAP1	KIAA0753	MRFAP1L1
cluster_1924	3	CAMTA2	MRPL36	PSME3
cluster_1925	3	CAND1	ECHDC1	TMEM108
cluster_1926	3	CAND2	CD244	RNF213
cluster_1927	3	CAND2	GPR182	INTS12
cluster_1928	3	CAPG	GLTP	HCN1
cluster_1929	3	CAPN1	MAP4	TRIP12
cluster_1930	3	CAPN12	CPLX3	KIAA0753
cluster_1931	3	CAPN5	GRK4	STIP1
cluster_1932	3	CAPN7	PTGES3	TOP2B
cluster_1933	3	CAPNS1	HSPA13	TNF
cluster_1934	3	CAPSL	DLGAP5	DYDC2
cluster_1935	3	CARD10	CCDC122	FAM167A
cluster_1936	3	CARD10	GFOD1	RALGAPA2
cluster_1937	3	CARD9	PIGH	TLR3
cluster_1938	3	CARM1	GGCT	TICAM1
cluster_1939	3	CARS2	COCH	VIT
cluster_1940	3	CASP3	ROBO3	XIAP
cluster_1941	3	CASP8	CFLAR	PLIN5
cluster_1942	3	CASP8AP2	GCC1	SCOC
cluster_1943	3	CASQ2	MARK3	TSNARE1
cluster_1944	3	CASS4	MICAL1	TBCA
cluster_1945	3	CATSPER2	PPP3R2	RCAN1
cluster_1946	3	CBFA2T2	CBFA2T3	COASY
cluster_1947	3	CBL	CEACAM16	SH3KBP1
cluster_1948	3	CBLB	CRK	PLG
cluster_1949	3	CBWD1	EGLN1	MELK
cluster_1950	3	CBWD2	NSUN3	TCERG1
cluster_1951	3	CBX6	CBX8	GPR173
cluster_1952	3	CBY1	DZIP1	DZIP1L
cluster_1953	3	CC2D1B	DNAJC2	HSPA14
cluster_1954	3	CCAR1	TBC1D10B	ZYX
cluster_1955	3	CCDC112	KCNA4	UNC5B
cluster_1956	3	CCDC114	PCNT	TRPM4
cluster_1957	3	CCDC122	GOLGA1	SYCE1
cluster_1958	3	CCDC130	RCCD1	UBL3
cluster_1959	3	CCDC14	MAGEA1	SPAG1
cluster_1960	3	CCDC146	GMNN	PIF1
cluster_1961	3	CCDC146	NUAK1	RAB3IP
cluster_1962	3	CCDC50	FGF20	FGF9
cluster_1963	3	CCDC51	DSG1	DSP
cluster_1964	3	CCDC51	TGM3	TGM5
cluster_1965	3	CCDC65	GDF10	MYCBP2
cluster_1966	3	CCDC69	CLTCL1	GABRA1
cluster_1967	3	CCDC69	HINT2	TOP3A
cluster_1968	3	CCDC74A	FUCA2	MAN2B2
cluster_1969	3	CCDC8	FBL	RRP9
cluster_1970	3	CCDC88A	KCNE3	MERTK
cluster_1971	3	CCDC9	EIF4A3	USP9Y
cluster_1972	3	CCDC91	E2F5	GGA1
cluster_1973	3	CCDC91	GGT5	MVK
cluster_1974	3	CCKBR	PRKAG1	RFESD
cluster_1975	3	CCKBR	PXK	TMC6
cluster_1976	3	CCL14	DNLZ	PLA1A
cluster_1977	3	CCL15	COL6A1	COLEC11
cluster_1978	3	CCL16	GPD1L	SLAMF8
cluster_1979	3	CCL17	FKTN	HLA-DQA1
cluster_1980	3	CCL21	HBZ	PYCARD
cluster_1981	3	CCL22	GLS	GLS2
cluster_1982	3	CCL23	IDE	YTHDF3
cluster_1983	3	CCL25	CP	SNX27
cluster_1984	3	CCL26	GGPS1	RNASE3
cluster_1985	3	CCL3	FJX1	FLT1
cluster_1986	3	CCL3L1	CMC1	H6PD
cluster_1987	3	CCL4	EIF4G1	GCHFR
cluster_1988	3	CCNB1	NGB	WEE1
cluster_1989	3	CCNB3	CDK14	CDKN1B
cluster_1990	3	CCND1	CDKN2C	TCHH
cluster_1991	3	CCND2	CDKN1A	CDKN1C
cluster_1992	3	CCND3	CDK6	CDKN2B
cluster_1993	3	CCNF	CDC6	CDCP2
cluster_1994	3	CCNG1	PPP2R5C	PPP2R5D
cluster_1995	3	CCNG2	NME2	TRAIP
cluster_1996	3	CCNH	ERCC2	IL17D
cluster_1997	3	CCNK	CDK13	NEK3
cluster_1998	3	CCR1	PAG1	RPS27
cluster_1999	3	CCRL2	CST1	CST4
