cluster_0	5	CABP2	PRR20B	PRR20C	PRR20D	PRR20E
cluster_1	4	CAMK2B	CAMK2D	CAMK2G	TTC5
cluster_2	4	HNRNPCL1	HNRNPCL2	RALY	RALYL
cluster_3	3	ALAS1	JRK	UTP14C
cluster_4	3	APOBEC3C	PRR3	RBMY1J
cluster_5	3	APOBEC3C	RBMY1F	RBMY1J
cluster_6	3	ARHGEF28	CTAG1A	CTAG1B
cluster_7	3	ATP6V0D2	NICN1	RUSC1
cluster_8	3	CAMK2B	CAMK2D	CAMK2G
cluster_9	3	CAMK2B	CAMK2D	TTC5
cluster_10	3	CCHCR1	IQCC	PROSER3
cluster_11	3	CLIP4	MAP7	ZNF114
cluster_12	3	CRMP1	DPYSL2	DPYSL3
cluster_13	3	CTIF	DDX19B	MIF4GD
cluster_14	3	DPYSL2	DPYSL3	DPYSL5
cluster_15	3	EEF2KMT	HPRT1	PRTFDC1
cluster_16	3	FGF11	RPL22	STAC3
cluster_17	3	HBB	HBM	HBZ
cluster_18	3	KCTD10	KCTD13	TNFAIP1
cluster_19	3	KRTAP5-2	KRTAP5-4	KRTAP5-9
cluster_20	3	KRTAP6-1	KRTAP6-2	NAF1
cluster_21	3	LSM2	LSM6	PATL1
cluster_22	3	PACSIN1	PACSIN2	PACSIN3
cluster_23	3	PCYT1A	PCYT1B	VKORC1L1
cluster_24	3	PRKAA2	PRKAB1	PRKAG1
cluster_25	3	PRMT1	PRMT8	SYNCRIP
cluster_26	3	PSEN1	PSENEN	SLC10A6
cluster_27	3	PSMC3	PSMC6	PSMD9
cluster_28	3	PYGB	PYGL	PYGM
cluster_29	3	RBMY1A1	RBMY1F	RBMY1J
cluster_30	3	S100A1	S100A4	S100B
cluster_31	3	SMN1	SMN2	SNU13
cluster_32	3	STX10	STX1A	STX4
cluster_33	3	ZBTB26	ZBTB48	ZBTB6
cluster_34	3	ZKSCAN4	ZNF446	ZSCAN30
cluster_35	7	ANKHD1	PRR20B	PRR20C	PRR20D	PRR20E	SERF2	ZCCHC14
cluster_36	9	ANKHD1	MBNL3	PRR20A	PRR20B	PRR20C	PRR20D	PRR20E	RBM23	ZCCHC14
cluster_37	9	FOXP3	PRR20A	PRR20B	PRR20C	PRR20D	PRR20E	RBM42	SP4	ZNF683
cluster_38	9	HIVEP1	MBNL3	PRR20A	PRR20B	PRR20C	PRR20D	PRR20E	RBM42	ZCCHC14
cluster_39	4	ACTB	ACTG1	CFL1	DSTN
cluster_40	4	APOBEC3C	PPP1R37	RBMY1F	RBMY1J
cluster_41	4	CRMP1	DPYSL2	DPYSL3	DPYSL5
cluster_42	4	CTIF	DDX19A	DDX19B	MIF4GD
cluster_43	4	LCE1C	LCE2B	LCE3A	LCE5A
cluster_44	4	LSM2	LSM3	LSM5	LSM6
cluster_45	4	LSM2	LSM3	LSM6	LSM7
cluster_46	4	OCRL	PHETA1	PHETA2	PLEKHJ1
cluster_47	4	PGBD1	ZKSCAN4	ZKSCAN7	ZSCAN32
cluster_48	4	PRPS1	PRPS2	PRPSAP1	PRPSAP2
cluster_49	4	S100A1	S100A2	S100A4	S100B
cluster_50	4	SEPTIN1	SEPTIN11	SEPTIN12	SEPTIN5
cluster_51	4	STX10	STX1A	STX4	STX6
cluster_52	6	HNRNPC	HNRNPCL1	HNRNPCL2	RALY	RALYL	TIGD3
cluster_53	5	CAMK2B	CAMK2D	CAMK2G	DUS1L	TTC5
cluster_54	5	HNRNPCL1	HNRNPCL2	RALY	RALYL	TIGD3
cluster_55	8	ANKHD1	MBNL3	PRR20B	PRR20C	PRR20D	PRR20E	SERF2	TPRX1
cluster_56	11	ANKHD1	ESRP1	MBNL3	NOTCH3	PRR20A	PRR20B	PRR20C	PRR20D	PRR20E	RBM23	RBM42
cluster_57	11	ANKHD1	HLX	MBNL3	PRR20A	PRR20B	PRR20C	PRR20D	PRR20E	RBM23	RBM42	ZCCHC14
cluster_58	5	ACTB	ACTG1	CFL1	CFL2	DSTN
cluster_59	5	ALOX15B	ARHGEF28	CTAG1A	CTAG1B	STRA8
cluster_60	5	ALOX15B	CTAG1A	CTAG1B	REX1BD	STRA8
cluster_61	5	ARHGEF28	CTAG1A	CTAG1B	KIF26A	REX1BD
cluster_62	5	CATSPER1	KRTAP4-1	KRTAP4-4	KRTAP9-8	RGS20
cluster_63	5	CTAG1A	CTAG1B	CYTH4	KIF26A	REX1BD
cluster_64	5	HNRNPCL1	HNRNPCL2	RALY	RALYL	SKA2
cluster_65	5	LSM12	LSM2	LSM3	LSM6	PATL1
cluster_66	5	STX10	STX16	STX1A	STX4	STX6
cluster_67	12	ANKHD1	CELF4	MBNL3	NOTCH3	PRR20A	PRR20B	PRR20C	PRR20D	PRR20E	RBM23	RBM42	ZCCHC14
cluster_68	6	EFNA3	LCE1D	LCE1E	LCE2C	LCE3B	TGFB1
cluster_69	4	APOBEC3C	PRR3	RBMY1E	RBMY1J
cluster_70	4	AQP2	CLCA4	PANX1	SLC26A6
cluster_71	4	ATM	ESRRA	ESRRG	PPARGC1A
cluster_72	4	ATP1B3	CHST1	STOM	TMEM98
cluster_73	4	ATP1B3	KCNK1	STOM	TMEM98
cluster_74	4	ATP1B3	PEMT	STOM	TMEM98
cluster_75	4	ATP1B4	SGCB	SGCZ	SMIM3
cluster_76	4	BAD	BCL2L1	BCL2L2	G0S2
cluster_77	4	BIRC2	CASP9	PPM1K	XIAP
cluster_78	4	CAMK2B	CAMK2D	CAMK2G	CCM2L
cluster_79	4	CAMK2B	CAMK2D	DUS1L	TTC5
cluster_80	4	CAMK2D	CAMK2G	DUS1L	TTC5
cluster_81	4	CAMSAP1	PRKACA	PRKAR1A	PRKAR1B
cluster_82	4	CCHCR1	EXOC1	IQCC	PROSER3
cluster_83	4	CCHCR1	IQCC	PROSER3	RBM17
cluster_84	4	CCHCR1	IQCC	PROSER3	STARD4
cluster_85	4	CDS1	PSEN1	PSENEN	SLC10A6
cluster_86	4	CDX4	PRKAA2	PRKAB1	PRKAG1
cluster_87	4	CHMP6	SNF8	VPS25	VPS36
cluster_88	4	CLIP1	DHPS	EIF5A2	REL
cluster_89	4	CLIP4	MAP7	TPPP	ZNF114
cluster_90	4	CLK2	GTPBP2	SNRNP70	ZNF436
cluster_91	4	COBL	PACSIN1	PACSIN2	PACSIN3
cluster_92	4	CRCT1	LCE1E	LCE2C	LCE3B
cluster_93	4	DOLK	GALNT8	KCNA1	KCNA3
cluster_94	4	EMC7	FLT3LG	KRTAP5-2	KRTAP5-9
cluster_95	4	EPN1	EPN3	LITAF	RPS27A
cluster_96	4	FUCA2	KRTAP10-1	KRTAP4-12	ZNF664
cluster_97	4	GET3	KCNE5	PDIA6	PGRMC1
cluster_98	4	GSTM2	GSTM3	GSTM4	GSTM5
cluster_99	4	KRT20	KRT75	KRT76	NCDN
cluster_100	4	LRRC8E	NUTM1	SAMD4B	SH2D1B
cluster_101	4	LSM12	LSM2	LSM6	PATL1
cluster_102	4	MED8	PRKACA	PRKAR1A	PRKAR1B
cluster_103	4	MYO1B	SOHLH1	STH	SUOX
cluster_104	4	NEXN	ZSCAN22	ZSCAN23	ZSCAN9
cluster_105	4	NR1H2	NR1H4	RXRB	RXRG
cluster_106	4	NR1H3	NR1H4	RXRB	RXRG
cluster_107	4	PPP1R3B	PYGB	PYGL	PYGM
cluster_108	4	PRMT1	PRMT8	SPEG	SYNCRIP
cluster_109	4	RBM39	SAP18	SREK1	SRSF11
cluster_110	4	SEC23A	SEC23B	SEC23IP	SEC24D
cluster_111	3	ABCG4	LEPROT	TMEM50A
cluster_112	3	ABCG4	SYT9	TMEM50A
cluster_113	3	ABHD15	WTAP	ZNF239
cluster_114	3	ABHD16A	CYP1A2	FDPS
cluster_115	3	ABHD16A	LTA	PERP
cluster_116	3	ABHD4	AURKAIP1	REEP5
cluster_117	3	ABHD4	RABAC1	STIM1
cluster_118	3	ABHD5	GRIA4	PLIN2
cluster_119	3	ABHD6	LAMA4	RTP2
cluster_120	3	ABI1	EIF3H	RBM15
cluster_121	3	ABI2	EPS8L1	SNAP91
cluster_122	3	ABI3	BAIAP2L2	KIAA0408
cluster_123	3	ABLIM2	AHNAK2	ATP6V0A1
cluster_124	3	ABLIM2	AHNAK2	PRAP1
cluster_125	3	ABLIM3	KIZ	TFIP11
cluster_126	3	ABRAXAS2	DCUN1D1	GMPPA
cluster_127	3	ABTB1	EEF1A2	EEF1D
cluster_128	3	ACAA1	DNAJC27	TFCP2
cluster_129	3	ACACA	APOC1	MTCH2
cluster_130	3	ACACA	FGF14	MAOB
cluster_131	3	ACAD11	CD2BP2	ZNHIT2
cluster_132	3	ACADL	SULT4A1	TGM1
cluster_133	3	ACADVL	CALR	TAF1B
cluster_134	3	ACAP1	FCHSD2	SASS6
cluster_135	3	ACBD4	LMCD1	TEKT4
cluster_136	3	ACBD4	SOCS4	TEKT4
cluster_137	3	ACBD5	STX1B	VAMP1
cluster_138	3	ACBD6	NMT1	NMT2
cluster_139	3	ACMSD	GPSM3	IVD
cluster_140	3	ACOT11	GEMIN6	GEMIN7
cluster_141	3	ACOT12	ACOT7	UBXN1
cluster_142	3	ACOT7	IQSEC1	MAGEA3
cluster_143	3	ACOT8	ARRB1	PRDM16
cluster_144	3	ACSF2	ARMC12	SENP2
cluster_145	3	ACSF2	MICOS13	SENP2
cluster_146	3	ACSF3	MATN4	RAB28
cluster_147	3	ACSM1	APOA1	CMTM5
cluster_148	3	ACSM1	OSBPL3	RALGPS2
cluster_149	3	ACTG1	CDC37	NT5C1A
cluster_150	3	ACTG1	CFL1	DSTN
cluster_151	3	ACTL8	CERT1	CSNK1G2
cluster_152	3	ACTL8	CERT1	FTSJ1
cluster_153	3	ACTL9	QRICH1	SELENOV
cluster_154	3	ACTN2	BAD	HTR1B
cluster_155	3	ACTN2	BRMS1L	HTR1B
cluster_156	3	ACTN2	HTR1B	SNAI1
cluster_157	3	ACTN2	HTR1B	SYNPO2L
cluster_158	3	ACTN3	MICALL2	MYOT
cluster_159	3	ACTN3	MYOT	PCCB
cluster_160	3	ACTN3	MYOT	SOHLH1
cluster_161	3	ACTN3	PCCB	SYNPO2L
cluster_162	3	ACTR5	PPL	ZSCAN1
cluster_163	3	ACY1	ARMC5	PRR35
cluster_164	3	ACY1	FMNL3	NUDT1
cluster_165	3	ACY1	FRYL	PRR35
cluster_166	3	ACY3	ARF5	ASPA
cluster_167	3	ACY3	ASPA	PMM2
cluster_168	3	ADAM12	CCN4	OTX1
cluster_169	3	ADAM15	ATXN1	DAZ2
cluster_170	3	ADAM15	ODAM	SNX33
cluster_171	3	ADAM21	CNR2	MUC15
cluster_172	3	ADAM21	CNR2	RFT1
cluster_173	3	ADAM33	CD3E	STOML3
cluster_174	3	ADAM33	CLDN2	STOML3
cluster_175	3	ADAM33	SEC11A	STOML3
cluster_176	3	ADAM33	SLC4A1	STOML3
cluster_177	3	ADAMTS12	RGMA	TP53BP2
cluster_178	3	ADAMTSL5	FHL5	KIR2DL4
cluster_179	3	ADAT2	SCHIP1	SMARCD1
cluster_180	3	ADAT2	SMARCD1	ZNF629
cluster_181	3	ADAT3	CUTA	FBLIM1
cluster_182	3	ADCY4	AHCY	C1orf50
cluster_183	3	ADCY4	GATA5	PPARG
cluster_184	3	ADGRA2	CCNDBP1	TCEAL1
cluster_185	3	ADGRB3	APP	MUC1
cluster_186	3	ADGRB3	NUCB2	SLC7A1
cluster_187	3	ADGRG3	ATP6V0B	SLC2A5
cluster_188	3	ADI1	APPL1	APPL2
cluster_189	3	ADI1	APPL1	RAB5A
cluster_190	3	ADIPOQ	FASN	PROKR2
cluster_191	3	ADIPOR1	NOX1	TBXA2R
cluster_192	3	ADO	DISC1	PPFIA3
cluster_193	3	ADORA2A	HAS3	SYNGR1
cluster_194	3	AEBP2	ZNF317	ZNF408
cluster_195	3	AEN	ZNF317	ZNF408
cluster_196	3	AFMID	DNTT	MEI4
cluster_197	3	AGAP1	CNTROB	RSPH14
cluster_198	3	AGAP1	JUP	RSPH14
cluster_199	3	AGBL2	NDUFB2	NDUFB7
cluster_200	3	AGBL2	NDUFB7	STRA6
cluster_201	3	AGER	B3GAT1	CMTM7
cluster_202	3	AGPAT5	PSCA	SLC16A4
cluster_203	3	AGR2	C3	CD34
cluster_204	3	AGR2	CDKN2AIPNL	CPNE6
cluster_205	3	AGR3	CD46	ERLIN1
cluster_206	3	AGRN	ARHGEF16	MAGED1
cluster_207	3	AGRN	ATXN2L	BOLL
cluster_208	3	AGTRAP	ATP5F1E	CELA3A
cluster_209	3	AGTRAP	CELA3A	ETFRF1
cluster_210	3	AGTRAP	POLDIP2	PPIF
cluster_211	3	AGXT	BATF3	RFX6
cluster_212	3	AHCY	C1orf50	LRP2BP
cluster_213	3	AHCYL1	PLEKHG5	SLC23A1
cluster_214	3	AIM2	ANP32B	DNTTIP1
cluster_215	3	AIMP1	RARS1	ZNF521
cluster_216	3	AIMP2	DARS1	KARS1
cluster_217	3	AIPL1	SMAP1	SMAP2
cluster_218	3	AJUBA	TFAP4	ZNF541
cluster_219	3	AK3	ALG10	FBLN1
cluster_220	3	AK8	CNTF	NDUFAB1
cluster_221	3	AK8	CNTF	RDM1
cluster_222	3	AKAP14	AKAP7	PRKAR2A
cluster_223	3	AKAP17A	DPPA2	UBE2I
cluster_224	3	AKAP17A	FGF10	THAP1
cluster_225	3	AKAP9	GLIS2	GPSM1
cluster_226	3	AKIRIN2	CA8	HSD17B14
cluster_227	3	AKR1C1	PTPN3	WDR6
cluster_228	3	AKT1	RNF114	XAF1
cluster_229	3	AKT2	SH3RF1	SLC22A5
cluster_230	3	AKTIP	ANKRD23	HOOK1
cluster_231	3	ALAS1	COBL	TMSB10
cluster_232	3	ALAS1	FBXL8	RNF168
cluster_233	3	ALAS1	MTSS2	TMSB10
cluster_234	3	ALDH16A1	DERA	HSF2
cluster_235	3	ALDH18A1	AOC3	DARS2
cluster_236	3	ALDH18A1	COQ9	GALNT2
cluster_237	3	ALDH18A1	DARS2	FETUB
cluster_238	3	ALDH3B1	KRTAP12-3	PDGFRB
cluster_239	3	ALDH3B1	KRTAP3-3	MRPL23
cluster_240	3	ALG13	BAG4	FTH1
cluster_241	3	ALG13	ISX	ROR2
cluster_242	3	ALG3	MMD2	SSMEM1
cluster_243	3	ALG3	SERP1	TNFRSF9
cluster_244	3	ALG8	CANT1	CLRN1
cluster_245	3	ALG8	CYB5R3	VMP1
cluster_246	3	ALG8	RHOT2	SAR1A
cluster_247	3	ALKBH4	DTX2	MVP
cluster_248	3	ALKBH4	MLLT3	TXNL4B
cluster_249	3	ALKBH7	B9D2	CENPN
cluster_250	3	ALKBH7	CENPN	KIAA1217
cluster_251	3	ALKBH8	CDC14B	MFAP1
cluster_252	3	ALOX15B	GRAP	TRIM21
cluster_253	3	ALOX5	HSD17B1	LCN1
cluster_254	3	ALOX5	LCN1	OOEP
cluster_255	3	ALOX5AP	PLPP5	SLC29A2
cluster_256	3	ALOXE3	IL10	YY1
cluster_257	3	ALS2CL	RAB22A	RAB5C
cluster_258	3	ALS2CL	RAB31	RAB5C
cluster_259	3	ALX4	CDHR3	PARVG
cluster_260	3	ALX4	PARVG	TRIB2
cluster_261	3	AMELY	CNIH2	HIBADH
cluster_262	3	AMIGO1	BNIP3	BNIP3L
cluster_263	3	AMMECR1	CALCOCO2	CELA2B
cluster_264	3	AMMECR1	CALCOCO2	SETD5
cluster_265	3	AMMECR1	DOK7	EFEMP2
cluster_266	3	AMMECR1	EFEMP2	RNF138
cluster_267	3	AMOT	NF2	PTPA
cluster_268	3	AMOT	PBLD	PTPN14
cluster_269	3	AMOTL2	FCRL5	NF2
cluster_270	3	AMPD1	AMPD2	AMPD3
cluster_271	3	AMPH	C16orf74	PPP3CA
cluster_272	3	AMTN	APBB1IP	BAG6
cluster_273	3	ANAPC13	CDC23	DCLK1
cluster_274	3	ANAPC13	CDC23	FOXN1
cluster_275	3	ANAPC13	CDC23	GTPBP8
cluster_276	3	ANAPC2	FAM199X	WDR5
cluster_277	3	ANK1	BEST2	FXYD3
cluster_278	3	ANK1	CD99L2	SLC30A8
cluster_279	3	ANK1	JPH1	STRIT1
cluster_280	3	ANK3	NAB2	TGIF2LY
cluster_281	3	ANKHD1	KRTAP15-1	NEU4
cluster_282	3	ANKHD1	LENG8	PCID2
cluster_283	3	ANKK1	C12orf57	INSL3
cluster_284	3	ANKRD1	MTHFD2	NAGK
cluster_285	3	ANKRD11	BRCC3	DEPTOR
cluster_286	3	ANKRD11	BRCC3	USP6
cluster_287	3	ANKRD11	DEPTOR	RSPO4
cluster_288	3	ANKRD13D	MAML3	NID2
cluster_289	3	ANKRD2	MAPK6	MAPKAPK5
cluster_290	3	ANKRD28	KCNV2	PTRH1
cluster_291	3	ANKRD29	CRACR2A	FERMT3
cluster_292	3	ANKRD29	FERMT3	HLCS
cluster_293	3	ANKRD37	ANKRD50	HIF1AN
cluster_294	3	ANKRD40	RFC3	RFC4
cluster_295	3	ANKS1A	DAB2IP	USP7
cluster_296	3	ANXA1	LNPK	NOC4L
cluster_297	3	ANXA10	DCP1B	EDC3
cluster_298	3	ANXA11	ARSA	CCDC22
cluster_299	3	ANXA11	CEP55	PLEKHG6
cluster_300	3	ANXA11	FUBP1	PRPF40B
cluster_301	3	ANXA6	CAMK1	IL16
cluster_302	3	AOC3	CLDN9	EXTL1
cluster_303	3	AP1AR	ATCAY	KLC1
cluster_304	3	AP1M1	ARL6IP4	EVI5L
cluster_305	3	AP1M1	BCAR3	MEA1
cluster_306	3	AP1M1	CASP8	ZNF276
cluster_307	3	AP1M1	MEA1	NKAP
cluster_308	3	AP2B1	COL3A1	NEU4
cluster_309	3	AP2M1	H2BC21	PTS
cluster_310	3	AP2M1	KNOP1	PTS
cluster_311	3	AP3M1	SIPA1L2	SLC12A4
cluster_312	3	AP3M1	SIPA1L2	SPAG16
cluster_313	3	AP3M1	SLC12A4	TMEM102
cluster_314	3	AP5Z1	NUP93	OPCML
cluster_315	3	APBB1IP	BAG6	DMKN
cluster_316	3	APBB1IP	BAG6	UBL4B
cluster_317	3	APEX2	HOXD12	MKRN3
cluster_318	3	APEX2	MKRN3	MYOZ2
cluster_319	3	APEX2	MKRN3	RIBC1
cluster_320	3	APEX2	MKRN3	TXNDC11
cluster_321	3	APH1A	ATRAID	MPP1
cluster_322	3	APH1B	AVPR2	FXYD6-FXYD2
cluster_323	3	APH1B	FXYD6-FXYD2	SLC19A3
cluster_324	3	APIP	BAZ2B	BIVM
cluster_325	3	APIP	BAZ2B	RASGEF1B
cluster_326	3	APIP	BAZ2B	SEPTIN2
cluster_327	3	APLNR	GJB2	MS4A6E
cluster_328	3	APOA1	CAPNS2	CMTM5
cluster_329	3	APOA1	CMTM5	TMF1
cluster_330	3	APOA4	CMTM4	SSX3
cluster_331	3	APOBEC1	EIPR1	NOTO
cluster_332	3	APOBEC3A	CHMP3	STAMBP
cluster_333	3	APOBEC3B	BNIP2	FAHD1
cluster_334	3	APOBEC3B	BNIP2	FRK
cluster_335	3	APOBEC3C	PRR19	TRIB3
cluster_336	3	APOC1	LETMD1	MICOS13
cluster_337	3	APOC1	MTCH2	SIRPB1
cluster_338	3	APOC2	NDUFA7	TTPA
cluster_339	3	APOC4	IFI27	MICOS10
cluster_340	3	APOC4	LETMD1	PORCN
cluster_341	3	APOC4	MICOS10	TBC1D20
cluster_342	3	APOL6	CCN3	RGS13
cluster_343	3	APOL6	FNTA	FNTB
cluster_344	3	APP	MUC1	RHD
cluster_345	3	APPL1	APPL2	RAB5A
cluster_346	3	APPL1	RAB5A	UBE2O
cluster_347	3	APRT	COA6	TTC19
cluster_348	3	APRT	MLN	TTC19
cluster_349	3	APTX	CRABP2	FLAD1
cluster_350	3	AQP1	IL21R	TMEM38B
cluster_351	3	AQP1	TMEM38B	ZNF16
cluster_352	3	AQP3	ERG28	SLC26A6
cluster_353	3	AQP7	CLCN7	KCNN3
cluster_354	3	AQP7	COMT	SLC48A1
cluster_355	3	AQP8	BTN2A1	PLPP6
cluster_356	3	AQP8	SLC1A3	TMEM120B
cluster_357	3	AQP8	STX12	STXBP5L
cluster_358	3	AQP9	TF	TMEM109
cluster_359	3	ARCN1	COPB1	GTPBP4
cluster_360	3	ARCN1	COPB1	TRIM37
cluster_361	3	ARF4	COPS3	COPS8
cluster_362	3	ARFGAP1	GABARAPL2	LZTR1
cluster_363	3	ARFGAP3	PPIF	SYPL1
cluster_364	3	ARHGAP1	SH3GL1	SOCS1
cluster_365	3	ARHGAP12	WASL	WIPF2
cluster_366	3	ARHGAP17	NKX2-5	TRIP10
cluster_367	3	ARHGAP22	DEF6	RAPGEF4
cluster_368	3	ARHGAP22	DEF6	SAP18
cluster_369	3	ARHGAP32	KHK	LHX2
cluster_370	3	ARHGAP32	LHX2	OSMR
cluster_371	3	ARHGAP32	LHX2	ZFP42
cluster_372	3	ARHGAP8	CYGB	PRR5-ARHGAP8
cluster_373	3	ARHGAP9	CEP72	NME7
cluster_374	3	ARHGAP9	RUNX1T1	SYCE1
cluster_375	3	ARHGAP9	RUNX1T1	ZFP36
cluster_376	3	ARHGDIG	FUCA1	MED10
cluster_377	3	ARHGDIG	KIZ	TACC3
cluster_378	3	ARHGEF10	FHL3	KIRREL2
cluster_379	3	ARHGEF16	DOK6	LASP1
cluster_380	3	ARHGEF16	LASP1	RNF38
cluster_381	3	ARHGEF17	ATG9B	OTX1
cluster_382	3	ARHGEF2	RHOA	RIPOR2
cluster_383	3	ARHGEF3	PCLAF	TERF1
cluster_384	3	ARHGEF5	HSPBAP1	TBC1D13
cluster_385	3	ARHGEF9	LHX8	TBC1D22B
cluster_386	3	ARHGEF9	RASGEF1B	TSGA10IP
cluster_387	3	ARIH2	BUB1	UBE2L6
cluster_388	3	ARIH2	BUB1	UGP2
cluster_389	3	ARL13B	CD151	SEMA4G
cluster_390	3	ARL13B	CLEC4G	MUCL1
cluster_391	3	ARL13B	MUCL1	SPN
cluster_392	3	ARL15	ARL16	PDE6D
cluster_393	3	ARL15	ARL3	PDE6D
cluster_394	3	ARL2	ARL2BP	ARL3
cluster_395	3	ARL4A	EVI5	REP15
cluster_396	3	ARL6IP1	SNX12	SNX8
cluster_397	3	ARL6IP4	NKAPL	SREK1
cluster_398	3	ARL8B	CD99L2	SLC30A8
cluster_399	3	ARMC1	NRSN1	RNF24
cluster_400	3	ARMC5	FRYL	PRR35
cluster_401	3	ARMC7	PNMA6A	SYF2
cluster_402	3	ARMC7	RRP7A	SYF2
cluster_403	3	ARMC7	SYF2	VPS37D
cluster_404	3	ARMC8	GID8	RMND5A
cluster_405	3	ARMC8	MTERF2	STX6
cluster_406	3	ARNT2	DTX2	FCRL4
cluster_407	3	ARNT2	HDAC5	LMO2
cluster_408	3	ARPC3	CCR10	LATS1
cluster_409	3	ARPC3	HOXA3	LATS1
cluster_410	3	ARPC3	HOXA3	SYBU
cluster_411	3	ARPC4	ARPC5L	METTL21A
cluster_412	3	ARPP19	FCF1	SPDYC
cluster_413	3	ARR3	MARCHF8	VAMP2
cluster_414	3	ARRB2	MAPK9	RASL10B
cluster_415	3	ARRDC3	CCDC50	NEDD4L
cluster_416	3	ARRDC3	NEDD4L	UBA52
cluster_417	3	ARRDC3	RACK1	TMEM131
cluster_418	3	ARSA	FOXI1	WDR25
cluster_419	3	ART5	PGRMC2	SLC9B2
cluster_420	3	ART5	PGRMC2	ZDHHC21
cluster_421	3	ASAP3	SZT2	TEPSIN
cluster_422	3	ASB3	CCNO	TLE5
cluster_423	3	ASB3	ENKD1	SNRNP48
cluster_424	3	ASB6	CHRNB1	POLR2A
cluster_425	3	ASB7	HIF1AN	ZFAND2B
cluster_426	3	ASB9	CKB	CKM
cluster_427	3	ASCC1	HEMGN	TRAF3
cluster_428	3	ASCC1	MAP3K14	TRAF3
cluster_429	3	ASCC2	CSRNP1	PRPF18
cluster_430	3	ASCC2	KATNAL1	KLC4
cluster_431	3	ASCL1	CCNL2	USP20
cluster_432	3	ASCL1	EPAS1	USP20
cluster_433	3	ASCL3	TCF3	TWIST2
cluster_434	3	ASF1A	H4C6	MCM2
cluster_435	3	ASIC1	MGST2	TMEM207
cluster_436	3	ASL	CSNK1E	TRIM3
cluster_437	3	ASL	MCM7	MCMBP
cluster_438	3	ASMTL	NMNAT1	TDO2
cluster_439	3	ASMTL	NR1D1	TDO2
cluster_440	3	ASNS	ATP5MC1	TRIM69
cluster_441	3	ASNS	FKBP1B	TRIM69
cluster_442	3	ASPG	CEACAM6	EXOC3L1
cluster_443	3	ASPG	CEACAM6	MSS51
cluster_444	3	ASPH	DHRSX	LRPAP1
cluster_445	3	ASPSCR1	CACTIN	CLK2
cluster_446	3	ASPSCR1	UBOX5	VCP
cluster_447	3	ASPSCR1	UBXN2A	VCP
cluster_448	3	ATCAY	KLC1	MAPK8IP3
cluster_449	3	ATF4	BTRC	JDP2
cluster_450	3	ATF4	CEBPG	JDP2
cluster_451	3	ATF5	CEBPG	PFDN6
cluster_452	3	ATF5	EIF2B1	RD3
cluster_453	3	ATF7IP2	MED4	SSX3
cluster_454	3	ATG10	ATG5	TECPR1
cluster_455	3	ATG12	ATG3	IER2
cluster_456	3	ATG12	ATG3	MOB2
cluster_457	3	ATG14	BECN1	UVRAG
cluster_458	3	ATG16L1	RAB33A	RAB33B
cluster_459	3	ATG16L1	RAB33A	RUFY2
cluster_460	3	ATG16L1	RAB33B	RUFY2
cluster_461	3	ATG3	MOB2	STK38L
cluster_462	3	ATG4A	CREB3L2	GABARAPL1
cluster_463	3	ATG4A	GABARAPL1	NFIA
cluster_464	3	ATG4A	GABARAPL1	RCN2
cluster_465	3	ATG4A	GABARAPL1	STRN3
cluster_466	3	ATG4B	MAP1LC3A	MAP1LC3B
cluster_467	3	ATN1	ETNK2	RBM14
cluster_468	3	ATN1	OLIG3	RBM14
cluster_469	3	ATP13A1	KMT2E	SYPL2
cluster_470	3	ATP1A4	RIC8A	SLC2A13
cluster_471	3	ATP1B3	CHST1	STOM
cluster_472	3	ATP1B4	KDELR3	TSPAN2
cluster_473	3	ATP4B	GPR42	GYPC
cluster_474	3	ATP4B	GPR42	TMEM30B
cluster_475	3	ATP5F1B	ATPAF2	LGALS9B
cluster_476	3	ATP5F1D	GATC	SRSF11
cluster_477	3	ATP5IF1	KIF9	PRICKLE1
cluster_478	3	ATP5PO	TBC1D10A	TEX13A
cluster_479	3	ATP6V0B	NIPAL3	VMA21
cluster_480	3	ATP6V0C	CLEC14A	NIPAL3
cluster_481	3	ATP6V0C	CLEC14A	PI16
cluster_482	3	ATP6V0C	DNAJC1	PI16
cluster_483	3	ATP6V0C	NIPAL3	PI16
cluster_484	3	ATP6V1C2	ETNK2	KRTAP12-2
cluster_485	3	ATP6V1D	PKN3	VPS52
cluster_486	3	ATP6V1E2	ATP6V1G1	ATP6V1G2
cluster_487	3	ATP6V1H	SNPH	SPATA2
cluster_488	3	ATRAID	MPP1	PAQR8
cluster_489	3	ATXN1	CUTC	EXTL3
cluster_490	3	ATXN1	DAZ2	SOX3
cluster_491	3	ATXN1	PICALM	SYBU
cluster_492	3	ATXN2L	BOLL	KRTAP19-3
cluster_493	3	ATXN3	RAD23A	UIMC1
cluster_494	3	ATXN7L1	SOX14	VENTX
cluster_495	3	AUNIP	NXF1	SYCP3
cluster_496	3	AUNIP	NXF1	TBC1D14
cluster_497	3	AURKAIP1	DEFB127	PIANP
cluster_498	3	AURKC	BIRC7	BOLA1
cluster_499	3	AURKC	BIRC7	LCOR
cluster_500	3	AURKC	OTX2	RTCA
cluster_501	3	AURKC	OTX2	ZNHIT1
cluster_502	3	AUTS2	DALRD3	KRTAP6-3
cluster_503	3	AUTS2	KRTAP6-3	NODAL
cluster_504	3	AVPR2	SLC23A2	SLC41A1
cluster_505	3	AVPR2	SLC41A1	SYPL2
cluster_506	3	AXIN2	BARD1	CTAG2
cluster_507	3	AZIN1	AZIN2	OAZ3
cluster_508	3	AZIN2	OAZ3	ODC1
cluster_509	3	B3GALT5	DEFB103A	DEFB103B
cluster_510	3	B3GNT5	DCDC2	DYNC2LI1
cluster_511	3	B4GALNT2	BSCL2	FAM20B
cluster_512	3	B4GALNT2	BSCL2	USE1
cluster_513	3	B4GALNT2	HNF1B	OTX2
cluster_514	3	B4GALT1	OR10G4	RPL12
cluster_515	3	B4GALT7	RABGGTA	RABGGTB
cluster_516	3	BAALC	NAA10	PPP2R3B
cluster_517	3	BAALC	NAA11	TOM1
cluster_518	3	BACH2	CTSZ	SLC43A1
cluster_519	3	BACH2	ENPP7	SLC43A1
cluster_520	3	BACH2	FOSL2	MAFG
cluster_521	3	BACH2	INSYN2A	SLC43A1
cluster_522	3	BAD	BCL2L1	GNLY
cluster_523	3	BAG1	PSMD2	UBLCP1
cluster_524	3	BAG2	DISC1	SMC5
cluster_525	3	BAG3	DNM2	HSPB8
cluster_526	3	BAG3	EGR4	HSPB8
cluster_527	3	BAG3	GLIS3	HSPB8
cluster_528	3	BAG3	HSPB2	HSPB7
cluster_529	3	BAG3	HSPB7	NIBAN3
cluster_530	3	BAG4	BCL6B	FTH1
cluster_531	3	BAG4	FTH1	HSPA1B
cluster_532	3	BAIAP2	HOXD8	TBX5
cluster_533	3	BAK1	BCL2A1	MCL1
cluster_534	3	BAMBI	CLEC4E	NKG7
cluster_535	3	BAMBI	NKG7	RAMP1
cluster_536	3	BANF1	BANF2	DNAAF4
cluster_537	3	BANF1	BANF2	SERTAD1
cluster_538	3	BANP	RHNO1	TAF6
cluster_539	3	BARD1	ESCO2	RABEP1
cluster_540	3	BARD1	KIFC3	KRT6A
cluster_541	3	BARD1	KIFC3	KRT6C
cluster_542	3	BBC3	CNTF	NDUFAB1
cluster_543	3	BCAP31	IFNA2	TIMMDC1
cluster_544	3	BCAP31	NINJ1	TIMMDC1
cluster_545	3	BCAS2	CCDC17	IFI35
cluster_546	3	BCAS2	CCDC17	MED29
cluster_547	3	BCAS4	BEND3	DPY30
cluster_548	3	BCAT1	ENKD1	GRHL3
cluster_549	3	BCCIP	MRPS9	RPL23
cluster_550	3	BCL11A	MORF4L2	MRGBP
cluster_551	3	BCL2	BIK	SLC37A4
cluster_552	3	BCL2L1	G0S2	GNLY
cluster_553	3	BCL2L13	GALNT2	SPOCK1
cluster_554	3	BCL2L2-PABPN1	BMF	MCL1
cluster_555	3	BCL6B	IMP4	ZBTB7B
cluster_556	3	BCL7B	IQSEC1	MAGEA3
cluster_557	3	BEND5	LMO3	TUFT1
cluster_558	3	BEST1	FXYD6-FXYD2	SLC2A13
cluster_559	3	BEST2	CYB561	SLC19A3
cluster_560	3	BEX1	KLHL20	SLC13A5
cluster_561	3	BEX1	OTP	TPGS2
cluster_562	3	BEX5	COPS7B	PACRGL
cluster_563	3	BEX5	ING3	PACRGL
cluster_564	3	BFAR	KRIT1	UBE2K
cluster_565	3	BFSP1	NUP62	NUP88
cluster_566	3	BHLHA9	PNMA6A	RNF125
cluster_567	3	BICD2	CBR3	ZNF624
cluster_568	3	BICD2	RAB6B	ZNF624
cluster_569	3	BIN3	GINS2	GINS4
cluster_570	3	BIN3	NEK8	TRIM69
cluster_571	3	BIRC2	BOLA1	CASP9
cluster_572	3	BIRC2	CASP9	XIAP
cluster_573	3	BIRC5	LAMTOR4	LAMTOR5
cluster_574	3	BIVM	L3MBTL2	PHF10
cluster_575	3	BLCAP	LEMD1	LRAT
cluster_576	3	BLK	CRKL	JAKMIP1
cluster_577	3	BLK	CRKL	SH2D1B
cluster_578	3	BLK	JAKMIP1	STAP2
cluster_579	3	BLOC1S1	DCTN2	GADD45A
cluster_580	3	BLOC1S5	BRK1	HSBP1
cluster_581	3	BLOC1S5	HMGB2	PKNOX1
cluster_582	3	BLOC1S6	MLPH	TRAK1
cluster_583	3	BLZF1	RAB2B	RAB39A
cluster_584	3	BMI1	PCGF1	RNF2
cluster_585	3	BMP10	DEXI	FCRL4
cluster_586	3	BMP10	KIR3DL1	TNFSF8
cluster_587	3	BMX	CWC22	PTPN21
cluster_588	3	BMX	STAT3	SYK
cluster_589	3	BNC2	LMO1	UFSP2
cluster_590	3	BNC2	LMO1	UTP14A
cluster_591	3	BNC2	LMO1	ZNF354C
cluster_592	3	BNIP2	EI24	FRK
cluster_593	3	BNIP3	BNIP3L	SLC31A2
cluster_594	3	BNIP3	SLC31A2	SLC6A17
cluster_595	3	BOLA1	GLRX3	MOXD1
cluster_596	3	BOLA1	GLRX3	STRA6
cluster_597	3	BOLA2	BOLA2B	TK1
cluster_598	3	BOLA2-SMG1P6	DTX2	SEPSECS
cluster_599	3	BOLA2B	SLITRK5	TK1
cluster_600	3	BOLL	CBX2	RBFOX2
cluster_601	3	BORCS8	SCAF8	TEX11
cluster_602	3	BPGM	DYNC1LI1	PGAM2
cluster_603	3	BPGM	KATNAL1	PGAM2
cluster_604	3	BPIFA1	CSKMT	ELK3
cluster_605	3	BPIFA1	KIR2DL4	NPAS2
cluster_606	3	BPIFA1	KIR2DL4	SIRPB1
cluster_607	3	BPIFA2	CD160	CMTM6
cluster_608	3	BPIFA2	CMTM6	TMED8
cluster_609	3	BRAP	FRS2	YJU2
cluster_610	3	BRAP	JADE1	YJU2
cluster_611	3	BRAT1	COPS7B	NMI
cluster_612	3	BRAT1	HDDC3	NMI
cluster_613	3	BRAT1	NMI	TUBA3E
cluster_614	3	BRD3	ESR2	KPNA3
cluster_615	3	BRD3	KPNA3	UVSSA
cluster_616	3	BRIP1	HSD17B14	OTUD3
cluster_617	3	BRK1	NDEL1	ZNF12
cluster_618	3	BRK1	NDEL1	ZNF3
cluster_619	3	BRPF3	TSG101	VPS37A
cluster_620	3	BRSK2	IRAK3	TRAF6
cluster_621	3	BTBD1	PSMC2	PSMD5
cluster_622	3	BTBD6	CUL3	SHKBP1
cluster_623	3	BTF3	NAA40	NMT2
cluster_624	3	BTF3L4	HYPK	TXLNA
cluster_625	3	BTF3L4	NSMCE2	TXLNA
cluster_626	3	BTG1	FADD	TRADD
cluster_627	3	BTG2	CNOT6L	CNOT7
cluster_628	3	BTG2	CNOT7	TOB2
cluster_629	3	BTN2A1	IL13RA2	PLPP6
cluster_630	3	BTN2A1	NSG1	PLPP2
cluster_631	3	BTNL8	HHLA2	PGA4
cluster_632	3	BTNL8	IFNGR2	SLC52A1
cluster_633	3	BUD13	GPKOW	TCEA1
cluster_634	3	BUD23	METTL5	TRMT112
cluster_635	3	BUD23	THUMPD3	TRMT112
cluster_636	3	BUD31	KRTAP10-7	PRM2
cluster_637	3	BYSL	EAPP	LTV1
cluster_638	3	BYSL	EAPP	MCIDAS
cluster_639	3	BYSL	EAPP	PRICKLE1
cluster_640	3	BYSL	EAPP	TRAK1
cluster_641	3	BYSL	EAPP	ZMAT5
cluster_642	3	BYSL	LTV1	TRIM55
cluster_643	3	BYSL	MCIDAS	TRAK1
cluster_644	3	C11orf68	EIF4H	MTCL1
cluster_645	3	C14orf39	TEAD2	VGLL4
cluster_646	3	C14orf39	TEAD2	YAP1
cluster_647	3	C16orf54	CLDN11	ZP3
cluster_648	3	C16orf54	KCNC1	LPAR3
cluster_649	3	C16orf74	FAM167A	PPP3CA
cluster_650	3	C16orf74	PLAC8	PPP3CA
cluster_651	3	C16orf87	MAGEA12	NANOS2
cluster_652	3	C16orf87	MAGEA12	NPPA
cluster_653	3	C17orf75	COPS3	COPS8
cluster_654	3	C1D	SH3GLB1	SIN3A
cluster_655	3	C1D	SH3GLB1	TPD52L2
cluster_656	3	C1QTNF2	MTX2	TIMM8A
cluster_657	3	C1QTNF5	DEFB118	GUCA1A
cluster_658	3	C1orf116	HOMER1	SHANK2
cluster_659	3	C1orf116	HOMER3	LRRC7
cluster_660	3	C1orf174	CTDSPL2	PDIK1L
cluster_661	3	C2	CHST1	STOM
cluster_662	3	C2	EBP	LPCAT2
cluster_663	3	C2	IFITM2	SLC10A1
cluster_664	3	C2	PRSS23	SEC11C
cluster_665	3	C5orf22	ELOF1	WBP11
cluster_666	3	C6orf15	HEY1	YTHDF1
cluster_667	3	C8A	CPT1B	GOLT1A
cluster_668	3	C8orf33	IMP3	MCC
cluster_669	3	C8orf33	NACC1	POLR2L
cluster_670	3	C9orf72	SMCR8	SYN3
cluster_671	3	CA8	HSD17B14	PGLYRP3
cluster_672	3	CA8	HSD17B14	TBC1D22B
cluster_673	3	CA9	CSRP1	REEP1
cluster_674	3	CA9	GLRX3	NTF4
cluster_675	3	CAB39	MED7	STK24
cluster_676	3	CAB39	SHMT2	STK24
cluster_677	3	CACNA1S	CCDC106	KBTBD7
cluster_678	3	CACNB3	GEM	SNAP91
cluster_679	3	CACNB4	DRC7	EFHC2
cluster_680	3	CACNG1	CPLX4	DEFB127
cluster_681	3	CACNG2	WAS	WIPF1
cluster_682	3	CACNG7	SGCG	SPACA1
cluster_683	3	CADPS	TENT2	ZFC3H1
cluster_684	3	CAGE1	DTNBP1	NECAB2
cluster_685	3	CAGE1	KLC4	NECAB2
cluster_686	3	CAGE1	MPPED2	POMP
cluster_687	3	CALCOCO2	CELA2B	SETD5
cluster_688	3	CALCOCO2	GCA	SETD5
cluster_689	3	CALCOCO2	MXI1	SETD5
cluster_690	3	CALM1	CALM3	KCNN1
cluster_691	3	CALM1	CALM3	NSMF
cluster_692	3	CALM2	KCNN1	SPATA17
cluster_693	3	CALML3	IQCB1	PCMT1
cluster_694	3	CAMK2B	CAMK2D	CCM2L
cluster_695	3	CAMLG	HSP90B1	KCNA2
cluster_696	3	CAMLG	KCNA2	RPN1
cluster_697	3	CAMLG	OCIAD1	TXNDC12
cluster_698	3	CAPN15	MORC3	RNF216
cluster_699	3	CAPN15	RNF216	USP5
cluster_700	3	CAPN3	EXOC8	KIAA1217
cluster_701	3	CAPN7	IFT88	ITPKB
cluster_702	3	CAPNS2	OXNAD1	PHACTR3
cluster_703	3	CAPNS2	RIN1	SNX17
cluster_704	3	CARD10	JOSD1	PTCD1
cluster_705	3	CARD10	PKP1	ZNF10
cluster_706	3	CARD10	PTGDS	ZNF10
cluster_707	3	CARD10	ZNF10	ZNF32
cluster_708	3	CARD14	PPP2R3C	PRPF31
cluster_709	3	CARD9	CDK2AP1	USH1G
cluster_710	3	CARD9	VCPKMT	ZZZ3
cluster_711	3	CARNMT1	SNRNP35	U2AF1
cluster_712	3	CARTPT	MEIS2	SCT
cluster_713	3	CASC3	DDX56	EIF4A3
cluster_714	3	CASP7	DMC1	NIF3L1
cluster_715	3	CASP8	CCNL1	SAP30BP
cluster_716	3	CASP8AP2	NFKBIA	TCL1A
cluster_717	3	CASTOR1	TMA16	ZC2HC1A
cluster_718	3	CATSPER1	KRTAP10-4	RGS19
cluster_719	3	CATSPER4	CCL4L2	SLC10A2
cluster_720	3	CAV3	NUDT9	PBX3
cluster_721	3	CAVIN1	CAVIN3	MRPL45
cluster_722	3	CAVIN2	GINS3	TRAPPC6A
cluster_723	3	CAVIN3	TPM3	TPM4
cluster_724	3	CAVIN4	TADA2B	ZGPAT
cluster_725	3	CBLB	PTK6	SLA
cluster_726	3	CBLC	SOCS2	YES1
cluster_727	3	CBLIF	EOGT	SLC7A14
cluster_728	3	CBLL2	DSCAM	PIH1D2
cluster_729	3	CBR4	MEPE	ZXDC
cluster_730	3	CBS	PAICS	UBE2I
cluster_731	3	CBX1	PADI6	SUV39H1
cluster_732	3	CBX2	PPP1R37	RBMY1F
cluster_733	3	CBX7	CDC45	ZRANB1
cluster_734	3	CBX7	CDC5L	ZRANB1
cluster_735	3	CBX7	MPPED1	ZRANB1
cluster_736	3	CCBE1	GSTK1	KRT27
cluster_737	3	CCDC112	CINP	MAGEA3
cluster_738	3	CCDC112	HYPK	TXLNA
cluster_739	3	CCDC112	NSMCE2	TXLNA
cluster_740	3	CCDC116	CDCA7L	NOL12
cluster_741	3	CCDC116	TADA2A	THOC1
cluster_742	3	CCDC120	CYTH2	IPCEF1
cluster_743	3	CCDC120	FOS	RERE
cluster_744	3	CCDC136	JMY	RASSF8
cluster_745	3	CCDC136	SDHAF1	ZNF230
cluster_746	3	CCDC14	CEP63	ROGDI
cluster_747	3	CCDC146	CCDC197	GMNN
cluster_748	3	CCDC197	SSNA1	TXN2
cluster_749	3	CCDC32	COPS5	GTPBP3
cluster_750	3	CCDC50	SH3GL1	SOCS1
cluster_751	3	CCDC6	LRSAM1	LUZP4
cluster_752	3	CCDC6	MAPK7	SNAPC1
cluster_753	3	CCDC74B	SCNM1	TRIM10
cluster_754	3	CCDC88C	GNAI3	RGS14
cluster_755	3	CCDC92	DISC1	PPFIA3
cluster_756	3	CCL2	NKX3-1	RNF4
cluster_757	3	CCL2	NSDHL	TMX2
cluster_758	3	CCL21	EOMES	OTP
cluster_759	3	CCL21	KCNA5	TMEM107
cluster_760	3	CCL21	OTP	TPGS2
cluster_761	3	CCL26	PAX6	SLC12A8
cluster_762	3	CCL4	GPRC5D	MS4A6A
cluster_763	3	CCN1	SMPD2	STAR
cluster_764	3	CCNB1IP1	CUL5	RNF7
cluster_765	3	CCNC	FOXR2	VHL
cluster_766	3	CCNC	NDUFV2	PLEKHO2
cluster_767	3	CCNC	NDUFV2	VHL
cluster_768	3	CCNC	PLEKHO2	VHL
cluster_769	3	CCND2	CDK4	OGDHL
cluster_770	3	CCND3	CDK16	CRABP2
cluster_771	3	CCNI	CDK6	CDKN2C
cluster_772	3	CCNI	TOX4	ZMYND19
cluster_773	3	CCNO	SIX1	TLE5
cluster_774	3	CCR5	EMP1	HTR2C
cluster_775	3	CCR5	EMP1	TMEM114
cluster_776	3	CCT2	CCT5	ZNRD2
cluster_777	3	CCT3	PDCL	UBE2Z
cluster_778	3	CCT5	CCT7	ZNRD2
cluster_779	3	CD151	GRAMD1C	TSPAN18
cluster_780	3	CD207	FRMD8	GRAMD2B
cluster_781	3	CD209	IFT20	OXNAD1
cluster_782	3	CD27	CIB1	PAX7
cluster_783	3	CD300A	SEC22A	TMED9
cluster_784	3	CD300E	CLDN14	CTXN3
cluster_785	3	CD300E	CTLA4	CTXN3
cluster_786	3	CD300LF	PCDH17	YAF2
cluster_787	3	CD302	GET1	SLC35E3
cluster_788	3	CD37	HLA-DQA2	LHFPL5
cluster_789	3	CD3G	LY6E	TMEM19
cluster_790	3	CD3G	PTGES	TMEM19
cluster_791	3	CD47	PVR	TM6SF2
cluster_792	3	CD53	ECE2	GPR108
cluster_793	3	CD53	ECE2	ST6GAL2
cluster_794	3	CD63	TMEM80	TSPAN1
cluster_795	3	CD70	ELOVL4	FDFT1
cluster_796	3	CD79A	RHO	SLC6A12
cluster_797	3	CD81	GJA4	LBR
cluster_798	3	CD81	MCEE	SDHAF4
cluster_799	3	CD82	GJB4	KLRC1
cluster_800	3	CD9	ODF4	TMEM119
cluster_801	3	CD99L2	PLPP2	TRAM1L1
cluster_802	3	CD99L2	SLC30A8	ZFYVE27
cluster_803	3	CDA	TRIM37	ZBTB24
cluster_804	3	CDC25A	CDCA5	NAA11
cluster_805	3	CDC25B	PSME3	RNF111
cluster_806	3	CDC25B	PSME3	RPS27
cluster_807	3	CDC37	MRPL9	NT5C1A
cluster_808	3	CDC42	CDC42EP1	CDC42EP2
cluster_809	3	CDC45	CEP55	POLM
cluster_810	3	CDC5L	PPP1R13B	SALL1
cluster_811	3	CDC7	DBF4	TSNAXIP1
cluster_812	3	CDC73	ESCO2	RABEP1
cluster_813	3	CDCA3	CTDSP2	CTDSPL
cluster_814	3	CDCA7L	NOL12	SNRNP48
cluster_815	3	CDCA7L	SNRNP48	SSX1
cluster_816	3	CDIP1	PRPF39	TOLLIP
cluster_817	3	CDK16	RNASEH2B	ZBTB14
cluster_818	3	CDK17	CDKN2B	PYCR3
cluster_819	3	CDK2AP1	GTF2IRD1	MRFAP1L1
cluster_820	3	CDK3	CKS2	RACGAP1
cluster_821	3	CDK3	FRS2	RACGAP1
cluster_822	3	CDKN2D	MTF2	PRDX5
cluster_823	3	CDKN2D	NR4A2	UQCC2
cluster_824	3	CDR2	MKKS	TEX28
cluster_825	3	CDR2	OAZ2	TEX28
cluster_826	3	CDR2	TEX28	ZMAT2
cluster_827	3	CDS1	PSEN1	SLC10A6
cluster_828	3	CDX2	CFAP206	TADA2B
cluster_829	3	CDYL2	KIF2A	LMO3
cluster_830	3	CELA2B	CFP	KRTAP3-1
cluster_831	3	CELF4	ESRP1	RBPMS2
cluster_832	3	CELF6	CRYBA1	CRYBB2
cluster_833	3	CENPH	CENPK	PEX14
cluster_834	3	CENPO	DCDC2	DYNC2LI1
cluster_835	3	CENPP	NHLH1	POLR3K
cluster_836	3	CENPQ	HDAC7	KLF16
cluster_837	3	CENPQ	SCOC	SIKE1
cluster_838	3	CENPS	CTNNA3	RPS6KA5
cluster_839	3	CENPX	GNL3L	TRIM54
cluster_840	3	CENPX	TJAP1	TRIM54
cluster_841	3	CEP164	CLP1	DAGLB
cluster_842	3	CEP164	CLP1	FGF16
cluster_843	3	CEP44	GNG11	KIAA0930
cluster_844	3	CEP55	PLEKHG6	POLM
cluster_845	3	CEP55	POLM	RBM22
cluster_846	3	CEP57	FBXL3	SPDEF
cluster_847	3	CEP70	SEC14L1	ZNF227
cluster_848	3	CEP72	RAB2B	STAMBPL1
cluster_849	3	CEP72	SF3B5	STAMBPL1
cluster_850	3	CEP85	GORASP1	TRAF4
cluster_851	3	CEP85	RNF8	TOMM20L
cluster_852	3	CEP89	NCS1	SPP1
cluster_853	3	CERS2	IER3IP1	TMEM258
cluster_854	3	CERT1	IK	SMU1
cluster_855	3	CES1	CSN3	VENTX
cluster_856	3	CES1	ICMT	PDZK1IP1
cluster_857	3	CES1	MYADM	PDZK1IP1
cluster_858	3	CETN1	CETN2	POC5
cluster_859	3	CETN1	CETN2	SGSM1
cluster_860	3	CETN3	CKMT2	SGK1
cluster_861	3	CFAP100	LONP2	SYCE1
cluster_862	3	CFAP161	CINP	PRRX1
cluster_863	3	CFAP161	DPYSL3	DPYSL5
cluster_864	3	CFAP43	SEC13	SEC16B
cluster_865	3	CFAP53	GSE1	LENG8
cluster_866	3	CFHR5	KCNK7	SLC4A1
cluster_867	3	CFL2	POT1	RAB2A
cluster_868	3	CFLAR	RIPOR3	TRAF1
cluster_869	3	CGGBP1	MRM1	SPX
cluster_870	3	CGGBP1	PAX6	PPIL4
cluster_871	3	CGN	MATN4	PPP1R13B
cluster_872	3	CGN	PPP1R13B	SALL1
cluster_873	3	CHAF1A	METTL21A	ZNF620
cluster_874	3	CHCHD3	CHCHD6	SAMM50
cluster_875	3	CHERP	SIX2	TLE3
cluster_876	3	CHIA	COX20	MAOB
cluster_877	3	CHIA	FBXL7	TBC1D5
cluster_878	3	CHMP1B	CHMP3	STAMBP
cluster_879	3	CHMP2A	GPHN	MITD1
cluster_880	3	CHMP2A	MITD1	TTC33
cluster_881	3	CHMP5	VPS4B	ZFYVE19
cluster_882	3	CHMP6	SEPTIN14	VPS25
cluster_883	3	CHMP6	VPS25	VPS36
cluster_884	3	CHN1	HEMK1	TUBGCP5
cluster_885	3	CHRAC1	POLE3	POLE4
cluster_886	3	CHRDL2	FAH	SLIT1
cluster_887	3	CHRNA1	GRID1	LILRB3
cluster_888	3	CHRNA1	LILRB3	RPL38
cluster_889	3	CHST1	STOM	TMPO
cluster_890	3	CHTOP	DDX39B	SMN1
cluster_891	3	CHTOP	KHDRBS2	RBM14
cluster_892	3	CIAO1	CIAO2B	TOP3B
cluster_893	3	CIAO1	CIAO2B	URI1
cluster_894	3	CIAO2A	EBAG9	SETD4
cluster_895	3	CIAO2A	SETD4	SIN3A
cluster_896	3	CIAPIN1	NDOR1	PSMB6
cluster_897	3	CIART	NFYC	SAE1
cluster_898	3	CIB1	LSS	TMEM95
cluster_899	3	CIB1	PAX7	TMEM95
cluster_900	3	CIB3	KLF17	ZNF146
cluster_901	3	CIDEA	MIEF2	PRB2
cluster_902	3	CIDEC	METTL15	UFSP1
cluster_903	3	CINP	MZT1	PRRX1
cluster_904	3	CINP	PRRX1	SP2
cluster_905	3	CISD2	CLDN10	NRG4
cluster_906	3	CISD2	NRG4	TMEM187
cluster_907	3	CKM	CKMT1A	CKMT1B
cluster_908	3	CKMT1A	CKMT1B	OCM
cluster_909	3	CKMT2	NRF1	SPSB2
cluster_910	3	CKMT2	P4HA3	ZC3H12A
cluster_911	3	CKS1B	MED12L	TRIM49
cluster_912	3	CKS1B	MED12L	TRIM49C
cluster_913	3	CKS1B	TRIM49	WASF3
cluster_914	3	CLCN7	LYVE1	PIGF
cluster_915	3	CLDN1	CLDN6	TMEM179B
cluster_916	3	CLDN14	MS4A12	PLLP
cluster_917	3	CLDN14	PLLP	TIGIT
cluster_918	3	CLDN18	PMP22	SDC4
cluster_919	3	CLDN19	CXCR3	IL3RA
cluster_920	3	CLDN19	CXCR3	SLAMF6
cluster_921	3	CLDN19	GPR161	SYNE4
cluster_922	3	CLDN20	CNIH3	PLD3
cluster_923	3	CLDN20	FCRL3	IGFBP5
cluster_924	3	CLDN22	CLEC4C	CXCR2
cluster_925	3	CLDN5	CLRN2	CORIN
cluster_926	3	CLDN5	CORIN	CTRL
cluster_927	3	CLDN6	IGFBP5	PROKR2
cluster_928	3	CLDN6	IGFBP5	SLC41A3
cluster_929	3	CLDN6	TMEM179B	TMEM47
cluster_930	3	CLDND1	CXCR1	ZDHHC4
cluster_931	3	CLEC12B	IL1RL1	MCFD2
cluster_932	3	CLEC12B	NIPAL3	VMA21
cluster_933	3	CLEC14A	PMP22	TMEM30B
cluster_934	3	CLEC14A	PMP22	TSPAN12
cluster_935	3	CLEC2A	CLEC2D	ENTPD8
cluster_936	3	CLEC4E	CXADR	FAM3C
cluster_937	3	CLEC4E	NKG7	RAMP1
cluster_938	3	CLEC4G	LRRC4C	TWSG1
cluster_939	3	CLIC3	LELP1	VPS4A
cluster_940	3	CLIC3	MECOM	VPS4A
cluster_941	3	CLIC3	MIA3	VPS4A
cluster_942	3	CLIP4	MAP7	SIX2
cluster_943	3	CLK3	HOXB7	ZNF473
cluster_944	3	CLK4	RSRC1	SRRM4
cluster_945	3	CLN5	GPR152	TEX264
cluster_946	3	CLN5	IGF2	INS-IGF2
cluster_947	3	CLNS1A	SNRPD1	SNRPD3
cluster_948	3	CLPTM1L	KCNF1	SLC39A7
cluster_949	3	CLRN1	FUT9	SLC34A3
cluster_950	3	CLRN2	GPR108	NEMP1
cluster_951	3	CLSTN3	KCNA5	TMEM107
cluster_952	3	CLSTN3	PLPP2	TRAM1L1
cluster_953	3	CLUAP1	CPSF4	MYOG
cluster_954	3	CLUAP1	MYOG	PACRGL
cluster_955	3	CMC2	CTNNA3	GNB1
cluster_956	3	CNFN	DMAC2L	EVX2
cluster_957	3	CNFN	SLC12A4	TMEM102
cluster_958	3	CNIH2	HIBADH	TM6SF2
cluster_959	3	CNIH3	KCNN4	PLD3
cluster_960	3	CNMD	HLA-DPA1	TMEM50B
cluster_961	3	CNNM1	PTP4A1	PTP4A2
cluster_962	3	CNOT2	CNOT3	MTFR1L
cluster_963	3	CNOT2	GALNT10	MTFR1L
cluster_964	3	CNOT4	IL36RN	UBL4B
cluster_965	3	CNOT9	GADD45A	GADD45B
cluster_966	3	CNRIP1	HPRT1	PRTFDC1
cluster_967	3	CNTNAP2	FIG4	GORASP2
cluster_968	3	COA7	OOEP	SNRPB
cluster_969	3	COBL	PACSIN1	PACSIN2
cluster_970	3	COG2	IDO2	LZTS1
cluster_971	3	COG2	LENG8	NCBP3
cluster_972	3	COG2	LENG8	PCID2
cluster_973	3	COG2	LZTS1	ZNF3
cluster_974	3	COG3	SIRPA	TRIM2
cluster_975	3	COG4	FARSA	FARSB
cluster_976	3	COG6	DOCK8	TMSB4X
cluster_977	3	COG6	MRI1	TTC7B
cluster_978	3	COG6	RAB6B	TTC7B
cluster_979	3	COG7	KIFC3	USH1G
cluster_980	3	COG7	LGALS8	TAX1BP1
cluster_981	3	COG7	LRATD2	TAX1BP1
cluster_982	3	COG7	NMRK1	TAX1BP1
cluster_983	3	COG7	TAX1BP1	TNIP3
cluster_984	3	COL10A1	ENDOD1	VSNL1
cluster_985	3	COL10A1	TFF1	VSNL1
cluster_986	3	COL17A1	N4BP2L2	PPIL1
cluster_987	3	COL17A1	PXN	WHRN
cluster_988	3	COL1A2	IL17A	KCNIP4
cluster_989	3	COL8A1	SLC35A2	WFDC5
cluster_990	3	COL8A2	DARS2	TFAM
cluster_991	3	COL8A2	PLEKHO1	TFAM
cluster_992	3	COL8A2	TFAM	TSPAN1
cluster_993	3	COMMD1	COMMD6	COMMD9
cluster_994	3	COMP	MEGF11	NUFIP2
cluster_995	3	COPS2	GPS1	PSMD11
cluster_996	3	COPS4	COPS6	PEX14
cluster_997	3	COPS5	GTPBP3	PARP11
cluster_998	3	COPS9	TIMM44	UBASH3A
cluster_999	3	COQ3	NDRG4	SDR16C5
cluster_1000	3	CORO1A	FAM81B	IFT20
cluster_1001	3	COX20	DYNC1H1	MAOB
cluster_1002	3	COX5A	SNX20	SPDEF
cluster_1003	3	COX5B	FLOT1	NUDT5
cluster_1004	3	COX6B2	KHDC1	PROP1
cluster_1005	3	COX6B2	PROP1	TBX22
cluster_1006	3	COX7B	GNMT	SRD5A2
cluster_1007	3	COX7C	MAGEA2	MAGEA2B
cluster_1008	3	CPLANE2	FUZ	RND3
cluster_1009	3	CPSF4	IKBIP	MYOG
cluster_1010	3	CRABP1	DAAM2	TH
cluster_1011	3	CRABP1	TH	TSPYL4
cluster_1012	3	CRABP2	DNM2	FLAD1
cluster_1013	3	CRBN	EZR	MISP
cluster_1014	3	CREB1	CRTC1	CRTC2
cluster_1015	3	CREB3L1	NAT8	NEU1
cluster_1016	3	CREB3L1	NAT8	SLC2A3
cluster_1017	3	CREB3L1	SLC2A3	SPOCK1
cluster_1018	3	CREB3L3	MTUS1	STX5
cluster_1019	3	CREB3L4	GET3	LDLRAD4
cluster_1020	3	CREBL2	DDIT3	TNFSF12
cluster_1021	3	CREBRF	MRPS11	NAA10
cluster_1022	3	CRK	CRKL	USP53
cluster_1023	3	CRK	SAMD4B	USP53
cluster_1024	3	CRLF3	L3MBTL3	PLEKHF1
cluster_1025	3	CRNN	LMO4	RSPH6A
cluster_1026	3	CRTAC1	MAPRE2	TRAIP
cluster_1027	3	CRX	GYS1	SOX3
cluster_1028	3	CRX	NEIL2	UBXN7
cluster_1029	3	CRY2	KLHL6	XRN2
cluster_1030	3	CRY2	KRTAP5-1	XRN2
cluster_1031	3	CRY2	NADK	XRN2
cluster_1032	3	CRYBA1	CRYBB2	CRYBB3
cluster_1033	3	CRYBB1	EXOC5	EXOC6
cluster_1034	3	CRYBB2	LMO4	RSPH6A
cluster_1035	3	CRYBB3	DOK6	SLC30A6
cluster_1036	3	CRYGA	HSPA13	PSMB9
cluster_1037	3	CSGALNACT1	SPAG4	SUN5
cluster_1038	3	CSKMT	KRTAP13-2	SPEF1
cluster_1039	3	CSNK1D	EVI5	IMP3
cluster_1040	3	CSNK1E	PER1	PER2
cluster_1041	3	CSNK1E	TPTEP2-CSNK1E	TRIM3
cluster_1042	3	CSNK2A1	KIF24	SNAI2
cluster_1043	3	CSNK2A1	PHF19	SNAI2
cluster_1044	3	CSNK2A1	SNAI2	ZNF177
cluster_1045	3	CSNK2A2	CSNK2B	PIMREG
cluster_1046	3	CSNK2A2	CSNK2B	TWF1
cluster_1047	3	CSPG5	CTSA	SPN
cluster_1048	3	CSPP1	ESPNL	PFDN5
cluster_1049	3	CSPP1	LARP4	PFDN5
cluster_1050	3	CSPP1	MRPL45	PFDN5
cluster_1051	3	CSPP1	PFDN2	PFDN5
cluster_1052	3	CSRNP1	PPP1CA	PPP1R16B
cluster_1053	3	CSRNP1	PPP1CA	PPP1R3B
cluster_1054	3	CSRNP1	PPP1CB	PPP1R7
cluster_1055	3	CST2	LRFN4	P4HB
cluster_1056	3	CSTF2T	CTDSP1	FOXJ2
cluster_1057	3	CT55	KYNU	LYPLAL1
cluster_1058	3	CT55	LYPLAL1	PAX7
cluster_1059	3	CTBP2	LCORL	RNF135
cluster_1060	3	CTBP2	LCORL	SOX13
cluster_1061	3	CTBP2	RNF135	SOX13
cluster_1062	3	CTBP2	SOX13	ZBTB18
cluster_1063	3	CTH	NUDT16L1	RECK
cluster_1064	3	CTH	RECK	SPSB2
cluster_1065	3	CTNNA3	GNB1	VIP
cluster_1066	3	CTNNA3	RPS6KA5	VIP
cluster_1067	3	CTNNAL1	DMD	RNF135
cluster_1068	3	CTNNBIP1	GINS2	GINS4
cluster_1069	3	CTNND1	KCTD6	TBC1D2
cluster_1070	3	CTRC	SMOC1	VGLL3
cluster_1071	3	CTTN	PNMA2	RPL9
cluster_1072	3	CTTNBP2	CTTNBP2NL	PKNOX2
cluster_1073	3	CTTNBP2	DDA1	PKNOX2
cluster_1074	3	CTTNBP2	MEI4	PLEKHA4
cluster_1075	3	CUL2	RBX1	UBE2M
cluster_1076	3	CUL5	KANK4	RNF7
cluster_1077	3	CUTA	FBLIM1	H3-5
cluster_1078	3	CWC25	FMR1	WBP2NL
cluster_1079	3	CWC27	MORF4L1	MRGBP
cluster_1080	3	CWC27	MORF4L1	UBP1
cluster_1081	3	CWC27	MORF4L1	ZNF276
cluster_1082	3	CXADR	FAM3C	RNASEH1
cluster_1083	3	CXCL9	FUT7	TMED5
cluster_1084	3	CXCL9	FUT7	TNFSF8
cluster_1085	3	CXXC1	TCP11L2	TUBA4A
cluster_1086	3	CXXC1	TCP11L2	TUBA8
cluster_1087	3	CYB5B	NDUFAF2	SDHAF4
cluster_1088	3	CYB5D2	GJB4	TMEM11
cluster_1089	3	CYB5D2	HCK	MDK
cluster_1090	3	CYB5D2	RNASEH1	TMEM11
cluster_1091	3	CYB5R1	ETNK1	SLC51B
cluster_1092	3	CYBRD1	ELOVL6	HMOX1
cluster_1093	3	CYGB	DDI1	SDS
cluster_1094	3	CYP21A2	KRTAP4-2	MAFB
cluster_1095	3	CYP4F2	SDHAF2	SLC17A8
cluster_1096	3	CYP4F2	SDHAF2	SLC2A13
cluster_1097	3	CYREN	ERCC6L2	MKLN1
cluster_1098	3	CYTH1	FOSL2	JUN
cluster_1099	3	DAAM2	KCNIP1	NHLH2
cluster_1100	3	DAB1	ETV6	PIN1
cluster_1101	3	DACT3	SESTD1	STMN2
cluster_1102	3	DACT3	SESTD1	ZNF830
cluster_1103	3	DALRD3	KRTAP12-3	PTGDS
cluster_1104	3	DAPL1	PLAAT1	ZIC1
cluster_1105	3	DAPL1	RPS26	TSR2
cluster_1106	3	DAXX	H3-3A	H3-3B
cluster_1107	3	DAZAP1	MBNL2	SNRPA
cluster_1108	3	DBF4B	SGF29	TADA3
cluster_1109	3	DBNL	HCLS1	SH2D4A
cluster_1110	3	DCAF15	RIPPLY1	USP6
cluster_1111	3	DCBLD2	EVI2A	MALL
cluster_1112	3	DCBLD2	GDAP1	STARD4
cluster_1113	3	DCBLD2	MALL	MS4A12
cluster_1114	3	DCLRE1B	NOXA1	RIMBP3C
cluster_1115	3	DCLRE1B	NOXA1	TGS1
cluster_1116	3	DCPS	KPNA5	NUP50
cluster_1117	3	DCT	DYSF	PLP1
cluster_1118	3	DCT	PLP1	SLC1A5
cluster_1119	3	DCTD	MALSU1	MYBPHL
cluster_1120	3	DCTD	MALSU1	SP6
cluster_1121	3	DCTN3	EXOC1	NUP54
cluster_1122	3	DCTN3	ILF3	VPS37C
cluster_1123	3	DCTN3	MYEOV	TRIP13
cluster_1124	3	DCTN3	PITX1	SERPINE1
cluster_1125	3	DCTN3	STH	VPS37C
cluster_1126	3	DCTN5	DNAL4	DYNLL1
cluster_1127	3	DCTN5	DYNLL1	GNL3L
cluster_1128	3	DCTN5	DYNLL1	RASGRP4
cluster_1129	3	DCUN1D5	HUS1	RAD9A
cluster_1130	3	DCX	ITGB4	MID2
cluster_1131	3	DCXR	ELF5	GLRX2
cluster_1132	3	DDA1	NRIP1	PKNOX2
cluster_1133	3	DDAH2	FANCL	HOXD4
cluster_1134	3	DDAH2	KCTD15	NOXA1
cluster_1135	3	DDAH2	NOXA1	RIMBP3C
cluster_1136	3	DDI1	RALGAPA2	SDS
cluster_1137	3	DDIT3	EMSY	JDP2
cluster_1138	3	DDIT3	GIMAP6	JDP2
cluster_1139	3	DDX17	PTK6	SLA
cluster_1140	3	DDX20	GEMIN4	ZNF326
cluster_1141	3	DDX39A	DDX39B	SARNP
cluster_1142	3	DDX49	ETNK2	STX1A
cluster_1143	3	DDX49	STX1A	STX4
cluster_1144	3	DDX6	SCYL1	SPATA6
cluster_1145	3	DECR2	RAB39B	VPS26C
cluster_1146	3	DEF6	INTS2	SAP18
cluster_1147	3	DEFB108B	OPRD1	SLC13A4
cluster_1148	3	DEFB112	HOXA9	KRTAP10-1
cluster_1149	3	DEFB121	IL27RA	NECTIN4
cluster_1150	3	DEFB121	LAYN	NECTIN4
cluster_1151	3	DEFB121	LRRC25	SEC61G
cluster_1152	3	DEFB124	PGRMC1	TMEM213
cluster_1153	3	DENND1C	DTNBP1	SNAPIN
cluster_1154	3	DENND1C	ENTHD1	SNAPIN
cluster_1155	3	DENND2A	POLR2K	SH3KBP1
cluster_1156	3	DERL1	TMEM115	TMX2
cluster_1157	3	DERL2	DIABLO	MICOS13
cluster_1158	3	DERL2	MPP1	PAQR8
cluster_1159	3	DERL3	GNLY	ULBP2
cluster_1160	3	DERL3	RTP4	SLC13A4
cluster_1161	3	DESI1	PRR5	UBQLNL
cluster_1162	3	DESI2	PBX3	REEP5
cluster_1163	3	DEXI	PEX16	TNFRSF17
cluster_1164	3	DGCR6	ESS2	INIP
cluster_1165	3	DGCR6L	INIP	LRCH3
cluster_1166	3	DHPS	EIF5A	EIF5A2
cluster_1167	3	DHPS	MAPK3	PEA15
cluster_1168	3	DHRS11	DLG3	KDELR1
cluster_1169	3	DHRS11	DLG3	OSBP2
cluster_1170	3	DHRS9	KCNMB1	STX8
cluster_1171	3	DHRS9	MCEE	STX8
cluster_1172	3	DHX40	PSTPIP1	PTPN12
cluster_1173	3	DIABLO	MICOS13	MTFR1
cluster_1174	3	DIABLO	MTFR1	STMN4
cluster_1175	3	DIRAS2	MARCHF10	UNC45A
cluster_1176	3	DKK4	GIMAP5	KIR3DL3
cluster_1177	3	DLD	ITGB1BP1	PDHX
cluster_1178	3	DLG2	PPIL4	RPF2
cluster_1179	3	DLG2	PPIL4	SERPINB13
cluster_1180	3	DLX3	LGALS13	POU4F2
cluster_1181	3	DLX3	LYPD2	POU4F2
cluster_1182	3	DMAP1	LRSAM1	PFDN1
cluster_1183	3	DMAP1	LRSAM1	TLK2
cluster_1184	3	DMAP1	PFDN1	TLK2
cluster_1185	3	DMC1	LGALS2	SDCBP2
cluster_1186	3	DMC1	NIF3L1	NUDT14
cluster_1187	3	DMRT2	MAGED1	PJA1
cluster_1188	3	DMXL1	MYO1B	POGZ
cluster_1189	3	DMXL1	POGZ	TCIRG1
cluster_1190	3	DNAJB1	EEF1A1	TTLL12
cluster_1191	3	DNAJB13	TOM1L1	ZC3H12A
cluster_1192	3	DNAJB4	DPCD	RUVBL2
cluster_1193	3	DNAJB4	RUVBL1	RUVBL2
cluster_1194	3	DNAJC1	KCNJ9	TMEM201
cluster_1195	3	DNAJC11	NR2C2AP	VPS52
cluster_1196	3	DNAJC11	PKN3	VPS52
cluster_1197	3	DNAJC27	TFCP2	YJU2
cluster_1198	3	DNALI1	MSGN1	MYL9
cluster_1199	3	DNER	NUDT10	PDLIM7
cluster_1200	3	DNER	PDLIM7	RASGEF1B
cluster_1201	3	DNMT3A	TCL1A	TRMT61A
cluster_1202	3	DNTT	MEI4	PLEKHA4
cluster_1203	3	DNTTIP2	RNF8	TOMM20L
cluster_1204	3	DOC2A	HOXB2	UBASH3B
cluster_1205	3	DOCK2	LCE3D	TENM4
cluster_1206	3	DOK2	DUSP6	TXK
cluster_1207	3	DOK4	PAX8	SAE1
cluster_1208	3	DOK6	FOXC2	METTL27
cluster_1209	3	DOK7	EFEMP2	P2RX7
cluster_1210	3	DOLK	GALNT8	KCNA6
cluster_1211	3	DPF1	PHF1	SMG9
cluster_1212	3	DPF1	PHF1	ZNF500
cluster_1213	3	DPF2	RINT1	RNF39
cluster_1214	3	DPH2	MAGOH	RBM8A
cluster_1215	3	DPH3	PIH1D2	TAF6
cluster_1216	3	DPM3	IER3IP1	POMK
cluster_1217	3	DPP3	KEAP1	KLHL3
cluster_1218	3	DPPA2	SETBP1	UBE2I
cluster_1219	3	DPPA3	NPPB	SERTAD3
cluster_1220	3	DPPA4	FOXR1	GRAP
cluster_1221	3	DPPA4	FOXR1	KAT14
cluster_1222	3	DPY30	DYDC2	GTF2I
cluster_1223	3	DPY30	GPATCH2	RSPH3
cluster_1224	3	DRAM1	EVI2B	TMEM222
cluster_1225	3	DRC3	RUBCN	ZNF250
cluster_1226	3	DSCAM	PIH1D2	TBATA
cluster_1227	3	DTNB	LURAP1	SNTG2
cluster_1228	3	DTNBP1	INTS10	NECAB2
cluster_1229	3	DUSP10	DUSP16	MAPK8
cluster_1230	3	DUSP12	EIF5	M6PR
cluster_1231	3	DUSP3	MEOX1	PLCD4
cluster_1232	3	DUSP4	MAPK9	RASL10B
cluster_1233	3	DUSP7	EGLN3	FOXJ2
cluster_1234	3	DVL3	NKD1	TNP1
cluster_1235	3	DYDC1	NME5	WAC
cluster_1236	3	DYDC2	POLR1A	UBXN2A
cluster_1237	3	DYNLL2	PKIG	ZAR1
cluster_1238	3	DYNLL2	SERGEF	SPAG8
cluster_1239	3	DYNLT3	PMS1	ZC3H14
cluster_1240	3	DYRK1A	KPRP	PHLDA1
cluster_1241	3	DZIP1	KIFAP3	MOS
cluster_1242	3	E2F4	E2F6	TFDP2
cluster_1243	3	E2F4	TFDP1	TFDP2
cluster_1244	3	E2F8	OLFM3	STUB1
cluster_1245	3	EAF1	ELL3	NUMB
cluster_1246	3	EAF1	ELL3	SEMG1
cluster_1247	3	EAF2	SYNE4	TCEA2
cluster_1248	3	EAF2	TCEA2	ZBTB22
cluster_1249	3	EBP	FETUB	LPCAT2
cluster_1250	3	EBP	GJB6	SLC35G1
cluster_1251	3	ECPAS	TNFRSF10D	TUFM
cluster_1252	3	ECSIT	TARS1	TARS3
cluster_1253	3	EDA2R	PI16	STRIT1
cluster_1254	3	EDAR	GPR161	UPK1B
cluster_1255	3	EED	EZH1	EZH2
cluster_1256	3	EEF1AKMT3	RFC2	ZIC1
cluster_1257	3	EEF1B2	EEF1G	SPRYD4
cluster_1258	3	EEF2KMT	HPRT1	NR0B1
cluster_1259	3	EEF2KMT	NR0B1	ZNF213
cluster_1260	3	EEPD1	GRIP1	WDR6
cluster_1261	3	EFEMP2	HSPBP1	RNF138
cluster_1262	3	EFNA3	KRTAP1-1	OR14I1
cluster_1263	3	EFNA3	LCE2C	LCE3B
cluster_1264	3	EFNA4	ENPP4	TMEM147
cluster_1265	3	EGF	MGST1	VIP
cluster_1266	3	EGFL7	RASSF10	TNNI3
cluster_1267	3	EGR2	ERF	MCRS1
cluster_1268	3	EIF1AD	MREG	ZNF521
cluster_1269	3	EIF2B5	SNAP23	STX11
cluster_1270	3	EIF3B	IPO13	PBX4
cluster_1271	3	EIF3D	HOXC5	POLR2G
cluster_1272	3	EIF3D	RUFY1	TRIM23
cluster_1273	3	EIF3D	SMG9	TRIM23
cluster_1274	3	EIF3F	EIF3M	MYDGF
cluster_1275	3	EIF4E	EIF4EBP2	EIF4EBP3
cluster_1276	3	EIF4E1B	EIF4E2	EIF4EBP1
cluster_1277	3	EIF4G1	FXR2	UBAP2L
cluster_1278	3	EIF4G1	FXR2	ZMAT2
cluster_1279	3	EIF6	MED12L	MSRB3
cluster_1280	3	EIPR1	NKX2-4	NOTO
cluster_1281	3	ELOB	ELOC	METTL21C
cluster_1282	3	ELOVL2	FXYD6	SLC47A1
cluster_1283	3	EMC2	EMC8	EMC9
cluster_1284	3	EMC2	EMC8	HSP90B1
cluster_1285	3	EMC6	ROBO2	TMEM237
cluster_1286	3	EMC7	FLT3LG	KRTAP5-9
cluster_1287	3	EMD	KCNJ12	KCNJ8
cluster_1288	3	EMILIN1	LAIR2	PLAC9
cluster_1289	3	EML2	EXD1	IFI35
cluster_1290	3	EML2	SPANXA1	SPANXA2
cluster_1291	3	EMP3	SECTM1	SLAMF8
cluster_1292	3	EMX2	MYCL	OTUD6A
cluster_1293	3	EMX2	OTUD6A	SSBP1
cluster_1294	3	ENDOD1	SRL	VSNL1
cluster_1295	3	ENDOD1	TFF1	VSNL1
cluster_1296	3	ENOPH1	RNF41	SRR
cluster_1297	3	ENOPH1	RNF41	TTC1
cluster_1298	3	ENTPD3	GPA33	NRSN1
cluster_1299	3	EPAS1	SAMD12	USP20
cluster_1300	3	EPC1	KAT5	ODC1
cluster_1301	3	EPC1	KAT5	ZNF692
cluster_1302	3	EPGN	PTPN1	TIMMDC1
cluster_1303	3	EPHB6	GATA2	MSX2
cluster_1304	3	EPHB6	MSX2	SOX5
cluster_1305	3	EPM2AIP1	LIN52	NOC4L
cluster_1306	3	EPM2AIP1	LIN52	SERPINF1
cluster_1307	3	EPN1	LITAF	RPS27A
cluster_1308	3	EPN2	FAIM2	FANCM
cluster_1309	3	EPN2	FANCM	MLANA
cluster_1310	3	EPN2	FANCM	THOP1
cluster_1311	3	EPN2	SPART	THOP1
cluster_1312	3	EPS15L1	HIP1R	NDC80
cluster_1313	3	EPS15L1	TRAPPC2	TRAPPC2B
cluster_1314	3	ERCC1	SKIL	XPA
cluster_1315	3	ERCC3	SLF2	TRIM14
cluster_1316	3	ERCC4	TACC1	THAP12
cluster_1317	3	ERG28	PIGY	SLC26A6
cluster_1318	3	ERGIC3	NDUFB6	PAQR5
cluster_1319	3	ERMN	RTN4IP1	SCAF1
cluster_1320	3	ERMN	RTN4IP1	SORBS1
cluster_1321	3	ERRFI1	GAB2	GRB2
cluster_1322	3	ERVFRD-1	GPHB5	TAP1
cluster_1323	3	ERVFRD-1	GPHB5	TMPRSS4
cluster_1324	3	ESCO2	FXR1	TRPM1
cluster_1325	3	ESPNL	LDLRAP1	PSD4
cluster_1326	3	ESRRB	ESRRG	TRERF1
cluster_1327	3	ESRRG	EXOSC7	TRERF1
cluster_1328	3	ETFDH	KRTAP13-2	SLC25A18
cluster_1329	3	ETHE1	KRTAP19-2	PIGS
cluster_1330	3	ETHE1	RBM45	TXN2
cluster_1331	3	ETNK2	KRTAP12-2	SLC15A3
cluster_1332	3	EVI2A	NDUFA7	RTP2
cluster_1333	3	EVL	LAP3	ZYX
cluster_1334	3	EVL	VASP	ZYX
cluster_1335	3	EXOC3	PPP1R12C	SPECC1L
cluster_1336	3	EXOC3L2	GPR148	TNFSF18
cluster_1337	3	EXOC5	EXOC6	EXOC6B
cluster_1338	3	EXOC5	EXOC6	RAB4B
cluster_1339	3	EXOC6B	FABP3	SHTN1
cluster_1340	3	EXOC8	FAM217B	RAPGEF3
cluster_1341	3	EXOSC1	EXOSC8	TFAP4
cluster_1342	3	EXOSC1	KCTD1	KCTD15
cluster_1343	3	EXOSC3	RPS26	TSR2
cluster_1344	3	EXOSC4	POLE	POLE2
cluster_1345	3	EXOSC5	LRMDA	ZNF420
cluster_1346	3	EXOSC5	MTMR3	ZNF420
cluster_1347	3	EXOSC7	IP6K1	RPL11
cluster_1348	3	EXOSC8	KCNJ11	TXNDC17
cluster_1349	3	EXOSC8	KCNJ11	TXNDC9
cluster_1350	3	EXOSC8	OTUD4	USP6
cluster_1351	3	EXOSC8	RFC5	TXNDC17
cluster_1352	3	EYA2	LGALS4	RFX2
cluster_1353	3	EZHIP	RNF187	ZNF417
cluster_1354	3	EZHIP	TRIM17	TRIM41
cluster_1355	3	EZHIP	TRIM41	ZNF460
cluster_1356	3	F11R	MMP14	MYADM
cluster_1357	3	FA2H	MARCHF8	MSR1
cluster_1358	3	FA2H	MSR1	RIC3
cluster_1359	3	FAAP100	PTGES3L-AARSD1	ZNF185
cluster_1360	3	FADD	RIPK1	TRADD
cluster_1361	3	FADS6	NUDT9	PBX3
cluster_1362	3	FAM110B	HMGB2	PKNOX1
cluster_1363	3	FAM110B	INTS4	MEIS3
cluster_1364	3	FAM110B	NRIP1	PKNOX2
cluster_1365	3	FAM124B	NADK	WDR83
cluster_1366	3	FAM136A	GGA3	P4HA3
cluster_1367	3	FAM136A	P4HA3	ZC3H12A
cluster_1368	3	FAM168A	PSORS1C1	SECISBP2
cluster_1369	3	FAM184A	PPFIA3	PPP1R13B
cluster_1370	3	FAM53C	NRBP1	SORBS3
cluster_1371	3	FAM53C	SETD5	SORBS3
cluster_1372	3	FAM81B	IFT20	SH3BP5
cluster_1373	3	FAM81B	RNPS1	ZNF41
cluster_1374	3	FAM9A	INTS12	MLLT3
cluster_1375	3	FAN1	MLH1	MPG
cluster_1376	3	FANCF	MAP2K1	TCP11
cluster_1377	3	FANCG	TPRX1	ZNRF4
cluster_1378	3	FANCL	HOXD4	ID2
cluster_1379	3	FANCL	HOXD4	UFSP1
cluster_1380	3	FARP1	LRCH3	PIH1D1
cluster_1381	3	FARS2	KCTD17	ZNF500
cluster_1382	3	FARS2	MAN1C1	ZNF500
cluster_1383	3	FASLG	KRT33B	RAB26
cluster_1384	3	FATE1	MARCHF3	MARVELD2
cluster_1385	3	FBLIM1	LMO3	TUFT1
cluster_1386	3	FBLN5	MEGF11	NUFIP2
cluster_1387	3	FBN1	GET4	NUP85
cluster_1388	3	FBXL19	HHLA2	RPRM
cluster_1389	3	FBXL19	PSME3	RPS27
cluster_1390	3	FBXL3	MSRA	SELENBP1
cluster_1391	3	FBXO16	NXF3	NXT1
cluster_1392	3	FBXO16	TRIM54	TTC9C
cluster_1393	3	FBXO2	NRXN3	PAX4
cluster_1394	3	FCER1G	KCNN3	NCR3
cluster_1395	3	FCER1G	NCR3	PEMT
cluster_1396	3	FCGRT	GPA33	UPK2
cluster_1397	3	FCGRT	HPN	UPK2
cluster_1398	3	FCSK	POGZ	TMBIM4
cluster_1399	3	FDPS	GLB1	SLC30A2
cluster_1400	3	FDXACB1	MYNN	TUBGCP4
cluster_1401	3	FDXACB1	ZNF174	ZSCAN18
cluster_1402	3	FEM1A	OGFOD1	RPS23
cluster_1403	3	FEM1C	MALT1	MCM8
cluster_1404	3	FETUB	HSD17B13	ST6GAL2
cluster_1405	3	FEZ2	SCHIP1	SCOC
cluster_1406	3	FFAR2	NUCB2	SCGB1D1
cluster_1407	3	FGF1	PFDN4	VBP1
cluster_1408	3	FGF10	FGF11	THAP1
cluster_1409	3	FGF12	GRIP1	RP9
cluster_1410	3	FGF12	GRIP1	ZNF79
cluster_1411	3	FGF12	RP9	ZNF79
cluster_1412	3	FGF14	H4C7	SMC1A
cluster_1413	3	FHL5	LRRC41	ZNF766
cluster_1414	3	FHOD1	GRAP	TRIM21
cluster_1415	3	FIGLA	FOXN1	LHX8
cluster_1416	3	FIGNL1	GCC1	LCA5
cluster_1417	3	FITM2	TMED8	UNC50
cluster_1418	3	FKBP1A	MID1	N4BP1
cluster_1419	3	FKBP4	GLMN	PEX5
cluster_1420	3	FKBP4	GLMN	RBX1
cluster_1421	3	FKBP5	MCM7	MCMBP
cluster_1422	3	FLACC1	SSX4	SSX4B
cluster_1423	3	FLACC1	SULT1C3	SULT2B1
cluster_1424	3	FLNA	HSPA6	RFLNA
cluster_1425	3	FLOT1	NME7	RUBCN
cluster_1426	3	FMO1	LEPROTL1	SYNDIG1
cluster_1427	3	FNTA	FNTB	PGGT1B
cluster_1428	3	FNTB	SPATA46	TLX3
cluster_1429	3	FOSB	MLLT6	PHC2
cluster_1430	3	FOSL1	TAB2	USF1
cluster_1431	3	FOXC2	KRTAP3-3	MRPL23
cluster_1432	3	FOXH1	HLX	SMAD2
cluster_1433	3	FOXJ1	FOXN4	RFX2
cluster_1434	3	FOXR1	NAA80	PPCDC
cluster_1435	3	FOXR2	PEF1	SEC24A
cluster_1436	3	FOXR2	POLR1C	POLR1D
cluster_1437	3	FPR2	LRRC25	SEC61G
cluster_1438	3	FRA10AC1	MOB2	STK38L
cluster_1439	3	FRMD1	HES6	RAB2A
cluster_1440	3	FRMD6	IKZF1	RBM43
cluster_1441	3	FRMD6	MAK16	TLK2
cluster_1442	3	FRMD6	PARD6B	PRKCZ
cluster_1443	3	FRMD6	PARD6B	RHOQ
cluster_1444	3	FRMD8	LIME1	MAN2B2
cluster_1445	3	FRS2	MAPK1	RPS6KA2
cluster_1446	3	FRS3	NADSYN1	PLB1
cluster_1447	3	FST	TXN	TXNIP
cluster_1448	3	FTSJ3	SSX2	TNPO3
cluster_1449	3	FUBP1	PUF60	TAF2
cluster_1450	3	FUCA2	KRTAP10-1	ZNF664
cluster_1451	3	FUT3	LY6G6C	SLC41A2
cluster_1452	3	FXR2	NEXN	UBAP2L
cluster_1453	3	FXR2	PRAM1	UBAP2L
cluster_1454	3	FXYD3	IBSP	LTC4S
cluster_1455	3	FXYD3	IBSP	SPNS3
cluster_1456	3	FZD10	LRFN4	P4HB
cluster_1457	3	FZD7	LEUTX	MRPL57
cluster_1458	3	G3BP1	G3BP2	USP10
cluster_1459	3	GAB2	GAREM1	GRAP2
cluster_1460	3	GABPA	GABPB1	GABPB2
cluster_1461	3	GAGE12F	GAGE12G	PSMB5
cluster_1462	3	GALR1	POLR2J	SNAPC5
cluster_1463	3	GALT	GRPEL1	NQO1
cluster_1464	3	GAREM1	GRAP2	RAVER1
cluster_1465	3	GAS2L1	GPSM2	INSC
cluster_1466	3	GAS2L1	GPSM2	LRRC8E
cluster_1467	3	GATA3	KRTAP13-2	SLC25A18
cluster_1468	3	GATA3	PLEKHG4	ZNF148
cluster_1469	3	GATA5	HPCA	SLC16A3
cluster_1470	3	GBP7	NUDT9	PBX3
cluster_1471	3	GCA	GSTO2	KLHL10
cluster_1472	3	GCFC2	MAB21L2	TFIP11
cluster_1473	3	GCK	SPDYE4	TBC1D13
cluster_1474	3	GDE1	IFITM2	SLC10A1
cluster_1475	3	GDNF	SYP	WIPI2
cluster_1476	3	GEM	SNAP91	USH1G
cluster_1477	3	GEMIN6	GEMIN7	RASL11B
cluster_1478	3	GET3	GET4	PDIA6
cluster_1479	3	GET3	KCNE5	PDIA6
cluster_1480	3	GET3	LDLRAD4	PDIA6
cluster_1481	3	GET4	GIT2	NUP85
cluster_1482	3	GFAP	MYBPHL	NEFL
cluster_1483	3	GFOD1	HSF4	PPFIBP2
cluster_1484	3	GGA1	ING5	ODF2
cluster_1485	3	GGA2	MEMO1	ZBTB22
cluster_1486	3	GGA2	RTN4IP1	SORBS1
cluster_1487	3	GGA3	KANK4	TRAPPC6A
cluster_1488	3	GGA3	PYROXD1	UPRT
cluster_1489	3	GGN	HNRNPUL1	WWP2
cluster_1490	3	GHITM	MFSD2A	TMEM242
cluster_1491	3	GHITM	PGRMC2	SLC9B2
cluster_1492	3	GIGYF1	LCK	NFKBID
cluster_1493	3	GIMAP5	LAYN	TNFRSF19
cluster_1494	3	GIMAP5	M6PR	TNFRSF19
cluster_1495	3	GIMAP5	M6PR	TSPAN18
cluster_1496	3	GIMAP5	PTGES	TNFRSF19
cluster_1497	3	GINS3	SCOC	TRAPPC6A
cluster_1498	3	GIPC1	GIPC3	PLEKHA2
cluster_1499	3	GIPC2	IRF4	PATJ
cluster_1500	3	GIPC2	PATJ	SP100
cluster_1501	3	GIPC3	PLEKHA2	SNTG1
cluster_1502	3	GIPC3	SLC26A1	ST6GAL2
cluster_1503	3	GJA4	RHOT2	TMEM86B
cluster_1504	3	GJB3	LAYN	MFSD11
cluster_1505	3	GJB4	TMEM218	TMEM88
cluster_1506	3	GJC3	REEP1	STX7
cluster_1507	3	GKAP1	HAUS3	RCOR3
cluster_1508	3	GKAP1	KANK2	PFDN6
cluster_1509	3	GKAP1	L3MBTL2	ZFY
cluster_1510	3	GLB1	HGFAC	SLC30A2
cluster_1511	3	GLI1	MAGEL2	SUFU
cluster_1512	3	GLI1	SLC41A3	SUFU
cluster_1513	3	GLIS2	GPSM1	SHOX
cluster_1514	3	GLP1R	KRTAP17-1	MT1M
cluster_1515	3	GLRX	SP7	TRIM62
cluster_1516	3	GLRX3	MOXD1	TRIM36
cluster_1517	3	GLYCTK	NT5C2	PUDP
cluster_1518	3	GNAI1	GNAI2	PCP2
cluster_1519	3	GNG10	KRT34	NPBWR2
cluster_1520	3	GNG13	HAUS3	VPS16
cluster_1521	3	GNG13	HOXA10	VPS16
cluster_1522	3	GNG13	RSPO4	UQCC2
cluster_1523	3	GNG3	LYPD6	SS18L2
cluster_1524	3	GNG3	PSMF1	TRIM73
cluster_1525	3	GNG3	SS18L2	TMEM17
cluster_1526	3	GNGT1	UBXN4	ZNF277
cluster_1527	3	GNL3L	LDOC1	SUDS3
cluster_1528	3	GNPNAT1	PSMB8	SNX5
cluster_1529	3	GNPNAT1	PSMB8	YJEFN3
cluster_1530	3	GOLM1	HGFAC	SLCO3A1
cluster_1531	3	GON7	LAGE3	OSGEP
cluster_1532	3	GON7	LAGE3	PSMB9
cluster_1533	3	GOPC	MYLK	RALGAPB
cluster_1534	3	GORASP1	TRAF4	UBL4B
cluster_1535	3	GPANK1	METTL6	NR1H3
cluster_1536	3	GPANK1	METTL6	PLAAT1
cluster_1537	3	GPANK1	METTL6	ZBTB8OS
cluster_1538	3	GPANK1	NR1H3	PTH1R
cluster_1539	3	GPN1	GPN2	RPAP2
cluster_1540	3	GPN3	GTPBP2	SNRNP70
cluster_1541	3	GPR152	IFNA8	SERF1A
cluster_1542	3	GPR152	IGF2	ROBO2
cluster_1543	3	GPR152	RBFA	SERF1A
cluster_1544	3	GPRASP2	MBD3L2	TCF25
cluster_1545	3	GPRASP2	SEZ6L	TCF25
cluster_1546	3	GPRASP2	TCF25	ZFYVE26
cluster_1547	3	GPRC5D	MS4A6A	OSMR
cluster_1548	3	GPRC5D	MS4A6A	PRRT2
cluster_1549	3	GPRC5D	OSMR	PRRT2
cluster_1550	3	GPRIN2	HAPLN2	PNMA2
cluster_1551	3	GPSM3	IVD	PRR5
cluster_1552	3	GRB14	NCOA1	TRIM27
cluster_1553	3	GRB2	SPATA2L	ZBTB12
cluster_1554	3	GRB7	LAX1	TGM5
cluster_1555	3	GRB7	LAX1	TRIM43
cluster_1556	3	GRHL2	NEIL2	PAX5
cluster_1557	3	GRHL2	PIAS2	SPINDOC
cluster_1558	3	GRHL3	H3-4	RIPPLY1
cluster_1559	3	GRHL3	HAND2	RIPPLY1
cluster_1560	3	GRID1	LILRB3	RPL38
cluster_1561	3	GRINA	MBNL2	TIAL1
cluster_1562	3	GRINA	MFSD2A	TMEM242
cluster_1563	3	GSTA2	GSTA4	GSTA5
cluster_1564	3	GSTK1	KRT27	PNN
cluster_1565	3	GSTZ1	MAP2K1	TCP11
cluster_1566	3	GTF2A1	GTF2A2	TBPL1
cluster_1567	3	GTF2E1	GTF2E2	GTF2H1
cluster_1568	3	GTF2H4	GTF2H5	NGRN
cluster_1569	3	GTF2IRD2B	TJAP1	TRIM54
cluster_1570	3	GTPBP2	NXF1	TBC1D14
cluster_1571	3	GUCA1C	MEIS3	PSORS1C2
cluster_1572	3	GUCA1C	PSORS1C2	RTRAF
cluster_1573	3	GUCA2A	RHOT2	TMEM86B
cluster_1574	3	GYG1	GYS1	HOXB6
cluster_1575	3	GYG1	GYS1	KLF4
cluster_1576	3	GYG1	GYS1	SNIP1
cluster_1577	3	H1-7	H2BC15	MACROH2A2
cluster_1578	3	H2AB2	H2AB3	H2BC13
cluster_1579	3	H2AC4	H2AC8	H2BC15
cluster_1580	3	H2BC9	RGMA	TP53BP2
cluster_1581	3	H3-4	MED19	RIPPLY1
cluster_1582	3	HACD1	HACD2	TECR
cluster_1583	3	HACD1	RNF170	STARD3
cluster_1584	3	HACD2	MLN	TMX2
cluster_1585	3	HACD2	STING1	TECR
cluster_1586	3	HACD2	TECR	TFAM
cluster_1587	3	HACE1	RAB4A	RBSN
cluster_1588	3	HAND2	PTGES3L-AARSD1	SPANXN3
cluster_1589	3	HAUS2	LIG4	XRCC4
cluster_1590	3	HAUS8	MED29	NRDE2
cluster_1591	3	HBA1	HBA2	HBE1
cluster_1592	3	HBA1	HBA2	HBG2
cluster_1593	3	HBA1	HBA2	HBQ1
cluster_1594	3	HBD	HBQ1	RFESD
cluster_1595	3	HDAC4	MEF2C	YWHAE
cluster_1596	3	HDAC5	LMO2	LMOD3
cluster_1597	3	HDAC5	LMO2	MSN
cluster_1598	3	HDAC7	KLF16	UBL3
cluster_1599	3	HDDC2	IKBKG	PSMB5
cluster_1600	3	HDDC2	OAZ3	POMC
cluster_1601	3	HDDC3	MAGEA4	UVSSA
cluster_1602	3	HDHD3	KHDC1	PROP1
cluster_1603	3	HEBP2	PDCD6	PRR19
cluster_1604	3	HEMGN	IP6K3	TRAF3
cluster_1605	3	HEMGN	MAP3K14	TRAF3
cluster_1606	3	HEMGN	PXN	WHRN
cluster_1607	3	HEMK1	PSMB4	TUBGCP5
cluster_1608	3	HES6	SCHIP1	SMARCD1
cluster_1609	3	HESX1	HOXC8	MAPK8IP2
cluster_1610	3	HESX1	THAP3	UBL5
cluster_1611	3	HEXIM1	HEXIM2	ZNF500
cluster_1612	3	HIBADH	NDUFB11	TM6SF2
cluster_1613	3	HIP1R	NDC80	THOC7
cluster_1614	3	HIRIP3	PMM2	SGK2
cluster_1615	3	HLCS	MED19	SPATA46
cluster_1616	3	HMMR	MORN4	ZNF131
cluster_1617	3	HNF1B	OTX2	TBCEL
cluster_1618	3	HNF1B	PCBD1	TFF3
cluster_1619	3	HNF4G	TCP11X2	ZNF629
cluster_1620	3	HNRNPCL2	RALYL	TIGD3
cluster_1621	3	HNRNPF	HNRNPM	MRPL17
cluster_1622	3	HNRNPF	IQCE	MRPL17
cluster_1623	3	HNRNPF	MRPL17	NUDT16L1
cluster_1624	3	HNRNPH1	HNRNPM	MRPL53
cluster_1625	3	HNRNPH1	HNRNPM	RBM38
cluster_1626	3	HNRNPH2	MSI1	MSI2
cluster_1627	3	HNRNPK	MRPL9	SPG7
cluster_1628	3	HOOK1	SSNA1	TBC1D7
cluster_1629	3	HOOK2	IPP	LRGUK
cluster_1630	3	HOOK2	IPP	PKP1
cluster_1631	3	HOOK2	LRGUK	PARP11
cluster_1632	3	HOOK2	OAS1	PPP1R26
cluster_1633	3	HOXB2	MORN3	RNF39
cluster_1634	3	HOXB2	MORN3	RSPH1
cluster_1635	3	HOXB2	RUNX1T1	ZFP36
cluster_1636	3	HOXB6	SRPK2	SRSF8
cluster_1637	3	HOXB6	SRPK2	ZSCAN9
cluster_1638	3	HOXC4	PFDN6	RPRD1B
cluster_1639	3	HOXC4	RPRD1A	RPRD1B
cluster_1640	3	HOXC8	KHDC1	NADSYN1
cluster_1641	3	HOXC8	KHDC1	TBX22
cluster_1642	3	HOXC8	MAPK8IP2	TBX22
cluster_1643	3	HOXC9	MSC	PBX2
cluster_1644	3	HOXC9	PAX8	PBX2
cluster_1645	3	HOXD12	SIVA1	TFAP2D
cluster_1646	3	HPGDS	LIF	PDE3B
cluster_1647	3	HPN	SFTPC	SIGLEC9
cluster_1648	3	HRG	NEK8	RGS20
cluster_1649	3	HSD17B14	PGLYRP3	PIDD1
cluster_1650	3	HSFY1	TBX6	TOX4
cluster_1651	3	HSH2D	TSG101	VPS37A
cluster_1652	3	HSPA1L	HSPA8	TRIM38
cluster_1653	3	HSPA6	LGALS7	LGALS7B
cluster_1654	3	HSPA8	TRIM38	TSPYL4
cluster_1655	3	HSPE1	NIPA1	SELENOM
cluster_1656	3	HTATIP2	JPH1	TMEM115
cluster_1657	3	HYDIN	PEF1	SEC24A
cluster_1658	3	HYPK	NSMCE2	TXLNA
cluster_1659	3	ICMT	KCNJ6	LPCAT2
cluster_1660	3	ID1	TCF3	TWIST2
cluster_1661	3	IDI2	LDB1	LHX1
cluster_1662	3	IDO2	LZTS1	RHPN1
cluster_1663	3	IDO2	LZTS1	ZNF3
cluster_1664	3	IFIT1B	IFIT2	IFIT3
cluster_1665	3	IFITM3	LEMD3	REEP4
cluster_1666	3	IFNAR1	LAPTM4B	ODF4
cluster_1667	3	IFNAR1	LAPTM4B	SCARB2
cluster_1668	3	IFNGR1	SLC9A6	STIM1
cluster_1669	3	IFT43	RBM11	ZMYND10
cluster_1670	3	IFT43	WBP1	ZMYND10
cluster_1671	3	IFT88	ITPKB	MSRB1
cluster_1672	3	IGBP1	PPP2CA	PPP4C
cluster_1673	3	IGBP1	PPP4C	PPP6C
cluster_1674	3	IGF1R	KCNIP3	SRL
cluster_1675	3	IGLL5	MGAT5B	RTN4R
cluster_1676	3	IGLL5	MGAT5B	TYRO3
cluster_1677	3	IKBKG	RNF181	UBE2D4
cluster_1678	3	IKZF2	LSM14B	TCEANC
cluster_1679	3	IL13RA2	PLPP6	SYNE4
cluster_1680	3	IL17A	KCNIP4	TRH
cluster_1681	3	IL1F10	IMPDH1	IMPDH2
cluster_1682	3	IL2RB	MYEOV	TRIP13
cluster_1683	3	IL2RB	TINAGL1	TRIP13
cluster_1684	3	IL2RG	KRTAP5-7	RAMP3
cluster_1685	3	IL6ST	KCNIP1	SOD3
cluster_1686	3	ILF3	PDCD6	VPS37C
cluster_1687	3	ILK	LIMS1	PARVA
cluster_1688	3	IMPACT	MLKL	PSMB1
cluster_1689	3	ING4	JADE2	MEAF6
cluster_1690	3	INMT	KLHL12	KLHL3
cluster_1691	3	INPP5A	TEAD2	YAP1
cluster_1692	3	INPP5D	KHDRBS3	TYK2
cluster_1693	3	INPP5J	LMNA	PELI1
cluster_1694	3	INPP5K	SEMA4G	TNFRSF10D
cluster_1695	3	INPP5K	SFT2D2	TIMM44
cluster_1696	3	INSIG2	PRLR	SLC16A10
cluster_1697	3	INSIG2	SLC16A10	STIM1
cluster_1698	3	INTS4	MEIS3	PIP4K2A
cluster_1699	3	INTS4	MEIS3	TCL1B
cluster_1700	3	IP6K1	RPL11	UBE4A
cluster_1701	3	IP6K2	KHNYN	PLOD3
cluster_1702	3	IP6K2	ZBTB2	ZNF639
cluster_1703	3	IP6K3	PIGS	TRIP6
cluster_1704	3	IPO13	PBX4	RIPPLY2
cluster_1705	3	IPO4	PLEKHS1	TCP11L1
cluster_1706	3	IPO4	PSMD4	TCP11L1
cluster_1707	3	IQCE	TTC23	XRN2
cluster_1708	3	IQGAP1	NRIP1	PKNOX2
cluster_1709	3	IRAK4	MYD88	ZNF597
cluster_1710	3	ISCA2	RNF41	SRR
cluster_1711	3	ISG15	UBA7	USP18
cluster_1712	3	ISL1	TMCO6	ZNF511
cluster_1713	3	ISX	LHX6	ROR2
cluster_1714	3	ISY1	PPIE	XAB2
cluster_1715	3	ITGB1BP1	RHOH	SORL1
cluster_1716	3	JKAMP	RAET1L	YIPF6
cluster_1717	3	JKAMP	RHCG	YIPF6
cluster_1718	3	JKAMP	SLC17A8	YIPF6
cluster_1719	3	JOSD2	MDK	RBFA
cluster_1720	3	KANK2	PRR5L	RBCK1
cluster_1721	3	KAT14	MBIP	ZFY
cluster_1722	3	KAZN	LZTS1	TTC9C
cluster_1723	3	KCNA1	KCNA10	KCNA3
cluster_1724	3	KCNC1	LPAR3	TFEC
cluster_1725	3	KCNE4	PTPRN	TRDN
cluster_1726	3	KCNJ15	KCNJ18	KCNJ2
cluster_1727	3	KCNJ9	NDUFAF2	TMEM201
cluster_1728	3	KCNMB1	MCEE	STX8
cluster_1729	3	KCTD19	ZSCAN1	ZSCAN22
cluster_1730	3	KDELR3	TSPAN2	TSPAN31
cluster_1731	3	KDF1	MIPOL1	SNTG2
cluster_1732	3	KDM1A	MYC	SPICE1
cluster_1733	3	KDM8	NUBP2	NUBPL
cluster_1734	3	KHDRBS2	KHDRBS3	RBM14
cluster_1735	3	KIAA1217	PTK6	SLA
cluster_1736	3	KIF3C	MCC	SLTM
cluster_1737	3	KIF9	OOEP	PRICKLE1
cluster_1738	3	KIF9	PRICKLE1	ZNF436
cluster_1739	3	KIFAP3	NAA11	TOM1
cluster_1740	3	KIFAP3	NCF1	NCF2
cluster_1741	3	KLHL12	KLHL24	ZBTB4
cluster_1742	3	KLHL12	TBC1D10C	TTBK2
cluster_1743	3	KLHL40	MCM10	ZNF451
cluster_1744	3	KLHL8	PPM1F	TP53I13
cluster_1745	3	KLRK1	PDE4C	SRI
cluster_1746	3	KPNA2	KPNA6	RNMT
cluster_1747	3	KPNA2	NFATC2IP	NMNAT1
cluster_1748	3	KPNA2	PLEKHA3	RNMT
cluster_1749	3	KPNA4	MTA1	RBBP4
cluster_1750	3	KPRP	NPBWR2	RBP3
cluster_1751	3	KRIT1	RNF138	UBE2K
cluster_1752	3	KRIT1	RNF166	UBE2K
cluster_1753	3	KRT35	SLC43A2	TAPBPL
cluster_1754	3	KRT4	KRT6B	TUBGCP4
cluster_1755	3	KRT75	TJAP1	ZWINT
cluster_1756	3	KRT8	NEK6	PLEKHA7
cluster_1757	3	KRTAP12-1	NEU4	PDIA2
cluster_1758	3	KRTAP13-2	SLC25A18	SPEF1
cluster_1759	3	KRTAP6-1	OSR2	PDIA2
cluster_1760	3	KRTAP6-3	NODAL	RHBDL1
cluster_1761	3	KRTAP8-1	NKX2-5	TBX18
cluster_1762	3	KRTAP9-3	NPDC1	SLC25A18
cluster_1763	3	KTN1	SLC1A1	SYNPR
cluster_1764	3	KTN1	SLC52A1	TMEM179B
cluster_1765	3	KYNU	PIP4K2B	PRPF3
cluster_1766	3	KYNU	PIP4K2B	ZNF131
cluster_1767	3	L3MBTL2	MEAF6	THAP11
cluster_1768	3	L3MBTL2	PHF10	THAP11
cluster_1769	3	L3MBTL2	PHF10	ZNF467
cluster_1770	3	LAMA4	RTP2	UACA
cluster_1771	3	LAMTOR2	LAMTOR3	TFE3
cluster_1772	3	LAMTOR4	LAMTOR5	TCAP
cluster_1773	3	LANCL2	RAD51AP1	SIAH1
cluster_1774	3	LANCL2	SIAH1	TDRKH
cluster_1775	3	LAP3	PIK3R3	PLAAT4
cluster_1776	3	LAPTM4A	MRPL41	TMED8
cluster_1777	3	LAPTM4A	NDUFA12	TMED8
cluster_1778	3	LARP1B	MRPL28	UPP2
cluster_1779	3	LARP4B	MKRN2	RACK1
cluster_1780	3	LARP4B	RACK1	TMEM131
cluster_1781	3	LAT	NDUFAF2	PRR4
cluster_1782	3	LATS1	OSTF1	RP2
cluster_1783	3	LBX1	TBCEL	WNK3
cluster_1784	3	LBX1	WNK3	ZNF483
cluster_1785	3	LCA5	SLC41A3	SUFU
cluster_1786	3	LCK	LCOR	RORB
cluster_1787	3	LCK	NFKBID	PRMT7
cluster_1788	3	LCK	NFKBID	SMAD4
cluster_1789	3	LEMD1	REEP4	RTP4
cluster_1790	3	LEMD3	SMAD1	SMAD4
cluster_1791	3	LEO1	PAF1	TCEA3
cluster_1792	3	LEPROTL1	LMBR1	TGFA
cluster_1793	3	LEUTX	MRPL57	SLC13A3
cluster_1794	3	LGALS13	MMADHC	POU4F2
cluster_1795	3	LGALS2	PRPF38A	SDCBP2
cluster_1796	3	LGALS7	LGALS7B	YAF2
cluster_1797	3	LGALS8	MID2	RLN1
cluster_1798	3	LGALS8	SMAD5	WBP2
cluster_1799	3	LGALS9C	QARS1	SHLD1
cluster_1800	3	LHB	NTM	QRFPR
cluster_1801	3	LHFPL3	NT5E	RNF24
cluster_1802	3	LHFPL3	PIGP	PTPN1
cluster_1803	3	LHX3	NUDT22	RHBDF1
cluster_1804	3	LHX3	RHBDF1	SH2D1A
cluster_1805	3	LIME1	MAN2B2	MEST
cluster_1806	3	LIME1	PNPO	SEC22C
cluster_1807	3	LIN52	MAGEA6	SON
cluster_1808	3	LIPE	TSGA10IP	TTC23L
cluster_1809	3	LMCD1	NR5A1	TEKT4
cluster_1810	3	LMCD1	RAB3B	RABIF
cluster_1811	3	LMCD1	SOCS4	TEKT4
cluster_1812	3	LMO1	NDUFA7	PXN
cluster_1813	3	LMO2	MSN	ZNF185
cluster_1814	3	LMO4	RSPH6A	TEX14
cluster_1815	3	LPAR3	TFEC	TMEM70
cluster_1816	3	LPAR6	MCOLN1	SEC22A
cluster_1817	3	LPAR6	SLC22A1	SMIM3
cluster_1818	3	LPCAT2	NSDHL	RHBDD1
cluster_1819	3	LRATD2	PILRA	UROD
cluster_1820	3	LRATD2	TAX1BP1	TRIM45
cluster_1821	3	LRFN4	ODF1	P4HB
cluster_1822	3	LRIG1	NBL1	PLA2G2F
cluster_1823	3	LRMDA	PPP3R2	RAB32
cluster_1824	3	LRRTM2	PIP4P2	TNF
cluster_1825	3	LRRTM2	SLC17A8	TMEM120B
cluster_1826	3	LRSAM1	TSG101	VPS37A
cluster_1827	3	LSM14B	OBI1	TCEANC
cluster_1828	3	LSM5	OSBPL2	SNRPF
cluster_1829	3	LSS	SFRP1	TMEM86B
cluster_1830	3	LTC4S	SLC7A14	VKORC1
cluster_1831	3	LUC7L	LUC7L2	SRSF6
cluster_1832	3	LUC7L	PRPF38A	SRSF7
cluster_1833	3	LYAR	RP9	SREK1IP1
cluster_1834	3	LZTFL1	PSMA1	PSMA2
cluster_1835	3	LZTS1	RHPN1	TXNDC9
cluster_1836	3	M1AP	UBL3	ZNF740
cluster_1837	3	MACROH2A1	TRIM26	ZNF622
cluster_1838	3	MACROH2A1	VCX2	ZNF622
cluster_1839	3	MAD1L1	TRIM29	TSC22D3
cluster_1840	3	MAD2L2	PPM1B	PRR5L
cluster_1841	3	MAFG	MAFK	NFE2L2
cluster_1842	3	MAGEA1	MED21	MIEF1
cluster_1843	3	MAGEA3	SF3B5	STAMBPL1
cluster_1844	3	MAGEA4	PUDP	TSPYL1
cluster_1845	3	MAGEA4	PUDP	UQCRB
cluster_1846	3	MAGEA4	PUDP	UVSSA
cluster_1847	3	MAGI2	PDZD11	PLEKHA5
cluster_1848	3	MAGOH	RBM8A	ZKSCAN8
cluster_1849	3	MAGOHB	SPATA6	ZFYVE1
cluster_1850	3	MALSU1	MYBPHL	SP6
cluster_1851	3	MAML3	RAB39B	VPS26C
cluster_1852	3	MAP1LC3B	PRKCI	SQSTM1
cluster_1853	3	MAP2K5	MAPK7	ZKSCAN1
cluster_1854	3	MAP3K14	PDZD4	TRAF3
cluster_1855	3	MAP7	TPPP	ZNF114
cluster_1856	3	MAPK1	PTPRR	RPS6KA2
cluster_1857	3	MAPK7	UBE2C	ZKSCAN1
cluster_1858	3	MAPK8IP3	RAD51D	XRCC2
cluster_1859	3	MAPK9	RASL10B	SHMT1
cluster_1860	3	MAPRE1	PQBP1	ZNF653
cluster_1861	3	MAPRE3	POU4F1	PSRC1
cluster_1862	3	MARCHF7	RNF138	UBE2K
cluster_1863	3	MARCHF7	RNF183	UBE2K
cluster_1864	3	MARCHF7	TRIM5	UBE2K
cluster_1865	3	MARK4	MED18	MED20
cluster_1866	3	MAT1A	MAT2A	PRC1
cluster_1867	3	MAT2B	PLA2G6	RCBTB2
cluster_1868	3	MBD2	NABP1	PURB
cluster_1869	3	MBD3	PDGFA	TBC1D19
cluster_1870	3	MBD3	PDGFA	TIMM10B
cluster_1871	3	MBD3L2	RAP2A	RUNDC3A
cluster_1872	3	MBD5	SS18L2	YY1AP1
cluster_1873	3	MCFD2	P2RY6	SYS1
cluster_1874	3	MCIDAS	ZBTB24	ZNF79
cluster_1875	3	MCM10	MGAT3	UBAC1
cluster_1876	3	MCM7	MCMBP	PRTFDC1
cluster_1877	3	MED12L	SPAG11B	TTC23
cluster_1878	3	MED22	TEX9	TXNDC9
cluster_1879	3	MED28	MED30	MIIP
cluster_1880	3	MED28	MED30	TCP11
cluster_1881	3	MED31	NAF1	SNX33
cluster_1882	3	MEGF11	NUFIP2	PRDX5
cluster_1883	3	MEOX1	PLCD4	SPIC
cluster_1884	3	METAP1	NBR1	SYT4
cluster_1885	3	METAP1	PLEKHG4	SETD5
cluster_1886	3	METTL1	RABGGTB	WDR4
cluster_1887	3	METTL17	NUTM1	SAMD4A
cluster_1888	3	METTL27	SEC23B	SNRPC
cluster_1889	3	METTL5	THUMPD3	TRMT112
cluster_1890	3	MGAM	SLC18A1	SLC35G1
cluster_1891	3	MIIP	TPRX1	USHBP1
cluster_1892	3	MINDY3	TRIM49	TRIM49C
cluster_1893	3	MIPOL1	SNAP91	SNTG2
cluster_1894	3	MIS18A	STX17	TEDC2
cluster_1895	3	MISP	NUDT22	RUSC1
cluster_1896	3	MITD1	TTC33	ZFYVE19
cluster_1897	3	MKKS	MPST	ZBED1
cluster_1898	3	MKKS	NCDN	ZBED1
cluster_1899	3	MKKS	PSAP	ZBED1
cluster_1900	3	MKRN2	POLR2E	UBE2D4
cluster_1901	3	MLKL	NANOS2	S100A10
cluster_1902	3	MLKL	PSMB1	SH3GL1
cluster_1903	3	MLKL	S100A10	S100A3
cluster_1904	3	MLLT1	RBFA	YIF1A
cluster_1905	3	MLLT1	YIF1A	YIPF5
cluster_1906	3	MLLT6	SELENOV	ZMYND19
cluster_1907	3	MLLT6	TOX4	ZMYND19
cluster_1908	3	MLN	NSDHL	TMX2
cluster_1909	3	MLPH	RAB27B	RPH3A
cluster_1910	3	MMD2	PAQR5	SGPL1
cluster_1911	3	MMD2	S1PR5	SSMEM1
cluster_1912	3	MOB1B	SAV1	STK3
cluster_1913	3	MOG	PI16	STRIT1
cluster_1914	3	MOG	STRIT1	TSPAN15
cluster_1915	3	MORC3	RNF216	USP5
cluster_1916	3	MORF4L1	MRGBP	NKD1
cluster_1917	3	MPP1	PAQR8	SLC35E1
cluster_1918	3	MPPED1	TIE1	ZRANB1
cluster_1919	3	MPPED2	NUP93	POMP
cluster_1920	3	MRAP2	PTPRN	TMEM80
cluster_1921	3	MRM3	MTERF3	ZFPL1
cluster_1922	3	MRPL1	THAP11	VPS52
cluster_1923	3	MRPL15	U2AF2	ZNF57
cluster_1924	3	MRPS23	POLR1C	POLR1D
cluster_1925	3	MRPS6	STAC	STAT5B
cluster_1926	3	MS4A12	PLLP	SYPL2
cluster_1927	3	MS4A3	SLC22A14	SLC5A4
cluster_1928	3	MS4A6E	SLC26A5	UBE2J1
cluster_1929	3	MSGN1	MYL9	TTC23L
cluster_1930	3	MSGN1	OST4	ZWINT
cluster_1931	3	MSX1	NKX2-5	RBPMS
cluster_1932	3	MSX1	PSG11	RBPMS
cluster_1933	3	MSX2	POU2F2	SMAP2
cluster_1934	3	MTERF3	PBX3	REEP5
cluster_1935	3	MTERF4	SEMA4G	TNFRSF10D
cluster_1936	3	MTERF4	TNFRSF10D	TUFM
cluster_1937	3	MTG1	STX2	STXBP5L
cluster_1938	3	MTIF3	TUFM	VEZT
cluster_1939	3	MTMR6	MTMR7	MTMR9
cluster_1940	3	MTX2	RHOH	SORL1
cluster_1941	3	MVP	NRF1	TESMIN
cluster_1942	3	MVP	PRPF39	TOLLIP
cluster_1943	3	MVP	TOLLIP	TOM1L1
cluster_1944	3	MVP	TOLLIP	TOM1L2
cluster_1945	3	MX1	PIAS2	SPINDOC
cluster_1946	3	MXD3	NUP62	NUP88
cluster_1947	3	MYCL	OTUD6A	SSBP1
cluster_1948	3	MYL10	USP7	ZNF76
cluster_1949	3	MYL6	NUDT21	S100PBP
cluster_1950	3	MYL6B	ROPN1L	SPA17
cluster_1951	3	MYO1B	RPLP1	SUOX
cluster_1952	3	MYO5B	RAB11A	RAB25
cluster_1953	3	MYOM1	PDE4DIP	ZKSCAN3
cluster_1954	3	MZB1	TSG101	VPS37A
cluster_1955	3	NAALAD2	SPCS1	TMEM74
cluster_1956	3	NAIF1	NRXN3	PAX4
cluster_1957	3	NAMPT	PTCD2	USP49
cluster_1958	3	NAP1L1	NAP1L2	NAP1L5
cluster_1959	3	NAP1L1	NAP1L2	SH3BP5
cluster_1960	3	NAPB	SIGLEC5	STX19
cluster_1961	3	NAT8L	PEX19	PEX26
cluster_1962	3	NCBP1	NINL	RNF40
cluster_1963	3	NCKIPSD	PKP2	SPTA1
cluster_1964	3	NCKIPSD	RBM22	RBP7
cluster_1965	3	NCKIPSD	RBP7	STAC
cluster_1966	3	NDEL1	ZNF12	ZNF3
cluster_1967	3	NDFIP1	NDFIP2	UQCRH
cluster_1968	3	NDFIP1	PRRG1	UQCRH
cluster_1969	3	NDFIP2	PRRG1	UQCRH
cluster_1970	3	NDOR1	NLK	PSMB6
cluster_1971	3	NDRG4	SGK1	THAP4
cluster_1972	3	NDUFA3	SIGLEC5	SLC7A8
cluster_1973	3	NDUFA5	NDUFS3	TTR
cluster_1974	3	NDUFAF1	PNLIPRP1	TSPAN8
cluster_1975	3	NDUFAF3	NDUFAF4	RNF146
cluster_1976	3	NECAB1	NRXN3	PAX4
cluster_1977	3	NEDD4	SMAD3	WWP1
cluster_1978	3	NELFB	NELFCD	NELFE
cluster_1979	3	NEU1	SLC39A9	VMP1
cluster_1980	3	NEXN	ZNF250	ZNF57
cluster_1981	3	NFIL3	PIH1D2	PRMT3
cluster_1982	3	NFKBIL1	NME7	RUBCN
cluster_1983	3	NGLY1	NPAS2	TRAFD1
cluster_1984	3	NGRN	RFC2	YOD1
cluster_1985	3	NGRN	RNF216	YOD1
cluster_1986	3	NHSL2	YWHAG	YWHAH
cluster_1987	3	NICN1	NUDT22	RUSC1
cluster_1988	3	NIF3L1	NUDT14	PPIH
cluster_1989	3	NIF3L1	NUDT14	SULT2A1
cluster_1990	3	NIF3L1	NUDT14	TXN
cluster_1991	3	NKX3-1	NVL	RNF4
cluster_1992	3	NKX3-1	RHOXF2	ZNF683
cluster_1993	3	NME1	POLR1C	POLR1D
cluster_1994	3	NME1	PPP1R1C	TNPO3
cluster_1995	3	NOTCH2NLA	TMEFF2	TMEM150A
cluster_1996	3	NOX1	TBXA2R	VRK2
cluster_1997	3	NPM1	NPM2	PLEKHF1
cluster_1998	3	NPM3	PYROXD1	UPRT
cluster_1999	3	NR1H2	NR1H4	RXRB
