cluster_0	3	PYGB	PYGL	PYGM
cluster_1	4	CRMP1	DPYSL2	DPYSL3	DPYSL5
cluster_2	4	E2F4	E2F6	TFDP1	TFDP2
cluster_3	4	PRPS1	PRPS2	PRPSAP1	PRPSAP2
cluster_4	4	GSTM2	GSTM3	GSTM4	GSTM5
cluster_5	3	ACBD6	NMT1	NMT2
cluster_6	3	CHRNA1	GRID1	LILRB3
cluster_7	3	CNNM1	PTP4A1	PTP4A2
cluster_8	3	EED	EZH1	EZH2
cluster_9	3	ELOB	ELOC	METTL21C
cluster_10	3	LEO1	PAF1	TCEA3
cluster_11	3	PRMT1	PRMT8	SYNCRIP
cluster_12	4	AAGAB	AP1S3	AP2A2	AP2S1
cluster_13	4	AP4M1	FNTA	PGGT1B	USP47
cluster_14	4	APBA2	MAGEB6	ROBO1	SUPV3L1
cluster_15	4	NDFIP1	NDFIP2	PRRG1	UQCRH
cluster_16	4	ACTB	ACTG1	CFL1	DSTN
cluster_17	3	AMPD1	AMPD2	AMPD3
cluster_18	3	APOBEC3A	CHMP3	STAMBP
cluster_19	3	BPGM	DYNC1LI1	PGAM2
cluster_20	3	BTG2	CNOT7	TOB2
cluster_21	3	BUD23	THUMPD3	TRMT112
cluster_22	3	CPLANE2	FUZ	RND3
cluster_23	3	CYREN	ERCC6L2	MKLN1
cluster_24	3	DNAJB4	DPCD	RUVBL2
cluster_25	3	EIF4E	EIF4EBP2	EIF4EBP3
cluster_26	3	FEM1C	MALT1	MCM8
cluster_27	3	GPN1	GPN2	RPAP2
cluster_28	3	HIRIP3	PMM2	SGK2
cluster_29	3	MAPK7	UBE2C	ZKSCAN1
cluster_30	3	MAT1A	MAT2A	PRC1
cluster_31	3	TCP11L2	TUBA4A	TUBA8
cluster_32	4	AGAP1	C1QC	WDR83OS	ZNF534
cluster_33	4	AGPS	GORASP1	SCRN1	ZNF25
cluster_34	4	GEMIN6	GEMIN7	MAGI1	RASL11B
cluster_35	5	HNRNPC	HNRNPCL1	HNRNPCL2	RALY	RALYL
cluster_36	9	HBA1	HBA2	HBB	HBD	HBE1	HBG2	HBM	HBQ1	RFESD
cluster_37	8	ADARB1	EIF2AK2	NKRF	PNPT1	PRKRA	STAU1	STRBP	ZNF346
cluster_38	4	S100A1	S100A2	S100A4	S100B
cluster_39	4	FAM229B	TSKS	TSSK1B	TSSK2
cluster_40	3	ABTB1	EEF1A2	EEF1D
cluster_41	3	ACADVL	CALR	TAF1B
cluster_42	3	AP1AR	ATCAY	KLC1
cluster_43	3	ARMC8	GID8	RMND5A
cluster_44	3	ARPP19	FCF1	SPDYC
cluster_45	3	BTF3	NAA40	NMT2
cluster_46	3	C1orf174	CTDSPL2	PDIK1L
cluster_47	3	CETN1	CETN2	SGSM1
cluster_48	3	CFAP43	SEC13	SEC16B
cluster_49	3	COPS2	GPS1	PSMD11
cluster_50	3	CUL2	RBX1	UBE2M
cluster_51	3	DLD	ITGB1BP1	PDHX
cluster_52	3	DNAJB1	EEF1A1	TTLL12
cluster_53	3	G3BP1	G3BP2	USP10
cluster_54	3	GNAI1	GNAI2	PCP2
cluster_55	3	NDUFA5	NDUFS3	TTR
cluster_56	3	NELFB	NELFCD	NELFE
cluster_57	3	PHKA2	PHKB	PHKG2
cluster_58	4	CTIF	DDX19A	DDX19B	MIF4GD
cluster_59	5	LGALS7	LGALS7B	SSBP1	TAB1	TGM5
cluster_60	12	C11orf65	CALM1	CALM2	CALM3	CAMTA2	DRC9	IQCE	IQCN	KCNN1	POC5	SPATA17	ZNF280A
cluster_61	5	IMPA1	IMPA2	NAE1	SLC44A3	UBA3
cluster_62	4	OCRL	PHETA1	PHETA2	PLEKHJ1
cluster_63	5	FTSJ3	LRRC45	PHLDA2	SSX2	SSX2B
cluster_64	4	CAB39	MED7	SHMT2	STK24
cluster_65	4	EEPD1	GRIP1	MFAP3	XDH
cluster_66	4	LYPD6	MBD5	SS18L2	YY1AP1
cluster_67	4	VPS26A	VPS26B	VPS29	VPS35
cluster_68	3	ARHGEF2	RHOA	RIPOR2
cluster_69	3	ATG14	BECN1	UVRAG
cluster_70	3	ATG16L1	RAB33B	RUFY2
cluster_71	3	BIRC5	LAMTOR4	LAMTOR5
cluster_72	3	CBR4	MEPE	ZXDC
cluster_73	3	CCDC88C	GNAI3	RGS14
cluster_74	3	CCNB1IP1	CUL5	RNF7
cluster_75	3	CHMP5	VPS4B	ZFYVE19
cluster_76	3	COMMD1	COMMD6	COMMD9
cluster_77	3	EXOC3L2	GPR148	TNFSF18
cluster_78	3	LAMTOR2	LAMTOR3	TFE3
cluster_79	3	MAFG	MAFK	NFE2L2
cluster_80	3	METTL1	RABGGTB	WDR4
cluster_81	3	NAMPT	PTCD2	USP49
cluster_82	3	PACSIN1	PACSIN2	PACSIN3
cluster_83	3	RGL3	RIT1	RIT2
cluster_84	3	TAF6L	TAF9	TAF9B
cluster_85	5	CNKSR1	CYTH1	CYTH2	CYTH3	IPCEF1
cluster_86	75	ADAMTSL4	ALPP	CATSPER1	CHIC2	CHRD	CRCT1	CREB5	CYP21A2	CYSRT1	GNE	GRN	KRTAP1-1	KRTAP1-3	KRTAP1-5	KRTAP10-1	KRTAP10-10	KRTAP10-11	KRTAP10-5	KRTAP10-7	KRTAP10-8	KRTAP10-9	KRTAP12-1	KRTAP12-3	KRTAP12-4	KRTAP2-3	KRTAP2-4	KRTAP4-11	KRTAP4-12	KRTAP4-2	KRTAP4-4	KRTAP4-5	KRTAP5-11	KRTAP5-3	KRTAP5-4	KRTAP5-6	KRTAP5-7	KRTAP5-9	KRTAP9-2	KRTAP9-3	KRTAP9-8	LCE1A	LCE1B	LCE1C	LCE1D	LCE1E	LCE1F	LCE2A	LCE2B	LCE2C	LCE2D	LCE3A	LCE3B	LCE3C	LCE3D	LCE3E	LCE4A	LCE5A	MAPKBP1	NBPF19	NOTCH2NLA	NR4A3	NUFIP2	OTX1	PCSK5	POU4F2	SHFL	SMCP	SPRY1	TGFB1	TRIM42	TSPAN4	VASN	VWC2	VWC2L	YY1
cluster_87	6	ASB9	CKM	CKMT1A	CKMT1B	OCM	PSMC3
cluster_88	12	DNAJC9	H3-4	H3C1	H3C10	H3C11	H3C12	H3C13	H3C4	H3C6	H3C7	H3C8	NASP
cluster_89	4	ADI1	APPL1	RAB5A	UBE2O
cluster_90	4	ALS2CL	RAB22A	RAB31	RAB5C
cluster_91	4	CCDC59	MAGEA8	ZNF221	ZNF224
cluster_92	4	CLIC2	CLIC4	CLIC5	TPRN
cluster_93	5	ETV4	LEMD3	SMAD1	SMAD4	SMAD9
cluster_94	3	AIMP1	RARS1	ZNF521
cluster_95	3	ANKK1	C12orf57	INSL3
cluster_96	3	ANKRD37	ANKRD50	HIF1AN
cluster_97	3	AP5Z1	NUP93	OPCML
cluster_98	3	ARCN1	COPB1	GTPBP4
cluster_99	3	ATG12	ATG3	IER2
cluster_100	3	B4GALT7	RABGGTA	RABGGTB
cluster_101	3	CACNG2	WAS	WIPF1
cluster_102	3	CHRAC1	POLE3	POLE4
cluster_103	3	CLDND1	CXCR1	ZDHHC4
cluster_104	3	CNOT9	GADD45A	GADD45B
cluster_105	3	DUSP10	DUSP16	MAPK8
cluster_106	3	DYDC2	POLR1A	UBXN2A
cluster_107	3	DYNLT3	PMS1	ZC3H14
cluster_108	3	E2F8	OLFM3	STUB1
cluster_109	3	EMC2	EMC8	EMC9
cluster_110	3	FOXJ1	FOXN4	RFX2
cluster_111	3	GALT	GRPEL1	NQO1
cluster_112	3	GSTA2	GSTA4	GSTA5
cluster_113	3	H2AB2	H2AB3	H2BC13
cluster_114	3	HACE1	RAB4A	RBSN
cluster_115	3	HAUS2	LIG4	XRCC4
cluster_116	3	HNRNPH2	MSI1	MSI2
cluster_117	3	IGBP1	PPP4C	PPP6C
cluster_118	3	NPM1	NPM2	PLEKHF1
cluster_119	3	PMM1	RAB6A	RAB6B
cluster_120	3	RAB27A	SYTL1	SYTL3
cluster_121	3	SETBP1	SPANXA1	SPANXA2
cluster_122	7	ACBD6	BTF3	BTF3L4	NAA40	NMT1	NMT2	SMYD2
cluster_123	5	ATG4B	IRGQ	MAP1LC3A	MAP1LC3B	SQSTM1
cluster_124	3	NKRF	PRKRA	STAU1
cluster_125	4	SEPTIN1	SEPTIN11	SEPTIN12	SEPTIN5
cluster_126	4	ACAD11	CD2BP2	RUVBL1	ZNHIT2
cluster_127	4	DBNL	HCLS1	MYO1F	SH3BP2
cluster_128	4	FDXACB1	MYNN	PHKA1	TUBGCP4
cluster_129	4	SRP72	SULT1B1	SULT1C3	SULT2B1
cluster_130	5	NR1H2	NR1H3	NR1H4	RXRB	RXRG
cluster_131	5	C14orf39	HPGDS	LIF	MT1X	PDE3B
cluster_132	5	LLPH	NCL	SINHCAF	ZFP41	ZNF485
cluster_133	5	MOB1B	RASSF1	RASSF2	SAV1	STK3
cluster_134	5	LUC7L	LUC7L2	PRPF38A	SRSF6	SRSF7
cluster_135	7	ARL15	ARL2	ARL2BP	ARL3	CFAP20	PDE6D	TBL1X
cluster_136	3	CLIP4	MAP7	ZNF114
cluster_137	3	ACAA1	DNAJC27	TFCP2
cluster_138	3	ARIH2	BUB1	UGP2
cluster_139	3	BMX	STAT3	SYK
cluster_140	3	C5orf22	ELOF1	WBP11
cluster_141	3	CDCA3	CTDSP2	CTDSPL
cluster_142	3	CHIA	FBXL7	TBC1D5
cluster_143	3	DCUN1D5	HUS1	RAD9A
cluster_144	3	DIRAS2	MARCHF10	UNC45A
cluster_145	3	DUSP12	EIF5	M6PR
cluster_146	3	EEPD1	GRIP1	WDR6
cluster_147	3	EGF	MGST1	VIP
cluster_148	3	FBXO16	NXF3	NXT1
cluster_149	3	GNG3	LYPD6	SS18L2
cluster_150	3	IFIT1B	IFIT2	IFIT3
cluster_151	3	IL17A	KCNIP4	TRH
cluster_152	3	IP6K1	RPL11	UBE4A
cluster_153	3	KCNJ15	KCNJ18	KCNJ2
cluster_154	3	MAGI2	PDZD11	PLEKHA5
cluster_155	3	MLKL	NANOS2	S100A10
cluster_156	3	OGT	SAP30BP	TRAF7
cluster_157	3	RAN	TRA2A	XPOT
cluster_158	3	SWSAP1	UQCRB	ZSWIM7
cluster_159	11	CASK	LIN7A	LIN7B	LIN7C	MAK16	MPP2	MPP3	MPP7	PALS1	PALS2	TRAPPC12
cluster_160	6	LSM1	LSM12	LSM2	LSM3	LSM6	PATL1
cluster_161	4	ACTL8	CERT1	CSNK1G2	FTSJ1
cluster_162	4	ADPRS	CLCN1	PRDM5	VIPR1
cluster_163	4	APPL2	RAB22A	RAB5C	SUV39H2
cluster_164	4	ARHGEF40	GAS2L1	GPSM2	LRRC8E
cluster_165	4	BAG1	PSMC2	PSMD2	UBLCP1
cluster_166	4	EFCAB11	FBXL3	MSRA	SELENBP1
cluster_167	4	GTF2E1	GTF2E2	GTF2H1	NRARP
cluster_168	5	IL23A	NAT8L	PEX19	PEX26	PEX3
cluster_169	5	CAMK2B	CAMK2D	CAMK2G	DUS1L	TTC5
cluster_170	6	ATG3	CCDC90B	FRA10AC1	MOB2	OR5H1	STK38L
cluster_171	8	AZIN1	BMAL1	BMAL2	CLOCK	DHTKD1	EPAS1	NPAS2	TRAPPC12
cluster_172	3	ACY1	FMNL3	NUDT1
cluster_173	3	ADAT3	CUTA	FBLIM1
cluster_174	3	ANKRD40	RFC3	RFC4
cluster_175	3	ANXA10	DCP1B	EDC3
cluster_176	3	ARC	S100P	TGFBI
cluster_177	3	ARF4	COPS3	COPS8
cluster_178	3	ARHGDIG	FUCA1	MED10
cluster_179	3	ARL2	ARL2BP	ARL3
cluster_180	3	ATF5	CEBPG	TTR
cluster_181	3	ATP1A4	RIC8A	SLC2A13
cluster_182	3	ATP5PO	TBC1D10A	TEX13A
cluster_183	3	C1QTNF5	DEFB118	GUCA1A
cluster_184	3	CA9	CSRP1	REEP1
cluster_185	3	CFAP161	DPYSL3	DPYSL5
cluster_186	3	CRK	CRKL	USP53
cluster_187	3	CYB5R1	SLC51B	TTC1
cluster_188	3	DACT3	SESTD1	ZNF830
cluster_189	3	EXOC6B	FABP3	SHTN1
cluster_190	3	FKBP5	MCM7	MCMBP
cluster_191	3	GNGT1	UBXN4	ZNF277
cluster_192	3	GTF2H4	GTF2H5	NGRN
cluster_193	3	ISY1	PPIE	XAB2
cluster_194	3	LRMDA	PPP3R2	RAB32
cluster_195	3	MYL6B	ROPN1L	SPA17
cluster_196	3	NPM3	PYROXD1	UPRT
cluster_197	3	PKIA	PRC1	PRKACB
cluster_198	4	BCCIP	MRPS9	PDGFB	RPL23
cluster_199	4	CLNS1A	FRMD7	SNRPD1	SNRPD3
cluster_200	4	HRAS	RAP1GDS1	RAP2C	RRAS
cluster_201	5	ADNP2	CBX3	CBX5	PRR14	ZNF280D
cluster_202	5	KLHL8	PNMT	PPM1F	RLBP1	TP53I13
cluster_203	4	CHTOP	DDX39A	DDX39B	PHLDB3
cluster_204	5	DPEP2NB	LRIG1	MICOS10-NBL1	NBL1	PLA2G2F
cluster_205	7	EPS15L1	JOSD2	SLC25A35	TRAPPC2	TRAPPC2B	TRAPPC3	TRAPPC5
cluster_206	4	FAM219A	LIMS3	LIMS4	TRIM49C
cluster_207	3	HBB	HBM	HBZ
cluster_208	6	ANKRD45	COQ4	COX7C	DYNLRB1	MAGEA2	MAGEA2B
cluster_209	5	ARHGAP8	CYGB	LRATD1	MZT1	PRR5-ARHGAP8
cluster_210	5	C3orf62	EIF1AX	PFDN4	RFPL3	RGP1
cluster_211	5	CSDC2	FBXO43	PPP2R1A	PPP2R5B	PPP2R5D
cluster_212	4	AKR1C1	PTPN3	VWA2	WDR6
cluster_213	4	AZIN1	AZIN2	OAZ3	ODC1
cluster_214	4	C14orf39	INPP5A	TEAD2	YAP1
cluster_215	4	CCT2	CCT5	CCT7	ZNRD2
cluster_216	4	CIAO1	CIAO2B	SLC4A7	URI1
cluster_217	4	DHRS11	DLG3	KDELR1	RPS8
cluster_218	4	EXOC3L2	GAGE12F	GAGE12G	GPR148
cluster_219	4	MYRIP	RAB27A	SYTL1	SYTL5
cluster_220	4	NXF2	NXF2B	NXF3	NXT2
cluster_221	3	ARL15	ARL3	PDE6D
cluster_222	3	ASB7	HIF1AN	ZFAND2B
cluster_223	3	ATP6V1E2	ATP6V1G1	ATP6V1G2
cluster_224	3	BAIAP2	HOXD8	TBX5
cluster_225	3	BAK1	BCL2A1	MCL1
cluster_226	3	CCL21	EOMES	OTP
cluster_227	3	CLN5	IGF2	INS-IGF2
cluster_228	3	COG4	FARSA	FARSB
cluster_229	3	COX5A	SNX20	SPDEF
cluster_230	3	CREB1	CRTC1	CRTC2
cluster_231	3	CRYGA	HSPA13	PSMB9
cluster_232	3	FEM1A	OGFOD1	RPS23
cluster_233	3	FKBP4	GLMN	RBX1
cluster_234	3	GPN3	GTPBP2	SNRNP70
cluster_235	3	IFNGR1	SLC9A6	STIM1
cluster_236	3	KAT14	MBIP	ZFY
cluster_237	3	KLHL40	MCM10	ZNF451
cluster_238	3	KLRK1	PDE4C	SRI
cluster_239	3	METAP1	NBR1	SYT4
cluster_240	3	MINDY3	TRIM49	TRIM49C
cluster_241	3	MLPH	RAB27B	RPH3A
cluster_242	3	NRAS	RAF1	RGL3
cluster_243	3	NUMBL	SPSB3	ZNF396
cluster_244	3	PCYT1A	PCYT1B	VKORC1L1
cluster_245	3	PEX5	PSAP	SCRN2
cluster_246	3	PSMC3	PSMC6	PSMD9
cluster_247	3	TRAPPC1	TRAPPC3	TRAPPC5
cluster_248	7	CCDC88C	GNAI1	GNAI2	GNAI3	PCP2	PHF24	RGS14
cluster_249	7	CLNS1A	LSM12	LSM3	LSM5	LSM6	LSM7	SNRPD3
cluster_250	13	AKAP14	AKAP19	AKAP5	AKAP7	DTX1	PRKACA	PRKAR1A	PRKAR2A	PRKAR2B	ROPN1L	RSPH3	SPA17	TAF12
cluster_251	6	LSM5	LSM7	OSBPL2	SNRPD2	SNRPE	SNRPF
cluster_252	7	EML2	EXD1	IFI35	SETBP1	SPANXA1	SPANXA2	SPANXD
cluster_253	4	B3GALT5	DEFB103A	DEFB103B	SPATA31A7
cluster_254	4	CHMP6	SNF8	VPS25	VPS36
cluster_255	5	ACAA1	FEM1A	MALT1	MYOM3	OGFOD1
cluster_256	5	COX7B	CTNS	FRG1	GNMT	SRD5A2
cluster_257	5	CTNS	GABRQ	GNMT	SNRNP200	SRD5A2
cluster_258	5	RHOA	RHOC	RIPOR3	SCML4	SHANK2
cluster_259	10	ANP32B	DCPS	KPNA1	KPNA2	KPNA5	KPNA6	NMNAT1	NUP50	RNMT	TAF9
cluster_260	4	ACY3	ARF5	ASPA	PMM2
cluster_261	4	ATG16L1	RAB33A	RUFY2	RUFY3
cluster_262	4	CD177	IGF1R	KCNIP3	SRL
cluster_263	4	CPLANE2	IL1F10	IMPDH2	STAT3
cluster_264	4	DLG2	RNASE2	RPF2	SERPINB13
cluster_265	4	ELOB	KIF2A	LOC102724023	MRPL53
cluster_266	4	MAP7	TPPP	ZNF114	ZNF8
cluster_267	4	SVIP	UBXN10	UBXN2A	UBXN6
cluster_268	5	DOLK	KCNA1	KCNA10	KCNA3	KCNA6
cluster_269	6	HNRNPK	RBM3	RBMY1A1	RBMY1F	RBMY1J	SNRPA
cluster_270	6	ATP6V1D	ATP6V1F	BBLN	CEP290	FGD4	THAP11
cluster_271	6	CHN2	NCK1	PAK2	PIK3AP1	SENP8	SHF
cluster_272	3	ACSF3	MATN4	RAB28
cluster_273	3	ALDH16A1	DERA	HSF2
cluster_274	3	ARHGEF3	PCLAF	TERF1
cluster_275	3	ASB9	CKB	CKM
cluster_276	3	BCCIP	FCF1	MRPS9
cluster_277	3	BTBD1	PSMC2	PSMD5
cluster_278	3	C9orf72	SMCR8	SYN3
cluster_279	3	CALML3	IQCB1	PCMT1
cluster_280	3	CLIC1	CLIC5	TPRN
cluster_281	3	COPS4	COPS6	PEX14
cluster_282	3	CPSF6	HOXC10	USP21
cluster_283	3	CWC25	FMR1	WBP2NL
cluster_284	3	ERCC4	TACC1	THAP12
cluster_285	3	FEZ2	SCHIP1	SCOC
cluster_286	3	FNTA	FNTB	PGGT1B
cluster_287	3	HSPE1	NIPA1	SELENOM
cluster_288	3	IRAK4	MYD88	ZNF597
cluster_289	3	KCNE4	PTPRN	TRDN
cluster_290	3	LRATD2	PILRA	UROD
cluster_291	3	MALSU1	MYBPHL	SP6
cluster_292	3	MBD2	NABP1	PURB
cluster_293	3	NCBP1	NINL	RNF40
cluster_294	3	ORC2	PDCD5	RAD18
cluster_295	3	RYBP	XAGE1A	XAGE1B
cluster_296	4	LSM2	LSM3	LSM6	LSM7
cluster_297	4	PGBD1	ZKSCAN4	ZKSCAN7	ZSCAN32
cluster_298	5	ANKK1	C12orf57	CHN1	CHN2	YEATS4
cluster_299	5	CA8	KLHL8	PPM1F	TEX101	TP53I13
cluster_300	6	CENPN	DNAAF19	FAM187A	PLAAT1	PNMA6A	RCN3
cluster_301	7	SCAND1	ZKSCAN7	ZNF24	ZNF446	ZSCAN21	ZSCAN22	ZSCAN23
cluster_302	4	ATG10	ATG5	CCDC12	TECPR1
cluster_303	4	BEX4	MPPED2	NUP93	POMP
cluster_304	4	BRD9	CATIP	HESX1	MEDAG
cluster_305	4	C16orf87	MAGEA12	NANOS2	NPPA
cluster_306	4	C1orf21	ERICH4	PPFIA1	PPP2R5A
cluster_307	4	COBL	PACSIN1	PACSIN2	RIC8A
cluster_308	4	EYA1	SIX1	SIX2	TLE3
cluster_309	4	FBN1	GET4	GIT2	NUP85
cluster_310	4	H3C13	H3C14	H3C15	NASP
cluster_311	4	HBB	HBG2	HBM	XPNPEP1
cluster_312	4	LENEP	PIGY	SLC35A5	TMEM72
cluster_313	4	LYPLA1	SFMBT2	SLF2	UBE2O
cluster_314	4	PDCD10	STK24	STK26	STRN
cluster_315	4	RAB11B	RAB14	RAB25	SH3BP5L
cluster_316	14	CSRNP1	CSRNP2	PPP1CA	PPP1CB	PPP1CC	PPP1R11	PPP1R27	PPP1R2B	PPP1R2C	PPP1R3B	PPP1R3C	PPP1R7	PPP1R8	TPRN
cluster_317	4	CHTOP	SMN1	SMN2	SNU13
cluster_318	5	LUC7L2	REP15	SRSF5	ZRSR2	ZRSR2P1
cluster_319	5	FANCF	GSTZ1	LMBRD1	NPFFR1	TCP11
cluster_320	5	RAB1A	RAB1B	RAB3B	RAB3C	RABIF
cluster_321	3	ACOT11	GEMIN6	GEMIN7
cluster_322	3	ANKRD1	MTHFD2	NAGK
cluster_323	3	ANKRD28	KCNV2	PTRH1
cluster_324	3	ASB6	CHRNB1	POLR2A
cluster_325	3	CCND2	CDK4	OGDHL
cluster_326	3	CHMP2A	GPHN	MITD1
cluster_327	3	DDX39A	DDX39B	SARNP
cluster_328	3	DHRS11	DLG3	OSBP2
cluster_329	3	FANCF	MAP2K1	TCP11
cluster_330	3	GRB7	LAX1	TRIM43
cluster_331	3	HEBP2	PDCD6	PRR19
cluster_332	3	IL1F10	IMPDH1	IMPDH2
cluster_333	3	ING4	JADE2	MEAF6
cluster_334	3	KDM8	NUBP2	NUBPL
cluster_335	3	KIFAP3	NCF1	NCF2
cluster_336	3	MARF1	TAT	UBE3A
cluster_337	3	PEG10	RTL8A	RTL8B
cluster_338	3	REPIN1	SET	SGO2
cluster_339	3	SENP1	SUMO2	ZBTB33
cluster_340	3	SNAPC1	SNAPC3	TTC4
cluster_341	19	ARMC10	ARMCX3	COX16	FAM25A	FAM25C	FAM25G	GPD1	IGLL1	KLHL35	LCN1	MIEF1	MIEF2	PPIC	PPIF	S100A6	SNX1	TDRKH	TOMM20L	ZFAND3
cluster_342	6	C19orf47	PSMA3	PSMA6	PSMD3	SMCO3	ZNF596
cluster_343	6	DLG2	KDELR1	PPIL4	RNASE2	RPS8	SERPINB13
cluster_344	4	ACACA	FGF14	MAOB	SMC1A
cluster_345	4	ANAPC2	FAM199X	NR2E3	WDR5
cluster_346	4	ANKRD13C-DT	FLNA	RFLNA	SPANXD
cluster_347	4	BCL7B	IQSEC1	KIF27	MAGEA3
cluster_348	4	COMMD6	HSPA6	KRT222	RPA1
cluster_349	4	DIRAS1	RAP1GDS1	RAP2B	RAP2C
cluster_350	4	IFT43	TBX5	WBP1	ZMYND10
cluster_351	4	RAB11A	RAB11FIP2	RAB25	YWHAE
cluster_352	3	EEF2KMT	HPRT1	PRTFDC1
cluster_353	3	KCTD10	KCTD13	TNFAIP1
cluster_354	8	ALX1	APCS	EEF1D	GRP	OR52L1	RBM45	UROC1	ZNF300
cluster_355	5	H1-7	H2AC4	H2AC8	H2BC15	MACROH2A2
cluster_356	4	SEC23A	SEC23B	SEC23IP	SEC24D
cluster_357	6	CRABP1	DAAM2	NFIC	TH	UMAD1	ZNF569
cluster_358	14	ANKHD1	ESRP1	FOXP3	MBNL3	NOTCH3	PRR20A	PRR20B	PRR20C	PRR20D	PRR20E	RBM23	RBM42	TBX3	ZCCHC14
cluster_359	3	ADCY4	GATA5	PPARG
cluster_360	3	ADI1	APPL1	APPL2
cluster_361	3	ADIPOR1	NOX1	TBXA2R
cluster_362	3	AKAP14	PRKAR2A	ROPN1L
cluster_363	3	AP3M1	MRPL1	SPAG16
cluster_364	3	APTX	CRABP2	FLAD1
cluster_365	3	C14orf39	TEAD2	VGLL4
cluster_366	3	CDC25A	CDCA5	NAA11
cluster_367	3	CETN3	CKMT2	SGK1
cluster_368	3	CTNNAL1	DMD	RNF135
cluster_369	3	DEFB121	LAYN	NECTIN4
cluster_370	3	DHPS	MAPK3	PEA15
cluster_371	3	DNMT3L	PDZD4	RSL24D1
cluster_372	3	DTX1	PRKACA	PRKAR1A
cluster_373	3	EIF4E1B	EIF4E2	EIF4EBP1
cluster_374	3	EXOSC4	POLE	POLE2
cluster_375	3	FAM110B	HMGB2	PKNOX1
cluster_376	3	HBD	HBQ1	RFESD
cluster_377	3	LGALS8	SMAD5	WBP2
cluster_378	3	LYPLA1	SCMH1	SFMBT2
cluster_379	3	MARK4	MED18	MED20
cluster_380	3	NAIF1	NRXN3	PAX4
cluster_381	3	NAP1L1	NAP1L2	SH3BP5
cluster_382	3	NR2C1	PPARG	RARA
cluster_383	3	PCGF2	PCGF3	PHC1
cluster_384	3	PDE4A	PFKFB1	PFKFB3
cluster_385	3	PLA2G6	RBBP9	RCBTB2
cluster_386	3	S100A4	S100A9	S100B
cluster_387	3	TARS1	TARS2	TARS3
cluster_388	4	ARPC3	CCR10	HOXA3	LATS1
cluster_389	4	C11orf68	MTCL1	NONO	ZNF341
cluster_390	4	CEP164	CLP1	DAGLB	PCMT1
cluster_391	4	CETN1	CETN2	CETN3	POC5
cluster_392	4	CRIP3	IP6K2	KHNYN	PLOD3
cluster_393	4	ECI2	GCH1	PPP1R1C	TNPO3
cluster_394	4	FAM169A	MTMR6	MTMR7	MTMR9
cluster_395	4	KCTD21	NMRK1	RNF25	UFM1
cluster_396	4	RAB3A	RAB3B	RAB3C	VRTN
cluster_397	5	ENOPH1	RFC4	RNF41	SRR	TTC1
cluster_398	6	ATF7IP	EHMT2	HIC2	KLF12	MX2	ZNF462
cluster_399	6	B3GNT5	CENPO	DCDC2	DYNC2LI1	PTPRCAP	SLC38A2
cluster_400	4	ZKSCAN4	ZKSCAN7	ZNF496	ZSCAN21
cluster_401	4	RBM39	SAP18	SREK1	SRSF11
cluster_402	3	DYNC1I2	DYNLT1	DYNLT3
cluster_403	11	LMCD1	LRMDA	RAB19	RAB1A	RAB1B	RAB3A	RAB3B	RAB3C	RAB3D	RABIF	VRTN
cluster_404	6	PPP1R37	RBMY1A1	RBMY1E	RBMY1F	RBMY1J	ZNF317
cluster_405	4	ANKRD29	FERMT3	HLCS	USP32
cluster_406	4	APTX	PNMA3	SLC25A37	TIGD3
cluster_407	4	B3GNT7	GOLM2	NXPE3	RNASE12
cluster_408	4	BMI1	PCGF5	PCGF6	RING1
cluster_409	4	BTG1	FADD	RIPK1	TRADD
cluster_410	4	CCL28	DDI1	RALGAPA2	SDS
cluster_411	4	CRTAC1	MAPRE2	RBM6	TRAIP
cluster_412	4	CSNK1E	PER1	PER2	TPTEP2-CSNK1E
cluster_413	4	DECR2	MAML3	RAB39B	VPS26C
cluster_414	4	DRAP1	GTF2B	TAF9	TAF9B
cluster_415	4	EMX2	MYCL	OTUD6A	SSBP1
cluster_416	4	FRMD1	PMAIP1	RAB2A	TMEM70
cluster_417	4	GLS2	RNF114	RNF166	XAF1
cluster_418	5	ARRB1	CTNS	GABRQ	GAGE2A	GNMT
cluster_419	5	DNAAF11	LRCH3	PODN	SSX7	TERF1
cluster_420	5	FAM118B	FRYL	PDCD10	PLEKHS1	STRN
cluster_421	5	FAM118B	PDCD10	PLEKHS1	STK25	STK26
cluster_422	5	IRAK4	LMNA	PELI1	RIMS4	TP63
cluster_423	47	ALPP	CRCT1	CYP21A2	FAM76B	FBXO34	GLRX3	GRN	KRTAP1-1	KRTAP1-3	KRTAP10-1	KRTAP10-11	KRTAP10-5	KRTAP10-8	KRTAP10-9	KRTAP12-3	KRTAP12-4	KRTAP4-11	KRTAP4-12	KRTAP4-4	KRTAP4-5	KRTAP5-11	KRTAP5-2	KRTAP5-3	KRTAP5-6	KRTAP5-7	KRTAP5-9	KRTAP9-2	KRTAP9-3	KRTAP9-8	LCE1A	LCE1C	LCE1F	LCE2C	LCE2D	LCE4A	LCE5A	LELP1	LINGO1	MACO1	OIT3	POTEB3	PRKAG1	RGS17	SLC39A7	SMCP	SPRY3	VWC2L
cluster_424	4	LSM5	LSM7	SNRPG	TCL1B
cluster_425	3	ADCY4	AHCY	C1orf50
cluster_426	3	AK8	CNTF	RDM1
cluster_427	3	ASCL3	TCF3	TWIST2
cluster_428	3	CASTOR1	TMA16	ZC2HC1A
cluster_429	3	CCT3	PDCL	UBE2Z
cluster_430	3	CD151	GRAMD1C	TSPAN18
cluster_431	3	CDC42	CDC42EP1	CDC42EP2
cluster_432	3	CEBPG	FBXO2	PFDN6
cluster_433	3	DLG2	PPIL4	RPF2
cluster_434	3	DNAJB13	TOM1L1	ZC3H12A
cluster_435	3	DYNLL2	PKIG	ZAR1
cluster_436	3	ESPNL	LDLRAP1	PSD4
cluster_437	3	FAAP100	PTGES3L-AARSD1	ZNF185
cluster_438	3	FOXR1	NAA80	PPCDC
cluster_439	3	FRMD6	MAK16	TLK2
cluster_440	3	GTF2A1	GTF2A2	TBPL1
cluster_441	3	MAGOH	RBM8A	ZKSCAN8
cluster_442	3	NDUFAF3	NDUFAF4	RNF146
cluster_443	3	NR1H4	RARG	RXRB
cluster_444	3	PSEN1	PSENEN	SLC10A2
cluster_445	10	BMI1	PCGF1	PCGF2	PCGF3	PCGF5	PCGF6	RING1	RNF2	RYBP	ZIM3
cluster_446	16	ASF1A	H4C1	H4C11	H4C12	H4C13	H4C14	H4C15	H4C16	H4C2	H4C3	H4C4	H4C5	H4C6	H4C8	H4C9	MCM2
cluster_447	5	DLG2	DLG3	DLGAP1	DLGAP3	KDELR1
cluster_448	4	DESI2	OTUD7B	OTULIN	SPART
cluster_449	51	ALPP	CATSPER1	CHRD	CRCT1	CREB5	DHRS1	FBXW5	GNE	HOXA1	IL10	KRTAP4-1	KRTAP4-11	KRTAP4-2	KRTAP5-11	KRTAP5-3	KRTAP5-4	KRTAP5-6	KRTAP5-9	KRTAP9-3	KRTAP9-8	LCE1A	LCE1B	LCE1D	LCE1E	LCE1F	LCE2B	LCE2C	LCE2D	LCE3A	LCE3B	LCE3C	LCE3D	LCE3E	LCE4A	LCE5A	MAPKBP1	NECTIN2	NECTIN3	NPDC1	NUFIP2	OTX1	PLSCR2	POU4F2	PTPMT1	R3HDM2	RGS17	RGS19	RGS20	SMCP	SPRY3	VASN
cluster_450	33	ANKHD1	BEND2	BICRAL	CELF4	EIF4ENIF1	ESRP1	FOXP3	GTF2A1	HLX	MBNL3	NOTCH3	POU2F1	PRR20A	PRR20B	PRR20C	PRR20D	PRR20E	PRR34	PTTG2	RBM23	RBM42	SAMD11	SERF2	SIAH1	SMAP1	SP4	SRPK2	TBX3	TIAL1	TPRX1	ZCCHC14	ZNF385C	ZNF683
cluster_451	4	ALOX5	CCDC174	HSD17B1	LCN1
cluster_452	4	ARMC1	LHFPL3	NT5E	RNF24
cluster_453	4	CRMP1	LARP4B	RACK1	TMEM131
cluster_454	4	ERMN	PYM1	RTN4IP1	SORBS1
cluster_455	4	GAB2	GAREM1	GRAP2	RAVER1
cluster_456	4	HSPA1L	HSPA8	PIAS4	TRIM38
cluster_457	4	IMP4	ZBTB5	ZBTB7B	ZSCAN5B
cluster_458	4	LANCL2	RAB33B	RAD51AP1	SIAH1
cluster_459	6	C1orf87	PRRX1	RPS6KC1	SAAL1	SSX7	ZNF443
cluster_460	5	CCDC134	DEFB124	KCNE5	PGRMC1	TMEM213
cluster_461	5	CCDC172	COPS4	H2BC17	PCDHB12	USH1C
cluster_462	29	CHFR	CUEDC1	MID1	MKRN2	OTUB1	PGPEP1	PHF7	POLR2E	RING1	RNF11	RNF115	RNF126	RNF166	RNF181	RNF185	RNF2	RNF25	RNF5	TRIM39	TRIM62	UBE2D1	UBE2D2	UBE2D3	UBE2D4	UBE2E2	UBE2E3	UBE2K	UBTD1	ZNRF1
cluster_463	15	KRTAP5-2	KRTAP5-4	KRTAP5-9	LCE1B	LCE1D	LCE1E	LCE1F	LCE2B	LCE2C	LCE2D	LCE3B	LCE5A	RNF4	UBE2I	ZNF696
cluster_464	5	ACTN1	ACTN4	MICALL2	MYOZ2	SYNPO2L
cluster_465	3	ABLIM2	AHNAK2	ATP6V0A1
cluster_466	3	ALKBH7	B9D2	CENPN
cluster_467	3	ANXA1	LNPK	NOC4L
cluster_468	3	APOL6	FNTB	RGS13
cluster_469	3	ARPC4	ARPC5L	METTL21A
cluster_470	3	CAPNS2	OXNAD1	PHACTR3
cluster_471	3	CCT3	CCT5	ZNRD2
cluster_472	3	CRYBB3	DOK6	SLC30A6
cluster_473	3	EHD1	EHD3	SNAP29
cluster_474	3	EML2	EXD1	IFI35
cluster_475	3	ENDOD1	SRL	VSNL1
cluster_476	3	GABPA	GABPB1	GABPB2
cluster_477	3	GATAD2A	KRT32	MBD2
cluster_478	3	GIPC2	IRF4	PATJ
cluster_479	3	HLCS	MED19	SPATA46
cluster_480	3	MEIG1	NCOA5	RAB30
cluster_481	3	MYL6	NUDT21	S100PBP
cluster_482	3	NAALAD2	SPCS1	TMEM74
cluster_483	3	PARD6A	PRKCI	SQSTM1
cluster_484	3	PCGF1	PCGF3	RNF2
cluster_485	3	PDCD10	STK25	STRN
cluster_486	3	PLK3	RAD52	RDM1
cluster_487	3	POP5	RPP14	RPP30
cluster_488	3	PSMC1	PSMC2	PSMD2
cluster_489	3	PSMD4	RAD23B	RSC1A1
cluster_490	3	RSRC2	SAMD4B	USP53
cluster_491	9	ZKSCAN4	ZNF232	ZNF24	ZNF396	ZNF446	ZSCAN23	ZSCAN30	ZSCAN32	ZSCAN9
cluster_492	5	BRIP1	HSD17B14	OTUD3	PGLYRP3	PIDD1
cluster_493	5	CA3	COX6A1	FCGR3A	IGSF11	LXN
cluster_494	5	DOLK	GALNT8	KCNA3	KCNA6	SLC7A6
cluster_495	44	GNG10	KLC4	KRT1	KRT13	KRT14	KRT15	KRT16	KRT19	KRT2	KRT24	KRT25	KRT26	KRT27	KRT28	KRT3	KRT33B	KRT35	KRT36	KRT37	KRT38	KRT39	KRT4	KRT5	KRT6A	KRT6B	KRT6C	KRT71	KRT72	KRT73	KRT74	KRT76	KRT77	KRT78	KRT79	KRT8	KRT80	KRT81	KRT82	KRT83	KRT85	KRT86	RESF1	SGF29	SMARCE1
cluster_496	4	AMPH	C16orf74	FAM167A	PPP3CA
cluster_497	4	BBS4	RARA	RARG	SPIRE1
cluster_498	4	CAPN15	MORC3	RNF216	USP5
cluster_499	4	CBY1	CIBAR1	DZIP1L	TNFAIP8L3
cluster_500	4	COMMD1	GGA3	NPM3	UPRT
cluster_501	4	GNPNAT1	PSMB8	SNX5	YJEFN3
cluster_502	7	BOC	COX6A1	DNAJC11	FCGR3A	LXN	MCMDC2	YIF1B
cluster_503	4	CARNMT1	LOC102724594	SNRNP35	U2AF1
cluster_504	6	ACER1	ACER2	ATRAID	DNPEP	MPP1	SLC35E1
cluster_505	8	CCSER1	CRTAC1	MAPRE1	MAPRE2	MAPRE3	SPDYE2	SPDYE2B	TAOK2
cluster_506	3	ABCG4	SYT9	TMEM50A
cluster_507	3	ADAM15	ODAM	SNX33
cluster_508	3	AIM2	ANP32B	DNTTIP1
cluster_509	3	ALOX5	GATC	HSD17B1
cluster_510	3	ARPC3	HOXA3	SYBU
cluster_511	3	ASMTL	NR1D1	TDO2
cluster_512	3	AURKAIP1	DEFB127	PIANP
cluster_513	3	C11orf68	EIF4H	MTCL1
cluster_514	3	C16orf54	CLDN11	ZP3
cluster_515	3	CAGE1	MPPED2	POMP
cluster_516	3	COL17A1	N4BP2L2	PPIL1
cluster_517	3	CTNND1	KCTD6	TBC1D2
cluster_518	3	DGCR6	ESS2	INIP
cluster_519	3	DHPS	EIF5A2	RBP1
cluster_520	3	DLG3	DLGAP2	KDELR1
cluster_521	3	DOK4	PAX8	SAE1
cluster_522	3	DUSP7	EGLN3	FOXJ2
cluster_523	3	FAIM2	GGT6	GRINA
cluster_524	3	FDXACB1	ZNF174	ZSCAN18
cluster_525	3	GABARAP	MAP1LC3B	SQSTM1
cluster_526	3	GAGE12F	GAGE12G	PSMB5
cluster_527	3	GAS2L1	GPSM2	WHRN
cluster_528	3	GIPC3	SLC26A1	ST6GAL2
cluster_529	3	HNRNPCL2	RALYL	TIGD3
cluster_530	3	KPNA2	PLEKHA3	RNMT
cluster_531	3	KPNA4	MTA1	RBBP4
cluster_532	3	LHB	NTM	QRFPR
cluster_533	3	LMCD1	RAB3B	RABIF
cluster_534	3	MITD1	TTC33	ZFYVE19
cluster_535	3	NUP62CL	SEZ6L2	TOX3
cluster_536	3	PCYT1B	SCGB1A1	TMEM43
cluster_537	3	RAB6B	RAP1GDS1	RAP2C
cluster_538	5	ARHGAP22	DEF6	INTS2	PTK2	RAPGEF4
cluster_539	5	CREBL2	DDIT3	GIMAP6	JDP2	TNFSF12
cluster_540	4	AMTN	APBB1IP	BAG6	UBL4B
cluster_541	4	ATOX1	CPNE4	CPNE8	NECAB1
cluster_542	4	BAK1	BCL2A1	BCL2L10	BCL2L11
cluster_543	4	BEX5	COPS7B	ING3	PACRGL
cluster_544	4	CCNH	CCT4	DUSP12	MTMR7
cluster_545	4	CRABP1	TH	TSPYL4	ZNF569
cluster_546	4	CST9L	KRTAP5-1	MT1M	SMOC2
cluster_547	4	EHMT2	KLF12	MX2	RD3
cluster_548	4	FARP1	LRCH3	PIH1D1	RPAP2
cluster_549	4	GOPC	MYLK	OSBP2	RALGAPB
cluster_550	4	IDI2	ISL2	LDB1	LHX1
cluster_551	4	MYO5B	RAB11A	RAB11B	RAB25
cluster_552	4	NAA35	RNASE1	TP53I13	TRIM7
cluster_553	4	POLR2L	PSMA3	PSMA6	PSMD3
cluster_554	40	ADAM12	CHRD	CRCT1	CREB5	KRTAP10-1	KRTAP2-3	KRTAP2-4	KRTAP4-11	KRTAP4-12	KRTAP4-2	KRTAP4-4	KRTAP5-6	LCE1A	LCE1B	LCE1C	LCE1D	LCE1E	LCE1F	LCE2A	LCE2B	LCE2C	LCE2D	LCE3A	LCE3B	LCE3C	LCE3D	LCE3E	LCE4A	LCE5A	MAPKBP1	NR1D2	NR4A3	NUFIP2	PTPMT1	R3HDM2	SHFL	SMCP	SPRY1	ZNF497	ZNF696
cluster_555	4	PMVK	SNAP25	ZNF177	ZNF559-ZNF177
cluster_556	5	ABL2	ARHGAP17	HOXC11	TRIP10	UTF1
cluster_557	5	CDK13	NAA35	RWDD2B	TRIM7	TRMT10A
cluster_558	5	CHN1	HEATR9	HEMK1	SHOX	TUBGCP5
cluster_559	5	CRK	CRKL	PSMC6	PSMD9	SEC14L5
cluster_560	5	ERCC1	RPA2	SKIL	SNPH	XPA
cluster_561	5	ITGB1BP1	MTX2	RHOH	SORL1	XPNPEP1
cluster_562	4	AP3M1	SIPA1L2	SLC12A4	SPAG16
cluster_563	4	ARHGAP1	CCDC50	SH3GL1	SOCS1
cluster_564	4	ARL15	ARL16	OTP	PDE6D
cluster_565	4	CDC25A	CREBRF	NAA11	TOM1
cluster_566	4	CDC73	NCBP1	RNF20	RNF40
cluster_567	4	CDK16	RNASEH2B	WNT9A	ZBTB14
cluster_568	4	CELF6	CRYBA1	CRYBB2	CRYBB3
cluster_569	4	CIAO1	CIAO2B	HAUS3	TOP3B
cluster_570	4	CLEC4D	FCRL2	LDLRAD4	ZDHHC22
cluster_571	4	CNOT4	IL36RN	IRAK4	UBL4B
cluster_572	4	COX8A	MAGEA4	PUDP	UVSSA
cluster_573	4	GOLGA7	IGF1R	IL6ST	KCNIP3
cluster_574	4	SRSF1	SRSF4	SRSF9	TRA2B
cluster_575	3	ABHD4	AURKAIP1	REEP5
cluster_576	3	AKT1	RNF114	XAF1
cluster_577	3	ANKRD13D	MAML3	NID2
cluster_578	3	ANXA11	FUBP1	PRPF40B
cluster_579	3	AP3M1	SLC12A4	TMEM102
cluster_580	3	APIP	BAZ2B	RASGEF1B
cluster_581	3	ASF1A	H4C6	MCM2
cluster_582	3	BIN3	GINS2	GINS4
cluster_583	3	CBFB	RUNX1	RUNX3
cluster_584	3	CD207	FRMD8	GRAMD2B
cluster_585	3	CSRNP1	PPP1CA	PPP1R3B
cluster_586	3	CYTH1	FOSL2	JUN
cluster_587	3	DENND2A	POLR2K	SH3KBP1
cluster_588	3	DLG2	SERPINB13	VTN
cluster_589	3	EVL	VASP	ZYX
cluster_590	3	FST	TXN	TXNIP
cluster_591	3	GIPC1	GIPC3	PLEKHA2
cluster_592	3	HACD1	RNF170	STARD3
cluster_593	3	IFT88	ITPKB	MSRB1
cluster_594	3	ISL1	TMCO6	ZNF511
cluster_595	3	LARP4B	MKRN2	RACK1
cluster_596	3	LIN54	PHF21A	SP3
cluster_597	3	M1AP	UBL3	ZNF740
cluster_598	3	MED22	TEX9	TXNDC9
cluster_599	11	FAM114A1	FAM114A2	FRMD1	GARIN1A	GARIN4	HES6	PMAIP1	RAB2A	RAB2B	TMEM70	TXNDC11
cluster_600	6	C1orf35	CCNL1	FAM133A	NKAPD1	PRPF40A	SREK1IP1
cluster_601	35	ADAM12	ADAMTSL4	CELF5	CYSRT1	HOXA1	KRTAP1-1	KRTAP1-3	KRTAP10-7	KRTAP10-8	KRTAP10-9	KRTAP12-1	KRTAP12-3	KRTAP2-3	KRTAP2-4	KRTAP26-1	KRTAP4-11	KRTAP4-2	KRTAP4-4	KRTAP5-11	KRTAP5-6	KRTAP9-2	KRTAP9-3	KRTAP9-8	LCE2B	MAPKBP1	NBPF19	NOTCH2NLA	PCSK5	SMARCC1	SPRY1	TFAP2D	TRIM42	TSPAN4	VASN	VGLL3
cluster_602	6	ASPSCR1	PLAA	UBOX5	UBXN2A	VCF1	VCP
cluster_603	6	CEP89	NCS1	PRDM4	SFTPA2	SIGLEC9	SPP1
cluster_604	6	FERD3L	HAND1	NEUROG1	TCF12	TCF3	TWIST2
cluster_605	7	ACOX2	CCDC68	DNAJA2	DYNLT1	KLK15	PTH2R	RRAGA
cluster_606	7	BIRC2	BMX	BOLA1	CASP9	NMB	PPM1K	XIAP
cluster_607	9	FOXP3	PRR20A	PRR20B	PRR20C	PRR20D	PRR20E	RBM42	SP4	ZNF683
cluster_608	5	BRAP	FRS2	JADE1	TRIM15	YJU2
cluster_609	5	C8orf58	CENPH	CENPK	RASSF4	ZNF493
cluster_610	5	CSRNP2	PPP1CC	PPP1R3B	PPP1R3C	PPP1R8
cluster_611	10	DIRAS1	DIRAS2	HRAS	NRAS	PLEKHB1	RAP1GDS1	RAP2B	RAP2C	RRAS	RRAS2
cluster_612	4	ACOT8	PRDM16	RIOK2	TEX10
cluster_613	4	AIMP1	OPTN	RBM12	TBC1D15
cluster_614	4	AP1B1	AP1G2	KIF13A	NECAP1
cluster_615	4	ASCC2	KATNAL1	PGAM2	VPS4B
cluster_616	4	BMI1	PCGF1	RNF2	RYBP
cluster_617	4	BRAT1	NMI	SCEL	TUBA3E
cluster_618	4	COL10A1	ENDOD1	TFF1	VSNL1
cluster_619	4	CRYBB1	EXOC5	EXOC6	EXOC6B
cluster_620	4	DERL3	GNLY	RTP4	ULBP2
cluster_621	4	DLGAP1	DLGAP2	DLGAP3	MAGI2
cluster_622	4	GON7	HYKK	LAGE3	OSGEP
cluster_623	4	IDI2	LDB1	LHX9	LMX1B
cluster_624	6	ERMN	GGA2	RTN4IP1	SCAF1	SMURF2	SORBS1
cluster_625	6	ISL1	ISL2	LDB1	LHX1	LHX9	LMX1B
cluster_626	4	ATM	ESRRA	ESRRG	PPARGC1A
cluster_627	3	ALDH18A1	DARS2	FETUB
cluster_628	3	ATP6V1H	SNPH	SPATA2
cluster_629	3	BRSK2	IRAK3	TRAF6
cluster_630	3	CALM2	KCNN1	SPATA17
cluster_631	3	CAMTA2	GGA2	MEMO1
cluster_632	3	CCND3	CDK16	CRABP2
cluster_633	3	CEP164	CLP1	FGF16
cluster_634	3	CFAP100	LONP2	SYCE1
cluster_635	3	CHMP6	SEPTIN14	VPS25
cluster_636	3	DDA1	RDH10	RMDN2
cluster_637	3	DZIP1	PPFIA1	PPP2R5A
cluster_638	3	FGF14	H4C7	SMC1A
cluster_639	3	GLRX	SP7	TRIM62
cluster_640	3	MED28	MED30	TCP11
cluster_641	3	NEDD4	SMAD3	SMURF2
cluster_642	3	PLPP5	SLC29A2	TMEM33
cluster_643	14	FBXL14	FBXL2	FBXL20	FBXL22	FBXL5	FBXO22	FBXO25	FBXO27	FBXO3	FBXO46	FBXO5	FBXO6	FBXO9	SKP1
cluster_644	5	AFAP1L1	CFAP44	GADD45G	RRP7A	ZNF763
cluster_645	5	PDCL	PSMC4	PSMC5	RARB	RORC
cluster_646	8	C3orf33	CPT1B	MICOS10	MICOS13	MPC1	MPC2	TEX44	TIMM17B
cluster_647	6	APOC1	GSDMA	H4C7	MAIP1	MTCH2	RSAD2
cluster_648	3	FGF11	RPL22	STAC3
cluster_649	6	CNOT2	CNOT3	GALNT10	GCSAM	GPS1	MTFR1L
cluster_650	6	FBXL12	FBXL14	FBXO22	FBXO27	FBXO4	SKP1
cluster_651	4	ACTN2	BAD	HTR1B	RPP14
cluster_652	4	ARHGEF5	HSPBAP1	LRATD1	TBC1D13
cluster_653	4	BSG	HSD3B1	SLC16A13	TMEM160
cluster_654	4	CAMLG	KCNA2	KCNE4	RPN1
cluster_655	4	CHN1	MAPK1	PTPRR	RPS6KA2
cluster_656	4	DYNLL2	FAM117B	PKIA	PKIG
cluster_657	4	ERCC6L2	IPO4	PLEKHS1	TCP11L1
cluster_658	4	FANCG	NELFB	TPRX1	ZNRF4
cluster_659	5	BOC	CA3	IGSF11	LXN	PPP1R3C
cluster_660	7	CCDC68	DNAJA2	DYNC1I2	DYNLT1	DYNLT3	PTGES3L-AARSD1	RRAGA
cluster_661	8	ARL15	ARL2	ARL3	C16orf74	PPP3CC	RCAN3	TMEM200A	UNC119
cluster_662	16	ARL6IP4	C1orf35	CT45A1	CT45A10	FAM133A	H2BC15	MACROH2A2	NKAPD1	PRPF40A	RBMX2	RNF151	RP9	RPL22	SREK1IP1	STAC3	VCX2
cluster_663	10	CCNK	HLX	PRR20B	PRR20C	PRR20D	PRR20E	RBM23	RBM42	ZCCHC14	ZNF683
cluster_664	3	AGGF1	DHX15	RBM17
cluster_665	3	ANXA11	ARSA	CCDC22
cluster_666	3	AQP7	CLCN7	KCNN3
cluster_667	3	ARL3	RCAN3	UNC119
cluster_668	3	ARL6IP4	NKAPL	SREK1
cluster_669	3	BANF1	BANF2	DNAAF4
cluster_670	3	BMI1	COL17A1	WHRN
cluster_671	3	C16orf87	HELT	MAGEA12
cluster_672	3	CHCHD3	CHCHD6	SAMM50
cluster_673	3	CHERP	SIX2	TLE3
cluster_674	3	CLDN22	CLEC4C	CXCR2
cluster_675	3	CYGB	DDI1	SDS
cluster_676	3	DAAM2	KCNIP1	NHLH2
cluster_677	3	EXOC3	PPP1R12C	SPECC1L
cluster_678	3	FRMD1	HES6	RAB2A
cluster_679	3	GCA	GSTO2	KLHL10
cluster_680	3	HECW1	MLLT3	VAX1
cluster_681	3	KPNA2	NFATC2IP	NMNAT1
cluster_682	3	MACROH2A1	TRIM26	ZNF622
cluster_683	3	MARF1	NR2E3	WDR5
cluster_684	3	NGLY1	NPAS2	TRAFD1
cluster_685	3	SUMO2	SUMO3	ZNF496
cluster_686	3	ZBTB47	ZNF16	ZNF394
cluster_687	6	ABHD5	GRIA4	PCNX2	PLIN2	SLC44A3	TPD52L2
cluster_688	6	BCAM	CRYGC	RNASE1	RWDD2B	TRIM7	TRMT10A
cluster_689	4	ARHGDIG	GDF15	KIZ	TACC3
cluster_690	4	ATP6V1H	CDK17	CDKN2B	PYCR3
cluster_691	4	CAPN6	RNASEH2B	RPS25	ZBTB14
cluster_692	4	CCDC32	COPS5	GTPBP3	PARP11
cluster_693	4	CCND2	CCND3	CDK5	SPDYA
cluster_694	4	CHAF1A	MRPS6	RBBP4	STAT5B
cluster_695	4	DOK2	DUSP6	SOCS6	TXK
cluster_696	4	EXOC5	EXOC6	IFT57	RAB14
cluster_697	4	HOXA5	PBX2	PPFIBP1	RIPPLY2
cluster_698	4	PARD6B	PRKCI	PRKCZ	RHOQ
cluster_699	4	PHC1	SCML1	SCML2	SFMBT2
cluster_700	4	RAP2A	RAP2B	RUNDC3A	ZNF821
cluster_701	7	BOLA2	BOLA2B	RAB4B	RAB4B-EGLN2	SLITRK5	TK1	ZNF511
cluster_702	6	SCAND1	TMEM95	ZNF174	ZNF396	ZSCAN18	ZSCAN32
cluster_703	11	FAM118B	FARSA	FRYL	PDCD10	PGCKA1	PLEKHS1	PROSER2	STK24	STK25	STK26	STRN
cluster_704	5	CASC3	CCDC174	DDX56	EIF4A3	PDCD4
cluster_705	5	CBX4	CWC25	FHOD1	GRAP	TRIM21
cluster_706	5	HERPUD2	SPTSSA	TAS2R10	TMEM144	UBE2B
cluster_707	99	ADAM12	ADAMTSL3	BAHD1	BCL6B	BMP7	C11orf87	CAMK1G	CELF5	CHIC2	CNNM3	CREB5	CTSZ	CYSRT1	DEFB112	DHRS1	DHX57	GNE	HHEX	HOXA1	HOXA9	HOXB9	IGSF8	ITGB4	JOSD1	KRTAP1-1	KRTAP1-3	KRTAP10-1	KRTAP10-11	KRTAP10-5	KRTAP10-7	KRTAP10-8	KRTAP10-9	KRTAP12-3	KRTAP12-4	KRTAP2-3	KRTAP2-4	KRTAP4-11	KRTAP4-12	KRTAP4-2	KRTAP4-4	KRTAP4-5	KRTAP5-11	KRTAP5-6	KRTAP5-7	KRTAP9-2	KRTAP9-3	KRTAP9-8	LCE1A	LCE1B	LCE1C	LCE1D	LCE1E	LCE1F	LCE2A	LCE2B	LCE2C	LCE2D	LCE3A	LCE3B	LCE3C	LCE3D	LCE3E	LCE4A	MOBP	NKD1	NLK	NPDC1	NR1D2	NR4A3	NUFIP2	P2RY6	PHLDA1	PIGS	SDC3	SHFL	SLC13A5	SMCP	SPATA24	SPATA3	SPATA8	TNP2	VASN	VWC2	YY1	ZBTB24	ZDHHC1	ZNF138	ZNF165	ZNF264	ZNF440	ZNF491	ZNF524	ZNF564	ZNF575	ZNF578	ZNF625	ZNF672	ZNF764	ZNF786
cluster_708	8	CCDC51	PGBD1	SCAND1	ZKSCAN7	ZNF174	ZNF397	ZSCAN21	ZSCAN32
cluster_709	6	ESRRA	ESRRB	ESRRG	NR0B2	PPARGC1A	TRERF1
cluster_710	106	ACTMAP	ADAM12	ADAMTSL4	ALPP	APOL6	ATG9A	BRME1	BTC	CATSPER1	CES1	CHIC2	CHRD	CNNM3	CREB5	CYSRT1	DMRT3	DYRK1A	EPDR1	ESR2	FAM72B	FBXW5	GNE	GSTP1	HCK	HOXA1	INS	ITGB2	ITGB4	JOSD1	KPRP	KRTAP1-3	KRTAP1-5	KRTAP10-1	KRTAP10-5	KRTAP10-8	KRTAP10-9	KRTAP12-3	KRTAP13-3	KRTAP15-1	KRTAP19-5	KRTAP19-6	KRTAP19-7	KRTAP3-2	KRTAP4-11	KRTAP4-2	KRTAP4-4	KRTAP4-5	KRTAP5-2	KRTAP5-3	KRTAP5-4	KRTAP5-7	KRTAP5-9	KRTAP6-1	KRTAP6-2	KRTAP6-3	KRTAP9-2	KRTAP9-3	LCE1A	LCE1B	LCE1C	LCE1F	LCE2A	LCE2B	LCE2C	LCE2D	LCE3A	LCE3C	LCE3D	LCE3E	LCE4A	LRFN4	MAPKBP1	NBPF19	NEK8	NOTCH2NLA	NPBWR2	NR4A3	NTN4	NUFIP2	OTX1	PCSK5	PDGFRB	PHLDA1	PLA2G10	POLD1	POU4F2	PRR19	PTPMT1	QPRT	R3HDM2	RGL2	RNF38	RPS19BP1	SEMA3B	SHFL	SLC13A5	SLIT1	SPRY1	TFAP2D	TGFB1	TRIM42	VASN	VGLL3	VWC2	ZFHX2	ZNF587
cluster_711	9	CALCB	CD27	CIB1	ELAPOR1	FUCA1	ONECUT3	SCAF1	SSX7	TMEM95
cluster_712	3	ABHD15	WTAP	ZNF239
cluster_713	3	ARHGAP12	WASL	WIPF2
cluster_714	3	ARHGAP22	DEF6	SAP18
cluster_715	3	ARHGAP9	PCDH17	TSC22D4
cluster_716	3	ARMC1	NRSN1	RNF24
cluster_717	3	BEX1	OTP	TPGS2
cluster_718	3	CERT1	IK	SMU1
cluster_719	3	CFHR5	KCNK7	SLC4A1
cluster_720	3	DCBLD2	GDAP1	STARD4
cluster_721	3	EEF2KMT	NR0B1	ZNF213
cluster_722	3	FGF12	GRIP1	ZNF79
cluster_723	3	FLACC1	SSX4	SSX4B
cluster_724	3	HBA1	HBA2	HBE1
cluster_725	3	HSPA6	KRT222	PRAP1
cluster_726	3	KYNU	PIP4K2B	ZNF131
cluster_727	3	NME1	PPP1R1C	TNPO3
cluster_728	3	POP7	RPP25	RPP25L
cluster_729	3	RGS8	TMSB4X	UHMK1
cluster_730	11	FBXL14	FBXL2	FBXL20	FBXL22	FBXL8	FBXO2	FBXO22	FBXO25	FBXO4	FBXO9	SKP1
cluster_731	4	ADAMTS12	COIL	PDE4D	ZNF277
cluster_732	4	ASB9	CKB	CKMT1A	CKMT1B
cluster_733	4	BAK1	BCL2L1	G0S2	GNLY
cluster_734	4	BCAS4	DPY30	PSMD14	TSPY2
cluster_735	4	BMX	CWC22	PARD6A	PTPN21
cluster_736	4	CWC22	KLHL2	PADI6	TMA16
cluster_737	4	FAM110B	INTS4	MEIS3	PIP4K2A
cluster_738	4	NGRN	PSMA7	RFC2	YOD1
cluster_739	4	NYX	RBMX	RBMY1E	SRSF9
cluster_740	4	OSBPL3	RALGPS2	RPL11	STK35
cluster_741	17	AOAH	DHRS11	DLG2	DLG3	DLGAP1	DLGAP2	DLGAP3	EIF4H	KDELR1	OSBP2	PPIL4	RNASE2	RPF2	RPS8	SERPINB13	SNTG1	VTN
cluster_742	4	APOBEC3C	PPP1R37	RBMY1F	RBMY1J
cluster_743	5	BCCIP	HNRNPCL1	RALY	RALYL	SKA2
cluster_744	5	CACTIN	CLK2	GTPBP2	PRM1	SNRNP70
cluster_745	5	BST2	CD81	LBR	MCEE	SDHAF4
cluster_746	5	CAMK2A	CAMK2B	CAMK2D	CAMK2G	CCM2L
cluster_747	5	CHIA	COX20	DYNC1H1	MAOB	NCBP2AS2
cluster_748	5	CMIP	EXOSC3	LAMB2	RPS26	TSR2
cluster_749	5	IP6K2	MKLN1	TMC6	ZBTB18	ZBTB2
cluster_750	5	MCM10	MGAT3	PLAAT2	UBAC1	ZG16B
cluster_751	4	GET3	KCNE5	PDIA6	PGRMC1
cluster_752	27	ADAM12	ADAMTSL4	CYSRT1	GUCD1	HOXA1	KPRP	KRTAP1-1	KRTAP1-5	KRTAP10-8	KRTAP10-9	KRTAP13-3	KRTAP3-2	KRTAP4-2	KRTAP5-6	KRTAP5-7	KRTAP9-2	KRTAP9-8	LCE1C	LCE2A	LCE2B	LCE2D	PCSK5	SMCP	SPRY1	TRIM42	TSPAN4	VASN
cluster_753	6	CD300LF	IFT57	MARK1	PCDH17	PPP1R11	YAF2
cluster_754	6	LSM5	LSM6	LSM7	SNRPE	SNRPG	TBPL1
cluster_755	8	AP2M1	H2BC10	H2BC21	H2BC4	H2BC6	H2BC7	H2BC8	KNOP1
cluster_756	8	HROB	MAPRE1	MAPRE3	MARCHF7	POU4F1	PSRC1	SPDYE2	SPDYE2B
cluster_757	9	C1orf94	DAZAP2	FAM168A	PRR20A	PRR20B	PRR20C	PRR20D	PRR20E	ZBTB32
cluster_758	4	ARHGAP8	CCDC50	PRR5-ARHGAP8	SH3GL1
cluster_759	4	ATP6V1E2	FAM171A1	RASSF10	TNNI3
cluster_760	4	BRAT1	COPS7B	HDDC3	NMI
cluster_761	4	CD27	CIB1	PAX7	SCAF1
cluster_762	4	CSNK1D	CSNK1E	TPTEP2-CSNK1E	ZNF618
cluster_763	4	CTRC	GIPC2	IRF4	ZCCHC7
cluster_764	4	EHMT2	MX2	NAA11	ZNF462
cluster_765	4	PDE9A	PHYHIPL	SULT1E1	UBD
cluster_766	4	SGF29	SYCE3	SYNPO	TRAF3IP1
cluster_767	5	AKAP19	CENPO	CENPP	NHLH1	POLR3K
cluster_768	5	ALDH3A1	CDK5RAP3	EEF1D	FKBP6	TMEM9B
cluster_769	5	BRD3	KPNA3	L3MBTL4	MAT2B	UVSSA
cluster_770	5	CALCB	CIB1	LSS	PAX7	TMEM95
cluster_771	3	AJUBA	TFAP4	ZNF541
cluster_772	3	ALKBH4	MLLT3	TXNL4B
cluster_773	3	CACNA1S	CCDC106	KBTBD7
cluster_774	3	CAMLG	HSP90B1	KCNA2
cluster_775	3	CCDC17	CTDSP2	N4BP3
cluster_776	3	CCN1	SMPD2	STAR
cluster_777	3	CCNI	CDK6	CDKN2C
cluster_778	3	CCNL1	RSRP1	SAP30BP
cluster_779	3	CD2BP2	KRTAP22-1	ZNHIT2
cluster_780	3	CHERP	FASTK	TOP3B
cluster_781	3	COG3	SIRPA	TRIM2
cluster_782	3	COL8A2	TFAM	TSPAN1
cluster_783	3	FOSL1	TAB2	USF1
cluster_784	3	FTSJ3	SSX2	TNPO3
cluster_785	3	GJB3	LAYN	MFSD11
cluster_786	3	GNMT	HPRT1	SRD5A2
cluster_787	3	HDDC3	MAGEA4	UVSSA
cluster_788	3	HNF1B	PCBD1	TFF3
cluster_789	3	HNF4G	TCP11X2	ZNF629
cluster_790	3	HSPA6	LGALS7	LGALS7B
cluster_791	3	IFNAR1	LAPTM4B	SCARB2
cluster_792	3	IL6ST	KCNIP1	SOD3
cluster_793	3	ILK	LIMS1	PARVA
cluster_794	3	ISCA2	RNF41	SRR
cluster_795	3	LANCL2	SIAH1	TDRKH
cluster_796	3	MAPRE1	PQBP1	ZNF653
cluster_797	3	NAP1L2	NAP1L5	SNRPB2
cluster_798	3	PINX1	PTPN11	TLK1
cluster_799	3	PSMA4	PSMA7	TRIM38
cluster_800	3	SCOC	SIKE1	STRN3
cluster_801	6	ANAPC2	FAM199X	MARF1	MDM4	WDR5	ZXDC
cluster_802	6	HMMR	MORN4	SEPTIN6	SNCB	SYTL2	TRIM44
cluster_803	12	AQP4	COL10A1	ENDOD1	F3	FAM131C	HPCAL4	SCMH1	SRL	TEX13B	TFF1	TRPM5	VSNL1
cluster_804	5	REEP5	SNX1	SNX2	SNX32	SNX6
cluster_805	4	EPN1	EPN3	LITAF	RPS27A
cluster_806	11	CDK13	CRYGC	GTF2A2	IRAK4	NAA35	NABP1	RNASE1	RWDD2B	TP53I13	TRIM7	TRMT10A
cluster_807	8	HIVEP1	PRR20A	PRR20B	PRR20C	PRR20D	PRR20E	TIAL1	ZCCHC14
cluster_808	13	FBLN1	LCE1A	LCE1B	LCE1C	LCE1D	LCE1F	LCE2A	LCE2B	LCE2C	LCE2D	LCE3A	LCE4A	ODF1
cluster_809	3	ZBTB26	ZBTB48	ZBTB6
cluster_810	5	ALAS1	CAP2	DUSP19	FBXL8	RNF168
cluster_811	5	CNIH4	GPR25	RETN	SLCO4A1	TPRA1
cluster_812	5	CSNK2A2	CSNK2B	PIMREG	SELENOI	TWF1
cluster_813	5	CTTN	NHSL2	PLK1	YWHAG	YWHAH
cluster_814	6	DNAJC11	KEL	NAA80	PM20D2	RGS12	RP2
cluster_815	6	ERICH2	GUCA1C	MYL2	PSORS1C2	RTRAF	VASP
cluster_816	4	BRMS1L	HOXA5	PBX2	ZCWPW2
cluster_817	4	CDK3	CKS2	FOXP2	RACGAP1
cluster_818	4	CNGA3	MIS18A	STX17	TEDC2
cluster_819	4	FGF11	RPL22	SURF6	ZCCHC10
cluster_820	4	RNF125	RNF182	UBE2L3	UBE2L6
cluster_821	4	SENP1	SUMO1	UBA2	ZCCHC7
cluster_822	8	ANKHD1	MBNL3	PRR20B	PRR20C	PRR20D	PRR20E	SERF2	TPRX1
cluster_823	6	BTBD1	BTBD2	BTBD6	CUL3	KCTD10	KCTD13
cluster_824	3	ACTN2	HTR1B	SYNPO2L
cluster_825	3	APBB1IP	BAG6	DMKN
cluster_826	3	ARL6IP4	RNF41	TTC1
cluster_827	3	BCL2L2-PABPN1	BMF	MCL1
cluster_828	3	BTBD6	CUL3	SHKBP1
cluster_829	3	C1orf116	HOMER1	SHANK2
cluster_830	3	CA8	HSD17B14	PGLYRP3
cluster_831	3	CD72	GRAMD1C	MS4A7
cluster_832	3	CENPH	CENPK	PEX14
cluster_833	3	CFL2	POT1	RAB2A
cluster_834	3	CSGALNACT1	SPAG4	SUN5
cluster_835	3	DDIT3	EMSY	JDP2
cluster_836	3	FGF14	HOXD12	MAOB
cluster_837	3	FLNA	HSPA6	RFLNA
cluster_838	3	FRMD6	PARD6B	PRKCZ
cluster_839	3	FRS2	MAPK1	RPS6KA2
cluster_840	3	GGA1	ING5	ODF2
cluster_841	3	HEMGN	PXN	WHRN
cluster_842	3	HSPA8	TRIM38	TSPYL4
cluster_843	3	LPCAT2	NSDHL	RHBDD1
cluster_844	3	MAGEA4	PUDP	UQCRB
cluster_845	3	RAB2B	RAB3C	VRTN
cluster_846	3	ZNF212	ZNF398	ZNF783
cluster_847	10	ANKRD13C-DT	BRAT1	COPS7B	HDDC3	IFI35	MYOM3	NMI	SCEL	THAP8	TUBA3E
cluster_848	5	ANOS1	FGF6	NCALD	SBSN	SRGN
cluster_849	5	ATXN3	RAD23A	TRIM55	UIMC1	ZFAND6
cluster_850	5	CD209	CLEC4M	CORO1A	IFT20	SH3BP5
cluster_851	5	DAXX	H3-3A	H3-3B	H3-5	KCTD4
cluster_852	5	FGF1	PFDN2	PFDN4	UBL7	VBP1
cluster_853	6	DDX20	FBXL12	GEMIN4	LY86	S1PR4	UFC1
cluster_854	6	FBXL5	FBXO22	FBXO44	FBXO5	FBXO6	SKP1
cluster_855	8	ACOT12	BAALC	CDC25A	CDCA5	CREBRF	KIFAP3	MTARC1	NAA11
cluster_856	8	BEND3	LHX9	OR4F16	OR4F29	OR4F3	OR5AS1	UBTFL1	ZCCHC9
cluster_857	8	MKRN2	RNF11	RNF115	RNF181	UBE2D1	UBE2D2	UBTD1	ZNRF1
cluster_858	4	ACADL	IFI30	SULT4A1	TGM1
cluster_859	4	ARHGAP32	KHK	LHX2	OSMR
cluster_860	4	B9D2	IGFL2	PLEKHA7	RDH12
cluster_861	4	CEP89	LY6G6D	NCS1	RNASEH1
cluster_862	4	CYSTM1	MTFR1	RER1	SYT16
cluster_863	4	FGF10	GTF2H4	LYAR	SREK1IP1
cluster_864	4	NINL	PRPF3	SHKBP1	ZFPM2
cluster_865	4	NUDT10	RNF168	TRIM8	USP5
cluster_866	7	ARFGAP1	GABARAPL2	LZTR1	NUDT15	RCN2	RETREG1	UBA5
cluster_867	5	CAND2	GDNF	MRRF	SYP	WIPI2
cluster_868	5	CCDC34	COQ8A	SH3GLB1	SNX4	TPD52L2
cluster_869	6	CLK4	RBM25	RBMX2	RSRC1	SRRM1	SRRM4
cluster_870	6	CLTRN	IL11RA	OLFM4	PVRIG	QPCTL	TFR2
cluster_871	5	ACER1	ACER2	MPP1	PAQR8	UXT
cluster_872	5	DESI1	KLRF1	NT5C3A	TAS2R41	UBQLNL
cluster_873	5	EPN2	FAIM2	FANCM	MLANA	THOP1
cluster_874	3	AIPL1	SMAP1	SMAP2
cluster_875	3	ARFGAP3	PPIF	SYPL1
cluster_876	3	ARHGAP17	NKX2-5	TRIP10
cluster_877	3	ARIH2	RNF144A	UBE2L3
cluster_878	3	ATF4	BTRC	JDP2
cluster_879	3	ATRAID	MPP1	PAQR8
cluster_880	3	CBLB	FYN	VAV3
cluster_881	3	CEP44	GNG11	KIAA0930
cluster_882	3	CRYBB1	EXOC5	RAB14
cluster_883	3	DCPS	KPNA5	NUP50
cluster_884	3	FUBP1	PUF60	TAF2
cluster_885	3	GNG3	PSMF1	TRIM73
cluster_886	3	GON7	LAGE3	PSMB9
cluster_887	3	IPO4	PSMD4	TCP11L1
cluster_888	3	MED31	NAF1	SNX33
cluster_889	3	PHACTR3	PPP1CB	PPP1R7
cluster_890	3	PTTG1IP	SGCB	SGCZ
cluster_891	3	RELA	RTN4IP1	SORBS1
cluster_892	3	SF3B2	SF3B4	ZNF3
cluster_893	86	ADAMTSL4	BUD31	CHIC2	CHRD	CLK1	CLK4	CNNM3	CRCT1	CRY2	CYSRT1	DHX57	DOCK2	GNE	GSTP1	HCK	IGSF8	ITGB4	ITGB5	KRTAP1-3	KRTAP10-7	KRTAP10-8	KRTAP10-9	KRTAP12-1	KRTAP12-3	KRTAP4-12	KRTAP4-5	KRTAP5-11	KRTAP5-2	KRTAP5-6	KRTAP5-9	KRTAP9-2	KRTAP9-3	KRTAP9-8	LCE1A	LCE1B	LCE1D	LCE1F	LCE2B	LCE2C	LCE3A	LCE3B	LCE3C	LCE3D	LCE3E	LCE4A	LCE5A	MAPKBP1	MOBP	MRGBP	MYPOP	NBPF19	NKD1	NOTCH2NLA	NPDC1	NUFIP2	OTX1	PHLDA1	PRM2	PTPMT1	R3HDM2	SHFL	SMCP	SPATA24	SPRY1	TRIM42	VASN	ZNF101	ZNF138	ZNF256	ZNF260	ZNF264	ZNF414	ZNF420	ZNF440	ZNF444	ZNF490	ZNF491	ZNF524	ZNF578	ZNF580	ZNF667	ZNF696	ZNF786	ZSCAN10	ZSCAN21	ZSCAN26
cluster_894	4	ALOX5	GATC	LCN1	OOEP
cluster_895	4	ALX4	CDHR3	PARVG	TRIB2
cluster_896	4	AP2B1	COL3A1	GTF2I	NEU4
cluster_897	4	APOC4	IFI27	MICOS10	PORCN
cluster_898	4	ASPSCR1	METTL17	UBOX5	VCP
cluster_899	4	BPIFA2	CD160	CMTM6	ECPAS
cluster_900	4	C2	CADM3	PRSS23	SEC11C
cluster_901	4	CACNG7	SGCG	SPACA1	TMEM47
cluster_902	4	CBS	LOC102724560	ZMYM5	ZNRD2
cluster_903	4	CD3G	CLEC4C	KTN1	M6PR
cluster_904	4	CHMP4B	PIAS3	PLIN3	TBC1D13
cluster_905	4	CIDEA	MIEF2	PRB2	ZNF628
cluster_906	4	CNRIP1	FLAD1	HPRT1	PRTFDC1
cluster_907	4	FAAP100	PTGES3L-AARSD1	SPANXN3	TRIM45
cluster_908	4	TNNC1	TNNI1	TNNT1	TNNT2
cluster_909	6	BAALC	CDCA5	MRPS11	NAA10	PPP2R3B	RIMBP2
cluster_910	6	CDC7	DBF4	NDUFB2	TSNAXIP1	TSPY10	TSPY3
cluster_911	6	CENPS-CORT	CORO1B	ERO1A	LHX4	MRS2	TRMT11
cluster_912	11	ALAS1	CAP2	COBL	DUSP19	FBXL8	GRXCR1	MTSS2	RNF168	SNRPB2	TMSB10	ZNF175
cluster_913	10	AKAP5	AMPH	C16orf74	DCPH1	FAM167A	ITPKB	PPP3CA	PPP3R1	PPP3R2	SHANK2
cluster_914	3	ACSM1	ANKRD45	MAGEA2
cluster_915	3	ACTN2	BAD	MICALL2
cluster_916	3	AHCYL1	HSPA6	RPA1
cluster_917	3	ALAS1	COBL	TMSB10
cluster_918	3	ASCC2	KATNAL1	KLC4
cluster_919	3	ASL	CSNK1E	TRIM3
cluster_920	3	ATP5F1D	GATC	SRSF11
cluster_921	3	BAD	BCL2L1	GNLY
cluster_922	3	BCL6B	IMP4	ZBTB7B
cluster_923	3	BLOC1S1	DCTN2	GADD45A
cluster_924	3	BLOC1S5	BRK1	HSBP1
cluster_925	3	C11orf68	NONO	ZNF512B
cluster_926	3	CALN1	CCM2L	USE1
cluster_927	3	CBX1	PADI6	SUV39H1
cluster_928	3	CEP72	SF3B5	STAMBPL1
cluster_929	3	CNMD	HLA-DPA1	TMEM50B
cluster_930	3	CWC22	KLHL2	KLHL3
cluster_931	3	DGCR6L	INIP	LRCH3
cluster_932	3	EXOC5	EXOC6	RAB4B
cluster_933	3	FITM2	HTATIP2	PLIN2
cluster_934	3	GAB2	GRAP2	LCP2
cluster_935	3	GATA5	HPCA	SLC16A3
cluster_936	3	HDDC2	IKBKG	PSMB5
cluster_937	3	INPP5J	LMNA	PELI1
cluster_938	3	LDB1	LMX1B	SSBP4
cluster_939	3	MED11	NAP1L5	SYCE2
cluster_940	3	RPS25	WNT9A	ZBTB14
cluster_941	3	SUMO1	UBA2	ZFP42
cluster_942	3	TIMM17B	TIMM23	TSPAN8
cluster_943	4	AIMP1	AIMP2	DARS1	KARS1
cluster_944	4	CAMLG	HSP90B1	OCIAD1	TXNDC12
cluster_945	4	CASP8AP2	DNMT3A	TCL1A	TRMT61A
cluster_946	4	CIAPIN1	NDOR1	NLK	PSMB6
cluster_947	4	DPY30	DYDC2	GPATCH2	TSPY2
cluster_948	4	LBX1	TBCEL	WNK3	ZNF483
cluster_949	4	MBNL2	PCBP1	RBM3	SNRPA
cluster_950	3	APOBEC3C	PRR3	RBMY1J
cluster_951	6	CASP7	COX6C	KCNA4	LYRM7	SAT1	SAT2
cluster_952	6	CIB1	GLIS3	ONECUT3	PAX7	SCAF1	TMEM95
cluster_953	5	ATG12	ESPNL	HELLS	SERTAD2	STRA8
cluster_954	5	BTF3	EIPR1	ETV3L	NKX2-4	NOTO
cluster_955	5	CASP8AP2	MRPS11	NAA10	PPP2R3B	TAF7L
cluster_956	5	CLK3	HOXB7	HOXC4	SAG	SRSF10
cluster_957	105	ADAM12	ADAMTSL5	ALDH3B1	ALPP	BMP7	CATSPER1	CGB3	CGB5	CGB8	CHIC2	CHRD	CHRNG	CNNM3	CRCT1	CREB5	CRH	CRY2	CTNNBIP1	CTSZ	DNASE1L3	DOCK2	EMC7	ENPP7	FBLN5	FLT3LG	G3BP2	GLP1R	GNE	GRN	HHEX	HLCS	KLK8	KRTAP10-1	KRTAP10-10	KRTAP10-11	KRTAP10-5	KRTAP10-9	KRTAP12-1	KRTAP2-3	KRTAP2-4	KRTAP4-11	KRTAP4-12	KRTAP4-2	KRTAP4-4	KRTAP4-5	KRTAP5-11	KRTAP5-2	KRTAP5-3	KRTAP5-4	KRTAP5-6	KRTAP5-7	KRTAP5-9	KRTAP9-2	KRTAP9-3	KRTAP9-8	LCE1A	LCE1B	LCE1C	LCE1D	LCE1E	LCE1F	LCE2A	LCE2B	LCE2C	LCE2D	LCE3A	LCE3B	LCE3C	LCE3D	LCE3E	LCE4A	LCE5A	MAPKBP1	MEGF11	MOBP	MT1B	MT1M	NECTIN3	NKD1	NMU	NPDC1	NR4A3	NTN4	NUFIP2	P2RY6	PCSK5	PEAR1	PGAP6	PHLDA1	POU4F2	PRDX5	PTPMT1	RASD1	RNF111	SEMA3B	SHFL	SLC13A5	SMCP	SPATA3	SPRY1	UXT	WNT11	ZNF439	ZNF440	ZNF696
cluster_958	8	NDUFB5	SCAND1	ZKSCAN7	ZNF174	ZNF24	ZNF263	ZNF397	ZSCAN32
cluster_959	7	ASIC4	B4GALNT2	GUCA1B	NAA50	OR6C1	OTX2	TRMT10B
cluster_960	4	NEXN	ZSCAN22	ZSCAN23	ZSCAN9
cluster_961	4	ALAS1	MTSS2	SNRPB2	TMSB10
cluster_962	4	APOC4	GSDMA	MAIP1	MICOS10
cluster_963	4	BCAS4	BEND3	DPY30	GPATCH2
cluster_964	4	BFAR	KRIT1	RNF166	UBE2K
cluster_965	4	CNOT2	CNOT3	MTFR1L	TBX2
cluster_966	4	DHX40	PSTPIP1	PTPN12	TPH1
cluster_967	4	FBXO17	OAS2	SAXO2	ZSCAN9
cluster_968	4	HMMR	MORN4	TRIM44	ZNF131
cluster_969	6	ALDH7A1	CPLX2	HORMAD1	MAN1C1	METTL9	MYG1
cluster_970	6	CDC25B	KBTBD7	PSME3	RPS27	TBP	THAP10
cluster_971	12	AFAP1L1	ARPC5L	CFAP44	CNOT9	FAM156A	FAM156B	GADD45G	NMB	RRP7A	RWDD2B	ZNF664	ZNF763
cluster_972	12	CLVS2	EMSY	FBXW2	GSTM3	MYH7	PAFAH1B2	PCYT2	PGAM2	PHETA2	S100A7	S100A7A	TACC2
cluster_973	11	PGBD1	ZKSCAN7	ZNF232	ZNF24	ZNF397	ZNF446	ZNF483	ZNF496	ZSCAN18	ZSCAN30	ZSCAN32
cluster_974	3	ADAM21	CNR2	MUC15
cluster_975	3	ARL4A	EVI5	REP15
cluster_976	3	ARMC8	MTERF2	STX6
cluster_977	3	BIRC2	BOLA1	CASP9
cluster_978	3	BRD1	CASP8	RUBCN
cluster_979	3	BTNL8	HHLA2	PGA4
cluster_980	3	C8orf33	NACC1	POLR2L
cluster_981	3	CBX5	LRIF1	ZNF280D
cluster_982	3	CDK3	FRS2	RACGAP1
cluster_983	3	CNFN	DMAC2L	EVX2
cluster_984	3	ENTPD3	GPA33	NRSN1
cluster_985	3	FLACC1	SULT1C3	SULT2B1
cluster_986	3	HAUS8	MED29	NRDE2
cluster_987	3	KIFAP3	NAA11	TOM1
cluster_988	3	LHFPL3	PIGP	PTPN1
cluster_989	3	RAB3A	RAB3D	RAB3IP
cluster_990	3	TRIM59	UBE2J2	UBE2W
cluster_991	4	FAM133A	MACROH2A1	NKAPD1	SREK1IP1
cluster_992	5	ANKRD53	BCL6	CFAP161	CFAP97D1	PPTC7
cluster_993	5	ATG4A	CREB3L2	GABARAPL1	NFIA	RCN2
cluster_994	5	C16orf87	CLK4	RBM25	SNRNP70	SRRM4
cluster_995	5	CCSER1	KNSTRN	MAPRE1	SPDYE2	SPDYE2B
cluster_996	5	CLEC4M	CORO1A	FAM81B	IFT20	KDM8
cluster_997	5	EEF1AKMT3	EIF6	MED12L	MSRB3	SKIC8
cluster_998	5	EIF3F	EIF3M	MKRN2	TEX56P	TIMM10B
cluster_999	5	GLI1	LCA5	MAGEL2	SUFU	ZNF763
cluster_1000	5	HSF2	PHLDB3	TPM3	TPM4	TSKS
cluster_1001	40	CCDC51	COPS2	KCTD19	NDUFB5	NEXN	PGBD1	RER1	RNF186	SCAND1	TMEM95	TVP23A	VCX	VLDLR	VPS26A	ZKSCAN4	ZKSCAN7	ZNF174	ZNF18	ZNF213	ZNF232	ZNF24	ZNF263	ZNF394	ZNF396	ZNF397	ZNF444	ZNF446	ZNF449	ZNF483	ZNF496	ZSCAN1	ZSCAN12	ZSCAN16	ZSCAN18	ZSCAN21	ZSCAN22	ZSCAN25	ZSCAN29	ZSCAN30	ZSCAN32
cluster_1002	4	LRRC8E	NUTM1	SAMD4B	SH2D1B
cluster_1003	7	BRWD1	GNG12	HDAC7	KLF16	RAC1	RAC2	RAC3
cluster_1004	7	COL1A1	COL2A1	DPP3	ICAM1	IFIH1	KEAP1	PALB2
cluster_1005	26	ATXN1	BHLHE40	CCNK	FAM222B	FOXH1	GLIS2	PATZ1	PITX1	PRR20A	PRR20B	PRR20C	PRR20D	PRR20E	RBPMS2	RHOXF2	ROR2	SNRPB	SNRPC	TBX6	TCF7L2	TFG	TLX3	VENTX	VEZF1	VPS37C	ZC3H10
cluster_1006	5	CAMK2A	CAMK2D	CAMK2G	HYAL3	KRTAP19-3
cluster_1007	6	ATG4B	MAP1LC3C	RHOXF1	RUFY4	TBC1D25	TP53INP1
cluster_1008	4	ASL	TEAD1	TEAD2	TRIM3
cluster_1009	4	ATXN1L	LARP4B	PICALM	SHISA2
cluster_1010	4	BBS2	CDC25B	PSME3	RPS27
cluster_1011	4	CHCHD2	DDX19A	EIF3G	MIF4GD
cluster_1012	4	CPNE7	PKLR	ZMIZ2	ZNF18
cluster_1013	4	DNALI1	MSGN1	MYL9	OST4
cluster_1014	4	DYNLT1	DYNLT3	OLFM3	PTH2R
cluster_1015	4	GUCA1C	MYL2	MYL7	PSORS1C2
cluster_1016	14	ARK2N	ATF2	BTBD3	HNRNPC	HNRNPCL1	HNRNPCL2	RALY	RALYL	SENP1	SP100	SUMO1	TIGD3	UBA2	ZFP42
cluster_1017	5	AIF1L	PLB1	TSEN15	TSSK2	ZNF554
cluster_1018	5	AURKC	HIKESHI	OTX2	RTCA	TRMT10B
cluster_1019	5	BHLHA15	CCDC28A	CLUAP1	CPSF4	MYOG
cluster_1020	5	CENPS	CENPS-CORT	CORO1B	DCAF10	LHX4
cluster_1021	5	DHRS7	FMO3	MTERF2	SACM1L	SLC35A5
cluster_1022	7	COL1A1	COL2A1	DPP3	ETF1	KEAP1	KLHL3	PTMA
cluster_1023	7	DPP3	ETF1	FAM117B	IFIH1	KEAP1	PALB2	PTMA
cluster_1024	7	KLK5	MANBAL	MPDU1	NIPAL3	OTOP2	PIGF	SCRG1
cluster_1025	8	ARHGEF28	CAMSAP1	CDKN2AIPNL	CTAG1A	CTAG1B	KIF26A	LAMTOR1	POLM
cluster_1026	3	ACOT12	ACOT7	UBXN1
cluster_1027	3	ACOT7	IQSEC1	MAGEA3
cluster_1028	3	CAB39	CEP44	SHMT2
cluster_1029	3	CALM2	IQCE	POC5
cluster_1030	3	CD81	GJA4	LBR
cluster_1031	3	CIB1	PAX7	SSX7
cluster_1032	3	CPSF6	NUDT21	PSPC1
cluster_1033	3	DDX17	PTK6	SLA
cluster_1034	3	DPPA4	FOXR1	GRAP
cluster_1035	3	ERVFRD-1	GPHB5	TMPRSS4
cluster_1036	3	EXOSC1	KCTD1	KCTD15
cluster_1037	3	FXR2	NEXN	UBAP2L
cluster_1038	3	GGA2	RTN4IP1	WWTR1
cluster_1039	3	HAND2	PTGES3L-AARSD1	SPANXN3
cluster_1040	3	HDDC2	OAZ3	POMC
cluster_1041	3	MAGEA1	MED21	MIEF1
cluster_1042	3	MRPL53	SMARCB1	SMARCC2
cluster_1043	3	MRPS6	STAC	STAT5B
cluster_1044	3	NCKIPSD	RBM22	RBP7
cluster_1045	3	SGF29	TADA3	TRAF3IP1
cluster_1046	3	SS18L1	SSBP3	ZMIZ2
cluster_1047	8	GAB2	GAREM1	GRAP2	GRB2	LCP2	SH2B1	SPATA2L	TYRO3
cluster_1048	6	AIFM2	ASNS	ATP5MC1	FKBP1B	POLR3K	TRIM69
cluster_1049	8	APH1B	FBXO2	HCST	LAMP1	MANSC1	PLPP2	SLC60A2	VSTM1
cluster_1050	7	DCTN5	DNAL4	DYNLL1	DYNLL2	FAM117B	PKIG	RASGRP4
cluster_1051	4	AP2M1	H2BC21	KNOP1	PTS
cluster_1052	4	BLOC1S5	HOXC5	PBX2	PPFIBP1
cluster_1053	4	CLK3	HOXB7	RSRP1	SRSF8
cluster_1054	4	CREB3L4	GET3	LDLRAD4	PDIA6
cluster_1055	4	EXOSC7	KRIT1	RNF138	UBE2K
cluster_1056	4	LOC102724594	SRSF3	TRA2B	U2AF1
cluster_1057	5	AGRN	ATXN2L	BOLL	DCANP1	HYAL3
cluster_1058	5	BRK1	NDEL1	ZNF12	ZNF662	ZNF707
cluster_1059	5	CD209	FAM81B	IFT20	IFT57	OXNAD1
cluster_1060	5	EIF1AD	GCSAML	GTF2H4	MREG	ZNF521
cluster_1061	5	EPN3	FKBP1A	MID1	N4BP1	PTCD2
cluster_1062	5	GARIN6	RAB14	RAB4A	RAB4B	RAB4B-EGLN2
cluster_1063	12	FUCA2	GUCD1	KRTAP10-1	KRTAP4-12	KRTAP5-2	KRTAP5-3	LCE1A	LCE1B	LCE1E	LCE4A	NUFIP2	VWC2
cluster_1064	6	ASIC4	ATP6V1G3	AURKC	B4GALNT2	OTX2	RPS26
cluster_1065	6	DEFB129	EI24	LAPTM4A	NDUFA12	TMED8	ZDHHC16
cluster_1066	6	GPR137B	ICMT	PTCD2	RAB29	SCGB1A1	TRIM32
cluster_1067	3	ACOT8	ARRB1	PRDM16
cluster_1068	3	ACSM1	OSBPL3	RALGPS2
cluster_1069	3	ACTR5	PPL	ZSCAN1
cluster_1070	3	AHCYL1	PLEKHG5	SLC23A1
cluster_1071	3	ARHGAP32	LHX2	ZFP42
cluster_1072	3	ASCC1	MAP3K14	TRAF3
cluster_1073	3	BHLHA9	PNMA6A	RNF125
cluster_1074	3	CD9	ODF4	TMEM119
cluster_1075	3	CDK2AP1	GTF2IRD1	MRFAP1L1
cluster_1076	3	CHRDL2	FAH	SLIT1
cluster_1077	3	DDIT3	FOSL2	GIMAP6
cluster_1078	3	DNAJC1	KCNJ9	TMEM201
cluster_1079	3	EMILIN1	LAIR2	PLAC9
cluster_1080	3	FRS2	TFCP2	YJU2
cluster_1081	3	HOXB6	SRPK2	SRSF8
cluster_1082	3	IFT43	RBM11	ZMYND10
cluster_1083	3	LCK	LCOR	RORB
cluster_1084	3	PEX16	PEX3	TNFRSF17
cluster_1085	5	ZKSCAN4	ZNF18	ZNF24	ZNF446	ZSCAN30
cluster_1086	7	HOXA5	HOXC5	MSC	PBX1	PBX2	PPFIBP1	ZCWPW2
cluster_1087	101	ADAMTSL3	ADAMTSL4	AGXT	ALDH3B1	BCL6B	BMP7	C11orf87	CATSPER1	CBX2	CELF5	CHIC2	CHRD	CHRNG	CNNM3	CRCT1	CREB5	CYSRT1	DALRD3	DHRS1	DHX57	DOCK2	FBXW5	GNE	GTF3C5	ITGB4	JOSD1	KRTAP1-1	KRTAP1-3	KRTAP10-7	KRTAP10-8	KRTAP10-9	KRTAP12-1	KRTAP12-3	KRTAP4-2	KRTAP4-4	KRTAP5-6	KRTAP5-9	KRTAP9-2	LCE1A	LCE1B	LCE1C	LCE1E	LCE1F	LCE2A	LCE2B	LCE2C	LCE2D	LCE3A	LCE3C	LCE3D	LCE3E	LCE4A	LCE5A	LIF	LMNTD2	MAPKBP1	MOBP	NBPF19	NKD1	NMU	NOTCH2NLA	NPDC1	NR1D2	NR4A3	NUFIP2	OTX1	P2RX4	P2RY6	P3H3	PDE9A	PDGFRB	PGAP6	PHLDA1	POU4F2	PTGDS	PTPMT1	R3HDM2	RSPO2	SELENOM	SHFL	SLC13A5	SLC23A1	SPATA3	SPRY1	TNP2	UTP23	UXT	VASN	VSTM4	WNT11	ZDHHC1	ZNF101	ZNF138	ZNF439	ZNF440	ZNF467	ZNF490	ZNF491	ZNF497	ZNF578	ZNF696
cluster_1088	10	CLIC3	GLYR1	MECOM	MIA3	PROSER2	SCML4	TBC1D3	TBC1D3C	TBC1D3K	VPS4A
cluster_1089	5	CRK	DOK2	GRB10	PIK3R1	TXK
cluster_1090	5	DDX20	GEMIN4	LY86	NPPB	PTCD1
cluster_1091	5	EPN2	MLANA	PIP4P1	PMEPA1	THOP1
cluster_1092	4	ARID4B	DYNLT1	KLK15	PTH2R
cluster_1093	4	CANT1	CLRN1	FUT9	SLC34A3
cluster_1094	4	CDK5RAP3	FKBP6	TSPYL4	UFL1
cluster_1095	4	CLIC3	MECOM	MIA3	VPS4A
cluster_1096	4	DEFB129	MRPL41	NDUFA12	TMED8
cluster_1097	4	GPRASP2	PLAC9	SEZ6L	TCF25
cluster_1098	4	LAPTM4A	MRPL41	TMED8	ZDHHC16
cluster_1099	4	RSPH6A	SMYD1	TBRG1	UTP14A
cluster_1100	5	KCTD19	ZNF174	ZNF24	ZSCAN22	ZSCAN9
cluster_1101	6	ALX4	DIP2A	IQUB	PKP3	PRR23D1	PRR23D2
cluster_1102	6	BCAR3	CENPN	DECR2	GCLM	OSGIN1	PDE4A
cluster_1103	6	DAZAP1	MBNL2	MRPL15	SNRPA	SNRPA1	TRIR
cluster_1104	8	ASCC1	C10orf62	HEMGN	IFT25	MAP3K14	RIPK1	TRAF3	ZBTB49
cluster_1105	8	ATP6V1G3	AURKC	B4GALNT2	GUCA1B	IQGAP1	OR6C1	OTX2	RTCA
cluster_1106	7	AIPL1	EIF5A	IQGAP1	LBX1	TBCEL	TMEM252	WNK3
cluster_1107	7	CHCHD1	LYAR	NOP56	PRM2	RPL22L1	RPL41	SDCBP2
cluster_1108	13	ASH2L	BCAS4	BEND3	CDK17	CFAP91	DPY30	DYDC2	GPATCH2	PSMD14	TSPY10	TSPY2	TSPY3	ZFYVE19
cluster_1109	9	ARID5A	KRTAP19-5	LASP1	PRR20A	PRR20B	PRR20C	PRR20D	PRR20E	YPEL3
cluster_1110	3	CBX2	RBMY1F	RBMY1J
cluster_1111	5	ACACA	APOC1	MICOS13	MTCH2	SIRPB1
cluster_1112	3	ACSF2	MICOS13	RDH10
cluster_1113	3	ARR3	MARCHF8	VAMP2
cluster_1114	3	ATF7IP2	MED4	SSX3
cluster_1115	3	C6orf15	HEY1	YTHDF1
cluster_1116	3	CIAO2A	SETD4	SIN3A
cluster_1117	3	CLEC12B	IL1RL1	MCFD2
cluster_1118	3	DPF2	TTC23L	TXNDC12
cluster_1119	3	MARCHF5	PTPN5	UBE2W
cluster_1120	3	RAB2B	TBX19	TXNDC11
cluster_1121	3	TCP11L1	TEAD1	WWTR1
cluster_1122	4	APRT	COA6	MLN	TTC19
cluster_1123	4	ASB3	CRACR2A	FAM156A	FAM156B
cluster_1124	4	ATM	ESRRB	ESRRG	TRERF1
cluster_1125	4	BLK	SOCS3	STAT3	TDP2
cluster_1126	4	DGCR6L	GGA1	LRCH3	SPTA1
cluster_1127	4	FIS1	SPCS1	TMEM74	UBXN8
cluster_1128	6	ADAM33	EPGN	NCR1	SEC11A	SLC35E2A	SLC4A1
cluster_1129	6	HOXA5	HOXC9	MSC	PBX2	RIPPLY2	ZCWPW2
cluster_1130	17	CHIC2	CRCT1	CREB5	FBLN1	KRTAP11-1	LCE1A	LCE1B	LCE1C	LCE1F	LCE3A	LCE5A	NR4A3	OIT3	OTX1	SPRY1	TRIM42	VWC2L
cluster_1131	10	CCDC158	GAS2	GTF2E1	KIF26A	PDCD2	PMF1-BGLAP	SEPTIN2	SNX7	TBC1D21	TIMM10
cluster_1132	6	KLHL12	KLHL2	KLHL24	KLHL3	PLEKHA4	TTBK2
cluster_1133	4	BAD	BCL2L1	BCL2L2	G0S2
cluster_1134	6	ESCO2	FXR1	FXR2	PRAM1	UBAP2L	ZMAT2
cluster_1135	9	CEP19	PAPSS2	PEX13	PTPN23	RABL2A	RABL2B	ROBO4	SENP3	ZNF81
cluster_1136	9	CRYBB1	EXOC5	EXOC6	EXOC6B	IFT57	RAB14	RAB4A	RAB4B	RAB4B-EGLN2
cluster_1137	4	AP1B1	AP2B1	LOC102724594	U2AF1
cluster_1138	6	APOC4	GSDMA	LETMD1	MICOS10	MICOS13	PORCN
cluster_1139	6	CTH	MLPH	PRIM2	RECK	SPSB2	ZNF704
cluster_1140	6	GABARAPL1	PTPRR	RCN2	SCYL3	TBC1D5	TMEM131
cluster_1141	6	IFIH1	KEAP1	KLHL3	PALB2	PTMA	STAP2
cluster_1142	4	ALAS1	GRXCR1	RTL8B	TMSB10
cluster_1143	4	ASMTL	NGB	NMNAT1	TDO2
cluster_1144	4	AURKC	CADPS	TENT2	ZFC3H1
cluster_1145	4	BEND3	DPY30	GTF2I	RSPH3
cluster_1146	4	CASP7	NIF3L1	NUDT14	SULT2A1
cluster_1147	4	CAV3	RBFA	RHEX	SYPL1
cluster_1148	4	CDC7	DBF4	IKZF4	TSNAXIP1
cluster_1149	4	CEP63	FEM1C	ROGDI	TBC1D15
cluster_1150	4	CTTNBP2NL	DDA1	NRIP1	PKNOX2
cluster_1151	4	DBF4B	SGF29	SYCE3	TADA3
cluster_1152	4	DESI1	PRR5	UBQLNL	UHRF2
cluster_1153	4	ERLIN1	MIA3	SEC23A	SEC23B
cluster_1154	4	GABARAPL2	GIMAP6	NUDT15	RETREG1
cluster_1155	4	GNG13	HAUS3	HOXA10	VPS16
cluster_1156	4	GRINA	MBNL2	QKI	TIAL1
cluster_1157	4	KCTD19	ZNF444	ZSCAN1	ZSCAN22
cluster_1158	4	LZTFL1	MOB1A	SEPTIN3	TDO2
cluster_1159	7	ELOA2	GOLGA8K	KRCC1	NKAPD1	NKAPL	SREK1IP1	ZNF41
cluster_1160	3	ACAP1	FCHSD2	SASS6
cluster_1161	3	AOC3	CLDN9	EXTL1
cluster_1162	3	APOA4	CMTM4	SSX3
cluster_1163	3	BAG6	GET4	UBL4B
cluster_1164	3	BEND3	DPY30	DYDC2
cluster_1165	3	BEND3	HMMR	MORN4
cluster_1166	3	BLOC1S6	MLPH	TRAK1
cluster_1167	3	BRD3	ESR2	KPNA3
cluster_1168	3	C1QTNF2	MTX2	TIMM8A
cluster_1169	3	CALM1	CALM3	KCNN1
cluster_1170	3	CD200R1	GALNT15	MR1
cluster_1171	3	CDC73	RNF20	TACC3
cluster_1172	3	DERL2	DIABLO	MTFR1
cluster_1173	3	DZIP3	FBXO17	OAS2
cluster_1174	3	FAM81B	IFT20	SH3BP5
cluster_1175	3	HOXC4	PFDN6	RPRD1B
cluster_1176	3	OR4F29	UBTFL1	ZCCHC9
cluster_1177	3	PGBD1	ZNF232	ZSCAN32
cluster_1178	3	PGPEP1	RNF126	UBE2E3
cluster_1179	3	RFC2	YOD1	ZFP57
cluster_1180	3	SIGLEC5	SLC3A2	SLC7A8
cluster_1181	3	SLC39A3	SPCS1	YIPF2
cluster_1182	3	AQP2	CLCA4	PANX1
cluster_1183	22	ADAMTSL4	CYSRT1	HOXA1	KPRP	KRTAP1-1	KRTAP10-8	KRTAP12-3	KRTAP13-3	KRTAP2-3	KRTAP2-4	KRTAP4-2	KRTAP5-9	KRTAP6-3	KRTAP9-3	KRTAP9-8	LNX1	NBPF19	NOTCH2NLA	RGS20	SHFL	TRIM42	VASN
cluster_1184	5	CASP8AP2	CCDC174	MDM4	NAA10	TAF7L
cluster_1185	5	CFAP184	FGA	TPM1	TPM3	YEATS4
cluster_1186	5	CLTRN	MS4A6E	PROKR2	SLC26A5	UBE2J1
cluster_1187	5	DNAJC9	MORN4	RHOQ	SNCB	SYTL2
cluster_1188	5	FOXR2	HYDIN	PDCD6	PEF1	SEC24A
cluster_1189	5	KLHL12	KLHL24	TBC1D10C	TTBK2	VEGFB
cluster_1190	8	GGACT	LRRC20	MAGEB2	MKKS	MPST	NCDN	PSAP	ZBED1
cluster_1191	6	DNAJB13	SEPTIN1	SEPTIN11	SEPTIN12	SEPTIN3	SEPTIN6
cluster_1192	7	ARHGEF28	CTAG1A	CTAG1B	KIF26A	REX1BD	RSRC2	UBE2V1
cluster_1193	5	COQ8A	DESI2	RHEX	SH3GLB1	SIN3A
cluster_1194	6	ARFIP1	ARFIP2	RAC2	RAC3	RND1	SCAMP1
cluster_1195	4	ARFGAP1	GABARAPL2	NUDT15	SCYL3
cluster_1196	4	C16orf74	PLAC8	PPP3CA	PPP3R2
cluster_1197	4	CLDN22	PRND	RELL1	TREX1
cluster_1198	4	CLTRN	ITM2C	OLFM4	TFR2
cluster_1199	4	DNER	NUDT10	PDLIM7	RASGEF1B
cluster_1200	4	GFOD1	HSF4	PPFIBP2	SOX10
cluster_1201	4	GPATCH2	HMGB2	KLC3	TSNAX
cluster_1202	4	HACD1	HACD2	TECR	TFAM
cluster_1203	4	ODF2	SEC13	SERPINB9	TRAF5
cluster_1204	7	ALOX15B	CTAG1A	CTAG1B	KIF26A	RANBP10	REX1BD	STRA8
cluster_1205	5	LCE1A	LCE1C	LCE2B	LCE5A	PLAC8
cluster_1206	148	ADIPOQ	AGPAT4	AIG1	ANKRD46	APOD	APOL3	AQP6	ARL13B	ATP6V0C	BET1	BNIP1	BTN2A2	C14orf180	C1GALT1	C2CD2L	CCDC167	CD53	CD79A	CD81	CDIPT	CFHR5	CLDN19	CLDND2	CMTM7	CNIH1	COL4A5	CPLX4	CREB3L1	CTSA	CXCL16	CYB5B	CYP4F2	EBP	ELOVL4	ERG28	ERGIC3	FA2H	FAM174A	FAM209A	FAM3C	FAXDC2	FDFT1	FFAR2	FKBP8	FUNDC2	FXYD6	GIMAP1	GIMAP5	GJB2	GOSR2	GPR152	GPR42	GPX8	GYPA	HMOX1	HMOX2	HSD17B13	IGFBP5	INSIG2	ITGAM	JAGN1	LEMD1	LPAR3	MFF	MGAM	MGST3	MS4A1	MS4A13	MUC1	NAT8	NEU1	NINJ2	NKG7	NRM	ORMDL1	ORMDL2	ORMDL3	PEX16	PLN	PLP2	PNLIPRP1	RETREG3	RTP2	RUSF1	SACM1L	SAR1A	SCD	SCN3B	SEC22B	SERP1	SERP2	SLC10A1	SLC10A6	SLC18A1	SLC35A1	SLC35B4	SLC35G1	SLC38A7	SLC71A2	SMCO4	SMIM1	SNORC	STX3	STX7	STX8	TECR	TMEM107	TMEM120B	TMEM128	TMEM139	TMEM14A	TMEM14B	TMEM14C	TMEM19	TMEM203	TMEM218	TMEM222	TMEM229B	TMEM239	TMEM243	TMEM254	TMEM267	TMEM31	TMEM42	TMEM52B	TMEM60	TMEM65	TMEM97	TMX2	TRAM1L1	TSNARE1	TSPAN33	UBE2J1	UBIAD1	UNC50	UPK1B	VAMP1	VAMP2	VAMP3	VAMP4	VAMP5	VAPA	VAPB	VTI1B	YIPF1	YIPF4	YIPF6	ZFPL1
cluster_1207	8	ACTR5	C6orf141	HECTD3	PPL	ZNF213	ZNF263	ZSCAN1	ZSCAN16
cluster_1208	5	ABHD8	CCNG2	NOSIP	UHRF2	ZNF410
cluster_1209	5	AEBP2	KMT5B	RBM15	TSPYL2	ZNF687
cluster_1210	5	APH1B	AVPR2	BEST1	FXYD6-FXYD2	SLC2A13
cluster_1211	5	HDAC7	KLF16	PATJ	RAC1	SLC16A3
cluster_1212	5	LTBR	RABAC1	SNX10	SSR3	STOML2
cluster_1213	5	RNF138	RNF166	TRIM31	TRIM5	UBE2K
cluster_1214	6	B3GALT5	CLEC2A	CLEC2D	ENTPD8	SYT15	SYT15B
cluster_1215	6	BORCS8	DMTN	ING3	LRCH2	SCAF8	TEX11
cluster_1216	6	CBLIF	CDS1	DEFB108B	EOGT	OPRD1	SLC13A4
cluster_1217	6	HDAC7	PATJ	PHC2	RAC1	RAC2	RAC3
cluster_1218	4	ATP1B4	SGCB	SGCZ	SMIM3
cluster_1219	3	ALOX15B	GRAP	TRIM21
cluster_1220	3	APOC4	MICOS10	TBC1D20
cluster_1221	3	ASIC1	MGST2	TMEM207
cluster_1222	3	ATP5PF	INPP5K	PHOSPHO2
cluster_1223	3	BLCAP	LEMD1	LRAT
cluster_1224	3	C1D	SH3GLB1	TPD52L2
cluster_1225	3	CD69	CLDN1	TMEM9
cluster_1226	3	CLDND1	GJB6	GPR61
cluster_1227	3	COX5B	FLOT1	NUDT5
cluster_1228	3	DAPL1	RPS26	TSR2
cluster_1229	3	DDAH2	FANCL	HOXD4
cluster_1230	3	EGFL7	RASSF10	TNNI3
cluster_1231	3	FAM118B	RAD54L2	VCX
cluster_1232	3	LYAR	RP9	SREK1IP1
cluster_1233	3	MBD3L2	RAP2A	RUNDC3A
cluster_1234	3	POLR2E	RNF181	UBE2D4
cluster_1235	3	POU2F1	PPIP5K2	ZMYM6
cluster_1236	3	RTN3	RTN4	SLC30A3
cluster_1237	12	ADAMTSL4	CYSRT1	KRTAP5-9	KRTAP9-2	KRTAP9-8	LCE1C	LCE1D	LCE1E	LCE1F	LCE2C	LCE5A	NTAQ1
cluster_1238	13	ARL2	BOD1L2	CENPS	CENPS-CORT	CORO1B	DCAF10	ERO1A	LHX4	MRS2	ORC6	PARP11	TRMT11	ZNF354C
cluster_1239	4	ABHD15	LYRM7	SAT1	SAT2
cluster_1240	4	AIPL1	NXPE2	PLSCR3	S100A7L2
cluster_1241	4	ALOXE3	XAGE1A	XAGE1B	YY1
cluster_1242	4	APLNR	GJB2	MS4A6E	TM2D2
cluster_1243	4	ASIC4	B4GALNT2	OTX2	TBCEL
cluster_1244	4	ASNS	ATP5MC1	ETFDH	TRIM69
cluster_1245	4	BOD1L2	CORO1B	LHX4	MRS2
cluster_1246	4	CDIP1	DCUN1D1	OTUB2	PMEPA1
cluster_1247	4	CDSN	ITPRIPL1	NELFCD	PLVAP
cluster_1248	4	CLK3	OAS2	SRSF8	ZNF473
cluster_1249	4	DDX20	GEMIN4	UFC1	ZNF326
cluster_1250	4	DOC2A	HOXB2	RCHY1	UBASH3B
cluster_1251	4	EPN1	LITAF	N4BP1	TOM1
cluster_1252	4	FBXL19	KBTBD7	PSME3	RPS27
cluster_1253	4	FCGRT	HPN	TNFSF11	UPK2
cluster_1254	4	GPRC5D	MS4A6A	OSMR	TWSG1
cluster_1255	4	IFI30	IGSF8	TACC2	TGM1
cluster_1256	4	RNPS1	SRSF9	TRA2A	ZNF345
cluster_1257	5	ACSF3	CGN	MATN4	PPP1R13B	SALL1
cluster_1258	8	CRK	DOK2	IKZF4	SOCS3	SOCS6	STAP2	TNS4	TXK
cluster_1259	5	ACACA	APOC1	LETMD1	MAIP1	MICOS13
cluster_1260	5	CCDC167	CX3CR1	NIPA1	SLC18A3	TACR1
cluster_1261	5	CINP	CLUAP1	MZT1	PRC1	PRRX1
cluster_1262	5	EPM2AIP1	LIN52	PSMA7	SERPINF1	SWSAP1
cluster_1263	6	ARMCX1	BUD13	GMPPA	GPKOW	GSTM5	TCEA1
cluster_1264	6	CACNB2	HEXIM1	HEXIM2	ZNF500	ZNF699	ZNF789
cluster_1265	6	GAPDHS	GTF2F2	HACL1	TBRG1	WDR77	ZMYND19
cluster_1266	10	CHRAC1	EBNA1BP2	FAM9B	IBSP	JAZF1	NDUFB10	SURF6	TOM1L2	ZNF41	ZNF777
cluster_1267	18	C20orf202	CCSER1	CRTAC1	FOXD4L4	GTF2F2	HROB	KNSTRN	MAPRE1	MAPRE3	MARCHF7	POU4F1	PQBP1	PSRC1	SPDYE2	SPDYE2B	TAOK2	TRAIP	ZNF653
cluster_1268	3	AK3	ALG10	FBLN1
cluster_1269	3	AURKC	BIRC7	BOLA1
cluster_1270	3	BRD8	EP400	MNS1
cluster_1271	3	C8A	CPT1B	GOLT1A
cluster_1272	3	CASP8AP2	NFKBIA	TCL1A
cluster_1273	3	CAVIN1	CAVIN3	MRPL45
cluster_1274	3	DUSP4	MAPK1	PTPRR
cluster_1275	3	DYDC1	NME5	WAC
cluster_1276	3	HPN	SFTPC	SIGLEC9
cluster_1277	3	IL36RN	MAGEH1	SH2B2
cluster_1278	3	RGS17	RPL10A	STUB1
cluster_1279	3	SEPHS1	ZBTB25	ZNF276
cluster_1280	3	TCL1A	TNKS	TRMT61A
cluster_1281	3	TMC6	ZBTB2	ZNF639
cluster_1282	10	NDUFB5	PGBD1	RER1	SCAND1	TMEM95	ZKSCAN3	ZNF174	ZNF213	ZNF397	ZSCAN18
cluster_1283	4	ADAM33	SEC11A	SLC4A1	STOML3
cluster_1284	4	BRWD1	HDAC7	KLF16	UBL3
cluster_1285	4	DDX39B	MRPL15	U2AF2	ZNF107
cluster_1286	4	EIF4E2	GIGYF1	RNF214	SCAF8
cluster_1287	18	ADAMTSL4	ATG9A	CYSRT1	KLHL38	KRTAP1-1	KRTAP1-3	KRTAP10-7	KRTAP10-8	KRTAP2-3	KRTAP2-4	KRTAP4-11	KRTAP5-9	KRTAP9-2	KRTAP9-3	KRTAP9-8	NBPF19	NOTCH2NLA	TRIM42
cluster_1288	6	ARRDC3	CCDC50	HPGDS	NEDD4L	RAD18	WWP1
cluster_1289	7	BCL7B	KIF27	MAGEA3	MAGEA6	NOSTRIN	RPL37A	SON
cluster_1290	5	BFAR	MARCHF7	RNF138	TRIM5	UBE2K
cluster_1291	5	BRPF3	HSH2D	MZB1	TSG101	VPS37A
cluster_1292	5	DENND1C	ENTHD1	NUP62CL	SNAPIN	TPM4
cluster_1293	5	MEDAG	PRPF39	TOLLIP	TOM1L1	TOM1L2
cluster_1294	11	CD209	CLEC4M	CORO1A	FAM81B	IFT20	IFT57	MED30	OXNAD1	PPP1R11	RASSF4	SH3BP5
cluster_1295	15	ADAMTSL4	CRCT1	ITGB4	KPRP	KRTAP1-5	KRTAP10-8	KRTAP4-2	LCE1A	LCE1C	LCE2B	LCE5A	PCSK5	PLSCR4	TRIM42	TSPAN4
cluster_1296	8	DOCK10	IFI44	IL11	JADE3	MAGEA11	NDUFB9	PIN4	UBE3D
cluster_1297	8	FBXO46	IFI44	JADE3	MAGEA11	PHYH	PIN4	TRMT1	UBE3D
cluster_1298	7	ABI1	EIF3H	FBXL19	NFASC	RBM15	VARS2	VASP
cluster_1299	11	DVL1	INMT	KLHL12	KLHL24	KLHL3	PLEKHA4	RPP25L	SNX20	TBC1D10C	TTBK2	VEGFB
cluster_1300	18	ASIC4	ATP6V1G3	AURKC	B4GALNT2	GPR45	GUCA1B	HIKESHI	IQGAP1	JPT1	NAA50	OR1L3	OR6C1	OTX2	RNASE11	RPS26	RTCA	TBCEL	TRMT10B
cluster_1301	6	ARHGEF15	CDC45	CEP55	LRRC23	PLEKHG6	POLM
cluster_1302	6	CACTIN	CLK2	PRM1	RSRP1	TACC2	ZNF436
cluster_1303	4	AFMID	DNTT	MEI4	PLEKHA4
cluster_1304	4	ARHGEF16	HNRNPH1	MSI2	RBM38
cluster_1305	4	ATP6V0E1	COL8A2	SYT15	SYT15B
cluster_1306	4	CBX1	CBX3	CBX5	SUV39H1
cluster_1307	4	DHPS	EIF5A	EIF5A2	RPL9
cluster_1308	4	FIGNL1	GCC1	LCA5	NAV1
cluster_1309	4	GET3	KCNE4	KCNE5	SYPL2
cluster_1310	3	ATP13A1	KMT2E	SYPL2
cluster_1311	3	CLK3	HOXB6	HOXB7
cluster_1312	3	DPY30	GPATCH2	RSPH3
cluster_1313	3	F11R	MMP14	MYADM
cluster_1314	3	GMEB2	LZTFL1	MOB1A
cluster_1315	3	KDELR3	TSPAN2	TSPAN31
cluster_1316	3	KPNA6	NMNAT1	NUP50
cluster_1317	3	KTN1	SLC1A1	SYNPR
cluster_1318	3	NGRN	RNF216	YOD1
cluster_1319	5	ANAPC15	CEP19	RABL2A	RABL2B	ZNF81
cluster_1320	5	ATM	ESRRG	NR0B1	SHTN1	UBL7
cluster_1321	5	CLUAP1	CPSF4	ID1	MYOG	PACRGL
cluster_1322	4	CLK1	CLK3	SRSF3	TRA2B
cluster_1323	8	CA9	CIAPIN1	GLRX3	KLHDC9	MOXD1	NTF4	STRA6	TRIM36
cluster_1324	8	L3MBTL2	MEAF6	PHF10	SSUH2	TBC1D9B	THAP11	ZFY	ZNF467
cluster_1325	9	ABT1	KMT5B	NOL12	NOP53	RBM15	TSPYL2	XAGE1A	XAGE1B	ZNF687
cluster_1326	9	CIMIP2A	DVL1	FAM204A	NEFL	RSPH6A	SMYD1	TBRG1	UTP14A	ZBTB3
cluster_1327	8	CHFR	RNF11	RNF25	UBE2D1	UBE2D2	UBE2D3	UBE2E2	ZNRF1
cluster_1328	6	BTNL8	CLDN5	CNPY3	CORIN	CTRL	SGCG
cluster_1329	6	CREB3L4	GET3	PDIA6	PRB3	PRR4	TMX1
cluster_1330	10	ALDH18A1	CST1	EPC1	KCNIP2	MED10	SCHIP1	SPHKAP	SRSF10	SYCE1L	TRAPPC13
cluster_1331	5	APOL4	BDH2	CIART	NFYC	SREBF2
cluster_1332	5	ARMC12	COQ3	HCCS	SDR16C5	SNX1
cluster_1333	5	ATG4A	CALCOCO1	GABARAPL1	RCN2	TBC1D5
cluster_1334	5	CCDC74A	CEP19	RABL2B	ROBO4	ZNF81
cluster_1335	5	DVL1	KIF16B	MYH7B	RSPH6A	SMYD1
cluster_1336	4	ACOT12	CREBRF	NAA11	ZNF202
cluster_1337	4	ANAPC13	CDC23	DCLK1	GTPBP8
cluster_1338	4	ARFGAP1	GABARAPL2	KIF16B	LZTR1
cluster_1339	4	BLOC1S6	DTNBP1	SKA1	TPM1
cluster_1340	4	BRAT1	MSGN1	MYL9	ZWINT
cluster_1341	4	CDCA7L	RRP7A	SNRNP48	SSX1
cluster_1342	4	CRTC2	LCA5	SLC41A3	SUFU
cluster_1343	4	FAM81B	RNPS1	SRSF10	ZNF41
cluster_1344	4	GTF3C6	PHF11	SPATC1L	TRMO
cluster_1345	4	MORN4	SEPTIN6	SSX2IP	SYTL2
cluster_1346	8	CCDC89	PIK3CD	PIK3R3	PLAAT4	PTK2	SPATA32	TNK2	ZBTB18
cluster_1347	9	ANAPC15	CCDC74A	CEP19	GNL3	PTPN23	RABL2B	SENP3	SYNE4	ZNF81
cluster_1348	7	DCUN1D1	MKRN1	MTURN	OTUB2	RAD23A	TRIM8	YOD1
cluster_1349	3	ABI1	EIF3H	RBM15
cluster_1350	3	ACSF2	ARMC12	SENP2
cluster_1351	3	ALDH18A1	COQ9	GALNT2
cluster_1352	3	BRK1	NDEL1	ZNF3
cluster_1353	3	CD99L2	PLPP2	TRAM1L1
cluster_1354	3	DMAP1	LRSAM1	PFDN1
cluster_1355	3	FOSB	MLLT6	PHC2
cluster_1356	3	HOXB2	NDOR1	PSMB6
cluster_1357	3	KHK	LHX2	PPIL1
cluster_1358	3	MTERF4	SEMA4G	TNFRSF10D
cluster_1359	3	OTUD6A	RWDD2B	TRIM7
cluster_1360	3	RHBDL2	SLC35B4	TYROBP
cluster_1361	76	ADAMTSL3	ADAMTSL4	CATSPER1	CD300LG	CELF5	CNNM3	CRCT1	CREB5	CRH	CRY2	DOCK2	GLP1R	GNE	GRN	HHEX	HOXB9	IGSF8	IL2RG	ITGB4	ITGB5	KRTAP1-5	KRTAP10-1	KRTAP17-1	KRTAP4-11	KRTAP4-2	KRTAP4-4	KRTAP5-11	KRTAP5-2	KRTAP5-3	KRTAP5-6	KRTAP5-7	KRTAP9-2	KRTAP9-8	LCE1A	LCE1B	LCE1D	LCE1E	LCE2B	LCE2C	LCE2D	LCE3A	LCE3B	LCE3C	LCE3D	LCE3E	LCE4A	LCE5A	MACO1	MAPKBP1	MRGBP	MT1B	MT1M	MXI1	NMU	NUFIP2	OTX1	PHLDA1	PRM2	PTPMT1	RAMP3	SHFL	SMCP	SPATA3	TRIM42	UXT	VASN	WNT11	YY1	ZDHHC1	ZNF101	ZNF440	ZNF479	ZNF575	ZNF578	ZNF613	ZNF696
cluster_1362	5	CT45A1	FGF12	RNF151	RP9	STAC3
cluster_1363	4	KCTD13	PRMT5	TNFAIP1	ZMYND19
cluster_1364	86	APOD	APOL3	AQP6	ARL13B	ASGR1	BET1	BIK	BTN2A2	C1GALT1	CD79A	CDS2	CLDN7	CLN6	CNIH1	COL8A2	CPLX4	CREB3L1	CYB5B	EBP	EDDM3B	ENTPD3	ERG28	ERGIC3	FAM209A	FFAR2	FNDC9	GJB5	GPR152	GPX8	HHATL	HSD17B13	IGFBP5	INSIG2	ITGAM	JAGN1	KIR2DL3	LPAR3	MARCHF2	MFF	MGST3	MIP	MS4A13	MUC1	NINJ2	NRM	PEDS1-UBE2V1	PGA4	PGAP2	PLN	PLPP4	PNLIPRP1	RETREG3	RTP2	SAR1A	SCN3B	SEC22B	SERP1	SFTPC	SLC10A6	SLC18A1	SLC35A1	SLC35B4	SLC38A7	SLC41A1	SLC41A2	SMIM1	TF	TM4SF4	TMEM100	TMEM106C	TMEM107	TMEM109	TMEM128	TMEM139	TMEM14C	TMEM203	TMEM218	TMEM52B	TMEM60	TMEM86A	TMEM97	TMPRSS2	TMX2	TRAF3IP3	VAMP3	VAMP5
cluster_1365	6	ACMSD	COA7	GPSM3	IVD	RIPK4	YWHAZ
cluster_1366	6	CD164L2	CLDN14	MS4A12	PACC1	PLLP	TIGIT
cluster_1367	6	CIRBP	HBZ	HNRNPK	HNRNPLL	RBM3	RBMY1A1
cluster_1368	108	ADAM12	AGXT	ALDH3B1	ARID5A	ATG9A	BMP7	CELA2B	CELF5	CERK	CIMAP1B	CNNM3	CREB5	CTRC	CTSZ	CYSRT1	DCANP1	DCDC2B	DHRS1	DMRT3	DOCK2	ERMAP	FAM222B	FOXC2	FOXH1	GNE	GRN	GSTP1	GUCD1	HCK	HEY2	HOXA1	HOXB9	HOXC8	ITGB4	KLHL38	KRTAP10-1	KRTAP10-5	KRTAP10-8	KRTAP11-1	KRTAP12-1	KRTAP12-3	KRTAP12-4	KRTAP15-1	KRTAP19-7	KRTAP26-1	KRTAP3-1	KRTAP3-3	KRTAP4-11	KRTAP4-12	KRTAP4-2	KRTAP5-11	KRTAP5-3	KRTAP5-4	KRTAP5-6	KRTAP5-9	KRTAP6-1	KRTAP6-2	KRTAP6-3	KRTAP9-2	KRTAP9-3	KRTAP9-8	LASP1	LCE1A	LCE1B	LCE1F	LCE2A	LCE2B	LCE3A	LCE3C	LCE3D	LCE3E	LCE4A	LCE5A	LRRC41	LRRN4	MAPKBP1	MRPL23	MRPL40	MXD3	MYPOP	NR1D2	NUFIP2	OLIG3	OTX1	P2RY6	PATZ1	PCSK5	PHLDA1	PITX1	PKIB	PTPMT1	SAMD7	SLC13A5	SMARCC1	SNRPC	SPRY1	TBX6	TFAP2D	TLX3	TNFRSF12A	VASN	VENTX	VGLL3	YIPF3	YPEL3	ZFHX2	ZIC1	ZNF414
cluster_1369	8	C19orf18	CERS2	CST1	DPM3	IER3IP1	POMK	TMEM167A	TMEM258
cluster_1370	5	ASPSCR1	CACTIN	CLK2	SNRNP70	ZNF436
cluster_1371	5	BAMBI	CLEC4E	NKG7	OPRK1	RAMP1
cluster_1372	13	CLASRP	CLK1	CLK3	HOXB6	HOXB7	HOXC4	OAS2	RSRP1	SAG	SRSF1	SRSF10	SRSF7	SRSF8
cluster_1373	6	CTAG1A	CTAG1B	CYTH4	GATC	KIF26A	REX1BD
cluster_1374	4	AGBL2	NDUFB7	NFKBIB	STRA6
cluster_1375	4	CDS1	IER3	OPRD1	SLC13A4
cluster_1376	4	EIF3B	HINFP	NDUFAB1	SLIRP
cluster_1377	4	FBXL7	FCHO1	PCGF1	PHLDA2
cluster_1378	4	FCGRT	STOML3	UPK2	ZNRF4
cluster_1379	4	IFRD2	JRK	PRICKLE1	TPM4
cluster_1380	4	KNSTRN	MED11	SGF29	TADA3
cluster_1381	16	ADCY4	ATM	BPHL	C22orf23	ESRRB	ESRRG	EXOSC7	FASTK	NR0B1	NR0B2	NRIP1	PNRC2	PPARGC1A	RBIS	TRERF1	UBL7
cluster_1382	7	ANKRD36	FGF11	HMGXB4	RPS25	STAC3	TNFAIP8L1	ZCCHC10
cluster_1383	3	ADORA2A	HAS3	SYNGR1
cluster_1384	3	AP2M1	KNOP1	PRPF38A
cluster_1385	3	ATG4A	GABARAPL1	TMEM131
cluster_1386	3	BCL2L2-PABPN1	CLP1	PRR3
cluster_1387	3	CCDC6	MAPK7	SNAPC1
cluster_1388	3	CHTOP	ERH	SMN1
cluster_1389	3	CLDN20	CNIH3	PLD3
cluster_1390	3	CLEC4G	LRRC4C	TWSG1
cluster_1391	3	CLPTM1L	KCNF1	SLC39A7
cluster_1392	3	DCTN5	DYNLL1	RASGRP4
cluster_1393	3	EREG	OLFM4	TNFSF11
cluster_1394	3	HIP1R	NDC80	THOC7
cluster_1395	3	INTS4	MEIS3	TCL1B
cluster_1396	3	LRRTM2	PIP4P2	TNF
cluster_1397	3	MKKS	MPST	ZBED1
cluster_1398	3	MYOM1	PDE4DIP	ZKSCAN3
cluster_1399	3	NAPB	SIGLEC5	STX19
cluster_1400	3	ZNF396	ZNF483	ZSCAN21
cluster_1401	5	BLOC1S1	DENND1C	DTNBP1	ENTHD1	SNAPIN
cluster_1402	5	CIART	KLF11	NFYC	SREBF2	ZSCAN1
cluster_1403	5	CTTNBP2	CTTNBP2NL	FAM110B	IQGAP1	PKNOX2
cluster_1404	10	ASPSCR1	CACTIN	CLASRP	CLK2	ECE1	PRM1	RSRP1	SNRNP70	TACC2	ZNF136
cluster_1405	7	RABAC1	SH3GL3	SNX10	SNX17	SNX8	SSR3	STIM1
cluster_1406	4	ADAM33	CD3E	EPGN	STOML3
cluster_1407	4	AGR3	CD46	EDA2R	ERLIN1
cluster_1408	4	ASCL3	HAND1	NEUROG1	TCF12
cluster_1409	4	CAVIN2	CD2BP2	SF3B5	TRAPPC6A
cluster_1410	4	CCDC112	CINP	CLUAP1	MMADHC
cluster_1411	4	CCNB1IP1	CHMP4A	SYT17	ZNF597
cluster_1412	4	CLEC2A	CLEC2D	DEFB121	ENTPD8
cluster_1413	4	COG2	LENG8	NCBP3	PCID2
cluster_1414	4	GJC3	MTUS1	SLC35D4	STX7
cluster_1415	4	RNPS1	SRSF10	SRSF7	ZNF660
cluster_1416	8	ADGRA2	CCNDBP1	FZD10	NOL7	RPL28	RPL7L1	TCEAL1	ZNF223
cluster_1417	8	CDKL5	FAN1	LUC7L3	MLH1	MPG	RADX	SYF2	TSGA13
cluster_1418	5	ACOT8	CKMT2	FIRRM	P4HA3	ZC3H12A
cluster_1419	5	BACH2	ENPP7	INSYN2A	MAFG	MAFK
cluster_1420	5	CLDN1	CLDN6	MS4A3	SLC22A14	SLC5A4
cluster_1421	5	DCAF10	DNAJB13	ERO1A	LHX4	PARP11
cluster_1422	5	MVP	NRF1	PANX2	SPSB2	TESMIN
cluster_1423	7	ADAMTSL4	KRTAP10-1	KRTAP21-2	LCE1A	LCE2A	LCE5A	POU4F2
cluster_1424	6	SCAND1	TMEM95	ZKSCAN4	ZKSCAN7	ZNF174	ZNF263
cluster_1425	3	ATP1B3	STOM	TMEM98
cluster_1426	7	APBA2	ASCL1	ATP6V1G2	EPAS1	SAMD12	USP20	ZXDB
cluster_1427	7	ATXN1	CAMK1	DAZ2	EXTL3	PANX2	PICALM	SORCS3
cluster_1428	3	AKTIP	ANKRD23	HOOK1
cluster_1429	3	ALAS1	RTL8B	SNRPB2
cluster_1430	3	AURKC	CADPS	TSEN2
cluster_1431	3	BOLA2B	SLITRK5	TK1
cluster_1432	3	BPIFA2	CD40	CMTM6
cluster_1433	3	CCNK	HNRNPH2	MYCL
cluster_1434	3	CSNK1D	EVI5	IMP3
cluster_1435	3	CT55	LYPLAL1	PAX7
cluster_1436	3	GPRC5D	MS4A6A	PRRT2
cluster_1437	3	MKRN1	RAD23B	UBB
cluster_1438	3	MRPL15	U2AF2	ZNF57
cluster_1439	3	UBOX5	UBXN7	VCP
cluster_1440	24	ALOX15B	ARHGEF28	ATP1A4	BAG6	BEX1	BORCS8	BORCS8-MEF2B	CAMSAP1	CDKN2AIPNL	CTAG1A	CTAG1B	GATC	GTF2I	KIF26A	LAMTOR1	LONRF3	POLM	RANBP10	REX1BD	RSRC2	SIKE1	STRA8	THOC1	UBE2V1
cluster_1441	6	BTG1	GAB2	GAREM1	GRB2	SH2B1	VAV3
cluster_1442	4	DNAL4	DYNLL1	PPP3R2	RASGRP4
cluster_1443	4	ETF1	FAM117B	KEAP1	KLHL3
cluster_1444	4	GPRASP2	MBD3L2	REX1BD	TCF25
cluster_1445	4	HAND2	NEUROD1	NEUROG3	TCF12
cluster_1446	4	ING3	SCAF8	TEX11	USP15
cluster_1447	4	INSIG2	PRLR	SLC16A10	STIM1
cluster_1448	8	ADTRP	AGER	B3GAT1	CMTM7	PIANP	PSMD6	TCTA	TNFRSF17
cluster_1449	15	COL1A1	COL2A1	DPP3	ERICH5	ETF1	FAM117B	ICAM1	IFIH1	IQCC	KEAP1	KLHL3	PALB2	PTMA	STAP2	ZNF121
cluster_1450	27	ADAMTSL4	ATG9A	CREB5	CYSRT1	GNE	HOXA1	HOXC8	KPRP	KRTAP1-1	KRTAP12-1	KRTAP12-4	KRTAP13-3	KRTAP15-1	KRTAP19-2	KRTAP19-6	KRTAP19-7	KRTAP22-1	KRTAP6-1	KRTAP6-2	KRTAP6-3	KRTAP9-2	LASP1	MGAT5B	R3HDM2	TRIM42	TSPAN4	ZNF414
cluster_1451	5	CAMK2A	GLB1L2	HYAL3	KRTAP23-1	VARS1
cluster_1452	5	GRB2	SH2B1	SPATA2L	TYRO3	ZBTB12
cluster_1453	7	ABT1	NOL12	NOP53	RBM15	RPS25	TMA16	TSPYL2
cluster_1454	9	EEF1AKMT3	FERD3L	FLOT2	GOLGA6L2	GPATCH2	MAGEB4	NEUROD4	TRAK1	UQCRB
cluster_1455	6	CACNB1	CACNB4	CTBP2	KLF3	LCORL	SOX13
cluster_1456	6	EMP3	MR1	SECTM1	SIGLECL1	SLAMF8	VSIG1
cluster_1457	6	ISX	PPP2CA	PRSS53	TEP1	UBAP2	WRAP53
cluster_1458	5	ZNF396	ZNF446	ZNF483	ZSCAN30	ZSCAN32
cluster_1459	4	MED8	PRKACA	PRKAR1A	PRKAR1B
cluster_1460	4	ATP1B3	C2orf74	OPRD1	SMAGP
cluster_1461	4	C9orf153	CDX2	CFAP206	TADA2B
cluster_1462	4	CKS1B	MED12L	TRIM49	TRIM49C
cluster_1463	4	CPSF4	IKBIP	MYOG	POLR2J
cluster_1464	4	EAF1	ELL3	GRHL3	SEMG1
cluster_1465	4	GNL3L	ROPN1	SPA17	VPS33A
cluster_1466	3	AIMP2	DARS1	SLU7
cluster_1467	3	ALG8	CANT1	CLRN1
cluster_1468	3	CAVIN3	TPM3	TPM4
cluster_1469	3	CELF6	CHCHD2	CRYBA1
cluster_1470	3	CRY2	KLHL6	XRN2
cluster_1471	3	CST2	FZD10	P4HB
cluster_1472	3	DPP3	KEAP1	PALB2
cluster_1473	3	FAM110B	NRIP1	PKNOX2
cluster_1474	3	HACD2	STING1	TECR
cluster_1475	3	KCNIP1	RAB2A	TBC1D25
cluster_1476	3	LIN37	PSTPIP1	PTPN12
cluster_1477	3	MOB2	SFT2D2	STK38L
cluster_1478	3	PTPN5	SLC26A6	TMEM201
cluster_1479	13	BORCS8	BORCS8-MEF2B	CEP85L	DMTN	FAM217A	ING3	LRCH2	LRRC36	PRPSAP2	PTPDC1	SCAF8	SNX6	TEX11
cluster_1480	24	ARFGAP1	ATG4A	ATG4B	BSDC1	CREB3L2	GABARAPL1	GABARAPL2	GIMAP6	LZTR1	NEDD4	NFIA	NUDT15	PTPRR	RCN2	RETREG1	SCYL3	SQSTM1	STRN3	TBC1D25	TBC1D5	TMEM131	TP53INP1	UBA5	UMAD1
cluster_1481	11	GAGE1	GAGE10	GAGE12J	GAGE13	GMCL1	MINDY1	PTPN7	RASA1	SHQ1	XAGE2	XAGE3
cluster_1482	5	CCBE1	KLHL12	PDGFRB	TBC1D10C	VEGFB
cluster_1483	5	CYP4F2	SDHAF2	SLC17A8	SLC19A3	SLC2A13
cluster_1484	5	GDNF	SSX5	STARD4	SYP	WIPI2
cluster_1485	18	CRCT1	EMC7	KRTAP5-9	LCE1A	LCE1B	LCE1D	LCE1E	LCE1F	LCE2A	LCE2B	LCE2D	LCE3A	LCE3D	LCE4A	LCE5A	LELP1	MACO1	NKD1
cluster_1486	6	APOC2	COQ3	DHODH	NDUFA7	TPD52	TTPA
cluster_1487	6	CASP7	FBXO46	JADE3	MAGEA11	RANBP10	UBE3D
cluster_1488	6	COL4A6	CTF1	MAGEA6	NOSTRIN	RPL37A	SON
cluster_1489	6	EI24	LTBR	RABAC1	SH3GL3	SLAMF6	SNX8
cluster_1490	13	ACOT12	BAALC	CASP8AP2	CCDC174	CDCA5	CREBRF	KIFAP3	MRPS11	NAA10	PPP2R3B	RIMBP2	SNX33	TAF7L
cluster_1491	13	ARRDC1	ARRDC2	CDIP1	EPN2	FAIM2	FANCM	MLANA	PIP4P1	PMEPA1	SMAD1	THOP1	WBP1	WBP1L
cluster_1492	10	CCDC187	HNRNPK	KHDRBS3	PRPF31	RBMX	RBMY1A1	RBMY1F	RBMY1J	SRSF3	TSGA10IP
cluster_1493	18	CCDC28A	CIMAP1A	DCTN5	DYNLL1	DYNLL2	FAM117B	FAM153A	FAM53B	GNL3L	OR7C2	PKIA	PKIG	PPP3R2	RASGRP4	REDIC1	THAP10	ZAR1	ZNF710
cluster_1494	7	APOBEC3B	BNIP2	EI24	FAHD1	FRK	KLC1	SIN3A
cluster_1495	7	ARRB2	CDC16	DUSP10	DUSP16	MAPK9	RASL10B	SHMT1
cluster_1496	4	ACTN3	IVD	MYOT	PCCB
cluster_1497	4	AMELY	CLEC2A	HIBADH	SCARB2
cluster_1498	4	ARRDC1	CDIP1	EPN2	THOP1
cluster_1499	4	ATP11B	MSGN1	MYL9	TTC23L
cluster_1500	4	C19orf44	LY6G6D	MYDGF	NCALD
cluster_1501	4	CBLC	DOK2	SOCS2	YES1
cluster_1502	4	CCDC43	OBI1	PNKP	TARBP2
cluster_1503	4	ECPAS	MTERF4	TNFRSF10D	TUFM
cluster_1504	4	EXOSC8	KCNJ11	OTUD4	TXNDC17
cluster_1505	4	FAM9C	SKA1	TPM1	TPM3
cluster_1506	4	MRM1	NXPE3	SPX	SYT3
cluster_1507	5	ATXN2L	CH25H	KRTAP12-4	OLIG2	RERE
cluster_1508	5	EIF2B5	SNAP23	SNAP25	STX11	TADA3
cluster_1509	5	GTF2B	TNIP1	TTC39A	TTF2	VPS33B
cluster_1510	17	ACTMAP	ARID5A	BHLHE40	GLIS2	INTS11	KRTAP15-1	KRTAP19-5	KRTAP19-7	KRTAP6-1	KRTAP6-2	LASP1	RHOXF2	SMUG1	SPMIP9	VAC14	VENTX	ZNF34
cluster_1511	3	ABHD6	FIS1	PIGP
cluster_1512	3	ARRDC1	EPN2	FAIM2
cluster_1513	3	CERS3	ORMDL3	PCBD2
cluster_1514	3	EIF3F	EIF3M	MYDGF
cluster_1515	3	ESRRG	EXOSC7	TRERF1
cluster_1516	3	FA2H	MARCHF8	MSR1
cluster_1517	3	GLI1	SLC41A3	SUFU
cluster_1518	3	HOXC9	PAX8	PBX2
cluster_1519	3	MARCHF7	RNF183	UBE2K
cluster_1520	3	NUBP2	TACC2	TGM1
cluster_1521	3	PHC3	SERF2	TENT5A
cluster_1522	3	SEPHS1	SSX2IP	ZNF202
cluster_1523	6	ATF7IP2	FABP3	MXD3	NUP62	NUP88	TLE4
cluster_1524	6	BOLA1	BOLA3	CA9	GLRX3	MOXD1	TRIM36
cluster_1525	6	GABPA	KCTD14	MIER3	NAA80	SOCS2	STK16
cluster_1526	6	HIVEP1	KDF1	MIEN1	OGT	RNF186	VCF2
cluster_1527	18	CYSRT1	GNE	GRN	HOXA1	KLHL38	KRTAP1-1	KRTAP10-5	KRTAP12-3	KRTAP13-2	KRTAP26-1	KRTAP4-4	KRTAP4-5	KRTAP9-2	NBPF19	NOTCH2NLA	OTX1	VGLL3	VWC2
cluster_1528	9	FAN1	LUC7L3	MBD4	MLH1	MPG	NANOS3	NFIX	RADX	UBOX5
cluster_1529	4	ACMSD	GPSM3	IQCE	IVD
cluster_1530	4	ALG13	ISX	LHX6	ROR2
cluster_1531	4	ARFGAP3	LIME1	PNPO	SEC22C
cluster_1532	4	BRMS1L	PTPDC1	SCAF8	TEX11
cluster_1533	4	COX6C	SAT1	SAT2	TACO1
cluster_1534	4	CTIF	HEXIM1	HEXIM2	ZNF500
cluster_1535	4	C1orf35	PRPF40A	SPMIP2	SREK1IP1
cluster_1536	5	ADGRF5	CABP2	MXRA8	RD3	SNAI2
cluster_1537	5	AGER	B3GAT1	CMTM7	HAS3	PSMD6
cluster_1538	5	BFSP1	DENND1C	DTNBP1	SNAPIN	TPM4
cluster_1539	5	BOLA1	GLRX3	MOXD1	NTF4	STRA6
cluster_1540	5	CCDC92	EIF3M	MBD3L3	POLR1H	TRIML2
cluster_1541	5	CDKN2D	GLYR1	MTF2	NR4A2	PRDX5
cluster_1542	5	CKMT2	LHX6	NRF1	SPSB2	TESMIN
cluster_1543	6	ADCYAP1R1	CELA2B	GOLGA7B	LSMEM1	TNFRSF10B	ZDHHC15
cluster_1544	6	CD177	CDSN	GOLGA7	IGF1R	KCNIP3	ZG16
cluster_1545	7	DPM3	EFNA4	ENPP4	HTR2C	TACR1	TMEM147	TMEM252
cluster_1546	11	AKAIN1	AKAP14	AKAP5	AKAP7	BTBD16	FAM153A	GNL3L	ROPN1	SPA17	TSHZ3	VPS33A
cluster_1547	3	APOBEC1	EIPR1	NOTO
cluster_1548	3	ARMC12	ERLIN1	FA2H
cluster_1549	3	ATN1	ETNK2	RBM14
cluster_1550	3	AVPR2	SLC41A1	SYPL2
cluster_1551	3	CDC25B	PSME3	RNF111
cluster_1552	3	CDCA8	FBXO17	ZNF213
cluster_1553	3	CHTOP	KHDRBS2	RBM14
cluster_1554	3	DAXX	H3-3A	MKRN1
cluster_1555	3	EPS15L1	TRAPPC2	TRAPPC2B
cluster_1556	3	FIGLA	MYF5	NHLH2
cluster_1557	3	GHITM	MFSD2A	TMEM242
cluster_1558	3	GIGYF1	RBM22	SCAF8
cluster_1559	3	GPRASP2	MBD3L2	SEZ6L
cluster_1560	3	HRG	NEK8	RGS20
cluster_1561	3	ID1	MYF5	PACRGL
cluster_1562	3	INPP5K	SFT2D2	TIMM44
cluster_1563	3	MAD2L2	PPM1B	PRR5L
cluster_1564	3	MAPK8IP3	RAD51D	XRCC2
cluster_1565	3	MCFD2	P2RY6	SYS1
cluster_1566	3	RMDN3	SLC13A3	VKORC1
cluster_1567	3	RNPS1	ZNF41	ZSCAN30
cluster_1568	3	RPRD1A	RPRD1B	VAX1
cluster_1569	8	ACTL9	NFIX	PIERCE2	QRICH1	SELENOV	SP2	SRARP	TOX4
cluster_1570	15	BLK	CBLC	CRKL	DENND2C	DOK2	PIK3R1	PTK2	SLA	SOCS2	SOCS3	SSBP3	STAP2	STAT3	TDP2	YES1
cluster_1571	7	CIRBP	HNRNPK	HNRNPLL	KHDRBS3	MRPL9	RBM3	YTHDC1
cluster_1572	5	CASP7	CORO1A	FBXO46	MAGEA11	NDUFB9
cluster_1573	5	CD82	LPAR6	SGCZ	SLC22A1	SMIM3
cluster_1574	5	DCLRE1B	GATAD2B	KRTAP19-4	NOXA1	TGS1
cluster_1575	4	ACKR2	FCRL3	IL7R	MS4A1
cluster_1576	4	ANKRD1	CDCA7L	NOL12	SNRNP48
cluster_1577	4	BCL2L13	GALNT2	SLC35G5	SPOCK1
cluster_1578	4	BIN3	FKBP1B	NEK8	TRIM69
cluster_1579	4	CABP2	COA6	SNAI2	USP6
cluster_1580	4	COQ3	CPLX2	NDRG4	SDR16C5
cluster_1581	4	CTBP2	HOXA5	LCORL	ZBTB18
cluster_1582	4	FAM24B	LEUTX	MRPL57	ZNF646
cluster_1583	4	KPNA1	KPNA5	KPNA6	LMNB1
cluster_1584	5	ATXN1	CCNK	HSFY1	HSFY2	TBX6
cluster_1585	9	ARMC8	CIB3	KLF17	NANOS3	ZNF146	ZNF180	ZNF597	ZNF664	ZSCAN5A
cluster_1586	9	CIRBP	HNRNPK	HNRNPLL	IRGC	KCTD8	LINC03040	MAP2K2	MRPL9	QKI
cluster_1587	7	ABT1	AEBP2	KMT5B	NOL12	NOP53	TSPYL2	ZFP91
cluster_1588	71	ACTMAP	ADAMTSL4	ANKHD1	ARID5A	ATXN1	BHLHE40	C10orf55	C1orf94	CCNK	CYSRT1	DAZAP2	DMRT3	ESRP1	FAM168A	FAM168B	FAM222B	FOXD2	FOXH1	FOXP3	GLIS2	HLX	HOXA1	INTS11	KRTAP10-8	KRTAP15-1	KRTAP19-2	KRTAP19-5	KRTAP19-6	KRTAP19-7	KRTAP22-1	KRTAP6-1	KRTAP6-2	KRTAP6-3	KRTAP7-1	KRTAP8-1	LASP1	OLIG3	PATZ1	PITX1	PLA2G10	PROP1	PRR34	RBFOX2	RBPMS2	RHOXF2	RNF44	ROR2	SERF2	SMUG1	SNRPB	SNRPC	SPMIP9	TBX3	TBX6	TCF7L2	TFG	TIAL1	TLX3	TSC1	UFSP1	VAX2	VENTX	VEZF1	VPS37C	YPEL3	ZBTB32	ZC3H10	ZCCHC14	ZIC1	ZNF34	ZNF683
cluster_1589	4	FUCA2	LCE1A	LCE1B	LCE1E
cluster_1590	4	MKRN1	TRIM8	UBE2D1	UBE2D4
cluster_1591	5	AKAP17A	CLK4	RBMX2	SNIP1	SRRM4
cluster_1592	5	ANKRD53	GLYCTK	GMPPB	NT5C2	PUDP
cluster_1593	5	CETN3	DCAF11	DRC8	TNNC1	TNNI1
cluster_1594	5	EIF4ENIF1	L3MBTL2	PHF10	ZFY	ZNF467
cluster_1595	5	KCNA4	LYRM7	MRPL12	SAT1	TCF25
cluster_1596	18	CATSPER1	CNNM3	HOXA1	HOXB9	KRTAP1-3	KRTAP12-3	KRTAP4-4	KRTAP6-3	MYPOP	NBPF19	NOTCH2NLA	OTX1	TNS2	ZNF417	ZNF497	ZNF587	ZNF648	ZNF837
cluster_1597	3	ACKR2	EFNA5	GPR161
cluster_1598	3	AQP8	STX12	STXBP5L
cluster_1599	3	BLK	CRKL	SH2D1B
cluster_1600	3	BTN2A1	NSG1	PLPP2
cluster_1601	3	CASP7	DMC1	NIF3L1
cluster_1602	3	FIGLA	FOXN1	LHX8
cluster_1603	3	FUT3	LY6G6C	SLC41A2
cluster_1604	3	GYG1	GYS1	HOXB6
cluster_1605	3	HTATIP2	JPH1	TMEM115
cluster_1606	3	INPP5D	KHDRBS3	TYK2
cluster_1607	3	MSX2	POU2F2	SMAP2
cluster_1608	3	OPTN	SET	ZNF17
cluster_1609	3	RELL1	TMEM207	TREX1
cluster_1610	3	SERPINB9	TRAF5	YPEL5
cluster_1611	3	SPRY3	VSNL1	ZDHHC17
cluster_1612	9	APRT	COA6	FAM136A	HOXD12	MLN	MXRA8	RBP1	SLC67A1-AS	TTC19
cluster_1613	9	CACNB1	CACNB2	CACNB4	CTBP2	HEMGN	HOXA5	HOXC5	LCORL	ZBTB18
cluster_1614	4	ANAPC15	CEP19	SENP3	ZNF420
cluster_1615	4	AQP12B	MOG	STRIT1	TSPAN15
cluster_1616	4	BAK1	BCL2L2	G0S2	SLC39A6
cluster_1617	4	BRWD1	CENPQ	HDAC7	PHC2
cluster_1618	4	DCAF15	GRHL3	RIPPLY1	USP6
cluster_1619	4	ESRRA	FAM9A	PHC1	ZBTB6
cluster_1620	4	GJA5	SLC35F1	SLC66A1	VRK2
cluster_1621	4	HDAC11	NRM	OPN1LW	PARP15
cluster_1622	7	CLDN15	CLEC4M	IL13RA2	LAYN	PDGFRA	PLPP6	PRLR
cluster_1623	12	CWC27	FAM13C	FBXO16	MORF4L1	MORF4L2	MRGBP	RCBTB2	SYN3	UBP1	VPS26A	ZC3H7A	ZNF449
cluster_1624	10	CHRD	KRTAP10-5	KRTAP12-3	KRTAP13-1	KRTAP9-2	KRTAP9-3	KRTAP9-8	MAPKBP1	OTX1	POU4F2
cluster_1625	20	AADAC	ALDH1L1	APPBP2	BCL7A	BIN2	COL24A1	CORO2B	DPYS	FSTL1	GPRC5C	HSPA4	MGAT4B	MMP28	MSH2	MSLN	PNPLA5	RRS1	SLC7A10	SYNRG	WFIKKN1
cluster_1626	124	ADAM12	AGA	ALDH3B1	ALPP	BCAM	BMP7	BTC	CATSPER1	CELF5	CHIC2	CHRD	CHRNG	CMTM8	CNNM3	COA5	CRCT1	CREB5	CRH	CRY2	CTNNBIP1	CYP21A2	DHRS1	DLGAP3	DOCK2	ECE1	FBXW5	GLP1R	GNE	GSTP1	HCK	HHEX	HHIPL1	HOXB9	IGSF8	IL10	INPP5D	INS	ITGB4	ITGB5	JOSD1	KRTAP1-3	KRTAP10-1	KRTAP10-11	KRTAP10-5	KRTAP10-7	KRTAP10-9	KRTAP12-1	KRTAP4-11	KRTAP4-12	KRTAP4-2	KRTAP4-4	KRTAP4-5	KRTAP5-11	KRTAP5-3	KRTAP5-4	KRTAP5-6	KRTAP5-9	KRTAP9-2	KRTAP9-3	KRTAP9-8	LCE1A	LCE1B	LCE1D	LCE1E	LCE1F	LCE2A	LCE2B	LCE2C	LCE2D	LCE3A	LCE3B	LCE3C	LCE3D	LCE3E	LCE4A	LCE5A	LRFN4	MAPKBP1	MTNR1A	MXD3	MXI1	NAXD	NECTIN2	NECTIN3	NMU	NPBWR2	NPDC1	NR1D2	NUFIP2	OLFM2	OTX1	P3H3	PDIA5	PHLDA1	PIGS	PTK7	PTPMT1	R3HDM2	RASD1	RPN1	RPS19BP1	SHFL	SLC13A5	SLC23A1	SLC43A2	SLC7A11	SMCP	SPRY1	SUSD6	TACSTD2	TGFB1	UTP23	UXT	VASN	VSTM4	WNT11	XCL2	YY1	ZDHHC1	ZFTRAF1	ZNF440	ZNF497	ZNF696	ZNF786
cluster_1627	6	ATP5F1B	ATPAF2	CDC14A	EBF1	POLR3F	POLR3H
cluster_1628	6	ATP5IF1	CYTIP	KIF9	PRICKLE1	STEEP1	ZNF566
cluster_1629	6	CASP7	CORO1A	DOCK10	IL11	MAGEA11	REX1BD
cluster_1630	6	CCL3L3	FAM163A	LYG1	TMEM179B	TMEM236	TMEM47
cluster_1631	9	AADAC	AK3	ALDH1L1	APPBP2	DHX16	DPYS	KHK	PNPLA5	RRS1
cluster_1632	5	CCDC28B	NRIP3	TEX35	THAP3	UBL5
cluster_1633	5	CDKL5	FAN1	MLH1	NFIX	TSGA13
cluster_1634	5	CRBN	EZR	MISP	SPATS1	TERF1
cluster_1635	5	CXCL9	EPGN	FUT7	TMED5	TNFSF8
cluster_1636	5	DCUN1D1	MTURN	OTULIN	SUSD6	UBXN6
cluster_1637	5	STX10	STX16	STX1A	STX4	STX6
cluster_1638	7	CFAP410	GMCL1	PTPN7	RASA1	XAGE2	XAGE3	ZMYM2
cluster_1639	8	ANKRD1	FRMD8	PGBD1	ZKSCAN4	ZNF18	ZNF397	ZNF446	ZSCAN30
cluster_1640	3	PRKAA2	PRKAB1	PRKAG1
cluster_1641	8	ASB10	CLMP	LCN2	LY96	ODAPH	PDIA4	RAMP2	TRH
cluster_1642	4	ALG3	PLPPR1	SERP1	TNFRSF9
cluster_1643	4	CDC45	CEP55	POLM	RBM22
cluster_1644	4	CTTNBP2	IQGAP1	MEI4	PLEKHA4
cluster_1645	4	CUL3	KEAP1	PALB2	PTMA
cluster_1646	4	DALRD3	EPDR1	PM20D2	TAPBPL
cluster_1647	4	GAPDHS	HACL1	TRIM45	ZMYND19
cluster_1648	4	HDAC4	MEF2A	MEF2C	YWHAE
cluster_1649	4	ISCU	NUP62	NUP88	TLE4
cluster_1650	3	ABI1	MAB21L2	VASP
cluster_1651	3	ALOXE3	IL10	YY1
cluster_1652	3	ANKRD29	CRACR2A	FERMT3
cluster_1653	3	BCL11A	MORF4L2	MRGBP
cluster_1654	3	CARTPT	MEIS2	SCT
cluster_1655	3	CCDC14	CEP63	ROGDI
cluster_1656	3	CDC7	DBF4	GMEB2
cluster_1657	3	CENPQ	HDAC7	KLF16
cluster_1658	3	CFAP161	CINP	PRC1
cluster_1659	3	CLCN7	LYVE1	PIGF
cluster_1660	3	CLUAP1	MYOG	POLR2J
cluster_1661	3	CTTN	PNMA2	RPL9
cluster_1662	3	CTTNBP2	DDA1	PKNOX2
cluster_1663	3	EPN1	GGA3	LITAF
cluster_1664	3	EPN2	SPART	THOP1
cluster_1665	3	ESCO2	FXR1	TRPM1
cluster_1666	3	FAM9A	INTS12	MLLT3
cluster_1667	3	KLF3	OTX2	TBCEL
cluster_1668	3	LRFN4	ODF1	P4HB
cluster_1669	3	LY6G6C	SLC26A5	UBE2J1
cluster_1670	3	MUL1	REEP2	SLC25A46
cluster_1671	3	NIF3L1	NUDT14	PPIH
cluster_1672	3	PYCR1	RBM45	TNPO2
cluster_1673	3	RSPO2	SLC39A7	WFDC12
cluster_1674	6	EFNA3	LCE1D	LCE1E	LCE2C	LCE3B	TGFB1
cluster_1675	9	ABHD16A	AQP7	BRI3	CYP1A2	FDPS	LTA	PERP	POLE	WBP1L
cluster_1676	9	ASPH	ENPP6	GPR119	INSL5	LRPAP1	PTH	SDC2	SPINK1	UGT2B11
cluster_1677	9	ATP11B	BRAT1	DNALI1	FERD3L	ID1	ID3	MSGN1	MYL9	OST4
cluster_1678	10	ANXA5	CRCP	DYRK1B	GALNT11	GSC2	GUCY1A2	KDM6A	MRPS23	TIPIN	UBE2R2
cluster_1679	12	BIRC8	BLMH	CCDC158	GCH1	KLHL3	PINX1	PRMT8	PYCR1	RAN	RBM45	REDIC1	TNPO2
cluster_1680	5	BAG5	MAD1L1	TRIM29	TSC22D3	USP15
cluster_1681	5	BNIP3	HPN	PPTC7	SLC31A2	SLC6A17
cluster_1682	11	CCDC150	EAF1	ELL2	ELL3	GCSAML	GRHL3	GTF2H1	GTF2H4	NUMB	SEMG1	SRP14
cluster_1683	4	ARFIP1	INPP5K	SEMA4G	TNFRSF10D
cluster_1684	4	CCDC50	CEP85	DNTTIP2	RNF8
cluster_1685	4	CIB3	KLF17	NANOS3	ZNF146
cluster_1686	4	CLEC4E	CXADR	FAM3C	KCNA2
cluster_1687	4	CREBRF	DHX57	MRPS11	NAA10
cluster_1688	4	DCTN5	DPPA3	DYNLL1	GNL3L
cluster_1689	4	FUBP1	SF1	U2AF2	ZNF57
cluster_1690	4	GRHL3	H3-4	HAND2	RIPPLY1
cluster_1691	4	L3MBTL3	PHF21A	PLEKHF1	RHOBTB3
cluster_1692	4	LAP3	PIK3R3	PTK2	SPATA32
cluster_1693	4	NUTF2	PFKP	PHF11	THAP11
cluster_1694	4	RABAC1	SLAMF6	SNX17	STIM1
cluster_1695	4	TBRG1	TRIM45	WDR77	ZMYND19
cluster_1696	8	BHLHE40	CREM	GLIS2	RHOXF2	ROR2	TENT5A	VENTX	ZC3H10
cluster_1697	6	CTBP2	FOXP2	HEMGN	HOXA5	LCORL	ZSCAN4
cluster_1698	7	DMD	DTNB	FAM167A	GGA1	LURAP1	SNTG2	SPZ1
cluster_1699	8	BOLA3	COL4A6	CTF1	DNTTIP1	GFOD1	LIN52	MAGEA6	NOSTRIN
cluster_1700	3	CATSPER4	CCL4L2	SLC10A2
cluster_1701	3	CENPO	CENPP	HAUS1
cluster_1702	3	CMTM3	IKBIP	IL10RA
cluster_1703	3	DOK6	FOXC2	METTL27
cluster_1704	3	FCGRT	GPA33	UPK2
cluster_1705	3	GET3	GET4	PDIA6
cluster_1706	3	HEMGN	IP6K3	TRAF3
cluster_1707	3	HEMK1	PSMB4	TUBGCP5
cluster_1708	3	JOSD2	MDK	RBFA
cluster_1709	3	PIK3R3	PLAAT4	SPATA32
cluster_1710	3	POLR3C	POLR3G	POLR3GL
cluster_1711	3	SMYD1	SNX11	UTP14A
cluster_1712	5	ARC	DBNL	HCLS1	SH2D4A	YPEL2
cluster_1713	5	BCL7B	LCORL	LIN52	MAGEA6	SON
cluster_1714	5	BRD1	IFI44	JADE3	MAGEA11	TRMT1
cluster_1715	3	HNRNPF	HNRNPH1	HNRNPM
cluster_1716	13	ARL6IP4	C16orf87	CLK1	CLK4	LUC7L2	RBM25	RBMX2	RSRC1	SNRNP70	SRRM1	SRRM4	ZNF699	ZRSR2P1
cluster_1717	14	AADAC	AK3	ALDH1L1	APPBP2	BCL7A	BIN2	CLCN1	DHX16	DPYS	HSPA4	MMP28	MSH2	MYLK	PPP1R8
cluster_1718	9	FAM204A	KDM1A	MYC	NBPF26	NFE2L2	NRBF2	SPICE1	TMEM266	TNNT2
cluster_1719	10	CCDC28A-AS1	EXOSC8	KCNJ11	LSM4	MACIR	OTUD4	RPP14	TXNDC17	TXNDC9	USP6
cluster_1720	15	CCNI	ENOX1	GAPDHS	GTF2F2	HACL1	MLLT6	SCN5A	SELENOV	TBRG1	TOX4	WDR77	ZMYND19	ZNG1A	ZNG1C	ZNG1E
cluster_1721	4	AKAP17A	LGALS2	PRPF38A	SDCBP2
cluster_1722	4	APOBEC3C	RBMY1E	RBMY1F	ZNF317
cluster_1723	4	ATG5	DPP3	KEAP1	STAP2
cluster_1724	4	ATXN1	DAZ2	FOXN4	SOX3
cluster_1725	4	CSPG5	CTSA	SGMS2	SPN
cluster_1726	4	CTBP2	LCORL	RNF135	SOX13
cluster_1727	4	GSG1	SLC17A9	SLC50A1	SMG9
cluster_1728	4	KDF1	MIPOL1	SNAP91	SNTG2
cluster_1729	4	LIME1	MEST	PNPO	TMEM74
cluster_1730	6	ARMC12	FGF14	HCCS	SDR16C5	SENP2	SYT16
cluster_1731	6	CLTRN	KIR3DL1	PLD3	SMCO4	TFEC	WBP1
cluster_1732	8	ARK2N	COG7	CXXC1	DSTN	LRATD2	NMRK1	TAX1BP1	TBC1D15
cluster_1733	8	EDAR	GPR161	SDHAF4	SHISA4	SYT9	TMEM91	UPK1B	VSIG1
cluster_1734	5	CABP2	PRR20B	PRR20C	PRR20D	PRR20E
cluster_1735	7	FUT9	GLB1	GOLM1	HGFAC	NDUFV2	SLCO3A1	TMPO
cluster_1736	4	APOBEC1	HNRNPK	PRR3	RBM3
cluster_1737	4	BIRC2	BOLA2	BOLA2B	XIAP
cluster_1738	4	BOLA2	BOLA2B	ZNF177	ZNF559-ZNF177
cluster_1739	3	EXOSC1	EXOSC5	EXOSC8
cluster_1740	9	AKNAD1	COX14	CYP4F11	MCM9	MESD	TEX48	TTC21A	TYMP	ZNF827
cluster_1741	9	ASB10	CLMP	LCN2	MAGED4B	ODAPH	PDIA4	TRIAP1	UBE2F	XRN2
cluster_1742	10	CFAP58	DCAF15	DIRAS2	GRAPL	GRHL3	H3-4	IRAK1BP1	MED19	RIPPLY1	USP6
cluster_1743	12	BFAR	EXOSC7	KRIT1	RNF125	RNF138	RNF166	RNF182	RNF183	TRIM31	TRIM5	UBE2D1	UBE2K
cluster_1744	3	AGAP1	JUP	RSPH14
cluster_1745	3	AGBL2	NDUFB2	NDUFB7
cluster_1746	3	AMELY	CNIH2	HIBADH
cluster_1747	3	ARHGDIG	NDEL1	TACC3
cluster_1748	3	ASPG	CEACAM6	EXOC3L1
cluster_1749	3	BANF2	KLC4	SERTAD1
cluster_1750	3	BBC3	CNTF	NDUFAB1
cluster_1751	3	BICD2	CBR3	ZNF624
cluster_1752	3	CAPNS2	RIN1	SNX17
cluster_1753	3	CCDC6	LRSAM1	LUZP4
cluster_1754	3	CHRNG	HCCS	SNX1
cluster_1755	3	CINP	PRRX1	SP2
cluster_1756	3	CLDN4	ICAM3	TRIM59
cluster_1757	3	CYP4F2	DNAJC1	SDHAF2
cluster_1758	3	GJA5	TMEM88	VRK2
cluster_1759	3	GPSM3	RIPK4	STXBP5L
cluster_1760	3	INMT	KLHL12	KLHL3
cluster_1761	3	L3MBTL2	PHF10	THAP11
cluster_1762	3	LATS1	OSTF1	RP2
cluster_1763	3	REEP6	SNX15	WIPI2
cluster_1764	9	BTNL9	FCGRT	KIR3DL3	OLFM4	PTTG1IP	SLC22A23	STOML3	TNFSF14	UPK2
cluster_1765	20	ANOS1	C19orf44	CA3	COLGALT2	EPHB3	FGF6	FZD7	GPX7	HPCAL1	LIF	LY6G6D	MICOS10-NBL1	MYDGF	NBL1	NCALD	PLAAT2	SBSN	SERPINI2	SRGN	TPSG1
cluster_1766	6	CFAP410	EXOC3	GMCL1	HYKK	XAGE2	XAGE3
cluster_1767	6	EXOC4	IK	MBD3	PDGFA	TBC1D19	TIMM10B
cluster_1768	4	CBLB	EFS	SORBS2	WASL
cluster_1769	4	CD68	GAD1	MAL2	SUCLA2
cluster_1770	4	FBLN5	MEGF11	NUFIP2	PEAR1
cluster_1771	4	HESX1	PSME2	TEX35	UBL5
cluster_1772	4	KLF11	NFYB	NFYC	SAE1
cluster_1773	4	NRIP3	NUTF2	THAP11	THAP3
cluster_1774	4	RAD23A	RPS27A	UBA52	UIMC1
cluster_1775	14	CREB3L4	GET3	GPX7	KCNE4	KCNE5	LDLRAD4	PDIA6	PEX14	PRB3	PRR4	RHEX	SMIM19	SPP1	WFDC3
cluster_1776	9	ASH2L	CCNC	FOXR2	NDUFV2	NRBF2	PLEKHO2	RPA2	VHL	VTA1
cluster_1777	9	CIDEB	CLCN1	CMPK1	GNB3	GPAM	NAALAD2	PISD	SAA2	SAA4
cluster_1778	5	ADGRA2	CCNDBP1	HMGB1	ZNF223	ZNF786
cluster_1779	5	APBB1	EPC1	KAT5	ODC1	ZNF692
cluster_1780	5	CASP8AP2	DHX57	MKRN1	NAA10	TAF7L
cluster_1781	5	DNAAF4	MCC	PCCA	SLTM	TRMT2A
cluster_1782	23	AADAC	ALDH1L1	APPBP2	BIN2	COL24A1	DHX16	DPYS	FSTL1	FXYD7	GPRC5C	KHK	MCOLN1	MMP28	MSH2	PNPLA5	PPP1R8	RAB7B	RHEB	RNGTT	RRS1	SLC7A10	SYNRG	TAF11
cluster_1783	6	ALDH7A1	CLMP	LAIR2	LCN2	ODAPH	RAMP2
cluster_1784	6	BRD1	CORO1A	DOCK10	FBXO46	MAGEA11	RANBP10
cluster_1785	6	FAM118B	HNRNPCL1	IMPDH1	PAICS	RAD54L2	SUMO1
cluster_1786	14	ATP5ME	CIDEB	GNB3	GPAM	NAALAD2	PISD	ROMO1	SAA2	SAA4	SAR1B	SCO1	SCO2	SDHAF1	TSR1
cluster_1787	15	AK3	APPBP2	BCL7A	CLCN1	CORO2B	DHX16	HSPA4	MSH2	RAB7B	RHEB	RNGTT	RRS1	TAF11	TRMT2A	WFIKKN1
cluster_1788	3	ADGRG3	ATP6V0B	SLC2A5
cluster_1789	3	ARRDC3	NEDD4L	TNFAIP3
cluster_1790	3	B4GALNT2	BSCL2	FAM20B
cluster_1791	3	BACH2	INSYN2A	SLC43A1
cluster_1792	3	CHERP	CLK3	SRSF8
cluster_1793	3	CKS1B	TRIM49	WASF3
cluster_1794	3	CLIC3	LELP1	VPS4A
cluster_1795	3	DCTN3	EXOC1	NUP54
cluster_1796	3	EYA2	LGALS4	RFX2
cluster_1797	3	KRT4	KRT6B	TUBGCP4
cluster_1798	3	MMD2	PAQR5	SGPL1
cluster_1799	3	NDUFB7	NFKBIB	RIPPLY2
cluster_1800	3	THAP4	TPD52	TPD52L1
cluster_1801	4	ARID4B	PIK3R3	SPATA32	TNK2
cluster_1802	4	BCL6	PPTC7	TP53BP1	ZNHIT1
cluster_1803	4	C16orf87	LUZP4	SRRM4	SRSF11
cluster_1804	4	CCNC	NDUFV2	PLEKHO2	VHL
cluster_1805	4	CD68	CLEC2A	CLEC2D	IL1RL1
cluster_1806	4	CIB3	KLF17	SP3	ZNF597
cluster_1807	4	DMKN	GAD2	MEST	RDH10
cluster_1808	4	EXOC1	HAUS8	NUP54	ZWINT
cluster_1809	4	FBXO46	MAGEA11	PHYH	TCF25
cluster_1810	4	LGALS2	NOP56	SDCBP2	VAX1
cluster_1811	4	PACC1	PLLP	STING1	TIGIT
cluster_1812	5	AKT2	FGD1	SH3RF1	SLC22A5	XIRP1
cluster_1813	5	AOC3	COL8A2	DARS2	FETUB	THSD7B
cluster_1814	5	ARMCX1	HIC2	ZBTB17	ZBTB49	ZBTB8A
cluster_1815	5	C2CD2L	CXCR3	ERMAP	LRCH1	TMEM14A
cluster_1816	5	COIL	LSM5	RPL9	SNRPD2	SNRPF
cluster_1817	18	ACTMAP	ARID5A	ATXN1	KRTAP15-1	KRTAP19-5	KRTAP19-7	LASP1	PATZ1	RBPMS	RBPMS2	RHOXF2	SMUG1	SNRPC	SPMIP9	TBX6	VPS37C	ZIC1	ZNF34
cluster_1818	8	ASPH	BGLAP	FGFBP1	LRPAP1	PDGFA	PTN	SDC2	TNFRSF10B
cluster_1819	4	RBMY1F	RBMY1J	SRSF3	U2AF2
cluster_1820	7	CEP76	DEAF1	KDM4D	KIAA1143	PDRG1	PDZD7	RALGPS1
cluster_1821	10	AKNAD1	CHCHD1	COX14	FCER1A	IGF1	MCM9	MESD	MKNK2	TEX48	ZNF827
cluster_1822	9	BRI3	CRHR2	CTLA4	ELOVL2	MALL	MS4A12	PLA2G2E	SIGLEC6	ZP3
cluster_1823	26	ADAMTSL4	CYSRT1	FAM90A1	GEM	HOXA1	KRTAP1-1	KRTAP1-3	KRTAP10-10	KRTAP10-11	KRTAP10-5	KRTAP10-7	KRTAP10-8	KRTAP10-9	KRTAP12-3	KRTAP2-3	KRTAP2-4	KRTAP4-11	KRTAP5-7	KRTAP5-9	MDFI	NBPF19	NOTCH2NLA	SCNM1	SPRY1	ZNF417	ZNF587
cluster_1824	4	FCGRT	ITM2C	TNFSF14	UPK2
cluster_1825	4	KLHL12	KLHL3	TTBK2	ZBTB4
cluster_1826	4	NAPB	STX1A	STX2	STX4
cluster_1827	4	NUTF2	PCNA	PHF11	THAP3
cluster_1828	5	AKT2	ARHGEF15	EVL	FGD1	SH3RF1
cluster_1829	5	NME1	NRIP3	NUTF2	PHF11	TEX35
cluster_1830	8	APPBP2	HSPA4	MUL1	RAB7B	RHEB	RILPL1	SNX5	SYNRG
cluster_1831	13	ADIPOR2	CD300LG	COBLL1	ENPP4	ESAM	FGFBP2	GZMK	HJV	IER3	SOAT2	TMBIM6	TREML1	UGT2B11
cluster_1832	5	FATE1	LRRC25	PKMYT1	PRRG2	TMEM201
cluster_1833	3	BLK	JAKMIP1	STAP2
cluster_1834	3	CAVIN2	GINS3	TRAPPC6A
cluster_1835	3	CCL21	KCNA5	TMEM107
cluster_1836	3	CENPS-CORT	LHX4	POU1F1
cluster_1837	3	CEP57	FBXL3	SPDEF
cluster_1838	3	CRLF3	L3MBTL3	PLEKHF1
cluster_1839	3	CYBRD1	ELOVL6	HMOX1
cluster_1840	3	DPM3	IER3IP1	POMK
cluster_1841	3	EAF1	SRP14	SRP9
cluster_1842	3	EIF4G1	FMR1	FXR2
cluster_1843	3	EPM2AIP1	LIN52	NOC4L
cluster_1844	3	FH	SAT1	SAT2
cluster_1845	3	GPSM3	IVD	PRR5
cluster_1846	3	HOOK1	SSNA1	TBC1D7
cluster_1847	3	MVP	PRPF39	TOLLIP
cluster_1848	3	SCAF8	STMN2	TEX11
cluster_1849	7	LCE1A	LCE1C	LCE1F	LCE2C	LCE3B	MACO1	TM7SF2
cluster_1850	6	BMP10	KIR3DL1	SLC4A1	TCTA	TNFSF8	TSPAN31
cluster_1851	6	FGF16	KIF3C	MCC	PCCA	RASAL2	TRMT2A
cluster_1852	59	BMP7	CHRNG	CNNM3	CRCT1	CREB5	DHRS1	DHX57	EZH2	FBXW5	HCK	HES6	ITGB4	ITGB5	KIAA0040	KRTAP10-9	KRTAP12-1	KRTAP4-11	KRTAP4-12	KRTAP5-11	KRTAP9-2	KRTAP9-3	LCE1A	LCE1B	LCE1D	LCE1E	LCE1F	LCE2A	LCE2B	LCE2C	LCE2D	LCE3A	LCE3B	LCE3C	LCE3D	LCE3E	LCE4A	LCE5A	MAZ	NKD1	NPDC1	NUFIP2	PCSK5	PTPMT1	RASD1	SEMA3B	SHFL	SMCP	SPRY1	TNP2	ZNF251	ZNF319	ZNF433	ZNF440	ZNF497	ZNF524	ZNF599	ZNF696	ZNF777	ZNF860
cluster_1853	11	GSG1L	KCNA1	KCNA10	KCNMB4	LMAN2L	MAL	NKAIN4	PERP	PRRT1	TMEM213	TMEM30A
cluster_1854	61	ALPP	ATG9A	CHIC2	CHRD	CYSRT1	DMRT3	EMC7	FAM221A	FBLN1	GRN	HOXB5	KRTAP10-11	KRTAP10-5	KRTAP10-8	KRTAP10-9	KRTAP12-1	KRTAP12-3	KRTAP12-4	KRTAP4-11	KRTAP4-12	KRTAP4-2	KRTAP4-4	KRTAP4-5	KRTAP5-11	KRTAP5-2	KRTAP5-3	KRTAP5-4	KRTAP5-6	KRTAP5-9	KRTAP6-3	KRTAP9-2	KRTAP9-3	KRTAP9-8	LCE1D	LCE1E	LCE2A	MACO1	MAPKBP1	MEOX2	NECTIN2	NOL4	NR1D2	NTN4	ODF1	OIT3	PCSK5	PPP1R18	PRPF18	SHFL	SLC23A1	SLIT1	SPRY1	TCEA2	TRIM42	UTP23	VASN	VWC2L	ZNF124	ZNF330	ZNF490	ZNF648
cluster_1855	5	AGER	B3GAT1	CMTM7	SDC3	TNFRSF17
cluster_1856	5	ANKRD46	CD22	EFNB1	EFNB2	SECTM1
cluster_1857	5	ANKRD46	CXADR	EFNB1	EFNB2	ST6GALNAC6
cluster_1858	5	APCDD1L	CYBB	CYBC1	NOX3	P2RX1
cluster_1859	5	APOA4	DNTTIP1	MAGEA6	RPL37A	SON
cluster_1860	4	ARL6IP1	SNX10	SNX12	SNX8
cluster_1861	4	CAV3	GBP7	NUDT9	PBX3
cluster_1862	4	CCDC87	CDR2	MKKS	OAZ2
cluster_1863	4	DLGAP3	KRTAP5-2	OPCML	TACSTD2
cluster_1864	4	OTUB2	SPART	UBAC1	YOD1
cluster_1865	4	OVOL2	PADI6	THAP12	ZNF526
cluster_1866	9	ANXA5	CALR	GALNT11	GSC2	GUCY1A2	ISX	KDM6A	LTO1	VCX2
cluster_1867	6	CST6	MLLT1	SCN4B	YIF1A	YIPF5	ZDHHC16
cluster_1868	3	ABHD5	COQ8A	PLIN2
cluster_1869	3	ANXA11	CEP55	PLEKHG6
cluster_1870	3	ARRDC3	RACK1	TMEM131
cluster_1871	3	BTNL8	IFNGR2	SLC52A1
cluster_1872	3	CDCA7L	PBX1	SSX1
cluster_1873	3	CWC27	MORF4L1	UBP1
cluster_1874	3	DERL3	RTP4	SLC13A4
cluster_1875	3	EAF1	ELL3	NUMB
cluster_1876	3	EXOC7	MSGN1	MYL9
cluster_1877	3	GGN	HNRNPUL1	WWP2
cluster_1878	3	MAPRE3	POU4F1	PSRC1
cluster_1879	3	NSG1	SLC23A2	TMEM207
cluster_1880	3	RNF25	UBE2D1	UBE2D3
cluster_1881	3	SPANXB1	THAP3	UBL5
cluster_1882	21	ACTMAP	COL8A1	CREB5	CYSRT1	HOXA1	KRTAP1-3	KRTAP10-8	KRTAP12-3	KRTAP19-5	KRTAP19-7	KRTAP5-6	KRTAP5-7	KRTAP5-9	KRTAP6-2	KRTAP6-3	KRTAP9-3	NBPF19	NOTCH2NLA	OTX1	POU4F2	RGS20
cluster_1883	7	ASPH	ENPP6	GAL	GPR119	INSL5	NUCB2	PTH
cluster_1884	5	ACSL5	LEMD1	SFXN1	SLC16A7	TIMM23
cluster_1885	5	CCDC152	FARS2	MAN1C1	RCBTB2	ZNF500
cluster_1886	5	HACD2	NAALAD2	SIGLEC7	SLC26A11	SMIM1
cluster_1887	5	KPNA2	KPNA3	KPNA5	KPNA6	NUP50
cluster_1888	6	CLMP	LCN2	LY96	MYDGF	TRH	TRIAP1
cluster_1889	4	ACTL9	NFIX	QRICH1	SMAP1
cluster_1890	4	ALOX5AP	OPRM1	PLD3	SCGB1D1
cluster_1891	4	C1orf174	IKZF1	RBM43	SNRPA1
cluster_1892	4	ELOVL2	FPR2	FXYD6	SLC47A1
cluster_1893	4	GFOD1	LCORL	MAGEA6	RPL37A
cluster_1894	4	HNRNPF	MRPL17	MSI1	PRR32
cluster_1895	4	NFIX	QRICH1	SELENOV	SEPHS1
cluster_1896	15	ACMSD	C9orf57	GATAD2B	GNAI1	GNAI3	GPSM3	HIGD2B	IQCE	IVD	KRTAP19-4	NR0B2	PRR5	RIPK4	STXBP5L	YWHAZ
cluster_1897	38	CATSPER1	CCDC187	CHIC2	CYSRT1	FAM161A	HOXA1	HOXB5	INO80B	KRTAP1-1	KRTAP1-3	KRTAP10-5	KRTAP10-7	KRTAP10-8	KRTAP10-9	KRTAP12-3	KRTAP2-3	KRTAP2-4	KRTAP4-11	KRTAP4-12	KRTAP4-5	KRTAP5-7	KRTAP5-9	KRTAP6-3	MOS	NBPF19	NOTCH2NLA	PCSK5	PRPF31	SPRY1	THAP7	TSGA10IP	VWC2	ZNF124	ZNF408	ZNF648	ZNF792	ZNF835	ZNF837
cluster_1898	9	CASP7	DMC1	NATD1	NIF3L1	NUDT14	PAFAH1B3	PPIH	SEPTIN1	SULT2A1
cluster_1899	5	CCDC28B	GRB2	KIAA0408	SH2B1	VAV3
cluster_1900	5	DDHD1	LRRC18	MCIDAS	TRIM37	ZBTB24
cluster_1901	5	EMP3	GPA33	IL3RA	SECTM1	SLAMF8
cluster_1902	14	ABCG8	AKNAD1	AKT1	CNOT9	CYP4F11	FCER1A	H2AB2	H2AB3	MCM9	MESD	MKNK2	TEX48	TTC21A	TYMP
cluster_1903	4	BAHD1	ZNF317	ZNF408	ZNF473
cluster_1904	3	ADGRA2	CCNDBP1	TCEAL1
cluster_1905	3	APH1B	FXYD6-FXYD2	SLC19A3
cluster_1906	3	APOBEC3B	BNIP2	FAHD1
cluster_1907	3	AURKC	HNF1B	OTX2
cluster_1908	3	CA9	GLRX3	NTF4
cluster_1909	3	COQ3	DERL2	PTPN9
cluster_1910	3	CSTF2T	CTDSP1	FOXJ2
cluster_1911	3	DESI2	SH3GLB1	SH3GLB2
cluster_1912	3	ELK3	SERF2	SP4
cluster_1913	3	FPR2	LRRC25	SEC61G
cluster_1914	3	GFAP	MYBPHL	NEFL
cluster_1915	3	MIS18A	NUP58	PKNOX1
cluster_1916	3	PPP1CC	PPP1R11	PPP1R16A
cluster_1917	3	RACGAP1	RILPL1	TRAF3IP3
cluster_1918	3	SNW1	SPECC1L	USF1
cluster_1919	16	APOA4	BCL7B	COL4A6	CTF1	GFOD1	KIF27	LCORL	LIN37	LIN52	MAGEA6	NOSTRIN	RASSF4	RPL37A	S100A9	SON	TULP3
cluster_1920	8	AMHR2	GSG1L	IL20RB	JAML	KCNMB4	MAL	NKAIN4	TMEM30A
cluster_1921	4	ART5	ITPRIP	PGRMC2	SLC9B2
cluster_1922	4	CALM1	CALM2	CALM3	NSMF
cluster_1923	4	CTBP2	SOX13	VRTN	ZBTB18
cluster_1924	4	KIF3C	MCC	SLTM	ZNF12
cluster_1925	4	RWDD4	ZNF330	ZNF460	ZNF664
cluster_1926	18	ARL16	ASCL3	ASCL4	FERD3L	FIGLA	HAND1	ID1	ID3	MSC	NEUROD1	NEUROG1	NEUROG3	NHLH2	RBM8A	TCF12	TCF21	TCF23	TWIST2
cluster_1927	43	APOBEC3C	BMP7	CATSPER1	CBX2	CNNM3	DALRD3	DOCK2	ETNK2	FOXD4L1	FOXD4L3	HBZ	HHEX	HNRNPK	INPP5D	KHDRBS2	KHDRBS3	LMNTD2	MYPOP	NABP1	NPDC1	NYX	PCDHB14	PGAP6	PRR3	RASD1	RBM3	RBMX	RBMY1A1	RBMY1E	RBMY1F	RBMY1J	SPG7	SRSF3	SRSF9	TRA2B	TYK2	YTHDC1	ZNF408	ZNF497	ZNF575	ZNF580	ZNF792	ZNF837
cluster_1928	9	GNPDA2	MAGOHB	RBM8A	SPATA6	TRA2A	ZFP14	ZFYVE1	ZNF449	ZNF566
cluster_1929	11	ASPH	ENPP6	FDCSP	FGFBP1	GPR119	IL21	INSL5	NUCB2	PTN	SOD3	TNFRSF10B
cluster_1930	11	CABP2	COA6	DPEP2NB	HOXD12	MXRA8	NOP10	RD3	SNAI2	USP6	VXN	ZNF140
cluster_1931	5	BCL10	COG6	DOCK8	MRI1	TTC7B
cluster_1932	5	CCR5	CD37	CORIN	EMP1	TMEM114
cluster_1933	6	C1orf216	CMC2	LRRC61	MLPH	MYRIP	ODAD1
cluster_1934	6	CEACAM3	CLDN18	FCGRT	KCNN4	PMP22	TMEM30B
cluster_1935	12	BRWD1	CCDC150	CCDC158	CHMP4A	NME1	NRIP3	NUTF2	PFKP	PHF11	TEX35	THAP11	THAP3
cluster_1936	17	AFG1L	ARL8B	ATP5ME	CIDEB	CLCN1	DNAJA3	GNB3	MICOS10	MRPL36	PGLYRP3	ROMO1	SAA2	SAA4	SAR1B	SCO1	SCO2	SDHAF1
cluster_1937	8	CLDN22	COBLL1	ESAM	GPHB5	SOAT2	SYT9	TMBIM6	TREML1
cluster_1938	8	MTURN	RAD23A	RPS27A	UBA52	UBAC1	UBB	UBC	YOD1
cluster_1939	10	AUNIP	BECN1	BIN3	BLMH	BTBD18	CCDC7	NXF1	REDIC1	SYCP3	TBC1D14
cluster_1940	72	AGPAT4	AQP6	ARL13B	ARLN	BET1	BNIP1	CALHM6	CD79A	CDIPT	CLEC4D	CREB3L1	CYP4F2	EBP	ERG28	ERGIC3	FAM177A1	FAM209A	FCRL2	FDFT1	FFAR2	FIS1	FKBP8	GIMAP1	GIMAP5	GOSR2	GP2	GPX8	HMOX1	HTATIP2	JAGN1	LEMD1	LPAR3	NINJ2	NRG1	OTULINL	PLP1	PLPP2	REEP4	RETREG3	RTP2	SACM1L	SCD	SEC22B	SERP1	SLC10A6	SLC23A2	SLC71A2	SMAGP	SMIM1	SMIM19	STX3	STX5	STX7	STX8	TIMM23	TMEM120B	TMEM128	TMEM14B	TMEM243	TMEM31	TMEM65	TMX2	TSNARE1	UBE2J1	USE1	VAMP2	VAMP5	VAPA	VAPB	VMA12	VSIG4	VTI1B
cluster_1941	3	BNIP3	BNIP3L	TMEM11
cluster_1942	11	ATP5ME	CIDEB	COL10A1	COX7C	HCCS	NAALAD2	ROMO1	SAA2	SAA4	SCO1	SCO2
cluster_1943	15	ASPH	BGLAP	DEFB1	FDCSP	FGFBP1	IL21	LRPAP1	LTA	PRB4	PTH	PTN	SDC2	SOD3	SPINK1	TNFRSF10B
cluster_1944	4	ARRB2	CBLL2	MAPK9	MED12L
cluster_1945	4	ATXN1	CUTC	EXTL3	SORCS3
cluster_1946	4	CBLC	CRKL	SH3GLB2	YES1
cluster_1947	4	CD82	GJB4	GJB6	KLRC1
cluster_1948	4	COMP	MEGF11	NUFIP2	PRDX5
cluster_1949	4	DDX39B	RBM3	SNRPA	SNRPA1
cluster_1950	4	GOLM1	HGFAC	NDUFV2	TMUB1
cluster_1951	4	GOLM1	SLC5A4	SLCO3A1	TMUB1
cluster_1952	4	KCNC1	LPAR3	TFEC	TMEM70
cluster_1953	7	IP6K3	PER1	PTPN14	SETDB1	TIE1	TRIP6	ZNF541
cluster_1954	3	AHSP	TRIM21	VPS9D1
cluster_1955	3	CD3G	LY6E	TMEM19
cluster_1956	3	CDC73	ESCO2	RABEP1
cluster_1957	3	CLEC12B	NIPAL3	VMA21
cluster_1958	3	CREB3L3	MTUS1	STX5
cluster_1959	3	DIRAS2	GRHL3	RIPPLY1
cluster_1960	3	DMC1	LGALS2	SDCBP2
cluster_1961	3	DZIP1	KIFAP3	MOS
cluster_1962	3	ERRFI1	GAB2	GRB2
cluster_1963	3	GJC3	REEP1	STX7
cluster_1964	3	GUCA1C	MEIS3	PSORS1C2
cluster_1965	3	HSFY1	TBX6	TOX4
cluster_1966	3	KLHL12	KLHL24	LNPK
cluster_1967	3	MRPL15	SNRPA	TNFAIP8L1
cluster_1968	3	MS4A12	PLLP	SYPL2
cluster_1969	3	MS4A3	SLC22A14	VKORC1L1
cluster_1970	3	OBI1	PNKP	SNX2
cluster_1971	16	DCUN1D1	GGA3	HEY1	HEYL	MTURN	OTUB2	PLEKHB2	RPS27A	STAM2	UBA52	UBAC1	UBB	UBC	UBXN6	YOD1	ZFAND2A
cluster_1972	6	AFG1L	ARL8B	CIDEB	DNAJA3	MICOS10	SAR1B
cluster_1973	6	COPS9	FGFR1OP2	SLA2	SOS1	TIMM44	UBASH3A
cluster_1974	6	DEFB103A	DEFB103B	ODF4	SLC25A46	TMEM119	TOMM6
cluster_1975	5	BMP10	DEXI	FCRL4	KIR3DL1	TNFSF8
cluster_1976	5	CKMT2	FAM136A	NICN1	P4HA3	ZC3H12A
cluster_1977	5	FERD3L	ID3	MSC	TCF12	TCF21
cluster_1978	8	ABCG8	AKNAD1	CNOT9	CYP4F11	MESD	MKNK2	TPM2	TYMP
cluster_1979	8	ACSM2B	GCSH	IFI44	MAGEA11	PCBD2	PHYH	PPM1K	SUCLA2
cluster_1980	10	ADIPOR2	CD300LG	FERD3L	FGFBP2	GZMK	KCNC1	SOAT2	TMBIM6	TMUB1	UGT2B11
cluster_1981	10	AKT1	COX14	FCER1A	IGF1	LY96	MELTF	MESD	MKNK2	TTC21A	ZNF827
cluster_1982	11	C1QTNF1	GCSAML	HID1	NRIP3	PINX1	PRMT8	PSME2	SPANXB1	TEX35	THAP3	UBL5
cluster_1983	7	ABI3	EIF3H	EVL	MED29	SH3BP1	VARS2	VASP
cluster_1984	7	FDPS	GLB1	LTA	SELL	SLC30A2	TAS2R5	TNFRSF12A
cluster_1985	4	AMOTL2	FCRL5	NF2	NFIL3
cluster_1986	4	CALCOCO1	RNF8	TOMM20L	ZNF346
cluster_1987	4	CEP85	DNM2	RNF8	ZNF346
cluster_1988	4	CERS6	DPM3	LHFPL1	SEC22B
cluster_1989	4	CIMIP2A	NKX1-2	RHOXF2	TEP1
cluster_1990	4	COX6B2	KHDC1	PROP1	TBX22
cluster_1991	4	ERCC3	PPIL1	SNW1	SPECC1L
cluster_1992	4	GGA3	HSPB8	KANK4	TRAPPC6A
cluster_1993	4	GMCL1	SHQ1	XAGE2	XAGE3
cluster_1994	4	GSC2	GUCY1A2	MRPS23	TIPIN
cluster_1995	4	LRRTM2	SLC17A8	SLC1A3	TMEM120B
cluster_1996	4	SMIM14	SVOPL	TMEM42	TMEM74
cluster_1997	23	ADAMTSL4	CHIC2	CNNM3	CYSRT1	KRTAP1-1	KRTAP1-3	KRTAP10-8	KRTAP13-3	KRTAP5-7	MDFI	NBPF19	NOTCH2NLA	RSPO2	SPATA3	SPRY1	TRIM42	ZNF330	ZNF408	ZNF440	ZNF587	ZNF669	ZNF764	ZNF837
cluster_1998	6	CNPY3	FUT9	GOLM1	NDUFV2	PGRMC1	SLCO3A1
cluster_1999	8	CCNDBP1	LIN37	NOL7	POLL	RPL28	RPL7L1	TCEAL1	ZNF786
