cluster_0	7	ARID5A	LASP1	PRR20A	PRR20B	PRR20C	PRR20D	PRR20E
cluster_1	5	CAMK2A	CAMK2B	CAMK2D	CAMK2G	TTC5
cluster_2	5	CYSRT1	KRT20	KRTAP1-1	KRTAP10-8	KRTAP12-3
cluster_3	5	CYSRT1	KRTAP1-3	KRTAP10-9	PRKAA2	SPRY1
cluster_4	5	LCE1A	LCE1C	LCE2B	LCE5A	PLAC8
cluster_5	5	RBM3	RBMY1A1	RBMY1F	RBMY1J	SNRPA
cluster_6	4	ACTB	CFL2	RNF4	UBE2I
cluster_7	4	ANKRD46	STX1A	STX2	STX4
cluster_8	4	CCDC120	KRTAP6-1	KRTAP6-2	KRTAP6-3
cluster_9	4	CTAG1A	CTAG1B	SGTA	SGTB
cluster_10	4	CTAG1A	CTAG1B	UBQLN1	UBQLN2
cluster_11	4	CYSRT1	FADS6	KRTAP10-7	KRTAP10-8
cluster_12	4	CYSRT1	HOXA1	KRTAP1-3	PHETA1
cluster_13	4	CYSRT1	HOXA1	KRTAP10-8	SSC4D
cluster_14	4	CYSRT1	HSBP1	KRTAP1-1	KRTAP10-9
cluster_15	4	HNRNPCL1	HNRNPCL2	RALY	RALYL
cluster_16	4	KRTAP1-3	KRTAP9-3	KRTAP9-8	UNC119
cluster_17	4	KRTAP10-7	KRTAP10-8	KRTAP12-3	ZSCAN21
cluster_18	4	KRTAP10-8	KRTAP12-3	KRTAP9-2	ZNF20
cluster_19	4	KRTAP12-3	KRTAP4-2	KRTAP5-6	OXER1
cluster_20	4	RNF4	UBE2I	UBQLN1	UBQLN2
cluster_21	3	ALAS1	JRK	UTP14C
cluster_22	3	APOBEC3C	PRR3	RBMY1J
cluster_23	3	ARHGEF28	CTAG1A	CTAG1B
cluster_24	3	ATP6V0D2	NICN1	RUSC1
cluster_25	3	CCHCR1	IQCC	PROSER3
cluster_26	3	CLIP4	MAP7	ZNF114
cluster_27	3	CRMP1	DPYSL2	DPYSL3
cluster_28	3	CTIF	DDX19B	MIF4GD
cluster_29	3	EEF2KMT	HPRT1	PRTFDC1
cluster_30	3	FGF11	RPL22	STAC3
cluster_31	3	HBB	HBM	HBZ
cluster_32	3	KCTD10	KCTD13	TNFAIP1
cluster_33	3	KRTAP5-2	KRTAP5-4	KRTAP5-9
cluster_34	3	KRTAP6-1	KRTAP6-2	NAF1
cluster_35	3	LSM2	LSM6	PATL1
cluster_36	3	PACSIN1	PACSIN2	PACSIN3
cluster_37	3	PCYT1A	PCYT1B	VKORC1L1
cluster_38	3	PRKAA2	PRKAB1	PRKAG1
cluster_39	3	PRMT1	PRMT8	SYNCRIP
cluster_40	3	PSEN1	PSENEN	SLC10A6
cluster_41	3	PSMC3	PSMC6	PSMD9
cluster_42	3	PYGB	PYGL	PYGM
cluster_43	3	S100A1	S100A4	S100B
cluster_44	3	SMN1	SMN2	SNU13
cluster_45	3	STX10	STX1A	STX4
cluster_46	3	ZBTB26	ZBTB48	ZBTB6
cluster_47	3	ZKSCAN4	ZNF446	ZSCAN30
cluster_48	9	ANKS1A	CYSRT1	HOXA1	KRTAP10-8	KRTAP10-9	KRTAP4-2	KRTAP9-3	NBPF19	NOTCH2NLA
cluster_49	6	CARD10	CYSRT1	KRTAP10-8	KRTAP12-3	KRTAP9-2	KRTAP9-3
cluster_50	6	CYSRT1	KRTAP12-3	KRTAP9-2	LYVE1	NBPF19	NOTCH2NLA
cluster_51	8	CYSRT1	FARS2	KRTAP1-1	KRTAP10-7	KRTAP10-8	KRTAP10-9	PCSK5	SPRY1
cluster_52	5	CYSRT1	KRTAP1-1	KRTAP1-3	KRTAP10-8	PRPF31
cluster_53	5	CYSRT1	KRTAP10-8	NBPF19	NOTCH2NLA	RECK
cluster_54	5	KRTAP10-1	KRTAP10-8	KRTAP9-2	KRTAP9-8	RNF8
cluster_55	5	KRTAP10-1	KRTAP5-6	KRTAP5-9	KRTAP9-2	LINGO1
cluster_56	5	KRTAP10-8	KRTAP12-3	NBPF19	NOTCH2NLA	TMIE
cluster_57	8	CYSRT1	ENKD1	HOXA1	KRTAP10-8	KRTAP12-1	KRTAP4-11	KRTAP5-9	VWC2
cluster_58	7	ANKHD1	PRR20B	PRR20C	PRR20D	PRR20E	SERF2	ZCCHC14
cluster_59	11	ADAMTSL4	KRTAP5-9	KRTAP9-2	KRTAP9-8	LCE1C	LCE1D	LCE1E	LCE1F	LCE2C	LCE5A	NTAQ1
cluster_60	14	KRTAP5-2	KRTAP5-4	KRTAP5-9	LCE1B	LCE1D	LCE1E	LCE1F	LCE2B	LCE2C	LCE2D	LCE3B	LCE5A	RNF4	UBE2I
cluster_61	9	FOXP3	PRR20A	PRR20B	PRR20C	PRR20D	PRR20E	RBM42	SP4	ZNF683
cluster_62	4	ACTB	ACTG1	CFL1	DSTN
cluster_63	4	AGPAT3	FAM133A	NKAPD1	SREK1IP1
cluster_64	4	APOBEC1	KRTAP19-5	KRTAP6-1	KRTAP6-2
cluster_65	4	APOBEC3C	PPP1R37	RBMY1F	RBMY1J
cluster_66	4	APOC4	APOC4-APOC2	UBQLN1	UBQLN2
cluster_67	4	AQP6	ARL6IP6	C5orf46	EBP
cluster_68	4	AQP6	EBP	HSD17B13	TMEM167B
cluster_69	4	AQP6	TMEM14B	TMX2	UNC93A
cluster_70	4	ARID5A	DAZAP2	FAM168A	LASP1
cluster_71	4	CAMK2B	CAMK2G	KRTAP6-2	KRTAP6-3
cluster_72	4	CAMK2D	CAMK2G	RNF4	UBE2I
cluster_73	4	CSTF2	CSTF2T	UBQLN1	UBQLN2
cluster_74	4	DAZAP2	FAM168A	KRTAP8-1	ZBTB32
cluster_75	4	DAZAP2	FAM168A	UBQLN1	UBQLN2
cluster_76	4	EBP	NDUFA3	TMEM14B	TMX2
cluster_77	4	FSD2	ZNF408	ZNF648	ZNF837
cluster_78	4	GGN	KRTAP2-3	KRTAP2-4	KRTAP5-9
cluster_79	4	KRTAP1-1	KRTAP10-7	KRTAP10-9	ZBTB9
cluster_80	4	KRTAP10-7	KRTAP10-8	KRTAP5-9	PIN1
cluster_81	4	KRTAP10-7	KRTAP10-9	KRTAP4-5	ZNF774
cluster_82	4	KRTAP9-8	LCE1C	LCE5A	NUTF2
cluster_83	4	LSM2	LSM3	LSM5	LSM6
cluster_84	4	OCRL	PHETA1	PHETA2	PLEKHJ1
cluster_85	4	PGBD1	ZKSCAN4	ZKSCAN7	ZSCAN32
cluster_86	4	PRPS1	PRPS2	PRPSAP1	PRPSAP2
cluster_87	4	SEPTIN1	SEPTIN11	SEPTIN12	SEPTIN5
cluster_88	10	CXCL16	CYSRT1	HOXA1	KRTAP1-3	KRTAP10-9	KRTAP2-3	KRTAP2-4	KRTAP5-9	NBPF19	NOTCH2NLA
cluster_89	7	ADAMTSL4	KRTAP10-1	KRTAP21-2	LCE1A	LCE2A	LCE5A	POU4F2
cluster_90	6	ADAMTSL4	CYSRT1	HOXA1	KRTAP1-3	LONRF1	TRIM42
cluster_91	6	CYSRT1	HOXA1	KRTAP1-3	NBPF19	NOTCH2NLA	PLEKHN1
cluster_92	6	KRTAP10-1	KRTAP10-8	KRTAP4-5	KRTAP5-11	KRTAP9-3	SH3GLB2
cluster_93	6	PRPF31	RBMX	RBMY1A1	RBMY1F	RBMY1J	SRSF3
cluster_94	5	AQP6	CREB3L1	EBP	TMEM14B	TMIE
cluster_95	5	CATSPER1	LCE1A	LCE1C	LCE1F	SPRY2
cluster_96	5	CD79A	CREB3L1	EBP	TMEM147	TMEM14B
cluster_97	5	COL8A1	KRTAP19-5	KRTAP19-7	KRTAP6-2	KRTAP6-3
cluster_98	8	ADAMTSL4	CYSRT1	HOXA1	KRTAP1-1	KRTAP9-2	MGAT5B	TRIM42	TSPAN4
cluster_99	11	ADAMTSL4	CHIC2	CYSRT1	KRTAP1-1	KRTAP1-3	KRTAP10-8	NBPF19	NOTCH2NLA	SPRY1	TRIM42	ZNF330
cluster_100	19	ADAMTSL4	CYSRT1	HOXA1	KRTAP1-1	KRTAP10-8	KRTAP12-3	KRTAP2-3	KRTAP2-4	KRTAP4-2	KRTAP5-9	KRTAP9-3	KRTAP9-8	LNX1	NBPF19	NOTCH2NLA	RGS20	SHFL	TRIM42	VASN
cluster_101	12	ADAMTSL4	CREB5	CYSRT1	HOXA1	HSD3B7	KRTAP1-3	KRTAP10-8	KRTAP5-9	LCE4A	NR4A3	RGS17	TRIM42
cluster_102	16	COL8A1	CREB5	CYSRT1	HOXA1	KRTAP1-3	KRTAP10-8	KRTAP12-3	KRTAP5-6	KRTAP5-7	KRTAP5-9	KRTAP9-3	NBPF19	NOTCH2NLA	OTX1	POU4F2	RGS20
cluster_103	6	KRTAP1-3	KRTAP12-3	KRTAP4-4	NBPF19	NOTCH2NLA	TNS2
cluster_104	6	KRTAP10-5	KRTAP12-3	KRTAP13-1	KRTAP9-2	KRTAP9-3	KRTAP9-8
cluster_105	6	KRTAP5-9	KRTAP9-8	LCE3C	LCE4A	LCE5A	ZNF655
cluster_106	11	ANKHD1	ESRP1	MBNL3	NOTCH3	PRR20A	PRR20B	PRR20C	PRR20D	PRR20E	RBM23	RBM42
cluster_107	9	ARID5A	CATSPER1	CYSRT1	HOXA1	KRTAP10-8	KRTAP26-1	LASP1	OTX1	VGLL3
cluster_108	8	CYSRT1	KRTAP10-7	KRTAP12-3	KRTAP2-3	KRTAP2-4	NBPF19	NOTCH2NLA	TTPA
cluster_109	14	ADAMTSL4	CYSRT1	KRTAP1-1	KRTAP1-3	KRTAP10-7	KRTAP10-8	KRTAP12-3	KRTAP2-3	KRTAP2-4	KRTAP9-2	KRTAP9-3	SPRY1	TFAP2D	TRIM42
cluster_110	5	ALOX15B	CTAG1A	CTAG1B	REX1BD	STRA8
cluster_111	5	AQP6	EBP	SCN3B	STX6	TMEM14B
cluster_112	5	AXIN2	CHIC2	KRTAP10-8	KRTAP4-5	KRTAP9-2
cluster_113	5	CATSPER1	KRTAP4-1	KRTAP4-4	KRTAP9-8	RGS20
cluster_114	5	CCN3	KRTAP5-6	LCE1A	LCE3D	POU4F2
cluster_115	5	CTAG1A	CTAG1B	CYTH4	KIF26A	REX1BD
cluster_116	11	FUCA2	KRTAP10-1	KRTAP4-12	KRTAP5-2	KRTAP5-3	LCE1A	LCE1B	LCE1E	LCE4A	NUFIP2	VWC2
cluster_117	10	C22orf39	CYSRT1	GRN	KRTAP10-1	KRTAP10-11	KRTAP10-8	KRTAP10-9	KRTAP12-3	KRTAP9-2	PCSK5
cluster_118	6	ADAMTSL4	BAG4	KRTAP4-12	KRTAP4-2	KRTAP4-4	KRTAP4-5
cluster_119	6	AQP6	EBP	ERGIC3	FAM209A	GPR152	STX1B
cluster_120	6	EFNA3	LCE1D	LCE1E	LCE2C	LCE3B	TGFB1
cluster_121	6	KRTAP19-6	KRTAP19-7	KRTAP6-1	KRTAP6-2	SMN1	SMN2
cluster_122	4	AP1B1	AP2B1	LOC102724594	U2AF1
cluster_123	4	AQP2	CLCA4	PANX1	SLC26A6
cluster_124	4	AQP6	CD79A	DEFB127	EBP
cluster_125	4	AQP6	CXorf66	ERGIC3	TMX2
cluster_126	4	AQP6	ERGIC3	IFITM3	TMEM14B
cluster_127	4	ATM	ESRRA	ESRRG	PPARGC1A
cluster_128	4	ATP1B3	CHST1	STOM	TMEM98
cluster_129	4	ATP1B4	SGCB	SGCZ	SMIM3
cluster_130	4	B3GALT5	DEFB103A	DEFB103B	SPATA31A7
cluster_131	4	BAD	BCL2L1	BCL2L2	G0S2
cluster_132	4	BHLHE40	CREM	GLIS2	ROR2
cluster_133	4	BIRC2	BOLA1	CASP9	XIAP
cluster_134	4	BIRC2	BOLA2	BOLA2B	XIAP
cluster_135	4	BLK	FXR1	FXR2	YES1
cluster_136	4	BOLA2	BOLA2B	ZNF177	ZNF559-ZNF177
cluster_137	4	C1orf35	FAM133A	MACROH2A2	RBMX2
cluster_138	4	C2CD2L	ITGAM	REEP4	TMEM229B
cluster_139	4	CAMSAP1	PRKACA	PRKAR1A	PRKAR1B
cluster_140	4	CATSPER1	HOXA1	OTX1	TNS2
cluster_141	4	CCDC187	HNRNPK	KHDRBS3	TSGA10IP
cluster_142	4	CCNK	HSFY1	HSFY2	TBX6
cluster_143	4	CD79A	EBP	ERGIC3	SMIM3
cluster_144	4	CD79A	GPR152	TM4SF19	TM4SF19-DYNLT2B
cluster_145	4	CHMP6	SNF8	VPS25	VPS36
cluster_146	4	CKM	CKMT1A	CKMT1B	OCM
cluster_147	4	CLIP1	DHPS	EIF5A2	REL
cluster_148	4	CLK2	GTPBP2	SNRNP70	ZNF436
cluster_149	4	CRCT1	LCE1E	LCE2C	LCE3B
cluster_150	4	CYSRT1	GATA2	KRTAP10-8	RNF38
cluster_151	4	DDIT4L	LSM5	LSM7	SNRPG
cluster_152	4	DOLK	GALNT8	KCNA1	KCNA3
cluster_153	4	E2F4	E2F6	TFDP1	TFDP2
cluster_154	4	EMC7	FLT3LG	KRTAP5-2	KRTAP5-9
cluster_155	4	EPN1	EPN3	LITAF	RPS27A
cluster_156	4	FAM124B	KRTAP1-5	KRTAP9-3	TRIM42
cluster_157	4	FAM219A	LIMS3	LIMS4	TRIM49C
cluster_158	4	FAM229B	TSKS	TSSK1B	TSSK2
cluster_159	4	FOXH1	KLHL26	PITX1	ZIC1
cluster_160	4	FOXH1	PITX1	PLA2G10	TLX3
cluster_161	4	FUCA2	KRTAP10-1	KRTAP4-12	ZNF664
cluster_162	4	GET3	KCNE5	PDIA6	PGRMC1
cluster_163	4	GLIS3	HELT	KRTAP6-1	KRTAP6-2
cluster_164	4	GSTM2	GSTM3	GSTM4	GSTM5
cluster_165	4	HGS	KRT3	KRT76	KRT86
cluster_166	4	HSPB2	HSPB2-C11orf52	LMO1	LMO3
cluster_167	4	IGFBP6	KRTAP10-8	KRTAP5-7	KRTAP5-9
cluster_168	4	KRT20	KRT75	KRT76	NCDN
cluster_169	4	KRT31	KRT34	SEC14L4	TTC9C
cluster_170	4	KRTAP13-2	PATZ1	PITX1	ZIC1
cluster_171	4	KRTAP15-1	KRTAP19-5	KRTAP19-7	POU2AF1
cluster_172	4	KRTAP15-1	KRTAP19-7	KRTAP3-3	KRTAP6-2
cluster_173	4	KRTAP19-6	KRTAP6-1	KRTAP6-2	TENT5B
cluster_174	4	KRTAP5-11	KRTAP9-2	MACO1	TMEM190
cluster_175	4	KRTAP6-2	KRTAP6-3	PCDHB14	PRR3
cluster_176	4	LOC102724594	SRSF3	TRA2B	U2AF1
cluster_177	4	LRIG1	MICOS10-NBL1	NBL1	PLA2G2F
cluster_178	4	LRRC8E	NUTM1	SAMD4B	SH2D1B
cluster_179	4	LUC7L	LUC7L2	SRSF6	SRSF7
cluster_180	4	MICOS13	MPC2	TEX44	TIMM17B
cluster_181	4	MKRN1	TRIM8	UBE2D1	UBE2D4
cluster_182	4	MYO1B	SOHLH1	STH	SUOX
cluster_183	4	NEXN	ZSCAN22	ZSCAN23	ZSCAN9
cluster_184	4	NR1H2	NR1H4	RXRB	RXRG
cluster_185	4	PMVK	SNAP25	ZNF177	ZNF559-ZNF177
cluster_186	4	RBM39	SAP18	SREK1	SRSF11
cluster_187	4	RBMY1F	RBMY1J	RNPS1	SRSF3
cluster_188	4	SEC23A	SEC23B	SEC23IP	SEC24D
cluster_189	4	SHFL	ZNF497	ZNF835	ZNF837
cluster_190	3	ABCG4	LEPROT	TMEM50A
cluster_191	3	ABHD15	WTAP	ZNF239
cluster_192	3	ABHD16A	CYP1A2	FDPS
cluster_193	3	ABHD16A	LTA	PERP
cluster_194	3	ABHD4	AURKAIP1	REEP5
cluster_195	3	ABHD4	RABAC1	STIM1
cluster_196	3	ABHD5	GRIA4	PLIN2
cluster_197	3	ABHD6	LAMA4	RTP2
cluster_198	3	ABI1	EIF3H	RBM15
cluster_199	3	ABI2	EPS8L1	SNAP91
cluster_200	3	ABI3	BAIAP2L2	KIAA0408
cluster_201	3	ABLIM2	AHNAK2	ATP6V0A1
cluster_202	3	ABLIM3	KIZ	TFIP11
cluster_203	3	ABRAXAS2	DCUN1D1	GMPPA
cluster_204	3	ABTB1	EEF1A2	EEF1D
cluster_205	3	ACAA1	DNAJC27	TFCP2
cluster_206	3	ACACA	APOC1	MTCH2
cluster_207	3	ACACA	FGF14	MAOB
cluster_208	3	ACAD11	CD2BP2	ZNHIT2
cluster_209	3	ACADL	SULT4A1	TGM1
cluster_210	3	ACADVL	CALR	TAF1B
cluster_211	3	ACAP1	FCHSD2	SASS6
cluster_212	3	ACBD4	LMCD1	TEKT4
cluster_213	3	ACBD5	STX1B	VAMP1
cluster_214	3	ACBD6	NMT1	NMT2
cluster_215	3	ACMSD	GPSM3	IVD
cluster_216	3	ACOT11	GEMIN6	GEMIN7
cluster_217	3	ACOT12	ACOT7	UBXN1
cluster_218	3	ACOT7	IQSEC1	MAGEA3
cluster_219	3	ACOT8	ARRB1	PRDM16
cluster_220	3	ACSF2	ARMC12	SENP2
cluster_221	3	ACSF3	MATN4	RAB28
cluster_222	3	ACSM1	APOA1	CMTM5
cluster_223	3	ACSM1	OSBPL3	RALGPS2
cluster_224	3	ACTG1	CDC37	NT5C1A
cluster_225	3	ACTL8	CERT1	CSNK1G2
cluster_226	3	ACTL9	QRICH1	SELENOV
cluster_227	3	ACTN2	BAD	HTR1B
cluster_228	3	ACTN3	MICALL2	MYOT
cluster_229	3	ACTN3	PCCB	SYNPO2L
cluster_230	3	ACTR5	PPL	ZSCAN1
cluster_231	3	ACY1	ARMC5	PRR35
cluster_232	3	ACY1	FMNL3	NUDT1
cluster_233	3	ACY3	ARF5	ASPA
cluster_234	3	ADAM12	CCN4	OTX1
cluster_235	3	ADAM15	ATXN1	DAZ2
cluster_236	3	ADAM15	ODAM	SNX33
cluster_237	3	ADAM21	CNR2	MUC15
cluster_238	3	ADAM33	CD3E	STOML3
cluster_239	3	ADAMTS12	RGMA	TP53BP2
cluster_240	3	ADAMTSL5	FHL5	KIR2DL4
cluster_241	3	ADAT2	SCHIP1	SMARCD1
cluster_242	3	ADAT3	CUTA	FBLIM1
cluster_243	3	ADCY4	AHCY	C1orf50
cluster_244	3	ADCY4	GATA5	PPARG
cluster_245	3	ADGRA2	CCNDBP1	TCEAL1
cluster_246	3	ADGRB3	APP	MUC1
cluster_247	3	ADGRB3	NUCB2	SLC7A1
cluster_248	3	ADGRG3	ATP6V0B	SLC2A5
cluster_249	3	ADI1	APPL1	APPL2
cluster_250	3	ADIPOQ	FASN	PROKR2
cluster_251	3	ADIPOR1	NOX1	TBXA2R
cluster_252	3	ADO	DISC1	PPFIA3
cluster_253	3	ADORA2A	HAS3	SYNGR1
cluster_254	3	AEBP2	ZNF317	ZNF408
cluster_255	3	AFMID	DNTT	MEI4
cluster_256	3	AGAP1	CNTROB	RSPH14
cluster_257	3	AGBL2	NDUFB2	NDUFB7
cluster_258	3	AGER	B3GAT1	CMTM7
cluster_259	3	AGPAT5	PSCA	SLC16A4
cluster_260	3	AGR2	C3	CD34
cluster_261	3	AGR2	CDKN2AIPNL	CPNE6
cluster_262	3	AGR3	CD46	ERLIN1
cluster_263	3	AGRN	ARHGEF16	MAGED1
cluster_264	3	AGRN	ATXN2L	BOLL
cluster_265	3	AGTRAP	ATP5F1E	CELA3A
cluster_266	3	AGTRAP	POLDIP2	PPIF
cluster_267	3	AGXT	BATF3	RFX6
cluster_268	3	AHCYL1	PLEKHG5	SLC23A1
cluster_269	3	AIM2	ANP32B	DNTTIP1
cluster_270	3	AIMP1	RARS1	ZNF521
cluster_271	3	AIMP2	DARS1	KARS1
cluster_272	3	AIPL1	SMAP1	SMAP2
cluster_273	3	AJUBA	TFAP4	ZNF541
cluster_274	3	AK3	ALG10	FBLN1
cluster_275	3	AK8	CNTF	NDUFAB1
cluster_276	3	AKAP14	AKAP7	PRKAR2A
cluster_277	3	AKAP17A	DPPA2	UBE2I
cluster_278	3	AKAP17A	FGF10	THAP1
cluster_279	3	AKAP9	GLIS2	GPSM1
cluster_280	3	AKIRIN2	CA8	HSD17B14
cluster_281	3	AKR1C1	PTPN3	WDR6
cluster_282	3	AKT1	RNF114	XAF1
cluster_283	3	AKT2	SH3RF1	SLC22A5
cluster_284	3	AKTIP	ANKRD23	HOOK1
cluster_285	3	ALAS1	COBL	TMSB10
cluster_286	3	ALAS1	FBXL8	RNF168
cluster_287	3	ALDH16A1	DERA	HSF2
cluster_288	3	ALDH18A1	AOC3	DARS2
cluster_289	3	ALDH18A1	COQ9	GALNT2
cluster_290	3	ALDH3B1	KRTAP12-3	PDGFRB
cluster_291	3	ALDH3B1	KRTAP3-3	MRPL23
cluster_292	3	ALG13	BAG4	FTH1
cluster_293	3	ALG13	ISX	ROR2
cluster_294	3	ALG3	MMD2	SSMEM1
cluster_295	3	ALG3	SERP1	TNFRSF9
cluster_296	3	ALG8	CANT1	CLRN1
cluster_297	3	ALG8	CYB5R3	VMP1
cluster_298	3	ALG8	RHOT2	SAR1A
cluster_299	3	ALKBH4	DTX2	MVP
cluster_300	3	ALKBH4	MLLT3	TXNL4B
cluster_301	3	ALKBH7	B9D2	CENPN
cluster_302	3	ALKBH8	CDC14B	MFAP1
cluster_303	3	ALOX15B	GRAP	TRIM21
cluster_304	3	ALOX5	HSD17B1	LCN1
cluster_305	3	ALOX5AP	PLPP5	SLC29A2
cluster_306	3	ALOXE3	IL10	YY1
cluster_307	3	ALS2CL	RAB22A	RAB5C
cluster_308	3	ALX4	CDHR3	PARVG
cluster_309	3	AMELY	CNIH2	HIBADH
cluster_310	3	AMIGO1	BNIP3	BNIP3L
cluster_311	3	AMMECR1	CALCOCO2	CELA2B
cluster_312	3	AMMECR1	DOK7	EFEMP2
cluster_313	3	AMOT	NF2	PTPA
cluster_314	3	AMOT	PBLD	PTPN14
cluster_315	3	AMOTL2	FCRL5	NF2
cluster_316	3	AMPD1	AMPD2	AMPD3
cluster_317	3	AMPH	C16orf74	PPP3CA
cluster_318	3	AMTN	APBB1IP	BAG6
cluster_319	3	ANAPC13	CDC23	DCLK1
cluster_320	3	ANAPC2	FAM199X	WDR5
cluster_321	3	ANK1	BEST2	FXYD3
cluster_322	3	ANK1	CD99L2	SLC30A8
cluster_323	3	ANK1	JPH1	STRIT1
cluster_324	3	ANK3	NAB2	TGIF2LY
cluster_325	3	ANKHD1	KRTAP15-1	NEU4
cluster_326	3	ANKHD1	LENG8	PCID2
cluster_327	3	ANKK1	C12orf57	INSL3
cluster_328	3	ANKRD1	MTHFD2	NAGK
cluster_329	3	ANKRD11	BRCC3	DEPTOR
cluster_330	3	ANKRD13D	MAML3	NID2
cluster_331	3	ANKRD2	MAPK6	MAPKAPK5
cluster_332	3	ANKRD28	KCNV2	PTRH1
cluster_333	3	ANKRD29	CRACR2A	FERMT3
cluster_334	3	ANKRD37	ANKRD50	HIF1AN
cluster_335	3	ANKRD40	RFC3	RFC4
cluster_336	3	ANKS1A	DAB2IP	USP7
cluster_337	3	ANXA1	LNPK	NOC4L
cluster_338	3	ANXA10	DCP1B	EDC3
cluster_339	3	ANXA11	ARSA	CCDC22
cluster_340	3	ANXA11	CEP55	PLEKHG6
cluster_341	3	ANXA11	FUBP1	PRPF40B
cluster_342	3	ANXA6	CAMK1	IL16
cluster_343	3	AOC3	CLDN9	EXTL1
cluster_344	3	AP1AR	ATCAY	KLC1
cluster_345	3	AP1M1	ARL6IP4	EVI5L
cluster_346	3	AP1M1	BCAR3	MEA1
cluster_347	3	AP1M1	CASP8	ZNF276
cluster_348	3	AP2B1	COL3A1	NEU4
cluster_349	3	AP2M1	H2BC21	PTS
cluster_350	3	AP3M1	SIPA1L2	SLC12A4
cluster_351	3	AP5Z1	NUP93	OPCML
cluster_352	3	APEX2	HOXD12	MKRN3
cluster_353	3	APH1A	ATRAID	MPP1
cluster_354	3	APH1B	AVPR2	FXYD6-FXYD2
cluster_355	3	APIP	BAZ2B	BIVM
cluster_356	3	APLNR	GJB2	MS4A6E
cluster_357	3	APOA4	CMTM4	SSX3
cluster_358	3	APOBEC1	EIPR1	NOTO
cluster_359	3	APOBEC3A	CHMP3	STAMBP
cluster_360	3	APOBEC3B	BNIP2	FAHD1
cluster_361	3	APOBEC3C	PRR19	TRIB3
cluster_362	3	APOC1	LETMD1	MICOS13
cluster_363	3	APOC2	NDUFA7	TTPA
cluster_364	3	APOC4	IFI27	MICOS10
cluster_365	3	APOC4	LETMD1	PORCN
cluster_366	3	APOL6	CCN3	RGS13
cluster_367	3	APOL6	FNTA	FNTB
cluster_368	3	APPL1	RAB5A	UBE2O
cluster_369	3	APRT	COA6	TTC19
cluster_370	3	APTX	CRABP2	FLAD1
cluster_371	3	AQP1	IL21R	TMEM38B
cluster_372	3	AQP3	ERG28	SLC26A6
cluster_373	3	AQP7	CLCN7	KCNN3
cluster_374	3	AQP7	COMT	SLC48A1
cluster_375	3	AQP8	BTN2A1	PLPP6
cluster_376	3	AQP8	SLC1A3	TMEM120B
cluster_377	3	AQP8	STX12	STXBP5L
cluster_378	3	AQP9	TF	TMEM109
cluster_379	3	ARCN1	COPB1	GTPBP4
cluster_380	3	ARF4	COPS3	COPS8
cluster_381	3	ARFGAP1	GABARAPL2	LZTR1
cluster_382	3	ARFGAP3	PPIF	SYPL1
cluster_383	3	ARHGAP1	SH3GL1	SOCS1
cluster_384	3	ARHGAP12	WASL	WIPF2
cluster_385	3	ARHGAP17	NKX2-5	TRIP10
cluster_386	3	ARHGAP22	DEF6	RAPGEF4
cluster_387	3	ARHGAP32	KHK	LHX2
cluster_388	3	ARHGAP8	CYGB	PRR5-ARHGAP8
cluster_389	3	ARHGAP9	CEP72	NME7
cluster_390	3	ARHGAP9	RUNX1T1	SYCE1
cluster_391	3	ARHGDIG	FUCA1	MED10
cluster_392	3	ARHGDIG	KIZ	TACC3
cluster_393	3	ARHGEF10	FHL3	KIRREL2
cluster_394	3	ARHGEF16	DOK6	LASP1
cluster_395	3	ARHGEF17	ATG9B	OTX1
cluster_396	3	ARHGEF2	RHOA	RIPOR2
cluster_397	3	ARHGEF3	PCLAF	TERF1
cluster_398	3	ARHGEF5	HSPBAP1	TBC1D13
cluster_399	3	ARHGEF9	LHX8	TBC1D22B
cluster_400	3	ARHGEF9	RASGEF1B	TSGA10IP
cluster_401	3	ARIH2	BUB1	UBE2L6
cluster_402	3	ARL13B	CD151	SEMA4G
cluster_403	3	ARL13B	CLEC4G	MUCL1
cluster_404	3	ARL15	ARL16	PDE6D
cluster_405	3	ARL2	ARL2BP	ARL3
cluster_406	3	ARL4A	EVI5	REP15
cluster_407	3	ARL6IP1	SNX12	SNX8
cluster_408	3	ARL6IP4	NKAPL	SREK1
cluster_409	3	ARMC1	NRSN1	RNF24
cluster_410	3	ARMC7	PNMA6A	SYF2
cluster_411	3	ARMC8	GID8	RMND5A
cluster_412	3	ARMC8	MTERF2	STX6
cluster_413	3	ARNT2	DTX2	FCRL4
cluster_414	3	ARNT2	HDAC5	LMO2
cluster_415	3	ARPC3	CCR10	LATS1
cluster_416	3	ARPC3	HOXA3	SYBU
cluster_417	3	ARPC4	ARPC5L	METTL21A
cluster_418	3	ARPP19	FCF1	SPDYC
cluster_419	3	ARR3	MARCHF8	VAMP2
cluster_420	3	ARRB2	MAPK9	RASL10B
cluster_421	3	ARRDC3	CCDC50	NEDD4L
cluster_422	3	ARRDC3	RACK1	TMEM131
cluster_423	3	ARSA	FOXI1	WDR25
cluster_424	3	ART5	PGRMC2	SLC9B2
cluster_425	3	ASAP3	SZT2	TEPSIN
cluster_426	3	ASB3	CCNO	TLE5
cluster_427	3	ASB3	ENKD1	SNRNP48
cluster_428	3	ASB6	CHRNB1	POLR2A
cluster_429	3	ASB7	HIF1AN	ZFAND2B
cluster_430	3	ASB9	CKB	CKM
cluster_431	3	ASCC1	HEMGN	TRAF3
cluster_432	3	ASCC2	CSRNP1	PRPF18
cluster_433	3	ASCC2	KATNAL1	KLC4
cluster_434	3	ASCL1	CCNL2	USP20
cluster_435	3	ASCL3	TCF3	TWIST2
cluster_436	3	ASF1A	H4C6	MCM2
cluster_437	3	ASIC1	MGST2	TMEM207
cluster_438	3	ASL	CSNK1E	TRIM3
cluster_439	3	ASL	MCM7	MCMBP
cluster_440	3	ASMTL	NMNAT1	TDO2
cluster_441	3	ASNS	ATP5MC1	TRIM69
cluster_442	3	ASPG	CEACAM6	EXOC3L1
cluster_443	3	ASPH	DHRSX	LRPAP1
cluster_444	3	ASPSCR1	CACTIN	CLK2
cluster_445	3	ASPSCR1	UBOX5	VCP
cluster_446	3	ATF4	BTRC	JDP2
cluster_447	3	ATF5	CEBPG	PFDN6
cluster_448	3	ATF5	EIF2B1	RD3
cluster_449	3	ATF7IP2	MED4	SSX3
cluster_450	3	ATG10	ATG5	TECPR1
cluster_451	3	ATG12	ATG3	IER2
cluster_452	3	ATG14	BECN1	UVRAG
cluster_453	3	ATG16L1	RAB33A	RAB33B
cluster_454	3	ATG3	MOB2	STK38L
cluster_455	3	ATG4A	CREB3L2	GABARAPL1
cluster_456	3	ATG4B	MAP1LC3A	MAP1LC3B
cluster_457	3	ATN1	ETNK2	RBM14
cluster_458	3	ATP13A1	KMT2E	SYPL2
cluster_459	3	ATP1A4	RIC8A	SLC2A13
cluster_460	3	ATP1B4	KDELR3	TSPAN2
cluster_461	3	ATP4B	GPR42	GYPC
cluster_462	3	ATP5F1B	ATPAF2	LGALS9B
cluster_463	3	ATP5F1D	GATC	SRSF11
cluster_464	3	ATP5IF1	KIF9	PRICKLE1
cluster_465	3	ATP5PO	TBC1D10A	TEX13A
cluster_466	3	ATP6V0B	NIPAL3	VMA21
cluster_467	3	ATP6V0C	CLEC14A	NIPAL3
cluster_468	3	ATP6V0C	DNAJC1	PI16
cluster_469	3	ATP6V1C2	ETNK2	KRTAP12-2
cluster_470	3	ATP6V1D	PKN3	VPS52
cluster_471	3	ATP6V1E2	ATP6V1G1	ATP6V1G2
cluster_472	3	ATP6V1H	SNPH	SPATA2
cluster_473	3	ATXN1	CUTC	EXTL3
cluster_474	3	ATXN1	PICALM	SYBU
cluster_475	3	ATXN3	RAD23A	UIMC1
cluster_476	3	ATXN7L1	SOX14	VENTX
cluster_477	3	AUNIP	NXF1	SYCP3
cluster_478	3	AURKAIP1	DEFB127	PIANP
cluster_479	3	AURKC	BIRC7	BOLA1
cluster_480	3	AURKC	OTX2	RTCA
cluster_481	3	AUTS2	DALRD3	KRTAP6-3
cluster_482	3	AVPR2	SLC23A2	SLC41A1
cluster_483	3	AXIN2	BARD1	CTAG2
cluster_484	3	AZIN1	AZIN2	OAZ3
cluster_485	3	B3GNT5	DCDC2	DYNC2LI1
cluster_486	3	B4GALNT2	BSCL2	FAM20B
cluster_487	3	B4GALNT2	HNF1B	OTX2
cluster_488	3	B4GALT1	OR10G4	RPL12
cluster_489	3	B4GALT7	RABGGTA	RABGGTB
cluster_490	3	BAALC	NAA10	PPP2R3B
cluster_491	3	BAALC	NAA11	TOM1
cluster_492	3	BACH2	CTSZ	SLC43A1
cluster_493	3	BACH2	FOSL2	MAFG
cluster_494	3	BAD	BCL2L1	GNLY
cluster_495	3	BAG1	PSMD2	UBLCP1
cluster_496	3	BAG2	DISC1	SMC5
cluster_497	3	BAG3	DNM2	HSPB8
cluster_498	3	BAG3	HSPB2	HSPB7
cluster_499	3	BAIAP2	HOXD8	TBX5
cluster_500	3	BAK1	BCL2A1	MCL1
cluster_501	3	BAMBI	CLEC4E	NKG7
cluster_502	3	BANF1	BANF2	DNAAF4
cluster_503	3	BANP	RHNO1	TAF6
cluster_504	3	BARD1	ESCO2	RABEP1
cluster_505	3	BARD1	KIFC3	KRT6A
cluster_506	3	BCAP31	IFNA2	TIMMDC1
cluster_507	3	BCAS2	CCDC17	IFI35
cluster_508	3	BCAS4	BEND3	DPY30
cluster_509	3	BCAT1	ENKD1	GRHL3
cluster_510	3	BCCIP	MRPS9	RPL23
cluster_511	3	BCL11A	MORF4L2	MRGBP
cluster_512	3	BCL2	BIK	SLC37A4
cluster_513	3	BCL2L13	GALNT2	SPOCK1
cluster_514	3	BCL2L2-PABPN1	BMF	MCL1
cluster_515	3	BCL6B	IMP4	ZBTB7B
cluster_516	3	BEND5	LMO3	TUFT1
cluster_517	3	BEST1	FXYD6-FXYD2	SLC2A13
cluster_518	3	BEST2	CYB561	SLC19A3
cluster_519	3	BEX1	KLHL20	SLC13A5
cluster_520	3	BEX1	OTP	TPGS2
cluster_521	3	BEX5	COPS7B	PACRGL
cluster_522	3	BFAR	KRIT1	UBE2K
cluster_523	3	BFSP1	NUP62	NUP88
cluster_524	3	BHLHA9	PNMA6A	RNF125
cluster_525	3	BICD2	CBR3	ZNF624
cluster_526	3	BIN3	GINS2	GINS4
cluster_527	3	BIN3	NEK8	TRIM69
cluster_528	3	BIRC5	LAMTOR4	LAMTOR5
cluster_529	3	BIVM	L3MBTL2	PHF10
cluster_530	3	BLCAP	LEMD1	LRAT
cluster_531	3	BLK	CRKL	JAKMIP1
cluster_532	3	BLOC1S1	DCTN2	GADD45A
cluster_533	3	BLOC1S5	BRK1	HSBP1
cluster_534	3	BLOC1S5	HMGB2	PKNOX1
cluster_535	3	BLOC1S6	MLPH	TRAK1
cluster_536	3	BLZF1	RAB2B	RAB39A
cluster_537	3	BMI1	PCGF1	RNF2
cluster_538	3	BMP10	DEXI	FCRL4
cluster_539	3	BMP10	KIR3DL1	TNFSF8
cluster_540	3	BMX	CWC22	PTPN21
cluster_541	3	BMX	STAT3	SYK
cluster_542	3	BNC2	LMO1	UFSP2
cluster_543	3	BNIP2	EI24	FRK
cluster_544	3	BNIP3	SLC31A2	SLC6A17
cluster_545	3	BOLA1	GLRX3	MOXD1
cluster_546	3	BOLA2	BOLA2B	TK1
cluster_547	3	BOLA2-SMG1P6	DTX2	SEPSECS
cluster_548	3	BOLL	CBX2	RBFOX2
cluster_549	3	BORCS8	SCAF8	TEX11
cluster_550	3	BPGM	DYNC1LI1	PGAM2
cluster_551	3	BPIFA1	CSKMT	ELK3
cluster_552	3	BPIFA1	KIR2DL4	NPAS2
cluster_553	3	BPIFA2	CD160	CMTM6
cluster_554	3	BRAP	FRS2	YJU2
cluster_555	3	BRAT1	COPS7B	NMI
cluster_556	3	BRD3	ESR2	KPNA3
cluster_557	3	BRIP1	HSD17B14	OTUD3
cluster_558	3	BRK1	NDEL1	ZNF12
cluster_559	3	BRPF3	TSG101	VPS37A
cluster_560	3	BRSK2	IRAK3	TRAF6
cluster_561	3	BTBD1	PSMC2	PSMD5
cluster_562	3	BTBD6	CUL3	SHKBP1
cluster_563	3	BTF3	NAA40	NMT2
cluster_564	3	BTF3L4	HYPK	TXLNA
cluster_565	3	BTG1	FADD	TRADD
cluster_566	3	BTG2	CNOT6L	CNOT7
cluster_567	3	BTN2A1	NSG1	PLPP2
cluster_568	3	BTNL8	HHLA2	PGA4
cluster_569	3	BTNL8	IFNGR2	SLC52A1
cluster_570	3	BUD13	GPKOW	TCEA1
cluster_571	3	BUD23	METTL5	TRMT112
cluster_572	3	BUD31	KRTAP10-7	PRM2
cluster_573	3	BYSL	EAPP	LTV1
cluster_574	3	BYSL	MCIDAS	TRAK1
cluster_575	3	C11orf68	EIF4H	MTCL1
cluster_576	3	C14orf39	TEAD2	VGLL4
cluster_577	3	C16orf54	CLDN11	ZP3
cluster_578	3	C16orf54	KCNC1	LPAR3
cluster_579	3	C16orf87	MAGEA12	NANOS2
cluster_580	3	C1D	SH3GLB1	SIN3A
cluster_581	3	C1QTNF2	MTX2	TIMM8A
cluster_582	3	C1QTNF5	DEFB118	GUCA1A
cluster_583	3	C1orf116	HOMER1	SHANK2
cluster_584	3	C1orf116	HOMER3	LRRC7
cluster_585	3	C1orf174	CTDSPL2	PDIK1L
cluster_586	3	C2	CHST1	STOM
cluster_587	3	C2	EBP	LPCAT2
cluster_588	3	C2	IFITM2	SLC10A1
cluster_589	3	C2	PRSS23	SEC11C
cluster_590	3	C5orf22	ELOF1	WBP11
cluster_591	3	C6orf15	HEY1	YTHDF1
cluster_592	3	C8A	CPT1B	GOLT1A
cluster_593	3	C8orf33	IMP3	MCC
cluster_594	3	C8orf33	NACC1	POLR2L
cluster_595	3	C9orf72	SMCR8	SYN3
cluster_596	3	CA9	CSRP1	REEP1
cluster_597	3	CA9	GLRX3	NTF4
cluster_598	3	CAB39	MED7	STK24
cluster_599	3	CACNA1S	CCDC106	KBTBD7
cluster_600	3	CACNB3	GEM	SNAP91
cluster_601	3	CACNB4	DRC7	EFHC2
cluster_602	3	CACNG1	CPLX4	DEFB127
cluster_603	3	CACNG2	WAS	WIPF1
cluster_604	3	CACNG7	SGCG	SPACA1
cluster_605	3	CADPS	TENT2	ZFC3H1
cluster_606	3	CAGE1	DTNBP1	NECAB2
cluster_607	3	CAGE1	MPPED2	POMP
cluster_608	3	CALCOCO2	GCA	SETD5
cluster_609	3	CALM1	CALM3	KCNN1
cluster_610	3	CALM2	KCNN1	SPATA17
cluster_611	3	CALML3	IQCB1	PCMT1
cluster_612	3	CAMK2B	CAMK2D	CCM2L
cluster_613	3	CAMLG	HSP90B1	KCNA2
cluster_614	3	CAMLG	OCIAD1	TXNDC12
cluster_615	3	CAPN15	MORC3	RNF216
cluster_616	3	CAPN3	EXOC8	KIAA1217
cluster_617	3	CAPN7	IFT88	ITPKB
cluster_618	3	CAPNS2	OXNAD1	PHACTR3
cluster_619	3	CAPNS2	RIN1	SNX17
cluster_620	3	CARD10	JOSD1	PTCD1
cluster_621	3	CARD10	PKP1	ZNF10
cluster_622	3	CARD14	PPP2R3C	PRPF31
cluster_623	3	CARD9	CDK2AP1	USH1G
cluster_624	3	CARD9	VCPKMT	ZZZ3
cluster_625	3	CARNMT1	SNRNP35	U2AF1
cluster_626	3	CARTPT	MEIS2	SCT
cluster_627	3	CASC3	DDX56	EIF4A3
cluster_628	3	CASP7	DMC1	NIF3L1
cluster_629	3	CASP8	CCNL1	SAP30BP
cluster_630	3	CASP8AP2	NFKBIA	TCL1A
cluster_631	3	CASTOR1	TMA16	ZC2HC1A
cluster_632	3	CATSPER1	KRTAP10-4	RGS19
cluster_633	3	CATSPER4	CCL4L2	SLC10A2
cluster_634	3	CAV3	NUDT9	PBX3
cluster_635	3	CAVIN1	CAVIN3	MRPL45
cluster_636	3	CAVIN2	GINS3	TRAPPC6A
cluster_637	3	CAVIN3	TPM3	TPM4
cluster_638	3	CAVIN4	TADA2B	ZGPAT
cluster_639	3	CBLB	PTK6	SLA
cluster_640	3	CBLC	SOCS2	YES1
cluster_641	3	CBLIF	EOGT	SLC7A14
cluster_642	3	CBLL2	DSCAM	PIH1D2
cluster_643	3	CBR4	MEPE	ZXDC
cluster_644	3	CBS	PAICS	UBE2I
cluster_645	3	CBX1	PADI6	SUV39H1
cluster_646	3	CBX2	PPP1R37	RBMY1F
cluster_647	3	CBX7	CDC45	ZRANB1
cluster_648	3	CCBE1	GSTK1	KRT27
cluster_649	3	CCDC112	CINP	MAGEA3
cluster_650	3	CCDC112	NSMCE2	TXLNA
cluster_651	3	CCDC116	CDCA7L	NOL12
cluster_652	3	CCDC116	TADA2A	THOC1
cluster_653	3	CCDC120	CYTH2	IPCEF1
cluster_654	3	CCDC120	FOS	RERE
cluster_655	3	CCDC136	JMY	RASSF8
cluster_656	3	CCDC136	SDHAF1	ZNF230
cluster_657	3	CCDC14	CEP63	ROGDI
cluster_658	3	CCDC146	CCDC197	GMNN
cluster_659	3	CCDC197	SSNA1	TXN2
cluster_660	3	CCDC32	COPS5	GTPBP3
cluster_661	3	CCDC6	LRSAM1	LUZP4
cluster_662	3	CCDC6	MAPK7	SNAPC1
cluster_663	3	CCDC74B	SCNM1	TRIM10
cluster_664	3	CCDC88C	GNAI3	RGS14
cluster_665	3	CCL2	NKX3-1	RNF4
cluster_666	3	CCL2	NSDHL	TMX2
cluster_667	3	CCL21	EOMES	OTP
cluster_668	3	CCL21	KCNA5	TMEM107
cluster_669	3	CCL26	PAX6	SLC12A8
cluster_670	3	CCL4	GPRC5D	MS4A6A
cluster_671	3	CCN1	SMPD2	STAR
cluster_672	3	CCNB1IP1	CUL5	RNF7
cluster_673	3	CCNC	FOXR2	VHL
cluster_674	3	CCNC	NDUFV2	PLEKHO2
cluster_675	3	CCND2	CDK4	OGDHL
cluster_676	3	CCND3	CDK16	CRABP2
cluster_677	3	CCNI	CDK6	CDKN2C
cluster_678	3	CCNI	TOX4	ZMYND19
cluster_679	3	CCR5	EMP1	HTR2C
cluster_680	3	CCT2	CCT5	ZNRD2
cluster_681	3	CCT3	PDCL	UBE2Z
cluster_682	3	CD151	GRAMD1C	TSPAN18
cluster_683	3	CD207	FRMD8	GRAMD2B
cluster_684	3	CD209	IFT20	OXNAD1
cluster_685	3	CD27	CIB1	PAX7
cluster_686	3	CD300A	SEC22A	TMED9
cluster_687	3	CD300E	CLDN14	CTXN3
cluster_688	3	CD300LF	PCDH17	YAF2
cluster_689	3	CD302	GET1	SLC35E3
cluster_690	3	CD37	HLA-DQA2	LHFPL5
cluster_691	3	CD3G	LY6E	TMEM19
cluster_692	3	CD47	PVR	TM6SF2
cluster_693	3	CD53	ECE2	GPR108
cluster_694	3	CD63	TMEM80	TSPAN1
cluster_695	3	CD70	ELOVL4	FDFT1
cluster_696	3	CD79A	RHO	SLC6A12
cluster_697	3	CD81	GJA4	LBR
cluster_698	3	CD81	MCEE	SDHAF4
cluster_699	3	CD82	GJB4	KLRC1
cluster_700	3	CD9	ODF4	TMEM119
cluster_701	3	CD99L2	PLPP2	TRAM1L1
cluster_702	3	CDA	TRIM37	ZBTB24
cluster_703	3	CDC25A	CDCA5	NAA11
cluster_704	3	CDC25B	PSME3	RNF111
cluster_705	3	CDC42	CDC42EP1	CDC42EP2
cluster_706	3	CDC45	CEP55	POLM
cluster_707	3	CDC5L	PPP1R13B	SALL1
cluster_708	3	CDC7	DBF4	TSNAXIP1
cluster_709	3	CDCA3	CTDSP2	CTDSPL
cluster_710	3	CDCA7L	SNRNP48	SSX1
cluster_711	3	CDIP1	PRPF39	TOLLIP
cluster_712	3	CDK16	RNASEH2B	ZBTB14
cluster_713	3	CDK17	CDKN2B	PYCR3
cluster_714	3	CDK2AP1	GTF2IRD1	MRFAP1L1
cluster_715	3	CDK3	CKS2	RACGAP1
cluster_716	3	CDKN2D	MTF2	PRDX5
cluster_717	3	CDKN2D	NR4A2	UQCC2
cluster_718	3	CDR2	MKKS	TEX28
cluster_719	3	CDX2	CFAP206	TADA2B
cluster_720	3	CDYL2	KIF2A	LMO3
cluster_721	3	CELA2B	CFP	KRTAP3-1
cluster_722	3	CELF4	ESRP1	RBPMS2
cluster_723	3	CELF6	CRYBA1	CRYBB2
cluster_724	3	CENPH	CENPK	PEX14
cluster_725	3	CENPP	NHLH1	POLR3K
cluster_726	3	CENPQ	HDAC7	KLF16
cluster_727	3	CENPQ	SCOC	SIKE1
cluster_728	3	CENPS	CTNNA3	RPS6KA5
cluster_729	3	CENPX	GNL3L	TRIM54
cluster_730	3	CEP164	CLP1	DAGLB
cluster_731	3	CEP44	GNG11	KIAA0930
cluster_732	3	CEP57	FBXL3	SPDEF
cluster_733	3	CEP70	SEC14L1	ZNF227
cluster_734	3	CEP72	RAB2B	STAMBPL1
cluster_735	3	CEP85	GORASP1	TRAF4
cluster_736	3	CEP85	RNF8	TOMM20L
cluster_737	3	CEP89	NCS1	SPP1
cluster_738	3	CERS2	IER3IP1	TMEM258
cluster_739	3	CERT1	IK	SMU1
cluster_740	3	CES1	CSN3	VENTX
cluster_741	3	CES1	ICMT	PDZK1IP1
cluster_742	3	CETN1	CETN2	POC5
cluster_743	3	CETN3	CKMT2	SGK1
cluster_744	3	CFAP100	LONP2	SYCE1
cluster_745	3	CFAP161	CINP	PRRX1
cluster_746	3	CFAP161	DPYSL3	DPYSL5
cluster_747	3	CFAP43	SEC13	SEC16B
cluster_748	3	CFAP53	GSE1	LENG8
cluster_749	3	CFHR5	KCNK7	SLC4A1
cluster_750	3	CFL2	POT1	RAB2A
cluster_751	3	CFLAR	RIPOR3	TRAF1
cluster_752	3	CGGBP1	MRM1	SPX
cluster_753	3	CGGBP1	PAX6	PPIL4
cluster_754	3	CGN	MATN4	PPP1R13B
cluster_755	3	CHAF1A	METTL21A	ZNF620
cluster_756	3	CHCHD3	CHCHD6	SAMM50
cluster_757	3	CHERP	SIX2	TLE3
cluster_758	3	CHIA	COX20	MAOB
cluster_759	3	CHIA	FBXL7	TBC1D5
cluster_760	3	CHMP2A	GPHN	MITD1
cluster_761	3	CHMP5	VPS4B	ZFYVE19
cluster_762	3	CHMP6	SEPTIN14	VPS25
cluster_763	3	CHN1	HEMK1	TUBGCP5
cluster_764	3	CHRAC1	POLE3	POLE4
cluster_765	3	CHRDL2	FAH	SLIT1
cluster_766	3	CHRNA1	GRID1	LILRB3
cluster_767	3	CHTOP	DDX39B	SMN1
cluster_768	3	CHTOP	KHDRBS2	RBM14
cluster_769	3	CIAO1	CIAO2B	TOP3B
cluster_770	3	CIAO2A	EBAG9	SETD4
cluster_771	3	CIAPIN1	NDOR1	PSMB6
cluster_772	3	CIART	NFYC	SAE1
cluster_773	3	CIB1	LSS	TMEM95
cluster_774	3	CIB3	KLF17	ZNF146
cluster_775	3	CIDEA	MIEF2	PRB2
cluster_776	3	CIDEC	METTL15	UFSP1
cluster_777	3	CISD2	CLDN10	NRG4
cluster_778	3	CKMT2	NRF1	SPSB2
cluster_779	3	CKMT2	P4HA3	ZC3H12A
cluster_780	3	CKS1B	MED12L	TRIM49
cluster_781	3	CLCN7	LYVE1	PIGF
cluster_782	3	CLDN1	CLDN6	TMEM179B
cluster_783	3	CLDN14	MS4A12	PLLP
cluster_784	3	CLDN18	PMP22	SDC4
cluster_785	3	CLDN19	CXCR3	IL3RA
cluster_786	3	CLDN19	GPR161	SYNE4
cluster_787	3	CLDN20	CNIH3	PLD3
cluster_788	3	CLDN20	FCRL3	IGFBP5
cluster_789	3	CLDN22	CLEC4C	CXCR2
cluster_790	3	CLDN5	CLRN2	CORIN
cluster_791	3	CLDN6	IGFBP5	PROKR2
cluster_792	3	CLDND1	CXCR1	ZDHHC4
cluster_793	3	CLEC12B	IL1RL1	MCFD2
cluster_794	3	CLEC14A	PMP22	TMEM30B
cluster_795	3	CLEC2A	CLEC2D	ENTPD8
cluster_796	3	CLEC4E	CXADR	FAM3C
cluster_797	3	CLEC4G	LRRC4C	TWSG1
cluster_798	3	CLIC3	LELP1	VPS4A
cluster_799	3	CLK3	HOXB7	ZNF473
cluster_800	3	CLK4	RSRC1	SRRM4
cluster_801	3	CLN5	GPR152	TEX264
cluster_802	3	CLN5	IGF2	INS-IGF2
cluster_803	3	CLNS1A	SNRPD1	SNRPD3
cluster_804	3	CLPTM1L	KCNF1	SLC39A7
cluster_805	3	CLRN1	FUT9	SLC34A3
cluster_806	3	CLRN2	GPR108	NEMP1
cluster_807	3	CLUAP1	CPSF4	MYOG
cluster_808	3	CMC2	CTNNA3	GNB1
cluster_809	3	CNFN	DMAC2L	EVX2
cluster_810	3	CNFN	SLC12A4	TMEM102
cluster_811	3	CNMD	HLA-DPA1	TMEM50B
cluster_812	3	CNNM1	PTP4A1	PTP4A2
cluster_813	3	CNOT2	CNOT3	MTFR1L
cluster_814	3	CNOT4	IL36RN	UBL4B
cluster_815	3	CNOT9	GADD45A	GADD45B
cluster_816	3	CNTNAP2	FIG4	GORASP2
cluster_817	3	COA7	OOEP	SNRPB
cluster_818	3	COG2	IDO2	LZTS1
cluster_819	3	COG2	LENG8	NCBP3
cluster_820	3	COG3	SIRPA	TRIM2
cluster_821	3	COG4	FARSA	FARSB
cluster_822	3	COG6	DOCK8	TMSB4X
cluster_823	3	COG6	MRI1	TTC7B
cluster_824	3	COG7	KIFC3	USH1G
cluster_825	3	COG7	LGALS8	TAX1BP1
cluster_826	3	COL10A1	ENDOD1	VSNL1
cluster_827	3	COL17A1	N4BP2L2	PPIL1
cluster_828	3	COL17A1	PXN	WHRN
cluster_829	3	COL1A2	IL17A	KCNIP4
cluster_830	3	COL8A1	SLC35A2	WFDC5
cluster_831	3	COL8A2	DARS2	TFAM
cluster_832	3	COMMD1	COMMD6	COMMD9
cluster_833	3	COMP	MEGF11	NUFIP2
cluster_834	3	COPS2	GPS1	PSMD11
cluster_835	3	COPS4	COPS6	PEX14
cluster_836	3	COPS9	TIMM44	UBASH3A
cluster_837	3	COQ3	NDRG4	SDR16C5
cluster_838	3	CORO1A	FAM81B	IFT20
cluster_839	3	COX5A	SNX20	SPDEF
cluster_840	3	COX5B	FLOT1	NUDT5
cluster_841	3	COX6B2	KHDC1	PROP1
cluster_842	3	COX7B	GNMT	SRD5A2
cluster_843	3	COX7C	MAGEA2	MAGEA2B
cluster_844	3	CPLANE2	FUZ	RND3
cluster_845	3	CRABP1	DAAM2	TH
cluster_846	3	CRBN	EZR	MISP
cluster_847	3	CREB1	CRTC1	CRTC2
cluster_848	3	CREB3L1	NAT8	NEU1
cluster_849	3	CREB3L1	SLC2A3	SPOCK1
cluster_850	3	CREB3L3	MTUS1	STX5
cluster_851	3	CREB3L4	GET3	LDLRAD4
cluster_852	3	CREBL2	DDIT3	TNFSF12
cluster_853	3	CREBRF	MRPS11	NAA10
cluster_854	3	CRK	CRKL	USP53
cluster_855	3	CRLF3	L3MBTL3	PLEKHF1
cluster_856	3	CRNN	LMO4	RSPH6A
cluster_857	3	CRTAC1	MAPRE2	TRAIP
cluster_858	3	CRX	GYS1	SOX3
cluster_859	3	CRX	NEIL2	UBXN7
cluster_860	3	CRY2	KLHL6	XRN2
cluster_861	3	CRYBB1	EXOC5	EXOC6
cluster_862	3	CRYBB3	DOK6	SLC30A6
cluster_863	3	CRYGA	HSPA13	PSMB9
cluster_864	3	CSGALNACT1	SPAG4	SUN5
cluster_865	3	CSKMT	KRTAP13-2	SPEF1
cluster_866	3	CSNK1D	EVI5	IMP3
cluster_867	3	CSNK1E	PER1	PER2
cluster_868	3	CSNK2A1	KIF24	SNAI2
cluster_869	3	CSNK2A2	CSNK2B	PIMREG
cluster_870	3	CSPG5	CTSA	SPN
cluster_871	3	CSPP1	ESPNL	PFDN5
cluster_872	3	CSRNP1	PPP1CA	PPP1R16B
cluster_873	3	CSRNP1	PPP1CB	PPP1R7
cluster_874	3	CST2	LRFN4	P4HB
cluster_875	3	CSTF2T	CTDSP1	FOXJ2
cluster_876	3	CT55	KYNU	LYPLAL1
cluster_877	3	CTBP2	LCORL	RNF135
cluster_878	3	CTBP2	SOX13	ZBTB18
cluster_879	3	CTH	NUDT16L1	RECK
cluster_880	3	CTNNAL1	DMD	RNF135
cluster_881	3	CTNND1	KCTD6	TBC1D2
cluster_882	3	CTRC	SMOC1	VGLL3
cluster_883	3	CTTN	PNMA2	RPL9
cluster_884	3	CTTNBP2	CTTNBP2NL	PKNOX2
cluster_885	3	CTTNBP2	MEI4	PLEKHA4
cluster_886	3	CUL2	RBX1	UBE2M
cluster_887	3	CWC25	FMR1	WBP2NL
cluster_888	3	CWC27	MORF4L1	MRGBP
cluster_889	3	CXCL9	FUT7	TMED5
cluster_890	3	CXXC1	TCP11L2	TUBA4A
cluster_891	3	CYB5B	NDUFAF2	SDHAF4
cluster_892	3	CYB5D2	GJB4	TMEM11
cluster_893	3	CYB5D2	HCK	MDK
cluster_894	3	CYB5R1	ETNK1	SLC51B
cluster_895	3	CYBRD1	ELOVL6	HMOX1
cluster_896	3	CYGB	DDI1	SDS
cluster_897	3	CYP21A2	KRTAP4-2	MAFB
cluster_898	3	CYP4F2	SDHAF2	SLC17A8
cluster_899	3	CYREN	ERCC6L2	MKLN1
cluster_900	3	CYTH1	FOSL2	JUN
cluster_901	3	DAAM2	KCNIP1	NHLH2
cluster_902	3	DAB1	ETV6	PIN1
cluster_903	3	DACT3	SESTD1	STMN2
cluster_904	3	DALRD3	KRTAP12-3	PTGDS
cluster_905	3	DAPL1	PLAAT1	ZIC1
cluster_906	3	DAPL1	RPS26	TSR2
cluster_907	3	DAXX	H3-3A	H3-3B
cluster_908	3	DAZAP1	MBNL2	SNRPA
cluster_909	3	DBF4B	SGF29	TADA3
cluster_910	3	DBNL	HCLS1	SH2D4A
cluster_911	3	DCAF15	RIPPLY1	USP6
cluster_912	3	DCBLD2	EVI2A	MALL
cluster_913	3	DCBLD2	GDAP1	STARD4
cluster_914	3	DCLRE1B	NOXA1	RIMBP3C
cluster_915	3	DCPS	KPNA5	NUP50
cluster_916	3	DCT	DYSF	PLP1
cluster_917	3	DCTD	MALSU1	MYBPHL
cluster_918	3	DCTN3	EXOC1	NUP54
cluster_919	3	DCTN3	ILF3	VPS37C
cluster_920	3	DCTN3	MYEOV	TRIP13
cluster_921	3	DCTN3	PITX1	SERPINE1
cluster_922	3	DCTN5	DNAL4	DYNLL1
cluster_923	3	DCUN1D5	HUS1	RAD9A
cluster_924	3	DCX	ITGB4	MID2
cluster_925	3	DCXR	ELF5	GLRX2
cluster_926	3	DDA1	NRIP1	PKNOX2
cluster_927	3	DDAH2	FANCL	HOXD4
cluster_928	3	DDAH2	KCTD15	NOXA1
cluster_929	3	DDIT3	EMSY	JDP2
cluster_930	3	DDX20	GEMIN4	ZNF326
cluster_931	3	DDX39A	DDX39B	SARNP
cluster_932	3	DDX49	ETNK2	STX1A
cluster_933	3	DDX6	SCYL1	SPATA6
cluster_934	3	DECR2	RAB39B	VPS26C
cluster_935	3	DEF6	INTS2	SAP18
cluster_936	3	DEFB108B	OPRD1	SLC13A4
cluster_937	3	DEFB112	HOXA9	KRTAP10-1
cluster_938	3	DEFB121	IL27RA	NECTIN4
cluster_939	3	DEFB121	LRRC25	SEC61G
cluster_940	3	DEFB124	PGRMC1	TMEM213
cluster_941	3	DENND1C	DTNBP1	SNAPIN
cluster_942	3	DENND2A	POLR2K	SH3KBP1
cluster_943	3	DERL1	TMEM115	TMX2
cluster_944	3	DERL2	DIABLO	MICOS13
cluster_945	3	DERL2	MPP1	PAQR8
cluster_946	3	DERL3	GNLY	ULBP2
cluster_947	3	DERL3	RTP4	SLC13A4
cluster_948	3	DESI1	PRR5	UBQLNL
cluster_949	3	DESI2	PBX3	REEP5
cluster_950	3	DEXI	PEX16	TNFRSF17
cluster_951	3	DGCR6	ESS2	INIP
cluster_952	3	DGCR6L	INIP	LRCH3
cluster_953	3	DHPS	EIF5A	EIF5A2
cluster_954	3	DHPS	MAPK3	PEA15
cluster_955	3	DHRS11	DLG3	KDELR1
cluster_956	3	DHRS9	KCNMB1	STX8
cluster_957	3	DHX40	PSTPIP1	PTPN12
cluster_958	3	DIABLO	MTFR1	STMN4
cluster_959	3	DIRAS2	MARCHF10	UNC45A
cluster_960	3	DKK4	GIMAP5	KIR3DL3
cluster_961	3	DLD	ITGB1BP1	PDHX
cluster_962	3	DLG2	PPIL4	RPF2
cluster_963	3	DLX3	LGALS13	POU4F2
cluster_964	3	DMAP1	LRSAM1	PFDN1
cluster_965	3	DMC1	LGALS2	SDCBP2
cluster_966	3	DMRT2	MAGED1	PJA1
cluster_967	3	DMXL1	MYO1B	POGZ
cluster_968	3	DNAJB1	EEF1A1	TTLL12
cluster_969	3	DNAJB13	TOM1L1	ZC3H12A
cluster_970	3	DNAJB4	DPCD	RUVBL2
cluster_971	3	DNAJC1	KCNJ9	TMEM201
cluster_972	3	DNAJC11	NR2C2AP	VPS52
cluster_973	3	DNALI1	MSGN1	MYL9
cluster_974	3	DNER	NUDT10	PDLIM7
cluster_975	3	DNMT3A	TCL1A	TRMT61A
cluster_976	3	DOC2A	HOXB2	UBASH3B
cluster_977	3	DOCK2	LCE3D	TENM4
cluster_978	3	DOK2	DUSP6	TXK
cluster_979	3	DOK4	PAX8	SAE1
cluster_980	3	DOK6	FOXC2	METTL27
cluster_981	3	DOLK	GALNT8	KCNA6
cluster_982	3	DPF1	PHF1	SMG9
cluster_983	3	DPF2	RINT1	RNF39
cluster_984	3	DPH2	MAGOH	RBM8A
cluster_985	3	DPH3	PIH1D2	TAF6
cluster_986	3	DPM3	IER3IP1	POMK
cluster_987	3	DPP3	KEAP1	KLHL3
cluster_988	3	DPPA3	NPPB	SERTAD3
cluster_989	3	DPPA4	FOXR1	GRAP
cluster_990	3	DPY30	DYDC2	GTF2I
cluster_991	3	DPY30	GPATCH2	RSPH3
cluster_992	3	DRAM1	EVI2B	TMEM222
cluster_993	3	DRC3	RUBCN	ZNF250
cluster_994	3	DTNB	LURAP1	SNTG2
cluster_995	3	DUSP10	DUSP16	MAPK8
cluster_996	3	DUSP12	EIF5	M6PR
cluster_997	3	DUSP3	MEOX1	PLCD4
cluster_998	3	DUSP7	EGLN3	FOXJ2
cluster_999	3	DVL3	NKD1	TNP1
cluster_1000	3	DYDC1	NME5	WAC
cluster_1001	3	DYDC2	POLR1A	UBXN2A
cluster_1002	3	DYNLL2	PKIG	ZAR1
cluster_1003	3	DYNLL2	SERGEF	SPAG8
cluster_1004	3	DYNLT3	PMS1	ZC3H14
cluster_1005	3	DYRK1A	KPRP	PHLDA1
cluster_1006	3	DZIP1	KIFAP3	MOS
cluster_1007	3	E2F8	OLFM3	STUB1
cluster_1008	3	EAF1	ELL3	NUMB
cluster_1009	3	EAF2	SYNE4	TCEA2
cluster_1010	3	EBP	GJB6	SLC35G1
cluster_1011	3	ECPAS	TNFRSF10D	TUFM
cluster_1012	3	ECSIT	TARS1	TARS3
cluster_1013	3	EDA2R	PI16	STRIT1
cluster_1014	3	EDAR	GPR161	UPK1B
cluster_1015	3	EED	EZH1	EZH2
cluster_1016	3	EEF1AKMT3	RFC2	ZIC1
cluster_1017	3	EEF1B2	EEF1G	SPRYD4
cluster_1018	3	EEF2KMT	NR0B1	ZNF213
cluster_1019	3	EEPD1	GRIP1	WDR6
cluster_1020	3	EFEMP2	HSPBP1	RNF138
cluster_1021	3	EFNA3	KRTAP1-1	OR14I1
cluster_1022	3	EFNA4	ENPP4	TMEM147
cluster_1023	3	EGF	MGST1	VIP
cluster_1024	3	EGFL7	RASSF10	TNNI3
cluster_1025	3	EGR2	ERF	MCRS1
cluster_1026	3	EIF1AD	MREG	ZNF521
cluster_1027	3	EIF2B5	SNAP23	STX11
cluster_1028	3	EIF3B	IPO13	PBX4
cluster_1029	3	EIF3D	HOXC5	POLR2G
cluster_1030	3	EIF3D	RUFY1	TRIM23
cluster_1031	3	EIF3F	EIF3M	MYDGF
cluster_1032	3	EIF4E	EIF4EBP2	EIF4EBP3
cluster_1033	3	EIF4E1B	EIF4E2	EIF4EBP1
cluster_1034	3	EIF4G1	FXR2	UBAP2L
cluster_1035	3	EIF6	MED12L	MSRB3
cluster_1036	3	ELOB	ELOC	METTL21C
cluster_1037	3	ELOVL2	FXYD6	SLC47A1
cluster_1038	3	EMC2	EMC8	EMC9
cluster_1039	3	EMC6	ROBO2	TMEM237
cluster_1040	3	EMD	KCNJ12	KCNJ8
cluster_1041	3	EMILIN1	LAIR2	PLAC9
cluster_1042	3	EML2	EXD1	IFI35
cluster_1043	3	EML2	SPANXA1	SPANXA2
cluster_1044	3	EMP3	SECTM1	SLAMF8
cluster_1045	3	EMX2	MYCL	OTUD6A
cluster_1046	3	ENOPH1	RNF41	SRR
cluster_1047	3	ENTPD3	GPA33	NRSN1
cluster_1048	3	EPAS1	SAMD12	USP20
cluster_1049	3	EPC1	KAT5	ODC1
cluster_1050	3	EPGN	PTPN1	TIMMDC1
cluster_1051	3	EPHB6	GATA2	MSX2
cluster_1052	3	EPM2AIP1	LIN52	NOC4L
cluster_1053	3	EPN2	FAIM2	FANCM
cluster_1054	3	EPN2	SPART	THOP1
cluster_1055	3	EPS15L1	HIP1R	NDC80
cluster_1056	3	EPS15L1	TRAPPC2	TRAPPC2B
cluster_1057	3	ERCC1	SKIL	XPA
cluster_1058	3	ERCC3	SLF2	TRIM14
cluster_1059	3	ERCC4	TACC1	THAP12
cluster_1060	3	ERGIC3	NDUFB6	PAQR5
cluster_1061	3	ERMN	RTN4IP1	SCAF1
cluster_1062	3	ERRFI1	GAB2	GRB2
cluster_1063	3	ERVFRD-1	GPHB5	TAP1
cluster_1064	3	ESCO2	FXR1	TRPM1
cluster_1065	3	ESPNL	LDLRAP1	PSD4
cluster_1066	3	ESRRB	ESRRG	TRERF1
cluster_1067	3	ETFDH	KRTAP13-2	SLC25A18
cluster_1068	3	ETHE1	KRTAP19-2	PIGS
cluster_1069	3	ETHE1	RBM45	TXN2
cluster_1070	3	EVI2A	NDUFA7	RTP2
cluster_1071	3	EVL	LAP3	ZYX
cluster_1072	3	EXOC3	PPP1R12C	SPECC1L
cluster_1073	3	EXOC3L2	GPR148	TNFSF18
cluster_1074	3	EXOC6B	FABP3	SHTN1
cluster_1075	3	EXOC8	FAM217B	RAPGEF3
cluster_1076	3	EXOSC1	EXOSC8	TFAP4
cluster_1077	3	EXOSC1	KCTD1	KCTD15
cluster_1078	3	EXOSC4	POLE	POLE2
cluster_1079	3	EXOSC5	LRMDA	ZNF420
cluster_1080	3	EXOSC7	IP6K1	RPL11
cluster_1081	3	EXOSC8	KCNJ11	TXNDC17
cluster_1082	3	EXOSC8	OTUD4	USP6
cluster_1083	3	EYA2	LGALS4	RFX2
cluster_1084	3	EZHIP	RNF187	ZNF417
cluster_1085	3	EZHIP	TRIM17	TRIM41
cluster_1086	3	F11R	MMP14	MYADM
cluster_1087	3	FA2H	MARCHF8	MSR1
cluster_1088	3	FAAP100	PTGES3L-AARSD1	ZNF185
cluster_1089	3	FAM110B	INTS4	MEIS3
cluster_1090	3	FAM124B	NADK	WDR83
cluster_1091	3	FAM136A	GGA3	P4HA3
cluster_1092	3	FAM168A	PSORS1C1	SECISBP2
cluster_1093	3	FAM184A	PPFIA3	PPP1R13B
cluster_1094	3	FAM53C	NRBP1	SORBS3
cluster_1095	3	FAM81B	RNPS1	ZNF41
cluster_1096	3	FAM9A	INTS12	MLLT3
cluster_1097	3	FAN1	MLH1	MPG
cluster_1098	3	FANCF	MAP2K1	TCP11
cluster_1099	3	FANCG	TPRX1	ZNRF4
cluster_1100	3	FARP1	LRCH3	PIH1D1
cluster_1101	3	FARS2	KCTD17	ZNF500
cluster_1102	3	FASLG	KRT33B	RAB26
cluster_1103	3	FATE1	MARCHF3	MARVELD2
cluster_1104	3	FBN1	GET4	NUP85
cluster_1105	3	FBXL19	HHLA2	RPRM
cluster_1106	3	FBXL19	PSME3	RPS27
cluster_1107	3	FBXL3	MSRA	SELENBP1
cluster_1108	3	FBXO16	NXF3	NXT1
cluster_1109	3	FBXO16	TRIM54	TTC9C
cluster_1110	3	FBXO2	NRXN3	PAX4
cluster_1111	3	FCER1G	KCNN3	NCR3
cluster_1112	3	FCGRT	GPA33	UPK2
cluster_1113	3	FCSK	POGZ	TMBIM4
cluster_1114	3	FDPS	GLB1	SLC30A2
cluster_1115	3	FDXACB1	MYNN	TUBGCP4
cluster_1116	3	FDXACB1	ZNF174	ZSCAN18
cluster_1117	3	FEM1A	OGFOD1	RPS23
cluster_1118	3	FEM1C	MALT1	MCM8
cluster_1119	3	FETUB	HSD17B13	ST6GAL2
cluster_1120	3	FEZ2	SCHIP1	SCOC
cluster_1121	3	FFAR2	NUCB2	SCGB1D1
cluster_1122	3	FGF1	PFDN4	VBP1
cluster_1123	3	FGF12	GRIP1	RP9
cluster_1124	3	FGF14	H4C7	SMC1A
cluster_1125	3	FHL5	LRRC41	ZNF766
cluster_1126	3	FIGLA	FOXN1	LHX8
cluster_1127	3	FIGNL1	GCC1	LCA5
cluster_1128	3	FITM2	TMED8	UNC50
cluster_1129	3	FKBP1A	MID1	N4BP1
cluster_1130	3	FKBP4	GLMN	PEX5
cluster_1131	3	FLACC1	SSX4	SSX4B
cluster_1132	3	FLACC1	SULT1C3	SULT2B1
cluster_1133	3	FLNA	HSPA6	RFLNA
cluster_1134	3	FLOT1	NME7	RUBCN
cluster_1135	3	FMO1	LEPROTL1	SYNDIG1
cluster_1136	3	FNTB	SPATA46	TLX3
cluster_1137	3	FOSB	MLLT6	PHC2
cluster_1138	3	FOSL1	TAB2	USF1
cluster_1139	3	FOXH1	HLX	SMAD2
cluster_1140	3	FOXJ1	FOXN4	RFX2
cluster_1141	3	FOXR1	NAA80	PPCDC
cluster_1142	3	FOXR2	PEF1	SEC24A
cluster_1143	3	FOXR2	POLR1C	POLR1D
cluster_1144	3	FRMD1	HES6	RAB2A
cluster_1145	3	FRMD6	IKZF1	RBM43
cluster_1146	3	FRMD6	MAK16	TLK2
cluster_1147	3	FRMD6	PARD6B	PRKCZ
cluster_1148	3	FRMD8	LIME1	MAN2B2
cluster_1149	3	FRS2	MAPK1	RPS6KA2
cluster_1150	3	FRS3	NADSYN1	PLB1
cluster_1151	3	FST	TXN	TXNIP
cluster_1152	3	FTSJ3	SSX2	TNPO3
cluster_1153	3	FUBP1	PUF60	TAF2
cluster_1154	3	FUT3	LY6G6C	SLC41A2
cluster_1155	3	FXYD3	IBSP	LTC4S
cluster_1156	3	FZD7	LEUTX	MRPL57
cluster_1157	3	G3BP1	G3BP2	USP10
cluster_1158	3	GAB2	GAREM1	GRAP2
cluster_1159	3	GABPA	GABPB1	GABPB2
cluster_1160	3	GAGE12F	GAGE12G	PSMB5
cluster_1161	3	GALR1	POLR2J	SNAPC5
cluster_1162	3	GALT	GRPEL1	NQO1
cluster_1163	3	GAS2L1	GPSM2	INSC
cluster_1164	3	GATA3	PLEKHG4	ZNF148
cluster_1165	3	GATA5	HPCA	SLC16A3
cluster_1166	3	GCA	GSTO2	KLHL10
cluster_1167	3	GCFC2	MAB21L2	TFIP11
cluster_1168	3	GCK	SPDYE4	TBC1D13
cluster_1169	3	GDNF	SYP	WIPI2
cluster_1170	3	GET3	GET4	PDIA6
cluster_1171	3	GFAP	MYBPHL	NEFL
cluster_1172	3	GFOD1	HSF4	PPFIBP2
cluster_1173	3	GGA1	ING5	ODF2
cluster_1174	3	GGA2	MEMO1	ZBTB22
cluster_1175	3	GGA2	RTN4IP1	SORBS1
cluster_1176	3	GGA3	KANK4	TRAPPC6A
cluster_1177	3	GGA3	PYROXD1	UPRT
cluster_1178	3	GGN	HNRNPUL1	WWP2
cluster_1179	3	GHITM	MFSD2A	TMEM242
cluster_1180	3	GIGYF1	LCK	NFKBID
cluster_1181	3	GIMAP5	LAYN	TNFRSF19
cluster_1182	3	GIMAP5	M6PR	TSPAN18
cluster_1183	3	GIPC1	GIPC3	PLEKHA2
cluster_1184	3	GIPC2	IRF4	PATJ
cluster_1185	3	GIPC3	SLC26A1	ST6GAL2
cluster_1186	3	GJA4	RHOT2	TMEM86B
cluster_1187	3	GJB3	LAYN	MFSD11
cluster_1188	3	GJB4	TMEM218	TMEM88
cluster_1189	3	GJC3	REEP1	STX7
cluster_1190	3	GKAP1	HAUS3	RCOR3
cluster_1191	3	GKAP1	KANK2	PFDN6
cluster_1192	3	GKAP1	L3MBTL2	ZFY
cluster_1193	3	GLI1	MAGEL2	SUFU
cluster_1194	3	GLP1R	KRTAP17-1	MT1M
cluster_1195	3	GLRX	SP7	TRIM62
cluster_1196	3	GLYCTK	NT5C2	PUDP
cluster_1197	3	GNAI1	GNAI2	PCP2
cluster_1198	3	GNG10	KRT34	NPBWR2
cluster_1199	3	GNG13	HAUS3	VPS16
cluster_1200	3	GNG13	RSPO4	UQCC2
cluster_1201	3	GNG3	LYPD6	SS18L2
cluster_1202	3	GNG3	PSMF1	TRIM73
cluster_1203	3	GNGT1	UBXN4	ZNF277
cluster_1204	3	GNL3L	LDOC1	SUDS3
cluster_1205	3	GNPNAT1	PSMB8	SNX5
cluster_1206	3	GOLM1	HGFAC	SLCO3A1
cluster_1207	3	GON7	LAGE3	OSGEP
cluster_1208	3	GOPC	MYLK	RALGAPB
cluster_1209	3	GPANK1	METTL6	NR1H3
cluster_1210	3	GPN1	GPN2	RPAP2
cluster_1211	3	GPN3	GTPBP2	SNRNP70
cluster_1212	3	GPR152	IFNA8	SERF1A
cluster_1213	3	GPR152	IGF2	ROBO2
cluster_1214	3	GPRASP2	MBD3L2	TCF25
cluster_1215	3	GPRC5D	OSMR	PRRT2
cluster_1216	3	GPRIN2	HAPLN2	PNMA2
cluster_1217	3	GRB14	NCOA1	TRIM27
cluster_1218	3	GRB2	SPATA2L	ZBTB12
cluster_1219	3	GRB7	LAX1	TGM5
cluster_1220	3	GRHL2	NEIL2	PAX5
cluster_1221	3	GRHL2	PIAS2	SPINDOC
cluster_1222	3	GRHL3	H3-4	RIPPLY1
cluster_1223	3	GRINA	MBNL2	TIAL1
cluster_1224	3	GSTA2	GSTA4	GSTA5
cluster_1225	3	GTF2A1	GTF2A2	TBPL1
cluster_1226	3	GTF2E1	GTF2E2	GTF2H1
cluster_1227	3	GTF2H4	GTF2H5	NGRN
cluster_1228	3	GTF2IRD2B	TJAP1	TRIM54
cluster_1229	3	GTPBP2	NXF1	TBC1D14
cluster_1230	3	GUCA1C	MEIS3	PSORS1C2
cluster_1231	3	GYG1	GYS1	HOXB6
cluster_1232	3	H1-7	H2BC15	MACROH2A2
cluster_1233	3	H2AB2	H2AB3	H2BC13
cluster_1234	3	H2AC4	H2AC8	H2BC15
cluster_1235	3	HACD1	HACD2	TECR
cluster_1236	3	HACD1	RNF170	STARD3
cluster_1237	3	HACD2	MLN	TMX2
cluster_1238	3	HACE1	RAB4A	RBSN
cluster_1239	3	HAND2	PTGES3L-AARSD1	SPANXN3
cluster_1240	3	HAUS2	LIG4	XRCC4
cluster_1241	3	HAUS8	MED29	NRDE2
cluster_1242	3	HBA1	HBA2	HBE1
cluster_1243	3	HBD	HBQ1	RFESD
cluster_1244	3	HDAC4	MEF2C	YWHAE
cluster_1245	3	HDDC2	IKBKG	PSMB5
cluster_1246	3	HDDC2	OAZ3	POMC
cluster_1247	3	HDDC3	MAGEA4	UVSSA
cluster_1248	3	HEBP2	PDCD6	PRR19
cluster_1249	3	HESX1	HOXC8	MAPK8IP2
cluster_1250	3	HESX1	THAP3	UBL5
cluster_1251	3	HEXIM1	HEXIM2	ZNF500
cluster_1252	3	HIBADH	NDUFB11	TM6SF2
cluster_1253	3	HIRIP3	PMM2	SGK2
cluster_1254	3	HLCS	MED19	SPATA46
cluster_1255	3	HMMR	MORN4	ZNF131
cluster_1256	3	HNF1B	PCBD1	TFF3
cluster_1257	3	HNF4G	TCP11X2	ZNF629
cluster_1258	3	HNRNPCL2	RALYL	TIGD3
cluster_1259	3	HNRNPF	HNRNPM	MRPL17
cluster_1260	3	HNRNPH1	HNRNPM	MRPL53
cluster_1261	3	HNRNPH2	MSI1	MSI2
cluster_1262	3	HNRNPK	MRPL9	SPG7
cluster_1263	3	HOOK1	SSNA1	TBC1D7
cluster_1264	3	HOOK2	IPP	LRGUK
cluster_1265	3	HOOK2	OAS1	PPP1R26
cluster_1266	3	HOXB2	MORN3	RNF39
cluster_1267	3	HOXB2	RUNX1T1	ZFP36
cluster_1268	3	HOXB6	SRPK2	SRSF8
cluster_1269	3	HOXC4	PFDN6	RPRD1B
cluster_1270	3	HOXC8	KHDC1	NADSYN1
cluster_1271	3	HOXC9	MSC	PBX2
cluster_1272	3	HOXD12	SIVA1	TFAP2D
cluster_1273	3	HPGDS	LIF	PDE3B
cluster_1274	3	HPN	SFTPC	SIGLEC9
cluster_1275	3	HRG	NEK8	RGS20
cluster_1276	3	HSD17B14	PGLYRP3	PIDD1
cluster_1277	3	HSFY1	TBX6	TOX4
cluster_1278	3	HSPA1L	HSPA8	TRIM38
cluster_1279	3	HSPA6	LGALS7	LGALS7B
cluster_1280	3	HSPE1	NIPA1	SELENOM
cluster_1281	3	HTATIP2	JPH1	TMEM115
cluster_1282	3	ICMT	KCNJ6	LPCAT2
cluster_1283	3	IDI2	LDB1	LHX1
cluster_1284	3	IFIT1B	IFIT2	IFIT3
cluster_1285	3	IFITM3	LEMD3	REEP4
cluster_1286	3	IFNAR1	LAPTM4B	ODF4
cluster_1287	3	IFNGR1	SLC9A6	STIM1
cluster_1288	3	IFT43	RBM11	ZMYND10
cluster_1289	3	IGBP1	PPP2CA	PPP4C
cluster_1290	3	IGF1R	KCNIP3	SRL
cluster_1291	3	IGLL5	MGAT5B	RTN4R
cluster_1292	3	IKBKG	RNF181	UBE2D4
cluster_1293	3	IKZF2	LSM14B	TCEANC
cluster_1294	3	IL13RA2	PLPP6	SYNE4
cluster_1295	3	IL1F10	IMPDH1	IMPDH2
cluster_1296	3	IL2RB	TINAGL1	TRIP13
cluster_1297	3	IL2RG	KRTAP5-7	RAMP3
cluster_1298	3	IL6ST	KCNIP1	SOD3
cluster_1299	3	ILK	LIMS1	PARVA
cluster_1300	3	IMPACT	MLKL	PSMB1
cluster_1301	3	ING4	JADE2	MEAF6
cluster_1302	3	INMT	KLHL12	KLHL3
cluster_1303	3	INPP5A	TEAD2	YAP1
cluster_1304	3	INPP5D	KHDRBS3	TYK2
cluster_1305	3	INPP5J	LMNA	PELI1
cluster_1306	3	INPP5K	SEMA4G	TNFRSF10D
cluster_1307	3	INPP5K	SFT2D2	TIMM44
cluster_1308	3	INSIG2	PRLR	SLC16A10
cluster_1309	3	IP6K2	KHNYN	PLOD3
cluster_1310	3	IP6K2	ZBTB2	ZNF639
cluster_1311	3	IP6K3	PIGS	TRIP6
cluster_1312	3	IPO4	PLEKHS1	TCP11L1
cluster_1313	3	IQCE	TTC23	XRN2
cluster_1314	3	IRAK4	MYD88	ZNF597
cluster_1315	3	ISG15	UBA7	USP18
cluster_1316	3	ISL1	TMCO6	ZNF511
cluster_1317	3	ISY1	PPIE	XAB2
cluster_1318	3	ITGB1BP1	RHOH	SORL1
cluster_1319	3	JKAMP	RAET1L	YIPF6
cluster_1320	3	JOSD2	MDK	RBFA
cluster_1321	3	KANK2	PRR5L	RBCK1
cluster_1322	3	KAT14	MBIP	ZFY
cluster_1323	3	KAZN	LZTS1	TTC9C
cluster_1324	3	KCNA1	KCNA10	KCNA3
cluster_1325	3	KCNE4	PTPRN	TRDN
cluster_1326	3	KCNJ15	KCNJ18	KCNJ2
cluster_1327	3	KCTD19	ZSCAN1	ZSCAN22
cluster_1328	3	KDF1	MIPOL1	SNTG2
cluster_1329	3	KDM1A	MYC	SPICE1
cluster_1330	3	KDM8	NUBP2	NUBPL
cluster_1331	3	KIF3C	MCC	SLTM
cluster_1332	3	KIFAP3	NCF1	NCF2
cluster_1333	3	KLHL12	KLHL24	ZBTB4
cluster_1334	3	KLHL12	TBC1D10C	TTBK2
cluster_1335	3	KLHL40	MCM10	ZNF451
cluster_1336	3	KLHL8	PPM1F	TP53I13
cluster_1337	3	KLRK1	PDE4C	SRI
cluster_1338	3	KPNA2	KPNA6	RNMT
cluster_1339	3	KPNA2	NFATC2IP	NMNAT1
cluster_1340	3	KPNA4	MTA1	RBBP4
cluster_1341	3	KPRP	NPBWR2	RBP3
cluster_1342	3	KRT35	SLC43A2	TAPBPL
cluster_1343	3	KRT4	KRT6B	TUBGCP4
cluster_1344	3	KRT75	TJAP1	ZWINT
cluster_1345	3	KRT8	NEK6	PLEKHA7
cluster_1346	3	KRTAP12-1	NEU4	PDIA2
cluster_1347	3	KRTAP6-1	OSR2	PDIA2
cluster_1348	3	KRTAP6-3	NODAL	RHBDL1
cluster_1349	3	KRTAP8-1	NKX2-5	TBX18
cluster_1350	3	KRTAP9-3	NPDC1	SLC25A18
cluster_1351	3	KTN1	SLC1A1	SYNPR
cluster_1352	3	KTN1	SLC52A1	TMEM179B
cluster_1353	3	KYNU	PIP4K2B	PRPF3
cluster_1354	3	L3MBTL2	MEAF6	THAP11
cluster_1355	3	LAMTOR2	LAMTOR3	TFE3
cluster_1356	3	LANCL2	RAD51AP1	SIAH1
cluster_1357	3	LAP3	PIK3R3	PLAAT4
cluster_1358	3	LAPTM4A	MRPL41	TMED8
cluster_1359	3	LARP1B	MRPL28	UPP2
cluster_1360	3	LARP4B	MKRN2	RACK1
cluster_1361	3	LAT	NDUFAF2	PRR4
cluster_1362	3	LATS1	OSTF1	RP2
cluster_1363	3	LBX1	TBCEL	WNK3
cluster_1364	3	LCA5	SLC41A3	SUFU
cluster_1365	3	LCK	LCOR	RORB
cluster_1366	3	LEMD1	REEP4	RTP4
cluster_1367	3	LEMD3	SMAD1	SMAD4
cluster_1368	3	LEO1	PAF1	TCEA3
cluster_1369	3	LEPROTL1	LMBR1	TGFA
cluster_1370	3	LGALS8	MID2	RLN1
cluster_1371	3	LGALS8	SMAD5	WBP2
cluster_1372	3	LGALS9C	QARS1	SHLD1
cluster_1373	3	LHB	NTM	QRFPR
cluster_1374	3	LHFPL3	NT5E	RNF24
cluster_1375	3	LHFPL3	PIGP	PTPN1
cluster_1376	3	LHX3	NUDT22	RHBDF1
cluster_1377	3	LIME1	PNPO	SEC22C
cluster_1378	3	LIN52	MAGEA6	SON
cluster_1379	3	LIPE	TSGA10IP	TTC23L
cluster_1380	3	LMCD1	RAB3B	RABIF
cluster_1381	3	LMO1	NDUFA7	PXN
cluster_1382	3	LMO2	MSN	ZNF185
cluster_1383	3	LPAR3	TFEC	TMEM70
cluster_1384	3	LPAR6	MCOLN1	SEC22A
cluster_1385	3	LPAR6	SLC22A1	SMIM3
cluster_1386	3	LPCAT2	NSDHL	RHBDD1
cluster_1387	3	LRATD2	PILRA	UROD
cluster_1388	3	LRATD2	TAX1BP1	TRIM45
cluster_1389	3	LRMDA	PPP3R2	RAB32
cluster_1390	3	LRRTM2	PIP4P2	TNF
cluster_1391	3	LRRTM2	SLC17A8	TMEM120B
cluster_1392	3	LSM5	OSBPL2	SNRPF
cluster_1393	3	LSS	SFRP1	TMEM86B
cluster_1394	3	LTC4S	SLC7A14	VKORC1
cluster_1395	3	LUC7L	PRPF38A	SRSF7
cluster_1396	3	LYAR	RP9	SREK1IP1
cluster_1397	3	LZTFL1	PSMA1	PSMA2
cluster_1398	3	LZTS1	RHPN1	TXNDC9
cluster_1399	3	M1AP	UBL3	ZNF740
cluster_1400	3	MACROH2A1	TRIM26	ZNF622
cluster_1401	3	MAD1L1	TRIM29	TSC22D3
cluster_1402	3	MAD2L2	PPM1B	PRR5L
cluster_1403	3	MAFG	MAFK	NFE2L2
cluster_1404	3	MAGEA1	MED21	MIEF1
cluster_1405	3	MAGEA3	SF3B5	STAMBPL1
cluster_1406	3	MAGEA4	PUDP	TSPYL1
cluster_1407	3	MAGI2	PDZD11	PLEKHA5
cluster_1408	3	MAGOHB	SPATA6	ZFYVE1
cluster_1409	3	MAP1LC3B	PRKCI	SQSTM1
cluster_1410	3	MAP2K5	MAPK7	ZKSCAN1
cluster_1411	3	MAP3K14	PDZD4	TRAF3
cluster_1412	3	MAPK8IP3	RAD51D	XRCC2
cluster_1413	3	MAPRE1	PQBP1	ZNF653
cluster_1414	3	MAPRE3	POU4F1	PSRC1
cluster_1415	3	MARCHF7	RNF138	UBE2K
cluster_1416	3	MARK4	MED18	MED20
cluster_1417	3	MAT1A	MAT2A	PRC1
cluster_1418	3	MAT2B	PLA2G6	RCBTB2
cluster_1419	3	MBD2	NABP1	PURB
cluster_1420	3	MBD3	PDGFA	TBC1D19
cluster_1421	3	MBD3L2	RAP2A	RUNDC3A
cluster_1422	3	MBD5	SS18L2	YY1AP1
cluster_1423	3	MCFD2	P2RY6	SYS1
cluster_1424	3	MCIDAS	ZBTB24	ZNF79
cluster_1425	3	MCM10	MGAT3	UBAC1
cluster_1426	3	MED12L	SPAG11B	TTC23
cluster_1427	3	MED22	TEX9	TXNDC9
cluster_1428	3	MED28	MED30	MIIP
cluster_1429	3	MED31	NAF1	SNX33
cluster_1430	3	METAP1	NBR1	SYT4
cluster_1431	3	METAP1	PLEKHG4	SETD5
cluster_1432	3	METTL1	RABGGTB	WDR4
cluster_1433	3	METTL17	NUTM1	SAMD4A
cluster_1434	3	METTL27	SEC23B	SNRPC
cluster_1435	3	MGAM	SLC18A1	SLC35G1
cluster_1436	3	MIIP	TPRX1	USHBP1
cluster_1437	3	MINDY3	TRIM49	TRIM49C
cluster_1438	3	MIS18A	STX17	TEDC2
cluster_1439	3	MISP	NUDT22	RUSC1
cluster_1440	3	MITD1	TTC33	ZFYVE19
cluster_1441	3	MKKS	MPST	ZBED1
cluster_1442	3	MKRN2	POLR2E	UBE2D4
cluster_1443	3	MLKL	NANOS2	S100A10
cluster_1444	3	MLLT1	RBFA	YIF1A
cluster_1445	3	MLLT6	SELENOV	ZMYND19
cluster_1446	3	MLPH	RAB27B	RPH3A
cluster_1447	3	MMD2	PAQR5	SGPL1
cluster_1448	3	MOB1B	SAV1	STK3
cluster_1449	3	MOG	STRIT1	TSPAN15
cluster_1450	3	MPPED1	TIE1	ZRANB1
cluster_1451	3	MRAP2	PTPRN	TMEM80
cluster_1452	3	MRM3	MTERF3	ZFPL1
cluster_1453	3	MRPL1	THAP11	VPS52
cluster_1454	3	MRPL15	U2AF2	ZNF57
cluster_1455	3	MRPS6	STAC	STAT5B
cluster_1456	3	MS4A3	SLC22A14	SLC5A4
cluster_1457	3	MS4A6E	SLC26A5	UBE2J1
cluster_1458	3	MSGN1	OST4	ZWINT
cluster_1459	3	MSX1	NKX2-5	RBPMS
cluster_1460	3	MSX2	POU2F2	SMAP2
cluster_1461	3	MTG1	STX2	STXBP5L
cluster_1462	3	MTIF3	TUFM	VEZT
cluster_1463	3	MTMR6	MTMR7	MTMR9
cluster_1464	3	MVP	NRF1	TESMIN
cluster_1465	3	MVP	TOLLIP	TOM1L1
cluster_1466	3	MYL10	USP7	ZNF76
cluster_1467	3	MYL6	NUDT21	S100PBP
cluster_1468	3	MYL6B	ROPN1L	SPA17
cluster_1469	3	MYO1B	RPLP1	SUOX
cluster_1470	3	MYO5B	RAB11A	RAB25
cluster_1471	3	MYOM1	PDE4DIP	ZKSCAN3
cluster_1472	3	NAALAD2	SPCS1	TMEM74
cluster_1473	3	NAMPT	PTCD2	USP49
cluster_1474	3	NAP1L1	NAP1L2	NAP1L5
cluster_1475	3	NAPB	SIGLEC5	STX19
cluster_1476	3	NAT8L	PEX19	PEX26
cluster_1477	3	NCBP1	NINL	RNF40
cluster_1478	3	NCKIPSD	PKP2	SPTA1
cluster_1479	3	NCKIPSD	RBM22	RBP7
cluster_1480	3	NDFIP1	NDFIP2	UQCRH
cluster_1481	3	NDRG4	SGK1	THAP4
cluster_1482	3	NDUFA3	SIGLEC5	SLC7A8
cluster_1483	3	NDUFA5	NDUFS3	TTR
cluster_1484	3	NDUFAF1	PNLIPRP1	TSPAN8
cluster_1485	3	NDUFAF3	NDUFAF4	RNF146
cluster_1486	3	NEDD4	SMAD3	WWP1
cluster_1487	3	NELFB	NELFCD	NELFE
cluster_1488	3	NEU1	SLC39A9	VMP1
cluster_1489	3	NEXN	ZNF250	ZNF57
cluster_1490	3	NFIL3	PIH1D2	PRMT3
cluster_1491	3	NGLY1	NPAS2	TRAFD1
cluster_1492	3	NGRN	RFC2	YOD1
cluster_1493	3	NHSL2	YWHAG	YWHAH
cluster_1494	3	NIF3L1	NUDT14	PPIH
cluster_1495	3	NKX3-1	RHOXF2	ZNF683
cluster_1496	3	NME1	PPP1R1C	TNPO3
cluster_1497	3	NOTCH2NLA	TMEFF2	TMEM150A
cluster_1498	3	NPM1	NPM2	PLEKHF1
cluster_1499	3	NR1H4	RARG	RXRB
cluster_1500	3	NR2C1	PPARG	RARA
cluster_1501	3	NRAS	RAF1	RGL3
cluster_1502	3	NSG1	OXSR1	RELL2
cluster_1503	3	NSG1	SLC23A2	TMEM207
cluster_1504	3	NUDT10	RNF168	TRIM8
cluster_1505	3	NUP62CL	SEZ6L2	TOX3
cluster_1506	3	NUTF2	PFKP	PHF11
cluster_1507	3	NUTF2	TEX35	THAP3
cluster_1508	3	NXF2	NXF2B	NXT2
cluster_1509	3	NYX	RBMX	RBMY1E
cluster_1510	3	OBI1	PNKP	SNX2
cluster_1511	3	ODF2	SERPINB9	TRAF5
cluster_1512	3	OGT	SAP30BP	SCAI
cluster_1513	3	ORC2	PDCD5	RAD18
cluster_1514	3	PACC1	PLLP	TIGIT
cluster_1515	3	PADI4	PPP1R26	TRIB3
cluster_1516	3	PAX6	SAE1	UBE2F
cluster_1517	3	PCGF5	PCGF6	RING1
cluster_1518	3	PCYT1B	SCGB1A1	TMEM43
cluster_1519	3	PDCD6	TFG	VPS37C
cluster_1520	3	PDE4A	PFKFB1	PFKFB3
cluster_1521	3	PDE9A	PHYHIPL	SULT1E1
cluster_1522	3	PEG10	RTL8A	RTL8B
cluster_1523	3	PEX5	PSAP	SCRN2
cluster_1524	3	PGAP2	TMEM9	TSPO
cluster_1525	3	PGPEP1	RNF126	UBE2E3
cluster_1526	3	PHC3	SERF2	TENT5A
cluster_1527	3	PHKA2	PHKB	PHKG2
cluster_1528	3	PIBF1	TNFAIP3	ZFC3H1
cluster_1529	3	PIK3R3	SPATA32	ZBTB18
cluster_1530	3	PINX1	PTPN11	TLK1
cluster_1531	3	PKIA	PRC1	PRKACB
cluster_1532	3	PKN1	SYCE3	UBR2
cluster_1533	3	PLA2G2F	TMBIM4	VENTX
cluster_1534	3	PLK3	RAD52	RDM1
cluster_1535	3	PMM1	RAB6A	RAB6B
cluster_1536	3	POF1B	SYT17	ZNF597
cluster_1537	3	POLR3C	POLR3G	POLR3GL
cluster_1538	3	POP5	RPP14	RPP30
cluster_1539	3	POU2F1	PPIP5K2	ZMYM6
cluster_1540	3	PPP1R15B	RCAN3	TRIM23
cluster_1541	3	PRDM16	RIOK2	TEX10
cluster_1542	3	PRKAA2	STAC2	USH1C
cluster_1543	3	PRKAB2	RHEBL1	TCF19
cluster_1544	3	PRKAR1B	PSMG1	UACA
cluster_1545	3	PRKRA	STAU1	TARBP2
cluster_1546	3	PRND	RELL1	TREX1
cluster_1547	3	PSMA3	PSMA6	PSMD3
cluster_1548	3	PSMC1	PSMC2	PSMD2
cluster_1549	3	PSMC4	PSMC5	RARB
cluster_1550	3	PSMC5	RORC	SKA1
cluster_1551	3	PSMD4	RAD23B	RSC1A1
cluster_1552	3	PTPN5	SLC26A6	TMEM201
cluster_1553	3	PTTG1IP	SGCB	SGCZ
cluster_1554	3	PYCR1	RBM45	TNPO2
cluster_1555	3	QARS1	RNF11	SP7
cluster_1556	3	RAB11A	RAB11FIP2	YWHAE
cluster_1557	3	RAB2B	RAB3C	VRTN
cluster_1558	3	RAB2B	TBX19	TXNDC11
cluster_1559	3	RAB6B	RAP1GDS1	RAP2C
cluster_1560	3	RACGAP1	RILPL1	TRAF3IP3
cluster_1561	3	RAD23A	TRIM55	ZFAND6
cluster_1562	3	RAN	TRA2A	XPOT
cluster_1563	3	RBM10	SF3B2	SF3B4
cluster_1564	3	RCAN3	TP53INP1	UNC119
cluster_1565	3	RECK	SPSB2	ZNF704
cluster_1566	3	REEP4	SQLE	TIMM22
cluster_1567	3	REEP6	SNX15	WIPI2
cluster_1568	3	REL	TSC22D3	WNK3
cluster_1569	3	REP15	SRSF5	ZRSR2
cluster_1570	3	REPIN1	SET	SGO2
cluster_1571	3	RGL3	RIT1	RIT2
cluster_1572	3	RGS17	RPL10A	STUB1
cluster_1573	3	RGS8	TMSB4X	UHMK1
cluster_1574	3	RHBDL2	SLC35B4	TYROBP
cluster_1575	3	RHCG	SLC10A2	UPK1B
cluster_1576	3	RMDN2	VAPA	VAPB
cluster_1577	3	RMDN3	SLC13A3	VKORC1
cluster_1578	3	RNASEK	SERF1A	TMEM222
cluster_1579	3	RNF185	SLC17A8	YIPF6
cluster_1580	3	RNF25	UBE2D1	UBE2D3
cluster_1581	3	RPRM	SNX12	SNX3
cluster_1582	3	RPS21	TGS1	ZNF76
cluster_1583	3	RSPO2	SLC39A7	WFDC12
cluster_1584	3	RSRC2	SAMD4B	USP53
cluster_1585	3	RTN3	RTN4	SLC30A3
cluster_1586	3	RWDD4	ZNF330	ZNF460
cluster_1587	3	RYBP	XAGE1A	XAGE1B
cluster_1588	3	S100A13	S100A14	S100A16
cluster_1589	3	SCMH1	SFMBT2	SLF2
cluster_1590	3	SCN5A	TRIM45	ZMYND19
cluster_1591	3	SEC11C	TMEM207	TREX1
cluster_1592	3	SEPHS1	SSX2IP	ZNF202
cluster_1593	3	SEPHS1	ZBTB25	ZNF276
cluster_1594	3	SETDB1	TIE1	TRIP6
cluster_1595	3	SH3GLB1	SH3GLB2	TPD52L2
cluster_1596	3	SIPA1L2	TCEANC	ZKSCAN7
cluster_1597	3	SLC39A3	SPCS1	YIPF2
cluster_1598	3	SMYD1	SNX11	UTP14A
cluster_1599	3	SNAPC1	SNAPC3	SNRNP35
cluster_1600	3	SNRPA	SNRPA1	TRIR
cluster_1601	3	SUMO1	UBA2	ZCCHC7
cluster_1602	3	SVIP	UBXN10	UBXN6
cluster_1603	3	SWSAP1	UQCRB	ZSWIM7
cluster_1604	3	SYT9	TMBIM6	TMUB1
cluster_1605	3	SYTL5	YIF1A	YIPF5
cluster_1606	3	TAF6L	TAF9	TAF9B
cluster_1607	3	TBX5	WBP1	ZMYND10
cluster_1608	3	TCP11L1	TEAD1	WWTR1
cluster_1609	3	TEP1	UBAP2	WRAP53
cluster_1610	3	TFF1	UBQLN1	UBXN4
cluster_1611	3	THAP4	TPD52	TPD52L1
cluster_1612	3	TIMM17B	TIMM23	TMEM88
cluster_1613	3	TMC6	ZBTB18	ZBTB2
cluster_1614	3	TMOD4	TTC32	TXN2
cluster_1615	3	TNNC1	TNNI1	TNNT1
cluster_1616	3	TOLLIP	TOM1L2	TTC9C
cluster_1617	3	TRAPPC1	TRAPPC3	TRAPPC5
cluster_1618	3	TRIM31	TRIM5	UBE2K
cluster_1619	3	TRIM59	UBE2J2	UBE2W
cluster_1620	3	USP12	USP46	WDR20
cluster_1621	3	VPS26A	VPS26B	VPS35
cluster_1622	3	ZBTB47	ZNF16	ZNF394
cluster_1623	3	ZNF212	ZNF398	ZNF783
cluster_1624	3	ZNF24	ZNF396	ZSCAN23
cluster_1625	3	ZNF396	ZNF483	ZSCAN21
cluster_1626	17	CYSRT1	GNE	GRN	HOXA1	KLHL38	KRTAP1-1	KRTAP10-5	KRTAP12-3	KRTAP13-2	KRTAP26-1	KRTAP4-4	KRTAP4-5	KRTAP9-2	NBPF19	NOTCH2NLA	OTX1	VGLL3
cluster_1627	24	ADAM12	ADAMTSL4	CYSRT1	GUCD1	HOXA1	KRTAP1-1	KRTAP1-5	KRTAP10-8	KRTAP10-9	KRTAP4-2	KRTAP5-6	KRTAP5-7	KRTAP9-2	KRTAP9-8	LCE1C	LCE2A	LCE2B	LCE2D	PCSK5	SMCP	SPRY1	TRIM42	TSPAN4	VASN
cluster_1628	8	KRTAP1-1	KRTAP10-1	KRTAP10-11	KRTAP10-5	KRTAP4-12	KRTAP9-2	KRTAP9-8	PRKAG1
cluster_1629	15	CRCT1	KRTAP1-3	KRTAP9-2	LCE1A	LCE1C	LCE1F	LCE2C	LCE2D	LCE4A	LCE5A	LELP1	RGS17	SLC39A7	SMCP	SPRY3
cluster_1630	7	PPP1R37	PRR3	RBMY1A1	RBMY1E	RBMY1F	RBMY1J	ZNF317
cluster_1631	7	S100A1	S100A2	S100A3	S100A4	S100B	S100P	S100Z
cluster_1632	17	GLRX3	KRTAP10-1	KRTAP10-5	KRTAP10-8	KRTAP10-9	KRTAP12-3	KRTAP4-11	KRTAP4-12	KRTAP4-4	KRTAP4-5	KRTAP5-11	KRTAP5-3	KRTAP5-6	KRTAP5-9	KRTAP9-2	KRTAP9-3	KRTAP9-8
cluster_1633	12	ADAMTSL4	CRCT1	ITGB4	KRTAP1-5	KRTAP4-2	LCE1A	LCE1C	LCE2B	LCE5A	PLSCR4	TRIM42	TSPAN4
cluster_1634	6	AGPAT3	AQP6	CREB3L1	HSD17B13	TMEM14B	TMX2
cluster_1635	6	AQP6	EBP	GPR152	SCAMP4	SLC10A1	SLC10A6
cluster_1636	6	CDKN2AIPNL	CTAG1A	CTAG1B	LAMTOR1	POLM	STRA8
cluster_1637	6	CYSRT1	HOXA1	NUFIP2	OTX1	VGLL3	YPEL3
cluster_1638	6	EFEMP1	LCE1C	LCE2C	LCE3A	LCE3D	NR4A3
cluster_1639	6	KRTAP15-1	KRTAP19-5	KRTAP19-7	KRTAP6-1	KRTAP6-2	VAC14
cluster_1640	5	AQP6	CD79A	CREB3L1	SLC16A13	TMEM14B
cluster_1641	5	AQP6	DNAJC30	EBP	FAM209A	GPX8
cluster_1642	5	CAMK2A	CAMK2D	CAMK2G	HYAL3	KRTAP19-3
cluster_1643	5	CCDC136	GOLGA6L9	MTUS2	ZFP1	ZNF329
cluster_1644	5	CD79A	CREB3L1	EBP	GPR152	LTC4S
cluster_1645	5	CLDN7	CLN6	FNDC9	PGAP2	TMPRSS2
cluster_1646	5	CNKSR1	CYTH1	CYTH2	CYTH3	IPCEF1
cluster_1647	5	ECM1	GRN	KRTAP5-3	KRTAP9-3	LCE2A
cluster_1648	5	FAM25A	FAM25C	FAM25G	MIEF2	PPIF
cluster_1649	5	FATE1	LRRC25	PKMYT1	PRRG2	TMEM201
cluster_1650	5	FTSJ3	LRRC45	PHLDA2	SSX2	SSX2B
cluster_1651	5	KRTAP10-1	KRTAP4-12	KRTAP5-1	KRTAP5-3	KRTAP5-6
cluster_1652	5	LGALS7	LGALS7B	SSBP1	TAB1	TGM5
cluster_1653	5	RHOXF2	RNF4	TFG	UBE2I	ZC3H10
cluster_1654	5	SCAND1	TMEM95	ZNF174	ZNF396	ZSCAN32
cluster_1655	5	ZNF121	ZNF408	ZNF473	ZNF497	ZNF837
cluster_1656	8	AQP6	CD79A	CYB561	EBP	ERGIC3	GPR152	GPX8	TMEM14B
cluster_1657	8	ARL13B	CREB3L1	EBP	ERGIC3	FAM209A	PMP22	SCN3B	TMEM14B
cluster_1658	7	AQP6	ARL13B	CREB3L1	EBP	HSD17B13	PTPN9	TMX2
cluster_1659	7	KRTAP15-1	KRTAP19-6	KRTAP19-7	KRTAP6-1	KRTAP6-2	KRTAP6-3	MGAT5B
cluster_1660	11	ADAMTSL4	CHRD	CREB5	GNE	KRTAP19-2	KRTAP4-12	KRTAP9-3	LCE2D	OTX1	POU4F2	VGLL3
cluster_1661	20	ATG9A	CYSRT1	GNE	HOXA1	KRTAP10-1	KRTAP10-11	KRTAP12-3	KRTAP13-3	KRTAP5-11	KRTAP5-6	KRTAP9-2	KRTAP9-3	NBPF19	NOTCH2NLA	OTX1	PCSK5	POU4F2	R3HDM2	SLIT1	ZNF414
cluster_1662	9	AQP1	KRTAP1-5	KRTAP4-2	KRTAP4-4	KRTAP9-8	LCE1A	RGS17	SPRY3	TRIM42
cluster_1663	25	ADAMTSL4	CYSRT1	FAM90A1	HOXA1	KRTAP1-1	KRTAP1-3	KRTAP10-10	KRTAP10-11	KRTAP10-5	KRTAP10-7	KRTAP10-8	KRTAP10-9	KRTAP12-3	KRTAP2-3	KRTAP2-4	KRTAP4-11	KRTAP5-7	KRTAP5-9	NBPF19	NOTCH2NLA	SCNM1	SPRY1	VWC2	ZNF417	ZNF587
cluster_1664	8	ABHD16A	AQP6	EBP	ERGIC3	GPR152	HSD17B13	RETREG3	TMEM14B
cluster_1665	8	ADARB1	EIF2AK2	NKRF	PNPT1	PRKRA	STAU1	STRBP	ZNF346
cluster_1666	8	CATSPER1	LCE1C	LCE2B	LCE4A	LCE5A	MAPKBP1	PLSCR3	SMCP
cluster_1667	8	CERCAM	CREB5	CYSRT1	HOXA1	KRTAP26-1	OTX1	POU4F2	VGLL3
cluster_1668	8	HBA1	HBA2	HBB	HBD	HBE1	HBG2	HBQ1	RFESD
cluster_1669	6	ALPP	GEMIN4	KRTAP2-3	KRTAP2-4	KRTAP9-2	SPRY1
cluster_1670	6	AQP6	RETREG3	SCN3B	SFT2D1	TMEM14B	TMX2
cluster_1671	6	CRCT1	CYP21A2	EFNA3	LCE2B	LCE2C	LCE2D
cluster_1672	6	EBP	ELOVL4	IER3IP1	SCN3B	TMEM14B	TMX2
cluster_1673	6	FAM161A	KRTAP10-8	KRTAP2-3	KRTAP2-4	KRTAP5-7	KRTAP5-9
cluster_1674	6	FOXD2	HOXC9	KRTAP15-1	KRTAP19-7	KRTAP6-2	KRTAP6-3
cluster_1675	6	KRTAP1-1	KRTAP1-3	KRTAP5-9	NBPF19	NOTCH2NLA	PSMA1
cluster_1676	6	SCAND1	ZKSCAN7	ZNF174	ZNF263	ZSCAN18	ZSCAN32
cluster_1677	7	AQP6	FAM209A	HSD17B13	SCN3B	TMEM120A	TMEM14B	TMX2
cluster_1678	7	AQP6	FXYD6-FXYD2	GPR152	SLC10A1	SLC10A6	TMEM14B	TMX2
cluster_1679	7	KRTAP1-3	KRTAP10-9	KRTAP5-9	KRTAP9-8	SLC15A3	TRIM42	YIPF3
cluster_1680	8	AQP6	CD79A	EBP	ERGIC3	SLC10A6	STX12	TMEM14B	TMX2
cluster_1681	8	CHRD	INCA1	KRTAP5-6	KRTAP9-3	PCSK5	R3HDM2	SHFL	SPRY1
cluster_1682	5	ADNP2	CBX3	CBX5	PRR14	ZNF280D
cluster_1683	5	ANKRD10	PITX1	STH	TLX3	ZIC1
cluster_1684	5	AQP6	ATP6V0C	CD79A	GPR152	HSD17B13
cluster_1685	5	AQP6	CD79A	CYB561A3	GPR152	GPX8
cluster_1686	5	AQP6	EBP	LEMD1	RETREG3	SCN3B
cluster_1687	5	BRMS1L	CEP70	ZFP91	ZSCAN21	ZSCAN23
cluster_1688	5	CAND2	MRRF	PTCD1	SYP	WIPI2
cluster_1689	5	ESCO2	FXR1	FXR2	PRAM1	UBAP2L
cluster_1690	5	FADS6	GOLT1B	INPP5K	NUDT9	PBX3
cluster_1691	5	FBXO34	HOXA9	KRTAP10-11	KRTAP9-3	VASN
cluster_1692	5	GOLGA8K	KRCC1	NKAPD1	NKAPL	SREK1IP1
cluster_1693	5	KRTAP10-8	KRTAP10-9	KRTAP2-3	KRTAP2-4	ZNF165
cluster_1694	5	ZNF396	ZNF446	ZNF483	ZSCAN30	ZSCAN32
cluster_1695	4	AAGAB	AP1G1	AP1S3	AP2S1
cluster_1696	4	AASDHPPT	CRX	LGALS3	M1AP
cluster_1697	4	AATK	BCL2L14	SZT2	TEPSIN
cluster_1698	4	ABHD11	PITX1	VENTX	ZIC1
cluster_1699	4	ABI3	HOMER2	MED29	WASF1
cluster_1700	4	ABL1	GJA8	GPR108	SLC16A3
cluster_1701	4	ABL1	GJA8	SLC8A3	TWSG1
cluster_1702	4	ABL2	ARHGAP17	SH3BP1	TRIP10
cluster_1703	4	ABLIM3	IKZF3	NOS3	ZMYM2
cluster_1704	4	ACER1	ACER2	DNPEP	MPP1
cluster_1705	4	ACMSD	CCDC42	TIMM13	USHBP1
cluster_1706	4	ACMSD	COA7	GPSM3	RIPK4
cluster_1707	4	ACOT11	CYB5R2	ISCA2	SUOX
cluster_1708	4	ACOT12	CREBRF	NAA11	TOM1
cluster_1709	4	ACSF2	ARL6IP1	MIEF2	TMEM258
cluster_1710	4	ACSL5	GDE1	SLC10A1	SLC7A3
cluster_1711	4	ACSL5	SFXN1	SLC16A7	TIMM23
cluster_1712	4	ACTL9	NFIX	QRICH1	SMAP1
cluster_1713	4	ACTMAP	CYSRT1	SMUG1	ZNF34
cluster_1714	4	ACTMAP	DTX2	KRTAP7-1	ZNF34
cluster_1715	4	ACTMAP	FAM168B	HSF4	INTS11
cluster_1716	4	ACTMAP	FAM168B	POGZ	TSC1
cluster_1717	4	ACTMAP	FAM168B	WDR25	ZNF34
cluster_1718	4	ACTMAP	INTS11	PROP1	SMUG1
cluster_1719	4	ACTN1	ACTN4	MICALL2	SYNPO2L
cluster_1720	4	ACTN3	DDAH2	MYOT	PCCB
cluster_1721	4	ADAM33	SEC11A	SLC4A1	STOML3
cluster_1722	4	ADAMTS12	CGN	INSYN2A	TP53BP2
cluster_1723	4	ADAMTSL5	FHL5	TUSC2	ZNF766
cluster_1724	4	ADAT2	CMPK1	SGTB	SIL1
cluster_1725	4	ADAT2	GINS3	HES6	SMARCD1
cluster_1726	4	ADGRF5	CABP2	COA6	MXRA8
cluster_1727	4	ADGRG3	DYSF	MYADM	PLP1
cluster_1728	4	ADPRS	CLCN1	PRDM5	VIPR1
cluster_1729	4	AEBP2	KMT5B	TSPYL2	ZNF687
cluster_1730	4	AFAP1L1	GADD45G	NMB	RRP7A
cluster_1731	4	AFAP1L1	GADD45G	RWDD2B	ZNF763
cluster_1732	4	AGA	COA5	CYP21A2	KRTAP1-3
cluster_1733	4	AGAP1	C1QC	WDR83OS	ZNF534
cluster_1734	4	AGPAT4	BNIP1	JAGN1	OTULINL
cluster_1735	4	AGPAT4	CYP4F2	LEPROTL1	SFXN3
cluster_1736	4	AGPAT4	MS4A1	SLC35H1	TPRG1
cluster_1737	4	AGPAT5	CREB3L1	SCN3B	TMX2
cluster_1738	4	AGPS	GORASP1	SCRN1	ZNF25
cluster_1739	4	AGR2	BORCS8	CPNE6	CYB5R2
cluster_1740	4	AGR2	CDKN2AIPNL	NSD1	PHC3
cluster_1741	4	AGTRAP	CLDN7	CMTM5	FNDC9
cluster_1742	4	AGTRAP	CMTM5	ELOVL4	RETREG3
cluster_1743	4	AGTRAP	HSFX1	HSFX2	STARD4
cluster_1744	4	AHSP	PSMB1	PYCR3	TTC33
cluster_1745	4	AIF1L	PLB1	TSEN15	ZNF554
cluster_1746	4	AIG1	ASGR2	PLN	VAMP5
cluster_1747	4	AIG1	LIME1	TMEM243	TMEM97
cluster_1748	4	AIMP1	OPTN	RBM12	TBC1D15
cluster_1749	4	AKAP14	AKAP7	PRKACA	PRKAR1B
cluster_1750	4	AKAP17A	CLK4	RBMX2	SRRM4
cluster_1751	4	AKAP17A	LGALS2	PRPF38A	SDCBP2
cluster_1752	4	AKAP17A	PAICS	TLK2	UBE2I
cluster_1753	4	AKAP17A	THAP1	VCX2	ZCCHC10
cluster_1754	4	AKIRIN2	HNRNPF	IQCE	MRPL17
cluster_1755	4	AKT2	FGD1	SH3RF1	XIRP1
cluster_1756	4	AKTIP	FGF16	HOOK2	PKP1
cluster_1757	4	ALAS1	GRXCR1	RTL8B	TMSB10
cluster_1758	4	ALAS1	MTSS2	SNRPB2	TMSB10
cluster_1759	4	ALDOC	ANKS1A	DAB2IP	TRIM29
cluster_1760	4	ALG3	CLRN2	MARCHF2	SSMEM1
cluster_1761	4	ALG3	RHD	S1PR5	SSMEM1
cluster_1762	4	ALG8	GOLT1B	SAR1A	SNAP47
cluster_1763	4	ALKBH8	DNTTIP1	MFAP1	NGDN
cluster_1764	4	ALOX5	GATC	LCN1	OOEP
cluster_1765	4	ALOXE3	XAGE1A	XAGE1B	YY1
cluster_1766	4	ALPP	CXCL5	IGFBP6	RGS19
cluster_1767	4	AMT	CASP1	CD209	VAC14
cluster_1768	4	ANAPC13	CDC23	GTPBP8	INO80E
cluster_1769	4	ANAPC15	CEP19	SENP3	ZNF420
cluster_1770	4	ANAPC2	BBC3	NR2E3	WDR5
cluster_1771	4	ANK1	EMD	KCNJ8	ZFP57
cluster_1772	4	ANKHD1	COG2	IKBKG	LENG8
cluster_1773	4	ANKRD10	CSTF2	CSTF2T	STH
cluster_1774	4	ANKRD11	CALCA	FOLR3	MTFR1L
cluster_1775	4	ANKRD13C-DT	FLNA	RFLNA	SPANXD
cluster_1776	4	ANKRD29	FERMT3	HLCS	MRPL53
cluster_1777	4	ANKRD45	LHX3	TEX14	ZNF354C
cluster_1778	4	ANKRD46	EFNB1	EFNB2	ST6GALNAC6
cluster_1779	4	ANKRD49	BEND5	HES6	SMARCD1
cluster_1780	4	ANKRD49	ENKD1	SPSB3	STXBP4
cluster_1781	4	ANP32B	KPNA1	KPNA5	KPNA6
cluster_1782	4	ANXA6	IL16	MIER2	RAPGEF2
cluster_1783	4	AOC1	CDA	FOXP3	KRTAP8-1
cluster_1784	4	AOC1	FOXH1	PPP1R37	SERGEF
cluster_1785	4	AOC1	FOXH1	SMAD2	SOX14
cluster_1786	4	AOC3	ARL13B	MUCL1	SPN
cluster_1787	4	AOC3	FETUB	HSD17B13	LPCAT2
cluster_1788	4	AP1B1	AP1G2	CRYBB1	NECAP1
cluster_1789	4	AP1M1	BCAR3	NKAP	ZNF219
cluster_1790	4	AP1M1	MEA1	NKAP	RP9
cluster_1791	4	AP4M1	FNTA	PGGT1B	USP47
cluster_1792	4	APBA2	MAGEB6	ROBO1	SUPV3L1
cluster_1793	4	APBB1	EPC1	KAT5	ZNF692
cluster_1794	4	APBB1IP	MORN5	SPATA46	TLX3
cluster_1795	4	APOA1	CMTM5	MAL2	SUCLA2
cluster_1796	4	APOBEC3C	NPDC1	RBMY1E	RBMY1F
cluster_1797	4	APOC1	GSDMA	MTCH2	RSAD2
cluster_1798	4	APOC3	GPX8	OCLN	SCARB2
cluster_1799	4	APOC4	GSDMA	MAIP1	MICOS10
cluster_1800	4	APP	MUC1	PAQR6	TNFRSF10B
cluster_1801	4	APPL2	ARMC5	GRAP2	PRR35
cluster_1802	4	APPL2	RAB22A	RAB5C	SUV39H2
cluster_1803	4	AQP1	COMP	IL21R	PGPEP1
cluster_1804	4	AQP3	CLSTN3	KCNA5	TMEM107
cluster_1805	4	AQP6	ARL13B	CMTM3	CREB3L1
cluster_1806	4	AQP6	CREB3L1	ERGIC3	SLC35B2
cluster_1807	4	AQP6	CREB3L1	ERMP1	FAM209A
cluster_1808	4	AQP6	ERGIC3	GPX8	VKORC1L1
cluster_1809	4	AQP6	FAM209A	HSD17B13	RPRM
cluster_1810	4	AQP6	HSD17B13	ST6GAL2	TMEM14B
cluster_1811	4	AQP6	SLC10A1	SLC10A6	TMEM234
cluster_1812	4	ARFGAP1	GABARAPL2	NUDT15	SCYL3
cluster_1813	4	ARFIP2	RAC2	RAC3	RND1
cluster_1814	4	ARHGAP22	DEF6	INTS2	PTK2
cluster_1815	4	ARHGAP32	LHX2	OSMR	ZFP42
cluster_1816	4	ARHGAP45	PIBF1	RNF169	ZFC3H1
cluster_1817	4	ARHGAP8	CCDC50	PRR5-ARHGAP8	SH3GL1
cluster_1818	4	ARHGAP9	FLOT1	HAUS8	NME7
cluster_1819	4	ARHGEF10	FHL3	ITGB5	TUBA3E
cluster_1820	4	ARHGEF15	CCBE1	CEP55	PLEKHG6
cluster_1821	4	ARHGEF15	FGD1	SH3RF1	SLC22A5
cluster_1822	4	ARHGEF16	GLRA1	MAGED1	PJA1
cluster_1823	4	ARHGEF16	HNRNPH1	MSI2	RBM38
cluster_1824	4	ARHGEF28	CTAG1B	GTF2I	KIF26A
cluster_1825	4	ARHGEF3	CCM2L	PBX4	PKNOX1
cluster_1826	4	ARHGEF3	CEP70	HIC2	SEC14L1
cluster_1827	4	ARID4B	DYNLT1	KLK15	PTH2R
cluster_1828	4	ARID4B	PIK3R3	SPATA32	TNK2
cluster_1829	4	ARL13B	CLEC4G	CPLX4	FAM209A
cluster_1830	4	ARL13B	CREB3L1	FAM209A	TNMD
cluster_1831	4	ARL13B	FKBP8	SEMA4G	SLC13A3
cluster_1832	4	ARL14EP	CAPN3	KANK2	TIFA
cluster_1833	4	ARL2BP	ARL3	PDE6D	TBL1X
cluster_1834	4	ARL6IP4	ISCA2	RNF41	SRR
cluster_1835	4	ARLN	CCRL2	DEGS1	SLCO3A1
cluster_1836	4	ARMC12	EHHADH	SDR16C5	SYNGR3
cluster_1837	4	ARMC12	HCCS	SDR16C5	SENP2
cluster_1838	4	ARMC12	SCAMP1	SPG21	SYNGR3
cluster_1839	4	ARMC5	MKRN3	TXNDC11	ZFP57
cluster_1840	4	ARMC7	RRP7A	SYF2	VPS37D
cluster_1841	4	ARMCX1	HIC2	ZBTB17	ZBTB8A
cluster_1842	4	ARRB2	CBLL2	MAPK9	MED12L
cluster_1843	4	ARRDC1	CDIP1	EPN2	THOP1
cluster_1844	4	ART5	DHRSX	EI24	PGRMC2
cluster_1845	4	ASCC2	FERMT3	NINL	PRPF18
cluster_1846	4	ASGR2	MS4A13	STX8	TMEM60
cluster_1847	4	ASIC4	B4GALNT2	OTX2	TBCEL
cluster_1848	4	ATF7IP	EHMT2	HIC2	KLF12
cluster_1849	4	ATG16L1	RAB33A	RUFY2	RUFY3
cluster_1850	4	ATG4A	GABARAPL1	RCN2	STRN3
cluster_1851	4	ATG4B	MAP1LC3C	TBC1D25	TP53INP1
cluster_1852	4	ATM	ESRRG	NRIP1	SHTN1
cluster_1853	4	ATOH7	NEUROD4	SPO11	TCF4
cluster_1854	4	ATOX1	CPNE4	CPNE8	NECAB1
cluster_1855	4	ATP11B	MSGN1	MYL9	TTC23L
cluster_1856	4	ATP13A1	EMC6	GAST	MMD
cluster_1857	4	ATP13A1	EMC6	SLC71A2	TMEM229B
cluster_1858	4	ATP1B3	C2orf74	OPRD1	SMAGP
cluster_1859	4	ATP1B3	CD300E	CTXN3	FUT7
cluster_1860	4	ATP4B	CD300C	GPR42	MGAM
cluster_1861	4	ATP5PO	CCDC136	JMY	ZNF230
cluster_1862	4	ATP6V0D1	SPATA46	TLX3	ZNF44
cluster_1863	4	ATP6V0E1	COL8A2	SYT15	SYT15B
cluster_1864	4	ATP6V1E2	FAM171A1	RASSF10	TNNI3
cluster_1865	4	ATPAF2	CTIF	POLR3F	POLR3H
cluster_1866	4	ATXN1	DAZ2	FOXN4	SOX3
cluster_1867	4	ATXN1L	FAM168A	RBFOX2	ZBTB32
cluster_1868	4	ATXN1L	LARP4B	PICALM	SHISA2
cluster_1869	4	ATXN2L	BOLL	DCANP1	HYAL3
cluster_1870	4	ATXN2L	CH25H	KRTAP12-4	OLIG2
cluster_1871	4	AUTS2	KRTAP6-3	LGALS9	NODAL
cluster_1872	4	AUTS2	KRTAP6-3	PIGS	ZNF79
cluster_1873	4	AXIN2	SCNM1	ZNF417	ZNF587
cluster_1874	4	AZIN2	OAZ3	ODC1	POMC
cluster_1875	4	B4GALNT2	IQGAP1	OR6C1	OTX2
cluster_1876	4	BABAM1	NCOA1	OAS1	TRIM27
cluster_1877	4	BACH2	ENPP7	INSYN2A	SLC43A1
cluster_1878	4	BAG4	BCL6B	FTH1	PYCR3
cluster_1879	4	BAG4	FTH1	HSPA1B	HSPA2
cluster_1880	4	BAK1	BCL2A1	BCL2L10	BCL2L11
cluster_1881	4	BAK1	BCL2L1	G0S2	GNLY
cluster_1882	4	BAK1	BCL2L2	G0S2	SLC39A6
cluster_1883	4	BARD1	KIFC3	KRT5	KRT6C
cluster_1884	4	BBC3	HOXB2	RCHY1	UBASH3B
cluster_1885	4	BBS2	CDC25B	PSME3	RPS27
cluster_1886	4	BBS2	CRNN	LMO4	TEX14
cluster_1887	4	BCAM	CRYGC	RNASE1	TRIM7
cluster_1888	4	BCAP31	CYP4F12	FAM20B	TIMMDC1
cluster_1889	4	BCAS4	DPY30	GPATCH2	TSPY2
cluster_1890	4	BCAT1	ENKD1	SRGAP3	WDR62
cluster_1891	4	BCL10	COG6	DOCK8	TTC7B
cluster_1892	4	BCL2L13	MARCHF8	MTERF3	TMEM14C
cluster_1893	4	BCL6	PPTC7	TP53BP1	ZNHIT1
cluster_1894	4	BCL7B	IQSEC1	KIF27	MAGEA3
cluster_1895	4	BEND2	POU2F1	STOX1	ZMYM6
cluster_1896	4	BEND3	DPY30	GTF2I	RSPH3
cluster_1897	4	BET1	ERG28	SLC26A6	TMEM128
cluster_1898	4	BET1	STX1B	VAMP1	VAMP2
cluster_1899	4	BEX3	HMGB2	KLC3	TSNAX
cluster_1900	4	BIK	ERGIC3	FAM209A	GPX8
cluster_1901	4	BIRC2	NMB	PPM1K	XIAP
cluster_1902	4	BLK	SH2D1B	SOCS3	TDP2
cluster_1903	4	BLOC1S1	SCT	SEMA4C	USHBP1
cluster_1904	4	BLOC1S5	HOXC5	PBX2	PPFIBP1
cluster_1905	4	BMP7	FBXW5	P2RX7	TRIM27
cluster_1906	4	BNC2	LMO1	UHMK1	UTP14A
cluster_1907	4	BNIP1	FAM174A	TM4SF19	TM4SF19-DYNLT2B
cluster_1908	4	BNIP3	BNIP3L	PPTC7	SLC31A2
cluster_1909	4	BOD1L2	CORO1B	LHX4	MRS2
cluster_1910	4	BOD1L2	CRX	NEIL2	SMAP2
cluster_1911	4	BOD1L2	CRX	SOX14	SOX3
cluster_1912	4	BOLA1	BOLA3	GLRX3	NTF4
cluster_1913	4	BOLL	PRR34	SERF2	ZNF385C
cluster_1914	4	BORCS8	DMTN	LRCH2	TEX11
cluster_1915	4	BPIFA1	CRYBA2	CSKMT	KIR2DL4
cluster_1916	4	BRAT1	HDDC3	NMI	TUBA3E
cluster_1917	4	BRAT1	MSGN1	MYL9	ZWINT
cluster_1918	4	BRD1	C8orf33	MCC	ZNF264
cluster_1919	4	BRD1	CEP70	RNF169	ZNF366
cluster_1920	4	BRD3	ERCC3	KPNA3	UVSSA
cluster_1921	4	BRI3	CRHR2	DCBLD2	MALL
cluster_1922	4	BRMS1	KAT7	MCRS1	MIER3
cluster_1923	4	BRPF1	CCNL2	EPAS1	USP20
cluster_1924	4	BRWD1	HDAC7	KLF16	SLC16A3
cluster_1925	4	BSCL2	CMTM7	TMEM222	VAMP3
cluster_1926	4	BSG	HSD3B1	SLC16A13	TMEM160
cluster_1927	4	BTC	DYRK1A	KPRP	RGL2
cluster_1928	4	BTF3L4	CDC5L	NSMCE2	TXLNA
cluster_1929	4	BTG1	GRB2	SH2B1	SPATA2L
cluster_1930	4	BTN2A1	CD300E	CTLA4	CTXN3
cluster_1931	4	BTN2A1	MOG	PI16	STRIT1
cluster_1932	4	BTN2A2	C1GALT1	SLC14A1	SNORC
cluster_1933	4	BTN2A2	CCDC167	SERP2	TMEM179B
cluster_1934	4	BTN2A2	CISD2	SERP2	SNORC
cluster_1935	4	BYSL	EAPP	MCIDAS	PRICKLE1
cluster_1936	4	C10orf55	FOXH1	PITX1	VENTX
cluster_1937	4	C10orf55	ROR2	TBX6	ZC3H10
cluster_1938	4	C14orf39	HPGDS	MT1X	PDE3B
cluster_1939	4	C16orf54	CYBRD1	LPAR3	TMEM70
cluster_1940	4	C16orf74	PLAC8	PPP3CA	PPP3R2
cluster_1941	4	C17orf50	KRTAP10-1	KRTAP10-5	PCSK5
cluster_1942	4	C1D	GATAD2B	SNRPA1	ZGPAT
cluster_1943	4	C1QTNF2	HPCA	KCNIP3	NCALD
cluster_1944	4	C1S	REEP4	TIMM22	TMEM18
cluster_1945	4	C1orf116	CCDC141	HOMER3	LSM14B
cluster_1946	4	C1orf216	CMC2	LRRC61	ODAD1
cluster_1947	4	C1orf35	GOLGA6L9	MTUS2	ZRANB1
cluster_1948	4	C1orf50	CIMIP4	MEOX1	NEIL2
cluster_1949	4	C6orf15	KHDC1	PROP1	PSMB11
cluster_1950	4	C8orf58	CENPH	CENPK	ZNF493
cluster_1951	4	CABP2	COA6	SNAI2	USP6
cluster_1952	4	CACNG1	GAD2	MEST	RDH10
cluster_1953	4	CALCOCO2	CBX8	FAM161A	PRPF18
cluster_1954	4	CALCOCO2	CNNM3	ZNF408	ZNF648
cluster_1955	4	CALM1	CALM2	CALM3	DDIT4L
cluster_1956	4	CAMK2A	GLB1L2	HYAL3	VARS1
cluster_1957	4	CAMLG	KCNA2	RPN1	TXNDC12
cluster_1958	4	CANT1	CLRN1	SLC34A3	TMPRSS4
cluster_1959	4	CAPN15	DAZAP2	LGALS9	MINDY3
cluster_1960	4	CAPN6	RNASEH2B	RPS25	ZBTB14
cluster_1961	4	CARD10	PTGDS	SEMA3B	ZNF613
cluster_1962	4	CARD10	ZNF10	ZNF239	ZNF366
cluster_1963	4	CARD14	TEX19	ZNF260	ZNF648
cluster_1964	4	CASP7	COX6C	KCNA4	SAT1
cluster_1965	4	CASP7	NIF3L1	NUDT14	SULT2A1
cluster_1966	4	CASP8AP2	NAA10	PPP2R3B	TAF7L
cluster_1967	4	CAV3	RBFA	RHEX	SYPL1
cluster_1968	4	CBLB	MAML3	RAB39B	VPS26C
cluster_1969	4	CBLIF	CDS1	DEFB108B	SLC13A4
cluster_1970	4	CBLIF	GLB1	NUCB2	SLC7A1
cluster_1971	4	CBLL2	DPH3	PIH1D2	TBATA
cluster_1972	4	CBS	LOC102724560	ZMYM5	ZNRD2
cluster_1973	4	CBX1	CBX3	CBX5	SUV39H1
cluster_1974	4	CBX4	FHOD1	GRAP	TRIM21
cluster_1975	4	CBX8	CWF19L2	IKZF1	PRPF18
cluster_1976	4	CBY1	CIBAR1	DZIP1L	TNFAIP8L3
cluster_1977	4	CCAR1	MTUS2	SLC25A42	TAF13
cluster_1978	4	CCDC112	CINP	CLUAP1	MMADHC
cluster_1979	4	CCDC121	GCFC2	KIZ	TFIP11
cluster_1980	4	CCDC136	DDX6	GOLGA2	MTUS2
cluster_1981	4	CCDC146	GMNN	SH3BP1	THOC7
cluster_1982	4	CCDC157	EAF2	TCEA2	ZKSCAN8
cluster_1983	4	CCDC187	CCNDBP1	FAM161A	HDAC4
cluster_1984	4	CCDC187	CRACR2B	TSGA10IP	USP2
cluster_1985	4	CCDC187	HDAC4	SSX2IP	TSGA10IP
cluster_1986	4	CCDC187	HOMER3	PPP1R18	USP2
cluster_1987	4	CCDC28B	CDC14B	PRKAB2	RHEBL1
cluster_1988	4	CCDC28B	NRIP3	THAP3	UBL5
cluster_1989	4	CCDC28B	PDE6G	PRKAB2	PRKAG3
cluster_1990	4	CCDC42	CPSF4	LRRC45	MID2
cluster_1991	4	CCDC42	MID2	NCOA4	RLN1
cluster_1992	4	CCDC43	OBI1	PNKP	TARBP2
cluster_1993	4	CCDC50	CEP85	DNTTIP2	RNF8
cluster_1994	4	CCDC59	MAGEA8	ZNF221	ZNF224
cluster_1995	4	CCDC68	DDX25	GCFC2	TFIP11
cluster_1996	4	CCDC68	DNAJA2	DYNLT1	PTH2R
cluster_1997	4	CCDC83	FAM161B	TRIM15	TSNAXIP1
cluster_1998	4	CCDC87	CDR2	MKKS	OAZ2
cluster_1999	4	CCDC92	DAPL1	FHL2	IFI35
