cluster_0	3	MTSS1	RBCK1	RNF31
cluster_1	3	CHUK	IKBKB	MACROD1
cluster_2	3	RPL11	RPL23	RPL5
cluster_3	3	CTR9	PAF1	WDR61
cluster_4	3	BAZ1A	CHRAC1	SMARCA5
cluster_5	3	EXOSC1	EXOSC4	EXOSC8
cluster_6	5	NDC80	NUF2	SPC24	SPC25	ZWINT
cluster_7	3	FANCD2	FANCI	PLEKHA8
cluster_8	3	CAPZA1	CAPZB	PLEKHO2
cluster_9	3	PIH1D1	URI1	UXT
cluster_10	8	COPS2	COPS3	COPS7A	COPS7B	COPS8	DCAF11	GPS1	LRR1
cluster_11	4	BAG6	GET4	UBL4A	UBL4B
cluster_12	3	ANKRD44	PPP6C	PPP6R1
cluster_13	3	ARCN1	COPA	COPG1
cluster_14	3	MIS12	NSL1	NUF2
cluster_15	3	VPS26A	VPS26B	VPS29
cluster_16	14	EIF3A	EIF3C	EIF3CL	EIF3D	EIF3E	EIF3F	EIF3G	EIF3H	EIF3I	EIF3J	EIF3K	EIF3L	EIF3M	SLC6A16
cluster_17	3	ENAH	EVL	VASP
cluster_18	3	ETF1	GSPT1	GSPT2
cluster_19	3	NUP133	NUP43	NUP85
cluster_20	4	BOP1	PES1	WDR12	WDR55
cluster_21	6	ORC1	ORC2	ORC3	ORC4	ORC5	SNX11
cluster_22	3	C9orf72	SMCR8	WDR41
cluster_23	3	DDX6	LSM14A	PATL1
cluster_24	3	DKC1	NHP2	NOP10
cluster_25	5	IGHMBP2	NELFA	NELFB	NELFCD	NELFE
cluster_26	4	EIF3A	EIF3F	EIF3I	PRRC2B
cluster_27	3	EXOC2	EXOC6	EXOC8
cluster_28	3	MAX	MNT	MXI1
cluster_29	4	ADAM28	POFUT2	RPA1	RPA2
cluster_30	4	POLR3C	POLR3E	POLR3F	POLR3G
cluster_31	3	ASB2	FLNA	FLNB
cluster_32	3	DOT1L	MLLT10	MLLT6
cluster_33	3	GINS1	GINS2	GINS4
cluster_34	6	CCT2	CCT4	CCT7	CCT8	DAZ2	SEC31B
cluster_35	5	LIN37	LIN52	LIN54	LIN9	MYBL1
cluster_36	4	LAS1L	NOL9	PELP1	TEX10
cluster_37	6	CPSF1	CPSF2	CPSF3	CPSF4	FIP1L1	WDR33
cluster_38	4	EIF2B1	EIF2B2	EIF2B3	EIF2B4
cluster_39	3	HOXA3	POT1	TINF2
cluster_40	3	PFDN1	PFDN2	PFDN6
cluster_41	3	POLA1	PRIM1	PRIM2
cluster_42	5	CAB39	CAB39L	STK11	STRADA	STRADB
cluster_43	10	FANCA	FANCB	FANCC	FANCE	FANCF	FANCL	FANCM	HES1	TCP11	UBE2T
cluster_44	8	C1D	EXOSC1	EXOSC2	EXOSC3	EXOSC4	EXOSC8	EXOSC9	ZFC3H1
cluster_45	8	CENPC	MIS12	NSL1	NUF2	PMF1	SPC24	SPC25	ZWINT
cluster_46	3	BLM	RMI1	RMI2
cluster_47	3	DEPDC5	NPRL2	SZT2
cluster_48	3	ECI2	HERC2	NEURL4
cluster_49	3	IRF2BP1	IRF2BP2	IRF2BPL
cluster_50	4	KLC1	KLC2	KLC3	KLC4
cluster_51	8	CLIP1	DYNC1H1	DYNC1I1	DYNC1I2	DYNC1LI1	DYNC1LI2	DYNLRB1	DYNLT1
cluster_52	14	ACTR2	ACTR3	ACTR3B	ARPC1A	ARPC1B	ARPC2	ARPC3	ARPC4	ARPC4-TTLL3	ARPC5	ARPC5L	CHURC1	NFASC	SH3BGRL
cluster_53	10	EMC1	EMC10	EMC2	EMC3	EMC4	EMC6	EMC7	EMC8	EMC9	MMGT1
cluster_54	3	EIF3A	EIF3F	RSPH9
cluster_55	3	KIF5C	KLC1	KLC2
cluster_56	6	KAT2A	SUPT20H	SUPT7L	TADA1	TADA2B	TADA3
cluster_57	15	BTBD1	BTBD2	COPS2	COPS3	COPS4	COPS5	COPS6	COPS7B	COPS8	FBXL14	GPS1	IRF5	KLHL10	LRR1	LRRC14
cluster_58	4	OTULIN	RBCK1	SHARPIN	SPATA2
cluster_59	3	ALKBH3	ASCC1	ASCC3
cluster_60	3	ATG12	ATG5	RAB33B
cluster_61	3	HUS1	MUTYH	RAD1
cluster_62	3	KLHL2	KLHL3	WNK1
cluster_63	3	LLGL1	PARD3	PRKCI
cluster_64	3	MTBP	TICRR	TOPBP1
cluster_65	12	ACTR5	ACTR8	INO80	INO80B	INO80C	INO80D	INO80E	MCRS1	NFRKB	TFPT	UCHL5	YY1
cluster_66	5	KAT2A	SUPT7L	TADA2A	TADA3	TAF5L
cluster_67	4	APLF	CHD1L	PARP1	PARP2
cluster_68	5	CAPRIN1	G3BP1	G3BP2	PRRC2C	UBAP2
cluster_69	11	ARCN1	COPA	COPB1	COPB2	COPE	COPG1	COPG2	COPZ1	COPZ2	OGFOD1	SCYL1
cluster_70	6	PRPF6	PRPF8	SNRNP200	TSSC4	TXNL4A	USP39
cluster_71	11	ASH1L	BRD8	DMAP1	EP400	FOXR1	FOXR2	ING3	MBTD1	MORF4L1	MORF4L2	MRGBP
cluster_72	10	DDX20	GEMIN2	GEMIN4	GEMIN5	GEMIN6	GEMIN7	GEMIN8	NCKIPSD	SMN1	SMN2
cluster_73	3	ARID2	PHF10	SMARCC2
cluster_74	3	ATG101	MAP1LC3C	ULK1
cluster_75	3	CEP350	FGFR1OP	RABL2B
cluster_76	3	CLTB	CLTC	PIK3C2A
cluster_77	3	EIF2B3	EIF2B4	EIF2B5
cluster_78	3	G3BP1	G3BP2	TMEM232
cluster_79	3	KAT8	MSL2	MSL3
cluster_80	3	TAF1A	TAF1C	TAF1D
cluster_81	8	ACTR10	ACTR1A	ACTR1B	DCTN2	DCTN3	DCTN4	DCTN5	DCTN6
cluster_82	16	C1D	DIS3	DIS3L	EXOSC1	EXOSC10	EXOSC2	EXOSC3	EXOSC4	EXOSC6	EXOSC7	EXOSC8	EXOSC9	HBS1L	MPHOSPH6	RBM7	ZCCHC8
cluster_83	27	AKIRIN1	FAM89B	POMP	PSMA1	PSMA2	PSMA3	PSMA4	PSMA5	PSMA6	PSMA7	PSMA8	PSMB1	PSMB10	PSMB2	PSMB3	PSMB4	PSMB5	PSMB6	PSMB7	PSMB8	PSMB9	PSME2	PSME4	PSMF1	PSMG1	PSMG2	ZNF366
cluster_84	37	CCNC	CDK19	CDK8	MED1	MED10	MED11	MED12	MED12L	MED13	MED13L	MED14	MED15	MED16	MED17	MED18	MED19	MED20	MED21	MED22	MED23	MED24	MED25	MED26	MED27	MED28	MED29	MED30	MED31	MED4	MED6	MED7	MED8	MED9	PSMC3IP	SYCE2	TICRR	ZC3H13
cluster_85	4	COBL	COBLL1	PACSIN1	PACSIN2
cluster_86	19	ACTL6A	ACTL6B	ARID2	BRD7	C1orf131	DPF3	FLI1	KLF1	PBRM1	PHF10	SAMD9	SMARCA2	SMARCA4	SMARCB1	SMARCC1	SMARCC2	SMARCD1	SMARCE1	STK11IP
cluster_87	9	ALYREF	DDX39B	LUZP4	SARNP	THOC1	THOC3	THOC5	THOC6	THOC7
cluster_88	7	HEBP2	LAMTOR1	LAMTOR2	LAMTOR3	LAMTOR4	LAMTOR5	SLC38A9
cluster_89	5	CENPC	DSN1	PMF1	SPC24	SPC25
cluster_90	4	TMED10	TMED2	TMED4	TMED7
cluster_91	3	EAF1	ICE1	ICE2
cluster_92	3	EEF1B2	EEF1D	OARD1
cluster_93	3	EXOC1	EXOC3	EXOC7
cluster_94	3	GPN1	GPN2	RPAP1
cluster_95	3	IFNAR2	IRF9	STAT1
cluster_96	3	ISG15	UBA7	UBE2L6
cluster_97	8	BECN1	NLRX1	NRBF2	PIK3C3	PIK3R4	RAB39A	RRP36	STX17
cluster_98	32	ADRM1	CCDC74A	CCDC74B	CCDC92	PAAF1	PARPBP	PCDH11X	PCDH11Y	PSMC1	PSMC2	PSMC3	PSMC4	PSMC6	PSMD1	PSMD10	PSMD11	PSMD12	PSMD13	PSMD14	PSMD2	PSMD3	PSMD4	PSMD5	PSMD6	PSMD7	PSMD8	PSMD9	PTPN2	RNF130	TXNL1	UBLCP1	USP14
cluster_99	6	FREM1	MAP1S	RASSF1	RASSF2	RASSF5	STK3
cluster_100	11	CDC45	DBF4	MCM10	MCM2	MCM3	MCM4	MCM5	MCM6	MCMBP	MMS22L	TDRD15
cluster_101	29	ACTL6A	ACTL6B	ARID1A	ARID1B	ARID2	BCL7A	BCL7B	BCL7C	BRD7	BRD9	DPF1	DPF2	DPF3	FLI1	FOXN1	PBRM1	PHF10	PTGDR	SMARCA2	SMARCA4	SMARCB1	SMARCC1	SMARCC2	SMARCD1	SMARCD2	SMARCD3	SMARCE1	SS18	SS18L1
cluster_102	9	COG1	COG2	COG3	COG4	COG5	COG6	COG7	COG8	PARP16
cluster_103	5	NCAPD2	NCAPD3	NCAPG	NCAPG2	SMC2
cluster_104	4	COMMD1	COMMD4	COMMD8	COMMD9
cluster_105	4	SMAD2	SMAD3	SMAD9	ZMIZ1
cluster_106	10	BTBD1	BTBD2	CENPT	CENPW	COPS2	COPS3	COPS5	COPS6	FEM1B	LRR1
cluster_107	5	BYSL	FAM207A	LTV1	NOB1	TSR1
cluster_108	5	MIOS	SESN1	SESN2	WDR24	WDR59
cluster_109	14	CCNH	CCNO	CDK7	CPSF4L	ERCC2	ERCC3	ERCC5	GTF2H1	GTF2H2	GTF2H2C	GTF2H3	GTF2H4	GTF2H5	MNAT1
cluster_110	10	CRCP	POLR1B	POLR1C	POLR1D	POLR1E	POLR3A	POLR3B	POLR3H	POLR3K	ZNRD1
cluster_111	6	AURKB	AURKC	CDCA8	FBXL7	INCENP	NLRP5
cluster_112	3	ANGEL1	EIF4A1	EIF4E
cluster_113	3	ATG13	HSBP1	RB1CC1
cluster_114	3	C12orf66	ITFG2	KPTN
cluster_115	3	CASC3	MAGOHB	RBM8A
cluster_116	3	DYNLL1	DYNLL2	DZIP1L
cluster_117	3	HLTF	UBE2N	ZNRF2
cluster_118	9	BDP1	MAF1	POLR3C	POLR3D	POLR3E	POLR3F	POLR3G	POLR3GL	POLR3H
cluster_119	15	AEBP2	ARMC12	EED	EZH1	EZH2	JARID2	MTF2	MUC4	PHF1	PHF19	SKIDA1	SUZ12	TM7SF2	WNT8A	ZNF157
cluster_120	9	FARP1	LSM1	LSM10	LSM2	LSM4	LSM5	LSM6	LSM7	LSM8
cluster_121	8	DCDC1	ENGASE	PRIMPOL	RPA1	RPA2	RPA3	SEC61G	SMARCAL1
cluster_122	44	ADRM1	AKIRIN1	AKIRIN2	BRAT1	CCDC74B	CCDC92	DDI2	PAAF1	PASD1	PCDH11X	PCDH11Y	PSMA1	PSMA2	PSMA4	PSMA6	PSMB1	PSMB2	PSMB3	PSMB4	PSMB5	PSMB6	PSMB7	PSMC1	PSMC2	PSMC3	PSMC4	PSMC5	PSMC6	PSMD1	PSMD10	PSMD11	PSMD12	PSMD13	PSMD14	PSMD2	PSMD3	PSMD5	PSMD6	PSMD7	PSMD8	RITA1	UBLCP1	USP14	ZFAND2B
cluster_123	15	CDCA5	DDX47	PDS5A	PDS5B	RAD21	REC8	SMC1A	SMC1B	SMC3	STAG1	STAG2	STAG3	SYCP3	USP13	WFDC5
cluster_124	7	DXO	PDRG1	PIH1D1	RPAP2	URI1	UXT	WDR92
cluster_125	10	ALKBH4	CDC6	CDCP2	LRWD1	ORC1	ORC2	ORC3	ORC4	ORC5	ORC6
cluster_126	11	DBF4	DBF4B	DONSON	ESCO2	MCM2	MCM3	MCM4	MCM6	MCM7	MMS22L	TDRD15
cluster_127	7	C12orf66	DEPDC5	ITFG2	KPTN	NPRL2	NPRL3	SZT2
cluster_128	5	LIG3	PNKP	TDP1	UNG	XRCC1
cluster_129	4	ARHGAP4	BTRC	FBXW11	HIVEP2
cluster_130	4	CCDC93	COMMD1	COMMD10	COMMD9
cluster_131	4	COPB1	COPE	COPZ1	SCYL3
cluster_132	4	MZT1	TUBG1	TUBGCP5	TUBGCP6
cluster_133	4	TSEN15	TSEN2	TSEN34	TSEN54
cluster_134	3	ABI1	CYFIP2	WASF2
cluster_135	3	ARHGEF17	BCAP29	BCAP31
cluster_136	3	CD2AP	NPHS2	SH3KBP1
cluster_137	3	CPSF2	SSU72	SYMPK
cluster_138	3	DLD	OGDH	OGDHL
cluster_139	3	FANCB	FANCE	FANCG
cluster_140	3	FBP1	FBP2	ST6GALNAC5
cluster_141	3	GDI1	GDI2	RAB12
cluster_142	3	HAUS3	HAUS5	HAUS6
cluster_143	3	HNRNPC	HNRNPCL1	RBM41
cluster_144	3	IRAK1	IRAK2	PELI2
cluster_145	3	KBTBD6	KBTBD7	RBFA
cluster_146	3	LATS1	LATS2	PTPN14
cluster_147	3	LRRC46	PACS2	WDR37
cluster_148	3	POLR1A	RRN3	TWISTNB
cluster_149	3	RIOK3	RPS29	RPS3
cluster_150	3	RUFY1	RUFY2	RUFY3
cluster_151	3	SNAPC1	SNAPC2	SNAPC3
cluster_152	8	MON1B	TGFBRAP1	VPS16	VPS18	VPS33A	VPS39	VPS41	VPS8
cluster_153	7	DIS3	EXOSC10	EXOSC5	EXOSC6	EXOSC7	HBS1L	MPHOSPH6
cluster_154	5	ANXA10	DCP1A	DCP1B	EDC4	PATL1
cluster_155	10	CAPN10	EMB	MYO15A	RASSF1	RASSF2	RASSF4	RASSF5	SAV1	STK3	STK4
cluster_156	4	BET1L	GOSR1	GOSR2	STX5
cluster_157	4	EFCAB1	HERC2	NEURL4	USP16
cluster_158	4	KPNB1	NUP153	NUTF2	RCC1
cluster_159	4	PRRC1	SEC23A	SEC23B	SEC24D
cluster_160	11	BRD1	BRPF1	BRPF3	ING4	ING5	JADE1	JADE2	JADE3	KAT6B	KAT7	MEAF6
cluster_161	5	ABI1	CYFIP1	KIAA1522	WASF1	WASF2
cluster_162	5	DYNC1H1	DYNC1I1	DYNC1LI2	DYNLRB1	DYNLT3
cluster_163	5	AHCTF1	NUP107	NUP160	NUP37	SEH1L
cluster_164	5	NEDD4L	SCNN1A	SCNN1B	SCNN1G	SERP1
cluster_165	6	BLM	FANCM	NIT1	RMI1	SPIDR	TOP3A
cluster_166	4	ANKRA2	RFX5	RFXANK	RFXAP
cluster_167	4	NEK10	PFDN2	PFDN4	PFDN6
cluster_168	3	ANG	RNASE1	RNH1
cluster_169	3	ANKRD9	IMPDH2	SLC25A44
cluster_170	3	C11orf1	KLHL12	PDCD6
cluster_171	3	CCNB1IP1	CDK1	PKMYT1
cluster_172	3	COX20	UQCC1	UQCC2
cluster_173	3	DPYSL2	DPYSL4	DPYSL5
cluster_174	3	GGA1	GGA2	GGA3
cluster_175	3	GIT1	GIT2	PPFIA4
cluster_176	3	HDAC3	KDM4A	TBL1X
cluster_177	3	IFIT2	IFIT3	PHACTR4
cluster_178	3	KLHL6	KLHL7	RC3H2
cluster_179	3	LDHA	LDHAL6A	LDHC
cluster_180	3	MAML1	RBPJ	ZMIZ1
cluster_181	3	PLCH2	TPM3	TPM4
cluster_182	3	PRPS1L1	PRPS2	PRPSAP1
cluster_183	3	RGCC	TLN1	TLN2
cluster_184	3	RMND5A	RMND5B	WDR26
cluster_185	3	RRAGC	RRAGD	SLC38A9
cluster_186	3	TCEAL2	TCEAL4	USP11
cluster_187	11	BRD8	FOXR1	ING3	JAZF1	KDM5C	MBTD1	MORF4L1	MORF4L2	MRFAP1	MRGBP	OXTR
cluster_188	15	ADA2	ATXN7	ATXN7L2	ATXN7L3	DR1	KAT2A	SUPT20H	SUPT3H	SUPT7L	TADA1	TADA2A	TADA2B	TADA3	TAF5L	TAF6L
cluster_189	20	CD74	CERKL	EIF1	EIF1B	EIF3B	EIF3C	EIF3CL	EIF3D	EIF3E	EIF3G	EIF3H	EIF3I	EIF3J	EIF3K	EIF3L	EIF3M	EIF4A2	EIF5	PPP1R42	PRRC2B
cluster_190	18	CCT2	CCT3	CCT4	CCT5	CCT6A	CCT7	CCT8	DAZ2	FBXW4	LFNG	MYH7B	PDCL3	RFPL1	SMOX	TCP1	TXNDC9	WDR5B	WDR86
cluster_191	10	CDCA5	GPR142	KIF20B	MAU2	PDS5A	PDS5B	SMC1B	SMC3	STAG1	STAG2
cluster_192	5	GPR135	NCAPD2	NCAPG	SMC2	WDHD1
cluster_193	4	ADH6	RPS15	RPS29	RPS3
cluster_194	4	AP4B1	AP4E1	AP4M1	AP4S1
cluster_195	4	CEP350	FGFR1OP	NXNL2	PPP2R3C
cluster_196	4	ELP2	ELP3	ELP4	KTI12
cluster_197	4	GTF2A1	GTF2A2	PTCD2	TBPL1
cluster_198	4	IKZF1	IKZF2	IKZF4	IKZF5
cluster_199	8	AUTS2	CD300LF	FBRS	FBRSL1	PCGF3	PCGF5	RYBP	YAF2
cluster_200	9	DCDC1	RPA1	RPA2	RPA3	RPA4	RPAIN	SETD3	SMARCAL1	TRMT5
cluster_201	6	LIPG	TMED1	TMED10	TMED2	TMED4	TMED9
cluster_202	5	EHD1	EHD2	EHD3	EHD4	RBSN
cluster_203	8	ASXL1	ASXL2	ASXL3	BAP1	HBG1	MBD5	MBD6	THAP3
cluster_204	7	PCGF2	PHC1	PHC2	PHC3	SCMH1	SCML2	SFMBT2
cluster_205	9	MZT1	MZT2A	MZT2B	TUBG1	TUBG2	TUBGCP2	TUBGCP3	TUBGCP5	TUBGCP6
cluster_206	6	ACAP2	RAB11A	RAB11B	RAB11FIP2	RAB11FIP4	RAB25
cluster_207	4	AGO1	AGO2	AGO3	AGO4
cluster_208	3	CABLES2	CCNI	CDK5
cluster_209	3	CCDC170	MIS18BP1	OIP5
cluster_210	3	CLP1	TSEN2	TSEN34
cluster_211	3	CYP2C8	ECSIT	NDUFAF1
cluster_212	3	DIP2C	PIP4K2A	PIP4K2C
cluster_213	3	DNAJB11	NUBPL	SDF2
cluster_214	3	DNASE1	STK11	STRADB
cluster_215	3	E2F6	L3MBTL2	PTGDR
cluster_216	3	EEF1A1	PBDC1	TTLL12
cluster_217	3	FXR1	TDRD3	TRIM56
cluster_218	3	IDI2	SSBP2	SSBP4
cluster_219	3	KIF3B	KIF3C	KIFAP3
cluster_220	3	LLGL2	PARD3	PRKCZ
cluster_221	3	NDUFC1	PBRM1	SMARCE1
cluster_222	3	POP4	POP5	POP7
cluster_223	3	RIOK3	RPS2	RPSA
cluster_224	3	SNRNP70	SNRPA	SRRM1
cluster_225	8	AKT1S1	EIF4EBP1	EIF4EBP2	IRS1	MLST8	MTOR	PRR5	PRR5L
cluster_226	16	AEBP2	AFF2	BAZ2A	EED	EZH2	INTU	JARID2	LCOR	MOGS	MTF2	MUC4	NFKBIZ	PHF1	PHF19	SLAIN2	SUZ12
cluster_227	10	CCDC22	CNKSR3	COMMD10	COMMD2	COMMD3	COMMD5	COMMD6	COMMD7	COMMD8	TRIM16L
cluster_228	9	POP4	POP5	POP7	RPP14	RPP21	RPP25	RPP25L	RPP30	RPP40
cluster_229	8	CRCP	GPN3	POLR1D	POLR2F	POLR3F	POLR3H	POLR3K	ZNRD1
cluster_230	12	CCDC174	KDM3A	MAP1S	RASSF1	RASSF2	RASSF3	RASSF4	RASSF5	SAV1	STK3	STK4	ZNF133
cluster_231	4	CPSF3	CPSF4	CPSF4L	WDR33
cluster_232	4	CRB3	LLGL1	PRKCI	PRKCZ
cluster_233	4	KIF5A	KIF5B	KLC3	KLC4
cluster_234	4	MLEC	RPN2	STT3A	STT3B
cluster_235	4	MRPS11	MRPS31	MRPS34	TRMT10B
cluster_236	4	SNAPC1	SNAPC3	SNAPC4	SNAPC5
cluster_237	11	GPN1	GPN3	POLR1E	POLR2E	POLR2F	POLR2H	POLR2K	POLR2L	URI1	UXT	ZNRD1
cluster_238	8	ATAD5	CHTF18	CHTF8	DSCC1	RFC1	RFC2	RFC3	RFC4
cluster_239	8	MYH10	MYH14	MYH9	MYL12A	MYL12B	MYL6	MYL9	SLC24A4
cluster_240	9	ADAP1	ARMC8	GID4	GID8	KCTD6	MKLN1	PRG3	RANBP10	RANBP9
cluster_241	6	BNIP1	C19orf25	SCFD2	STX18	USE1	ZW10
cluster_242	8	COPB1	COPB2	COPE	COPG2	COPZ1	COPZ2	KCNK9	NUDCD1
cluster_243	26	AUTS2	BCOR	BCORL1	CBX2	CBX4	CBX6	CBX7	CBX8	FBRS	FBRSL1	KDM2B	L3MBTL2	MGA	MORC4	PCGF1	PCGF5	PCGF6	PHC1	PHC2	PHC3	RING1	RNF2	RYBP	SCMH1	TDRD1	YAF2
cluster_244	6	AKAP11	GPR161	PKIA	PRKACA	PRKACB	PRKACG
cluster_245	13	CASP10	CASP8	CFLAR	DNAAF1	FADD	NDFIP1	NOD1	PIDD1	TNFRSF10A	TNFRSF10B	TNFRSF1A	TNFSF10	USP40
cluster_246	9	DMAP1	EPC1	EPC2	FOXO6	FOXR2	KAT5	MEAF6	PLAC1	VPS72
cluster_247	13	CYB5R2	CYP2E1	EBLN2	FANCA	FANCB	FANCC	FANCE	FANCF	FANCL	FANCM	MOCS2	PRDX3	TPRX1
cluster_248	11	ATAD5	BCAT2	CHIC1	DMWD	KPNA7	PHLPP1	PHLPP2	USP12	USP46	WDR20	WDR48
cluster_249	6	TAF10	TAF2	TAF4	TAF5	TAF6	TAF7
cluster_250	4	ATG14	NRBF2	SOGA3	UVRAG
cluster_251	4	DR1	MAGEA10	TADA3	ZZZ3
cluster_252	3	ACIN1	FAM81B	RNPS1
cluster_253	3	ADAP2	KCTD10	KCTD13
cluster_254	3	AHCY	C1orf50	CECR2
cluster_255	3	ATAD2B	EIF2S1	EIF2S2
cluster_256	3	ATXN7L1	ENY2	USP22
cluster_257	3	BBS5	BBS7	BBS9
cluster_258	3	BTF3	BTF3L4	NACAD
cluster_259	3	C19orf25	RINT1	SCFD2
cluster_260	3	C6orf226	PEX7	PHYH
cluster_261	3	CCDC28B	OSGEP	PRAME
cluster_262	3	CCDC62	STIM1	STIM2
cluster_263	3	CDK5RAP3	DDRGK1	ZNF787
cluster_264	3	CENPH	CENPI	CENPM
cluster_265	3	CFAP53	TXLNA	TXLNB
cluster_266	3	DCP2	EDC3	PNRC2
cluster_267	3	DHX33	LOC102724159	USP36
cluster_268	3	DNAJA1	DNAJA4	MLLT11
cluster_269	3	FAM160A1	FAM160A2	HOOK1
cluster_270	3	FAM81B	NAE1	UBE2M
cluster_271	3	FRYL	HOMER1	HOMER2
cluster_272	3	GATA4	TBX5	ZFPM2
cluster_273	3	GFOD1	GFOD2	NKIRAS2
cluster_274	3	GINS2	GINS3	SIK1
cluster_275	3	GTF3C1	GTF3C3	GTF3C6
cluster_276	3	HELQ	RAD51B	RAD51D
cluster_277	3	IFNAR2	MYO1F	STAT2
cluster_278	3	SMAD6	SMURF1	TAPT1
cluster_279	3	SMG5	SMG6	UPF1
cluster_280	3	SOX14	SOX2	SOX21
cluster_281	11	PCNA	POLD1	POLD2	POLD3	POLD4	POLH	POLI	PTCRA	REV1	RFC1	TRAIP
cluster_282	7	HUS1	OGG1	RAD17	RAD9A	RAD9B	RHNO1	ZBTB14
cluster_283	10	CAAP1	LUZP4	THOC1	THOC2	THOC3	THOC5	THOC6	THOC7	ZC3H11A	ZC3H14
cluster_284	6	ATXN2L	DDX6	LSM12	LSM14A	LSM14B	YTHDF3
cluster_285	7	C18orf21	POP4	RPP14	RPP21	RPP30	RPP38	RPP40
cluster_286	5	GSTM1	GSTM2	GSTM3	GSTM4	GSTM5
cluster_287	17	CCDC97	GPATCH11	PHF5A	PPP4R2	RBM17	SF3A2	SF3A3	SF3B1	SF3B3	SF3B4	SF3B5	SF3B6	SMNDC1	SNRNP25	SNRPB2	TTC33	U2SURP
cluster_288	10	AFTPH	AP1G1	AP1G2	AP1M1	AP1M2	AP1S1	AP1S2	AP1S3	HEATR5B	SYNRG
cluster_289	22	C4orf19	CTTNBP2	CTTNBP2NL	FGFR1OP2	FILIP1	MAP4K4	MINK1	MOB4	PDCD10	SIKE1	SLMAP	STK24	STK25	STK26	STRIP1	STRIP2	STRN	STRN3	STRN4	TAOK3	TNIK	TRAF3IP3
cluster_290	6	DOCK6	DOCK8	LRCH1	LRCH2	LRCH3	LRCH4
cluster_291	9	BCAS4	BLOC1S1	BLOC1S2	BLOC1S3	BLOC1S4	BLOC1S5	BLOC1S6	DTNBP1	TEX35
cluster_292	4	CSNK1D	CSNK1E	SNX22	SNX24
cluster_293	4	CTIF	DDX19A	DDX25	MIF4GD
cluster_294	4	EXOC6	EXOC6B	EXOC8	IL1R2
cluster_295	4	FAM183A	LAMTOR1	LAMTOR2	LAMTOR5
cluster_296	4	GNAL	GNAS	MAGED2	RIC8B
cluster_297	11	CENPH	CENPI	CENPK	CENPL	CENPM	CENPN	CENPO	CENPP	CENPQ	CENPU	ITGB3BP
cluster_298	6	ASXL2	ASXL3	BAP1	HAND1	HBG1	KDM1B
cluster_299	5	ANKRD52	BRSK1	PPP6C	PPP6R1	TRMT2A
cluster_300	5	CCNB3	CKS1B	IKZF5	SKP2	TRIM49
cluster_301	5	IFT122	IFT140	IFT43	WDR19	WDR35
cluster_302	5	INIP	INTS3	INTS5	INTS6	INTS8
cluster_303	8	BRPF3	HRG	ING5	JADE2	JADE3	KAT7	MEAF6	NAV2
cluster_304	7	ATG14	DACT1	LRRC58	NRBF2	PIK3R4	STYK1	UVRAG
cluster_305	7	DKC1	NAF1	NHP2	NOP10	SHQ1	WRAP53	ZNF70
cluster_306	7	HDAC10	HDAC3	HDAC4	HDAC5	SETD5	TBL1X	TBL1XR1
cluster_307	7	NSUN6	TMED10	TMED2	TMED3	TMED4	TMED5	TMED9
cluster_308	11	ATXN7	ATXN7L2	ATXN7L3	ATXN7L3B	SUPT20H	SUPT3H	TADA1	TADA2B	TAF6L	USP27X	USP51
cluster_309	6	FAM183A	FARP1	LAMTOR1	LAMTOR4	LAMTOR5	SLC38A9
cluster_310	9	BABAM1	BRCA1	BRCC3	EXO1	HOXA7	ITIH5	MDC1	NBN	ZNF350
cluster_311	12	CD2BP2	ECD	GCFC2	PRPF3	PRPF6	PRPF8	SLC7A6OS	SNRNP200	TTC27	TXNL4A	USP39	ZNHIT2
cluster_312	5	ARMC8	MKLN1	RMND5B	WDR26	YPEL5
cluster_313	5	CUL4B	DCAF16	DCAF17	DCAF8	DDA1
cluster_314	5	PDK1	PDK2	PDK3	PDK4	SYT12
cluster_315	5	PHKA1	PHKA2	PHKB	PHKG1	PHKG2
cluster_316	4	CDC73	RTF1	TTC37	WDR61
cluster_317	4	CENPO	CENPQ	ITGB3BP	PKNOX2
cluster_318	4	DIS3	EXOSC5	EXOSC7	ZCCHC8
cluster_319	4	DNAJC3	EIF2AK3	GPATCH3	HSPA5
cluster_320	4	GNAI1	GNAT3	RGS12	RGS14
cluster_321	4	LGR4	RSPO3	RSPO4	ZNRF3
cluster_322	3	AMFR	UBE2G1	UBE2R2
cluster_323	3	ARHGEF6	ARHGEF7	MUC17
cluster_324	3	AUNIP	AURKA	PDCD1LG2
cluster_325	3	BCAS4	BLOC1S3	BLOC1S5
cluster_326	3	BPGM	PGAM1	PGAM4
cluster_327	3	BTN3A1	BTN3A2	BTN3A3
cluster_328	3	CCDC121	TBC1D15	TBC1D17
cluster_329	3	CCDC88B	TBC1D7	TSC2
cluster_330	3	CDNF	LYRM4	NFS1
cluster_331	3	CLIC4	CLIC5	CLIC6
cluster_332	3	CLU	EPPIN	MSRB1
cluster_333	3	CSNK1G1	CSNK1G2	RUNDC3B
cluster_334	3	CUL4A	DET1	TASP1
cluster_335	3	CUX2	TKT	TKTL1
cluster_336	3	DBF4B	MAP1B	MAP1S
cluster_337	3	DCLRE1B	NXNL1	TERF2IP
cluster_338	3	EIF4A1	EIF4E3	PDCD4
cluster_339	3	ELMO1	ELMO2	ELMO3
cluster_340	3	EPC2	KAT5	ODC1
cluster_341	3	EVPL	FRMD1	PPL
cluster_342	3	FAM71F2	RAB2A	RAB2B
cluster_343	3	FGL1	TUBD1	TUBE1
cluster_344	3	FLNC	SGCD	SGCG
cluster_345	3	FOXP1	FOXP4	RAG2
cluster_346	3	FTSJ1	SLC4A11	WDR6
cluster_347	3	HCFC1	THAP2	THAP3
cluster_348	3	HYPK	NAA10	NAA11
cluster_349	3	LARP6	STRAP	SZRD1
cluster_350	3	LGALS2	LTA	LTB
cluster_351	3	LUC7L	PHF10	RNASEH1
cluster_352	3	MOAP1	PNMA1	PNMA6A
cluster_353	3	MT3	RBP4	TTR
cluster_354	3	NCOA1	NCOA2	PPARGC1A
cluster_355	3	NEBL	XIRP1	XIRP2
cluster_356	3	PPIH	SART3	TUT1
cluster_357	3	PSMC5	RORA	SSNA1
cluster_358	3	SEC11A	SPCS2	SPCS3
cluster_359	3	SEC13	SEC16B	SESN2
cluster_360	3	SYT9	TUBB	TUBB4A
cluster_361	3	TMEM208	TRPC6	WDR83OS
cluster_362	3	ZNF212	ZNF746	ZNF777
cluster_363	19	ANKRD39	AP5S1	APBB3	BNIPL	BTBD2	CENPT	CENPW	COPS2	COPS3	COPS4	COPS5	COPS6	COPS7B	COPS8	FBXO17	IRF5	KLHL10	LRR1	TMC1
cluster_364	11	BECN1	CISD1	DACT1	JOSD1	LRRC58	MTFR1	NRBF2	PIK3C3	PIK3R4	STYK1	TENM2
cluster_365	8	CLINT1	CLTB	CLTC	DNAJC6	GAK	GTSE1	HIP1	PICALM
cluster_366	13	CAMKK2	DCLRE1C	GAL3ST2	PARS2	PRKAA1	PRKAA2	PRKAB1	PRKAG1	PRKAG2	PRKAG3	SLC4A4	STIM2	TEKT1
cluster_367	17	ADAR	DDX47	HDAC8	MDN1	NIPBL	PDS5A	PDS5B	PLCH1	PRM3	RAD21	RBM15	SMC1A	SMC3	SSU72	STAG1	STAG2	SYCP3
cluster_368	9	EIF2B1	EIF2B2	EIF2B3	EIF2B4	EIF2B5	ENTPD2	GYPB	IP6K1	P2RX4
cluster_369	9	EPC1	EPC2	JAZF1	KAT5	MYCL	PIH1D3	PLAC1	VPS72	YEATS4
cluster_370	5	C11orf74	IFT43	TTC21B	TULP3	WDR19
cluster_371	5	EXOC3L1	EXOC4	EXOC5	EXOC6	EXOC6B
cluster_372	5	NCOR1	NCOR2	PIWIL2	TBL1XR1	TBL1Y
cluster_373	19	ARHGEF28	CCNA2	CCNB3	CCNE1	CDK2	CDKN1B	CKS1B	CKS2	CLIP3	HELB	PLEKHG2	RNF144B	SKP2	SMTNL2	SPDYA	SPDYC	SPDYE1	SPDYE4	UHRF2
cluster_374	9	FGF13	RPS13	RPS24	RPS27	RPS27L	RPS4X	RPS4Y2	RPS6	RPS8
cluster_375	9	HSPB11	IFT22	IFT27	IFT46	IFT52	IFT80	IFT81	TTC30A	TTC30B
cluster_376	8	EXO1	FAN1	MLH1	MLH3	MSH3	MSH6	PMS1	REXO2
cluster_377	7	ADNP2	CBX1	CBX3	RLF	ZNF280D	ZNF292	ZNF644
cluster_378	7	CYFIP2	KIAA1522	NCKAP1	NHSL2	WASF1	WASF2	WASF3
cluster_379	22	CHAC2	DUSP5	FAU	NKX2-6	PCMTD1	RPS10	RPS12	RPS14	RPS15	RPS16	RPS17	RPS18	RPS19	RPS20	RPS21	RPS25	RPS26	RPS28	RPS29	RPS3	RPS5	RPS9
cluster_380	15	GTF2A2	TAF11	TAF13	TAF1L	TAF2	TAF3	TAF4	TAF5	TAF6	TAF7	TAF7L	TAF8	TAF9	TAF9B	TBP
cluster_381	9	ANKRD44	ANKRD52	NSUN5	PPP6C	PPP6R1	PPP6R2	PPP6R3	TRMT2A	ZXDA
cluster_382	13	CCT3	CCT5	CCT6A	CCT7	CPZ	DAZ2	FBXW4	METTL6	PDCL3	TCP1	THEG	WDR5B	WRAP53
cluster_383	6	CHUK	CNTN2	CSF2	IKBKB	PARP10	ZFAND5
cluster_384	22	CTDP1	GTF2F1	GTF2F2	PHRF1	POLR2A	POLR2D	POLR2E	POLR2G	POLR2H	POLR2I	POLR2J	POLR2K	POLR2L	POLR3A	POLR3B	RECQL5	RNGTT	RPRD1A	RPRD1B	RPRD2	SCAF1	SCAF4
cluster_385	9	CTTNBP2	CTTNBP2NL	FILIP1	MINK1	PDCD10	STRIP1	STRIP2	STRN	STRN4
cluster_386	24	CCT2	CCT3	CCT4	CCT5	CCT6A	CCT6B	CCT7	CCT8	DNAI2	DTL	FBXW4	MYH7B	ODF1	PACRG	PDCL	PDCL3	RAP2C	SEC31B	TCP1	THEG	TSSK6	TUBAL3	TXNDC9	WDR86
cluster_387	23	ACTRT3	AGBL4	CCT2	CCT3	CCT4	CCT5	CCT6A	CCT6B	CCT7	CCT8	FBXW4	JMJD4	KLHDC8A	MEIG1	PACRG	PDCL3	STRADB	TCP1	TTC27	TXNDC9	WDR5B	WDR86	WRAP53
cluster_388	8	ATP6V1B1	ATP6V1B2	ATP6V1C1	ATP6V1F	ATP6V1G1	ATP6V1G2	ATP6V1H	DMXL1
cluster_389	8	ISL2	LDB1	LHX1	LHX2	LHX9	PYGO1	SSBP2	SSBP3
cluster_390	5	CCDC114	CCDC22	COMMD3	COMMD6	TRIM16L
cluster_391	5	DNAL4	DYNLL1	DYNLL2	KANK1	ZNF608
cluster_392	4	ATG12	ATG16L1	FCRLA	NNMT
cluster_393	4	B9D1	B9D2	CC2D2A	TMEM231
cluster_394	4	COMMD10	COMMD3	COMMD5	JOSD2
cluster_395	4	DUSP7	MAPK1	MAPK3	PTAFR
cluster_396	4	DYNLL1	DYNLL2	ODF3	PDZRN3
cluster_397	4	EIF2B1	EIF2B2	OPN3	P2RX4
cluster_398	4	KIF3A	KIF3B	KIF3C	NCKAP5
cluster_399	4	NAA10	NAA11	NAA16	NAA50
cluster_400	21	ANAPC1	ANAPC10	ANAPC13	ANAPC15	ANAPC16	ANAPC2	ANAPC5	CDC16	CDC23	CDC26	CDC27	FBXO43	FBXO5	GPR156	KIAA0586	KIF18A	MAGIX	NEK2	PDYN	PENK	PTTG1
cluster_401	7	AP3B1	AP3B2	AP3D1	AP3M1	AP3M2	AP3S2	RNF13
cluster_402	6	CBX1	CBX3	CHAMP1	ITPKB	SCAI	ZNF280D
cluster_403	6	PLA2G2D	PRKAA1	PRKAA2	PRKAG2	SLC4A4	STIM2
cluster_404	8	CLPTM1L	LMNA	LMNB1	LMNB2	PAQR5	SUN1	TMEM209	VASH2
cluster_405	10	CCT3	CCT5	CCT6A	CYP27A1	LFNG	RAP2C	SEC31B	TCP1	TUBAL3	WDR86
cluster_406	12	ASZ1	MC1R	MVB12A	MVB12B	PTPN23	TSG101	UBAP1	VPS28	VPS37A	VPS37B	VPS37D	ZFYVE16
cluster_407	13	PDCD7	PRKRIP1	RNPC3	SNRNP35	SNRNP48	SNRPD1	SNRPD2	SNRPD3	SNRPE	SNRPF	SNRPG	SNRPN	ZMAT5
cluster_408	19	ANAPC1	ANAPC10	ANAPC4	ANAPC7	BUB1	BUB1B	BUB3	CDC20	CUEDC2	ESPL1	FZR1	MAD1L1	MAD2L1BP	MASTL	PHF8	SLC36A1	SPATC1	TTK	ZNF207
cluster_409	5	ELP4	ELP5	ELP6	LALBA	PIPOX
cluster_410	13	CUTA	DCLRE1C	HEATR6	NLRP9	PIEZO2	PRKAA1	PRKAA2	PRKAB1	PRKAG1	PRKAG2	PRKAG3	TEKT1	TRMT44
cluster_411	8	BAZ2B	CTBP1	CTBP2	HIC2	LCORL	TEX9	ZBTB18	ZNF516
cluster_412	8	KIF12	LMNA	LMNB1	LMNB2	PERM1	TMEM209	UBQLNL	ZNF239
cluster_413	14	ACOX2	CTTNBP2	CTTNBP2NL	FILIP1	MOB4	NHSL2	SPINK2	STARD10	STK25	STRIP1	STRIP2	STRN	STRN3	STRN4
cluster_414	15	CCDC114	CCDC93	CNKSR3	COMMD1	COMMD10	COMMD2	COMMD3	COMMD4	COMMD5	COMMD7	COMMD8	COMMD9	KIF2B	STMN2	TRIM16L
cluster_415	9	ACTR8	HOXA11	INO80D	INO80E	NFRKB	TFPT	WBP2NL	YY1	YY2
cluster_416	7	CUX2	HNRNPC	HNRNPCL1	PKDREJ	RALY	RALYL	RBM41
cluster_417	6	ACTG1	ACTG2	CAP1	CAP2	CFL2	TWF2
cluster_418	6	RRAD	RYR2	STMN1	TPM1	TPM3	TPM4
cluster_419	4	ACTN4	MYOZ2	PDLIM1	PDLIM3
cluster_420	4	ALKBH3	ASCC3	CSRP1	TRIP4
cluster_421	4	C19orf25	NBAS	SCFD2	STX18
cluster_422	4	CCDC65	ENO1	ENO3	WBP2
cluster_423	4	DLX2	DLX5	MSX1	MSX2
cluster_424	4	EAF1	EAF2	ICE1	USPL1
cluster_425	4	IL17RE	PSMG2	PSMG3	PSMG4
cluster_426	4	JKAMP	MAPK8	MAPK9	SH3BP5
cluster_427	4	NR1I2	PPARD	RXRA	RXRG
cluster_428	4	PHF21A	RCOR1	S100PBP	ZNF750
cluster_429	4	TSC22D1	TSC22D2	TSC22D3	TSC22D4
cluster_430	4	ZKSCAN5	ZNF232	ZSCAN20	ZSCAN21
cluster_431	3	AAAS	NDC1	NUP35
cluster_432	3	ACAD9	PDSS1	PDSS2
cluster_433	3	ACAP1	ARF6	RAB11FIP3
cluster_434	3	AGTR2	MTUS1	TIMP3
cluster_435	3	AHSP	ZC3H12A	ZC3H12D
cluster_436	3	AMOT	AMOTL2	CDH11
cluster_437	3	ANO1	INSM2	TRIM23
cluster_438	3	ANXA1	PI16	S100A11
cluster_439	3	ARNTL2	CLOCK	RORC
cluster_440	3	ARVCF	CDCA3	CTDSPL
cluster_441	3	BAIAP2	BAIAP2L1	DNALI1
cluster_442	3	BAMBI	SMAD6	SMAD7
cluster_443	3	C11orf49	TBC1D19	TTLL1
cluster_444	3	CARD11	CARD14	MALT1
cluster_445	3	CASQ1	DVL1	DVL2
cluster_446	3	CAV1	PTGIS	PTGS1
cluster_447	3	CBWD1	CBWD6	DTWD2
cluster_448	3	CENPL	CENPO	CENPQ
cluster_449	3	COL8A2	MVP	PARP4
cluster_450	3	CSNK1A1	CSNK1A1L	FAM170A
cluster_451	3	CSTF2	CSTF3	PAPOLB
cluster_452	3	CWC22	FAM32A	FRG1
cluster_453	3	DCTN1	DCTN3	TRIM36
cluster_454	3	DIO2	UBE2G1	USP33
cluster_455	3	DMBT1	SFTPA1	SFTPD
cluster_456	3	DMD	SNTG1	SNTG2
cluster_457	3	DNM1	DNM2	FCHSD1
cluster_458	3	DUS2	PRKRA	RASL10A
cluster_459	3	DYNC1LI1	DYNC1LI2	EEFSEC
cluster_460	3	EXOC5	EXOC7	OAS1
cluster_461	3	FAM160A2	TNFRSF13C	TNFSF13B
cluster_462	3	FAM160B1	FAM160B2	HOOK3
cluster_463	3	FIG4	PHYKPL	VAC14
cluster_464	3	GPATCH1	KIAA1143	WDR83
cluster_465	3	GPR173	PIGK	PIGT
cluster_466	3	HES5	NFKBIZ	STAT3
cluster_467	3	IFRD2	OAS3	UBE2O
cluster_468	3	IKZF3	IKZF4	SETMAR
cluster_469	3	IL1RL2	IL2RB	JAK1
cluster_470	3	ITPR2	ITPR3	TESPA1
cluster_471	3	KIFC1	KPNB1	RCC1
cluster_472	3	KRT14	KRT18	KRT19
cluster_473	3	MAP2K3	MAP3K4	TAOK2
cluster_474	3	MBD1	P4HTM	SETDB1
cluster_475	3	MIOS	UEVLD	WDR59
cluster_476	3	MORC1	RNF20	WAC
cluster_477	3	MPND	PARP1	PARP3
cluster_478	3	MST1	TNNI3	TNNT2
cluster_479	3	MYH3	MYH4	SIX1
cluster_480	3	NAA15	NAA16	TSGA10IP
cluster_481	3	NME1-NME2	NME2	NME4
cluster_482	3	NUP205	NUP214	NUP98
cluster_483	3	OXSR1	RELT	STK39
cluster_484	3	PAH	QDPR	USP19
cluster_485	3	PAK1	PAK2	PAK3
cluster_486	3	PIGB	PKDCC	POMK
cluster_487	3	POLR1B	POLR1C	SLC13A5
cluster_488	3	PYROXD1	UCK1	UPRT
cluster_489	3	RAB6A	RAB6B	RAB6C
cluster_490	3	RBM17	SF3A1	SLC8B1
cluster_491	3	RNF40	WAC	ZSCAN4
cluster_492	3	SCG2	SERPINI2	UBQLN1
cluster_493	3	SULT1A1	SULT1A2	SULT4A1
cluster_494	3	SYT1	SYT2	SYT5
cluster_495	3	TFE3	TFEB	TFEC
cluster_496	3	TRPC1	TRPC4	TRPC5
cluster_497	3	UQCR10	UQCRB	UQCRQ
cluster_498	3	USP1	USP12	USP46
cluster_499	15	ARHGAP19	CRBN	CUL4A	CUL4B	DCAF11	DCAF4L2	DDA1	DET1	DTL	ERCC8	HOXB4	MLLT11	PHIP	TRPC4AP	WDTC1
cluster_500	10	ADARB2	AJUBA	EME1	EME2	KIF11	MUS81	SLX1A	SLX1B	SLX4	SLX4IP
cluster_501	11	ASF1A	ASF1B	BRF2	C15orf41	CABIN1	CDAN1	IPO4	NASP	RIF1	UBN1	UBN2
cluster_502	21	AEBP2	ARGLU1	ARMC12	BAZ2A	CECR2	CHD2	CSRP1	EED	EZH1	EZH2	FPGT-TNNI3K	GSTCD	HIC1	JARID2	LCOR	MTF2	NRDE2	PHF1	PHF19	SKIDA1	SUZ12
cluster_503	5	ARHGAP8	PRR5-ARHGAP8	RBM43	SH3GL1	SH3GL3
cluster_504	5	LOXL3	MUC16	TBC1D5	VPS26B	VPS35
cluster_505	10	ELF3	MAP3K8	MUC3A	NFKB1	NFKB2	PMEPA1	PPP1R9A	RELA	RPS6KA1	ZNF740
cluster_506	6	CCNL1	CDK11A	CSNK2A1	GPATCH2	GPATCH2L	HIRIP3
cluster_507	8	EMC10	EMC2	EMC4	EMC6	KCNK16	MMGT1	SLC22A17	SLC28A2
cluster_508	11	ANKRD28	ANKRD44	ANKRD52	CDC14B	KATNAL2	PPP6C	PPP6R1	PPP6R2	PPP6R3	WNT10B	WNT2
cluster_509	12	ACTL8	AURKB	AURKC	BIRC5	CDCA8	EVI5	INCENP	MYH3	MYH4	RBM20	SNAP91	VSNL1
cluster_510	12	CASP10	CASP8	CFLAR	DEDD	DEDD2	DNAAF1	RIPK3	TNFRSF10A	TNFRSF10B	TNFSF10	TRADD	USP40
cluster_511	9	CT55	PLEKHM1	SLC25A18	TECPR2	UVRAG	VPS16	VPS18	VPS39	VPS41
cluster_512	8	AZI2	BBOX1	DPPA3	DTX4	IKBKE	NLRP4	TBK1	TBKBP1
cluster_513	25	ASB8	CEP78	COPS4	COPS7A	COPS7B	COPS8	CRBN	CUL4A	CUL4B	DCAF11	DCAF12	DCAF4	DCAF4L2	DCAF6	DCAF8	DDA1	DDB2	DET1	DTL	ERCC8	GPS1	HOXB4	MLLT11	TRPC4AP	WSB2
cluster_514	10	CBX1	CBX3	CHAMP1	LRIF1	POGZ	RLF	SCAI	ZNF280D	ZNF462	ZNF644
cluster_515	10	DCP1A	DCP1B	DCP2	EDC4	EFHC2	ELAVL4	LSM14A	PNRC2	PPP1R35	XRN1
cluster_516	5	ARHGEF15	EZR	PMP2	RDX	STK10
cluster_517	7	GPR4	MVB12A	MVB12B	UBAP1	VPS28	VPS37A	VPS37D
cluster_518	7	ITPRIP	KDM3A	MYH15	RASSF3	RASSF4	STK3	STK4
cluster_519	20	CDC45	DBF4	DBF4B	DONSON	HAS1	IPO4	L3MBTL1	MCM10	MCM2	MCM3	MCM4	MCM5	MCM6	MCM7	MCMBP	MMS22L	RGS7BP	SLC17A4	SLC45A3	TONSL
cluster_520	8	AZI2	IKBKE	MFF	MTPAP	NLRP4	TBK1	TBKBP1	TXLNG
cluster_521	4	AKT1	AKT2	AKT3	MTCP1
cluster_522	4	ANKRD27	FKBP15	VPS26B	VPS35
cluster_523	4	BCAP29	BCAP31	CHMP7	ECI1
cluster_524	4	BCAS4	BLOC1S3	BLOC1S4	BLOC1S6
cluster_525	4	BLOC1S5	DTNBP1	DUOX2	TEX35
cluster_526	4	C1orf116	HOMER1	HOMER2	SPOPL
cluster_527	4	C2orf49	DDX1	FAM98B	FAM98C
cluster_528	4	CCDC73	FOXP1	FOXP3	FOXP4
cluster_529	4	CEP104	HAUS5	HAUS7	HAUS8
cluster_530	4	COPRS	FARP2	PRMT5	ZNF224
cluster_531	4	CYC1	UQCR10	UQCRC1	UQCRC2
cluster_532	4	F8A2	HSPB9	ITFG2	KPTN
cluster_533	4	HCN1	HCN2	HCN3	HCN4
cluster_534	4	HPS3	HPS5	HPS6	TCL1B
cluster_535	4	N6AMT1	RNASEH2A	RNASEH2B	RNASEH2C
cluster_536	17	ATP6V1A	ATP6V1B1	ATP6V1B2	ATP6V1C1	ATP6V1C2	ATP6V1D	ATP6V1E1	ATP6V1E2	ATP6V1F	ATP6V1G1	ATP6V1G2	ATP6V1H	C9orf16	DMXL1	DMXL2	UFC1	WDR7
cluster_537	17	ARID1A	ARID1B	BCL7A	BCL7B	BCL7C	BRD9	DPF1	DPF2	ELF5	GCM1	PAX7	SMARCD2	SMARCD3	SS18	SS18L1	SS18L2	STK11IP
cluster_538	12	ADAM28	DCDC1	NAA40	PRIMPOL	RAB12	RPA1	RPA2	RPA3	RPA4	SLC9B2	SMARCAL1	TIPARP
cluster_539	8	EID3	MAGEF1	NSMCE2	NSMCE4A	PPIAL4D	SMC5	SMC6	ZNF597
cluster_540	16	CELF1	DUSP11	FAM120A	HNRNPA0	HNRNPA1	HNRNPA1L2	HNRNPA1P48	HNRNPA2B1	HNRNPA3	HNRNPAB	HNRNPD	HNRNPDL	HNRNPH3	HNRNPUL2	SAMD9L	SYNCRIP
cluster_541	5	AKT1S1	LAMTOR4	LAMTOR5	RRAGA	RRAGB
cluster_542	5	LRRC8A	LRRC8B	LRRC8C	LRRC8D	LRRC8E
cluster_543	5	MRPS17	MRPS18B	MRPS23	MRPS25	MRPS34
cluster_544	14	CHIC1	DAPP1	MANF	PHLPP1	PHLPP2	RAD51AP1	RNF19B	TAGLN	USP12	USP46	VSX1	VSX2	WDR20	WDR48
cluster_545	7	CDY2A	EHMT1	EHMT2	PRH1	WIZ	XAGE2	ZNF462
cluster_546	9	C18orf25	CCNL1	CSNK2A1	CSNK2A2	HIRIP3	SAP30BP	TNP1	TSPYL2	ZC3H4
cluster_547	8	DMWD	GPR3	PHLPP1	PHLPP2	VSX1	VSX2	WDR20	WDR48
cluster_548	6	ATP6AP2	ATP6V0D2	ATP6V0E1	CCDC115	TCIRG1	TMEM199
cluster_549	6	CSN3	MAP9	MAPRE1	MAPRE3	NAV2	PHF2
cluster_550	9	CNOT10	CNOT6	CNOT6L	CNOT7	CNOT8	GADD45B	TEX13A	TNKS1BP1	UHMK1
cluster_551	11	CASC3	EFHB	SMG1	SMG5	SMG6	SMG8	SMG9	UPF1	UPF2	UPF3A	UPF3B
cluster_552	8	ISL1	LDB1	LDB2	LHX8	LHX9	PYGO1	SSBP2	SSBP3
cluster_553	12	ACP6	FERMT1	FERMT3	ILK	LIMS1	LIMS2	PARVA	PARVB	PARVG	PPAT	RSU1	TYMS
cluster_554	9	APLF	APTX	CHD1L	LIG3	MSH3	PARP1	PARP2	POLB	ZMYND11
cluster_555	17	CD74	CSN3	DDX60	EIF1	EIF1B	EIF3A	EIF3C	EIF3CL	EIF3E	EIF3G	EIF3J	EIF3K	EIF3L	EIF5	PRRC2B	SLC45A3	SLC6A16
cluster_556	8	C11orf49	KIAA1841	LRRC49	NICN1	TBC1D19	TPGS1	TPGS2	TTLL1
cluster_557	7	ACTR6	ANP32E	CFDP1	NFATC2IP	RUVBL2	SRCAP	ZNHIT1
cluster_558	7	CSNK1D	CSNK1E	FAM110C	GAPVD1	PER2	PER3	SNX24
cluster_559	6	ASB18	ELK4	NXPH1	PRPS1	PRPSAP1	PRPSAP2
cluster_560	5	ACTB	ACTG1	FAM227B	GLYATL1	TMSB10
cluster_561	5	ACTR1A	CEP41	CKAP2L	DCTN1	DCTN3
cluster_562	5	AKR1B10	AKR1C1	AKR1C3	AKR1C4	AKR1D1
cluster_563	5	CENPE	DUS4L	FANCB	FANCF	FANCG
cluster_564	5	ERLIN2	KCNN1	RNF170	TMUB1	TMUB2
cluster_565	4	ABI2	BRK1	NCKAP1L	WASF1
cluster_566	4	ANGPT1	ANGPT2	ANGPT4	TEK
cluster_567	4	ARL15	DIO3	PTP4A1	PTP4A2
cluster_568	4	BBS1	BBS2	BBS4	BBS9
cluster_569	4	CBWD1	CBWD2	CBWD6	METAP1
cluster_570	4	CCDC6	LCMT1	PPP4C	TIPRL
cluster_571	4	CEP85	TNRC6A	TNRC6B	TNRC6C
cluster_572	4	CRYAB	CRYBA1	CRYBB2	MIP
cluster_573	4	ENO1	ENO3	KIAA1109	SAMD9
cluster_574	4	FBXO8	RNF152	RPS6KB1	RPTOR
cluster_575	3	ACCS	AMDHD2	GNPDA1
cluster_576	3	ACD	HNMT	TERF1
cluster_577	3	ACSM1	GBP5	SLC22A16
cluster_578	3	AGTR1	PTGFR	SERINC3
cluster_579	3	AIP	PRAMEF10	PRAMEF17
cluster_580	3	AKAP5	TRPA1	TRPV1
cluster_581	3	ALDH1A1	ALDH1A2	ALDH2
cluster_582	3	ALG6	NCSTN	PSENEN
cluster_583	3	ANO4	LAGE3	TP53RK
cluster_584	3	APH1B	PSEN1	PSEN2
cluster_585	3	AREG	ICAM1	NAT1
cluster_586	3	AREL1	PIAS4	SLC4A9
cluster_587	3	ATCAY	CLEC1B	STUB1
cluster_588	3	ATMIN	UBR5	WRNIP1
cluster_589	3	ATRNL1	CLCN5	TMEM9
cluster_590	3	B3GALT6	FZD3	SYNE4
cluster_591	3	B4GALNT1	IL5	IL5RA
cluster_592	3	BATF2	DBP	DDIT3
cluster_593	3	BCL10	CARD14	PRKCQ
cluster_594	3	C6orf62	MAP2K7	MAPK8IP1
cluster_595	3	CACNB1	CACNB2	CACNB3
cluster_596	3	CALB2	GPM6A	HAX1
cluster_597	3	CCDC28B	LAGE3	TPRKB
cluster_598	3	CCHCR1	IQCC	PROSER3
cluster_599	3	CCM2	HEG1	KRIT1
cluster_600	3	CCSER1	PAFAH1B1	PAFAH1B3
cluster_601	3	CDH8	CTNNA1	CTNNA2
cluster_602	3	CDKAL1	MMS19	RSAD2
cluster_603	3	CER1	GDF3	PPM1A
cluster_604	3	CKB	CKM	TREM1
cluster_605	3	COL6A5	COL9A3	USP3
cluster_606	3	CPZ	DIXDC1	L3HYPDH
cluster_607	3	CRY1	CRY2	PER3
cluster_608	3	CSNK1A1	FAM83G	MPLKIP
cluster_609	3	CXorf21	QRFPR	SLC15A4
cluster_610	3	CYB5D2	NPTX2	NPTXR
cluster_611	3	CYLD	PAGE5	SPATA2L
cluster_612	3	CYP2C18	CYP2C19	CYP2C9
cluster_613	3	DCTD	FXR2	TDRD3
cluster_614	3	DHX58	DUS2	EIF2AK2
cluster_615	3	DNAAF3	RANBP2	RAPGEF3
cluster_616	3	DNAJC12	ERI2	TOMM20L
cluster_617	3	DNAJC25	SEC61B	SSR1
cluster_618	3	DNAJC4	MAT1A	MAT2A
cluster_619	3	DPYS	DPYSL3	DPYSL4
cluster_620	3	EBI3	IL27	IL27RA
cluster_621	3	EEF2	EEF2KMT	KIAA1328
cluster_622	3	EML1	EML6	TUBB3
cluster_623	3	ENTPD5	FBXO6	JMJD8
cluster_624	3	ERCC4	USP45	XPA
cluster_625	3	FAM149B1	FOXJ1	TBC1D32
cluster_626	3	FAM184B	NFE4	TFCP2
cluster_627	3	FBLIM1	FLNA	SYNPO2
cluster_628	3	FBLN5	LOXL1	LPA
cluster_629	3	FBP2	SCGB1A1	TRIM32
cluster_630	3	FGL1	PPP1R1A	TBC1D10A
cluster_631	3	FKTN	HLA-DPA1	HS3ST3B1
cluster_632	3	FMR1	PHLDB1	UBAP2L
cluster_633	3	FOPNL	S100A4	S100B
cluster_634	3	FOXF1	FOXF2	SDF4
cluster_635	3	FOXJ1	FOXN3	RFX3
cluster_636	3	FSBP	PTEN	SIRT4
cluster_637	3	HBA1	HBB	PGPEP1
cluster_638	3	HIF1AN	RNASEL	SEPSECS
cluster_639	3	HLA-DRA	HLA-DRB5	KLK4
cluster_640	3	HOXB7	MACROD1	XRCC6
cluster_641	3	IQSEC2	THBS3	THBS4
cluster_642	3	KPNA1	KPNA5	KPNA6
cluster_643	3	KPNA7	LARP7	ZC3H8
cluster_644	3	LRRC49	TPGS1	TPGS2
cluster_645	3	MAGEA1	MIEF1	SPAG1
cluster_646	3	MAGEH1	NGFR	SORCS3
cluster_647	3	MBNL1	MBNL2	MBNL3
cluster_648	3	MTMR6	MTMR7	MTMR8
cluster_649	3	MYO1G	THOC1	THOC6
cluster_650	3	NAT8L	RDH12	TSPAN5
cluster_651	3	NBL1	PRAP1	UBQLN1
cluster_652	3	NCBP1	PHAX	PPRC1
cluster_653	3	NELL1	PFKL	PFKP
cluster_654	3	NFYC	PON1	PON3
cluster_655	3	NKTR	ZC3H18	ZNF816
cluster_656	3	NUMB	NUMBL	UNC5CL
cluster_657	3	OCM	UBE2A	UBE2B
cluster_658	3	PDCD2	RPS2	RPS29
cluster_659	3	PPP1R14B	PSD4	USP9X
cluster_660	3	PTH	PTH1R	PTHLH
cluster_661	3	SCAND1	ZKSCAN7	ZNF394
cluster_662	3	SLC25A26	SPACA1	TATDN2
cluster_663	3	SLC3A2	SLC7A10	SLC7A5
cluster_664	3	SOX11	SOX13	SOX5
cluster_665	3	TPD52L1	TPD52L2	TPD52L3
cluster_666	3	ZBED9	ZNF444	ZSCAN30
cluster_667	9	CHMP1A	CHMP2A	CHMP2B	CHMP5	IST1	MITD1	STAMBP	VPS4A	VTA1
cluster_668	9	PGBD1	ZKSCAN1	ZKSCAN3	ZKSCAN4	ZKSCAN7	ZNF397	ZSCAN21	ZSCAN23	ZSCAN32
cluster_669	7	GNAI1	GNAI3	RGS10	RGS12	RGS14	RGS18	RGS5
cluster_670	19	ASH2L	BOD1	BOD1L1	BOD1L2	CAPZA3	CXXC1	DPY30	HCFC2	KANSL3	KDM4B	KMT2B	KMT2C	KMT2D	PHF20	RERE	SETD1A	SETD1B	WDR82	ZNF608
cluster_671	6	ARAP1	CAPZA1	CAPZB	MAP3K6	RCSD1	STAP1
cluster_672	6	CABLES1	CABLES2	CDK5	DLL1	FIBP	PTPRZ1
cluster_673	8	BAG6	CACNA2D3	GET4	MYEOV	SLC17A7	SLC17A8	SYT11	UBL4A
cluster_674	14	ACTR6	C12orf45	CFDP1	DPCD	NFATC2IP	RPAP3	RUVBL1	RUVBL2	SRCAP	TANGO6	TBRG1	TNFSF13	TTI2	ZNHIT1
cluster_675	35	ASB6	ASNSD1	CTDP1	DXO	GPN1	GPN2	GPN3	GTF2F1	GTF2F2	HIGD1B	IWS1	POLR2A	POLR2B	POLR2C	POLR2D	POLR2E	POLR2F	POLR2G	POLR2H	POLR2I	POLR2J	POLR2J3	POLR2K	POLR2L	POLR2M	RECQL5	RNGTT	RPAP1	RPAP2	RPRD1A	RPRD1B	RPRD2	SCAF4	SUPT4H1	SUPT6H
cluster_676	10	CSNK2A1	CSNK2A2	CSNK2A3	NAP1L2	PHF2	TSPYL1	TSPYL2	ZMYND8	ZNF592	ZNF687
cluster_677	7	AURKB	AURKC	EVI5	FAM228B	FBXL7	HBZ	INCENP
cluster_678	24	ASH1L	BEX5	BRD8	CCDC36	DCDC2	DMAP1	EP400	EPC1	EPC2	FOXR1	FOXR2	ING3	JAZF1	KDM5C	MBTD1	MORF4L1	MORF4L2	MRFAP1	MRFAP1L1	MRGBP	PLAC1	TEX11	VPS72	ZNF865
cluster_679	5	COBLL1	GAS7	PACSIN2	PACSIN3	RWDD4
cluster_680	5	MCAT	MRPS21	MRPS31	MRPS33	TRMT10B
cluster_681	46	ERAP2	IL17B	MTF1	NPM3	OR10G4	OR10G9	RIMKLB	RPL12	RPL13	RPL13A	RPL14	RPL15	RPL17	RPL18	RPL18A	RPL19	RPL21	RPL22	RPL23	RPL23A	RPL24	RPL27	RPL27A	RPL28	RPL29	RPL30	RPL31	RPL32	RPL34	RPL35	RPL35A	RPL36	RPL37A	RPL38	RPL4	RPL5	RPL8	RPL9	RPLP1	RPLP2	RPS11	RPS15A	RPS23	RPS3A	SRP72	ZCCHC7
cluster_682	11	MRPS14	MRPS15	MRPS16	MRPS17	MRPS21	MRPS31	MRPS34	MRPS5	MRPS6	NOA1	TRMT10B
cluster_683	13	DYNC1H1	DYNC1I1	DYNC1LI1	DYNC1LI2	DYNLRB1	DYNLRB2	DYNLT1	DYNLT3	TANC1	TCTEX1D2	TCTEX1D4	WDR34	WDR60
cluster_684	10	DUS3L	EME1	EME2	GTPBP8	IDO2	MUS81	PLEK2	SLX1A	SLX4	ZNF17
cluster_685	6	BTRC	CELF6	CENPT	FBXW11	HIVEP2	PCDH8
cluster_686	6	CALD1	CAPZA1	CAPZB	NEXN	PLEKHG3	TWF1
cluster_687	9	IL36RN	ISL1	ISL2	LHX4	LHX8	LMX1B	NUDT22	SSBP3	SSBP4
cluster_688	7	BLOC1S1	BLOC1S3	BLOC1S4	BLOC1S6	CNGA4	DTNBP1	ENTHD1
cluster_689	7	CALB1	CHUK	CNTN2	CSF2	IKBKB	INHA	MACROD1
cluster_690	13	AAGAB	AAK1	AP2A1	AP2A2	AP2M1	AP2S1	BMP2K	MAGED4B	NECAP1	NECAP2	REXO1	SGIP1	STON2
cluster_691	11	ATP6V0A1	ATP6V1B1	ATP6V1B2	ATP6V1D	ATP6V1E1	ATP6V1E2	ATP6V1F	SLC19A1	SLC6A14	SRXN1	TCIRG1
cluster_692	4	AKR1B1	ENO1	ENO3	GLYAT
cluster_693	4	AP2A2	AP2S1	FAM181A	RUNDC3A
cluster_694	4	ATG2B	FIGLA	LHX6	WDR45
cluster_695	4	BAAT	FBP1	FBP2	PDGFRL
cluster_696	4	CALB2	DGUOK	NUFIP1	SLC12A5
cluster_697	4	CELF5	GMDS	TNKS	TNKS2
cluster_698	4	COL20A1	KIF27	TBC1D7	TSC1
cluster_699	4	CPB2	GALK1	MAT1A	MAT2A
cluster_700	4	DAD1	RPN2	STT3B	TMBIM4
cluster_701	4	DNAL1	RASL10A	RHOA	RHOC
cluster_702	4	GAMT	GDI1	GDI2	RAB22A
cluster_703	4	HTR6	NDUFC1	NF1	SPRED1
cluster_704	4	KAZN	KIF27	TBC1D7	TSC2
cluster_705	4	KIF5A	KIF5B	KIF5C	RHOT1
cluster_706	4	KIFC2	MIS18BP1	OIP5	SENP5
cluster_707	4	MIS18BP1	MYRIP	OIP5	OSBPL6
cluster_708	4	MRPL36	PRR5	PRR5L	RICTOR
cluster_709	4	MRPS33	MRPS35	MRPS9	ZNF169
cluster_710	4	PRIMPOL	RPA3	SMARCAL1	TIPIN
cluster_711	7	CPEB1	DDX6	GTPBP1	LSM12	LSM14A	PATL1	TMC4
cluster_712	23	BET1	CLEC12A	GJC3	NAPA	NAPG	NBAS	NSF	SCFD1	SNAP47	STX10	STX12	STX16	STX6	STX7	STX8	STXBP6	SYPL1	TMEM74	VAMP4	VAMP5	VAMP7	VTI1A	VTI1B
cluster_713	36	ASCL2	ASH2L	BOD1	BOD1L1	BOD1L2	BTN1A1	CDH19	CXXC1	DPY30	DYDC2	EPB41L4B	FAM199X	HCFC2	HELB	KDM4B	KDM6A	KMT2A	KMT2B	KMT2C	KMT2D	MBIP	NCOA6	PAGR1	PAXIP1	PSIP1	PYGO2	RBBP5	RERE	SETBP1	SETD1A	SETD1B	UTY	WDR5	WDR82	YEATS2	ZZZ3
cluster_714	12	AQR	BCAS2	CCDC12	CDC40	CDC5L	CRNKL1	CWC15	CWF19L1	GPATCH1	ISY1	PLRG1	RBM22
cluster_715	6	DYNLRB2	DYNLT1	TCTEX1D2	TCTEX1D4	WDR34	WDR60
cluster_716	5	ANKRD6	APC	GSK3A	GSK3B	STON1
cluster_717	5	C6orf120	DUSP3	ERLIN2	RNF170	TMUB1
cluster_718	5	FAM160A1	FAM160A2	HOOK2	HOOK3	NAB1
cluster_719	5	TCP11L2	TTC5	TUBA1A	TUBA1C	TUBA3E
cluster_720	38	ASB6	BDP1	BRF1	CD3EAP	CRCP	GPN1	GPN3	MAF1	POLR1B	POLR1C	POLR1D	POLR1E	POLR2B	POLR2E	POLR2F	POLR2J3	POLR2L	POLR2M	POLR3A	POLR3B	POLR3C	POLR3D	POLR3E	POLR3F	POLR3G	POLR3GL	POLR3H	POLR3K	RNGTT	RPAP1	RPAP3	RPRD1A	RPRD1B	TMEM184C	TRPS1	TWISTNB	UXT	ZNRD1
cluster_721	16	CNKSR1	KIF2B	KRT82	MOAP1	PAEP	PHTF1	RASSF1	RASSF2	RASSF3	RASSF4	RASSF5	RASSF6	SAV1	SPRR2E	STK3	STK4
cluster_722	17	DAP3	MCAT	MRPS16	MRPS17	MRPS18C	MRPS21	MRPS23	MRPS24	MRPS25	MRPS27	MRPS28	MRPS31	MRPS34	MRPS6	NOA1	PTCD3	TRMT10B
cluster_723	25	ACTRT3	BMX	CCT2	CCT3	CCT4	CCT5	CCT6A	CCT6B	CCT8	DAZ2	FBXO43	FBXW4	FBXW9	ILK	LFNG	PDCL	PDCL3	RAP2C	RFPL1	RPS6KB2	SGK2	TBL1Y	TCP1	TUBAL3	WDR86
cluster_724	7	DDOST	MLEC	OST4	OSTC	RPN2	TIA1	TMEM258
cluster_725	7	MYH6	PIM3	RHOBTB2	SEMA6D	TPM1	TPM3	TPM4
cluster_726	19	ANKRD55	FGF8	HSPB11	IFT172	IFT20	IFT22	IFT27	IFT46	IFT52	IFT57	IFT80	IFT81	IFT88	TFPI2	TRAF3IP1	TTC26	TTC30A	TTC30B	UBXN10
cluster_727	18	BCL3	HLA-DOA	LYL1	MAP3K8	MUC3A	NFKB1	NFKB2	NFKBIB	NFKBIE	NFKBIZ	PIR	PMEPA1	POLRMT	REL	RELA	RELB	SETD6	SUMO4
cluster_728	29	GADD45GIP1	MRPL10	MRPL14	MRPL15	MRPL18	MRPL23	MRPL28	MRPL30	MRPL35	MRPL37	MRPL40	MRPL41	MRPL42	MRPL43	MRPL44	MRPL45	MRPL47	MRPL48	MRPL49	MRPL50	MRPL51	MRPL52	MRPL54	MRPL55	MRPL57	MRPS18A	MRPS30	OXA1L	RPL37
cluster_729	13	ABCF3	ATP6V0A1	ATP6V1A	ATP6V1B1	ATP6V1B2	ATP6V1D	ATP6V1E1	ATP6V1E2	ATP6V1F	LRRC57	SLC16A10	SLC6A7	ZNF593
cluster_730	6	APOBEC3D	GEMIN2	GEMIN8	IGHV3-72	SMN2	SNRNP70
cluster_731	6	CTBP1	LCORL	NOL4L	RAI2	TEX9	ZBTB18
cluster_732	6	SULT1A1	SULT1A2	SULT1A3	SULT1A4	SULT1C2	SULT1C3
cluster_733	7	ACOX2	C4orf19	CTTNBP2	MOB4	STARD10	STRN3	STRN4
cluster_734	7	BBS10	BBS2	BBS4	BBS5	BBS7	BBS9	TTC8
cluster_735	7	GIT1	GIT2	OPN4	OR2K2	PAK1	PAK2	PAK3
cluster_736	7	TAF1	TAF11	TAF12	TAF13	TAF1L	TAF4B	TAF7L
cluster_737	5	ANKRD13D	CDCA3	CTDSP1	CTDSPL	TBC1D10B
cluster_738	5	CAPN1	CAPN8	CAPNS2	CAST	SLIT3
cluster_739	5	CEBPD	PPP1R37	SKI	SMAD2	ZMIZ1
cluster_740	5	CKB	CKM	CKMT1A	CKMT1B	WDR93
cluster_741	5	HNRNPK	KHDRBS2	KHDRBS3	PTBP2	RBMY1A1
cluster_742	5	KAZN	SLC10A3	YIPF1	YIPF2	YIPF6
cluster_743	17	MRPL14	MRPL18	MRPL28	MRPL35	MRPL37	MRPL39	MRPL42	MRPL45	MRPL48	MRPL51	MRPL52	MRPL53	MRPL54	MRPL55	MRPL57	MRPS30	RPL37
cluster_744	11	CFAP45	ENKUR	KCNJ15	MYH10	MYH14	MYH9	MYL12A	MYL3	MYL6	MYL9	SAMD9
cluster_745	11	CLINT1	CLTB	CLTC	CLTCL1	DNAJC6	GAK	HIP1R	PICALM	PIK3C2A	SEC14L5	SMAP2
cluster_746	8	MRPS17	MRPS18B	MRPS23	MRPS27	MRPS28	MRPS34	PSKH1	SOX15
cluster_747	7	CERKL	EIF3B	EIF3D	EIF3M	HYKK	METTL18	SLC39A13
cluster_748	6	AHCTF1	CLSTN2	NUP37	NUP85	SEC13	SEC16B
cluster_749	6	AVPR1B	FLRT1	PIK3R1	PIK3R2	PIK3R3	TRIM72
cluster_750	4	ABCC2	B4GALNT3	LAIR1	PTPN6
cluster_751	4	ADARB1	RRN3	TAF1A	TAF1D
cluster_752	4	APOBEC3B	APOBEC3F	GSPT1	GSPT2
cluster_753	4	ARHGEF19	DNAH10	GATA4	NKX2-5
cluster_754	4	ATCAY	CRIP1	DDIAS	STUB1
cluster_755	4	CALB2	DNAAF2	GPM6A	PLXNA4
cluster_756	4	CAPN6	CHRAC1	DUXA	SMARCA5
cluster_757	4	CD38	CD3E	PTPN22	ZAP70
cluster_758	4	CLCN4	CLCN5	MCOLN1	TMEM9
cluster_759	4	CLDN17	LNX1	MAGEB18	PKDREJ
cluster_760	4	CLSTN2	NUP133	NUP43	WRNIP1
cluster_761	4	COQ3	COQ4	COQ7	COQ9
cluster_762	4	CRX	M1AP	NR2E3	NRL
cluster_763	4	CRYAB	CRYBA1	CRYGC	GSTZ1
cluster_764	4	CTAGE1	CTAGE6	MIA2	MIA3
cluster_765	4	DNASE1L2	PHF13	TBX18	TBX20
cluster_766	4	ENO1	ENO3	HEMGN	NOMO2
cluster_767	4	HOXC8	SMAD6	SMURF1	TTF1
cluster_768	4	IGSF5	MAML1	NKX6-1	RBPJ
cluster_769	4	MRPS36	OGDH	PDHA1	PDHX
cluster_770	4	MSS51	SEMG1	SEMG2	SLC22A13
cluster_771	4	NKRF	STAU1	STAU2	TINCR
cluster_772	4	NLRC4	NOL3	RIPK1	TRADD
cluster_773	4	PSG1	PSG3	PSG6	PSG9
cluster_774	4	ZNF212	ZNF282	ZNF398	ZNF783
cluster_775	3	A4GALT	ICK	KIAA0556
cluster_776	3	AARSD1	ALKBH2	TAT
cluster_777	3	AATF	NOL10	ZNF468
cluster_778	3	ABI3BP	FZD5	RNF43
cluster_779	3	ABLIM1	BCO1	SEPSECS
cluster_780	3	ABR	RHOB	RHPN2
cluster_781	3	ACTC1	OR9A4	PHACTR2
cluster_782	3	ACTG1	ACTG2	TMSB10
cluster_783	3	ACTN1	ACTN3	ARX
cluster_784	3	ACTN1	CDK5R2	DDN
cluster_785	3	ACTN2	MYOT	PDLIM3
cluster_786	3	ACTR2	CHURC1	NFASC
cluster_787	3	ADA	POTEF	THEMIS
cluster_788	3	ADCYAP1	PCSK1N	SCTR
cluster_789	3	ADIRF	BNIPL	GFER
cluster_790	3	ADRB3	PDE6G	SRC
cluster_791	3	AHCYL2	ARSI	VSX2
cluster_792	3	AK6	OTUB1	RNF128
cluster_793	3	ALDH3B1	ALDH3B2	CHIT1
cluster_794	3	ALG10	NIPA2	YIPF3
cluster_795	3	ALG10	SLC22A9	SLC35B2
cluster_796	3	AMDHD1	EIF1AX	EIF1AY
cluster_797	3	ANGEL2	MLXIP	PRMT1
cluster_798	3	ANXA2	DEFB124	PLA2G4A
cluster_799	3	AP3B2	AP3D1	AP3M2
cluster_800	3	APOBR	MAP1LC3A	TP53INP2
cluster_801	3	APOOL	CHCHD6	IMMT
cluster_802	3	ARF1	ARF3	ARFGAP3
cluster_803	3	ARG1	SERPINB3	SERPINB4
cluster_804	3	ARHGAP22	FGD3	IL1RAPL1
cluster_805	3	ARHGEF3	PUS7L	TRIM27
cluster_806	3	ARNTL	ARNTL2	CIPC
cluster_807	3	ARSA	LGMN	PDIA5
cluster_808	3	ART5	CTSF	PON2
cluster_809	3	ASPG	GSDMD	SGK1
cluster_810	3	ATG16L2	RAB33A	RAB33B
cluster_811	3	ATOX1	TRAF4	UBL4B
cluster_812	3	ATP2A1	ROGDI	SLN
cluster_813	3	ATP2B2	CYP2B6	HSD17B6
cluster_814	3	BAALC	KLF4	ZNF185
cluster_815	3	BAG3	HSPB6	HSPB7
cluster_816	3	BCL6	BCL6B	LIMS3
cluster_817	3	BET1L	SFT2D3	STX5
cluster_818	3	BLOC1S4	RGS7	SNAPIN
cluster_819	3	BNC2	IRF6	IRF8
cluster_820	3	BOD1L2	MSL1	MSL2
cluster_821	3	BSCL2	NSG1	TMEM19
cluster_822	3	BYSL	NOB1	UTP14C
cluster_823	3	C12orf4	IL6	IL6R
cluster_824	3	C17orf75	FAM91A1	LHFPL4
cluster_825	3	C19orf57	F11	PRCC
cluster_826	3	CA5B	DBT	LIPT1
cluster_827	3	CACNG3	CATSPER4	POTEF
cluster_828	3	CAMK1D	CAMK1G	GNRHR
cluster_829	3	CASKIN1	CLDN20	HIF1AN
cluster_830	3	CATSPER4	GP6	TRAF4
cluster_831	3	CCDC47	NCLN	NOMO3
cluster_832	3	CCL23	HYLS1	IDE
cluster_833	3	CCT6B	KLHDC8A	PNPLA1
cluster_834	3	CCT6B	SEC31B	WDR86
cluster_835	3	CD200	CD200R1	TCP10L2
cluster_836	3	CD276	CD68	LGALS1
cluster_837	3	CD46	CD81	TFR2
cluster_838	3	CD84	SH2D1A	SH2D1B
cluster_839	3	CDKAL1	CIAO1	RTEL1
cluster_840	3	CDX2	PAX6	SIGLEC6
cluster_841	3	CDX4	PRKAB2	RHEBL1
cluster_842	3	CEP135	RTTN	STIL
cluster_843	3	CEP83	POTEB2	REPIN1
cluster_844	3	CHEK1	MEPE	ZXDC
cluster_845	3	CLDN6	TJP1	TJP3
cluster_846	3	CLK3	RSRP1	USP9Y
cluster_847	3	CNOT1	NANOS1	PABPN1L
cluster_848	3	CREB3	CREB3L4	PDGFC
cluster_849	3	CRLS1	FBXO15	PINK1
cluster_850	3	CSRNP1	TCEANC	ZKSCAN7
cluster_851	3	CTIF	DDX19B	KIF25
cluster_852	3	CTNND2	PDZD2	PKP4
cluster_853	3	CTRC	PNLIP	SUMF1
cluster_854	3	CTSK	INHA	SIAH1
cluster_855	3	CXCL10	CXCL9	CXCR3
cluster_856	3	CXCR5	GNAI2	LTB4R
cluster_857	3	CYP2B6	DHRS4	DHRS4L2
cluster_858	3	DCC	FGF17	NTN1
cluster_859	3	DCX	MTERF2	NMNAT3
cluster_860	3	DDIT4	HUWE1	PMAIP1
cluster_861	3	DHRSX	GDAP2	ZBED1
cluster_862	3	DICER1	PIWIL1	TDRKH
cluster_863	3	DNAL1	RAP1GDS1	RASL10A
cluster_864	3	DNTT	DNTTIP1	MEI4
cluster_865	3	DOHH	EIF5A	EIF5AL1
cluster_866	3	DOHH	NAT2	STARD7
cluster_867	3	EIF2B2	OPN3	SPN
cluster_868	3	EIF4E3	MYF6	TBC1D4
cluster_869	3	EML2	EML6	TUBB2B
cluster_870	3	ENOPH1	VPS52	VPS54
cluster_871	3	EPG5	MUC12	USP8
cluster_872	3	ETV7	NFIB	NKX2-4
cluster_873	3	FABP7	TAGLN2	TAGLN3
cluster_874	3	FAHD2A	FAHD2B	LCN8
cluster_875	3	FATE1	NRG4	PRRG2
cluster_876	3	FGA	FGB	LPA
cluster_877	3	FHL2	ITGB6	ODAM
cluster_878	3	FIS1	PEX11A	PEX11G
cluster_879	3	FKBP14	FUT9	SPACA3
cluster_880	3	FN1	MIA	TIMD4
cluster_881	3	FOXQ1	TIMM13	TIMM8B
cluster_882	3	FRMPD4	GP6	LYN
cluster_883	3	FRRS1L	PGAP3	TBRG4
cluster_884	3	FXYD7	SGTA	SYT4
cluster_885	3	FZD4	NDP	ZNRF3
cluster_886	3	GANC	GNA15	TTC1
cluster_887	3	GAPDHS	MEIOB	RASGEF1B
cluster_888	3	GBP1	GBP5	SURF1
cluster_889	3	GBP2	GBP3	GBP7
cluster_890	3	GCNT3	SORL1	SP6
cluster_891	3	GID4	GLIPR1L2	PRG3
cluster_892	3	GIPC1	LHCGR	TYRP1
cluster_893	3	GLIPR1L2	INSL6	MAEA
cluster_894	3	GMPR	GMPR2	SLCO5A1
cluster_895	3	GPR141	TRHDE	TSPAN3
cluster_896	3	GRHL2	LDB2	LMO4
cluster_897	3	GRN	NLN	SPACA4
cluster_898	3	GSN	PLEKHG6	RBM18
cluster_899	3	HCN2	HCN4	KCNE2
cluster_900	3	HHLA3	NMI	OXR1
cluster_901	3	HLA-DQB2	PPIB	PRL
cluster_902	3	HOXA9	IAPP	TRIP6
cluster_903	3	HOXB3	SDHA	SDHAF1
cluster_904	3	HOXC10	MAPK11	MAPK14
cluster_905	3	HSCB	ISCU	THEM5
cluster_906	3	IFNG	IFNGR1	SLC16A9
cluster_907	3	INPP4A	RAD54L	WDYHV1
cluster_908	3	INPP5B	OCRL	PLEKHJ1
cluster_909	3	INPPL1	PLEK2	SCIMP
cluster_910	3	KCNK18	TGFB3	TGFBR2
cluster_911	3	KDM3A	RASSF4	STK3
cluster_912	3	KDM8	RCCD1	TBCC
cluster_913	3	KPNA2	PLAG1	TBPL2
cluster_914	3	LACRT	RSPO1	SLC2A6
cluster_915	3	LPIN1	LPIN2	LPIN3
cluster_916	3	MARVELD3	SLCO1B1	SLCO1B3
cluster_917	3	MEI1	NUDT8	PMPCA
cluster_918	3	MICAL2	PLA2G7	PTPRN
cluster_919	3	MIEF2	RABAC1	SNX10
cluster_920	3	MLX	MXD1	MXD4
cluster_921	3	MREG	SMCO1	SPAG9
cluster_922	3	NDUFAF7	RD3	ST3GAL5
cluster_923	3	NF2	OR4X1	SGSM3
cluster_924	3	NGF	NTRK1	PHOX2A
cluster_925	3	NOS1AP	RASAL3	RASD1
cluster_926	3	NSUN3	THUMPD3	ZNF501
cluster_927	3	NSUN7	SEMG1	SEMG2
cluster_928	3	OGFR	TGIF2LX	TGIF2LY
cluster_929	3	PARD6A	PARD6B	PARD6G
cluster_930	3	PFDN1	SPIN2B	VBP1
cluster_931	3	PIEZO2	PIWIL1	STMN1
cluster_932	3	PITPNM1	PITPNM3	PTK2B
cluster_933	3	PKM	PPP1R26	TGIF2
cluster_934	3	PKNOX2	SERTAD3	USHBP1
cluster_935	3	PLEKHG5	RND1	RND3
cluster_936	3	PMP22	RNF152	TSPAN12
cluster_937	3	POLQ	PRPF40B	RBM25
cluster_938	3	PPCDC	ZKSCAN5	ZNF232
cluster_939	3	PREX1	RICTOR	RPS6KB1
cluster_940	3	PTF1A	RBPJL	TRIP12
cluster_941	3	PTGES2	UQCR11	UQCRQ
cluster_942	3	PTGES3L-AARSD1	TAB2	TAB3
cluster_943	3	RAB40AL	SPTB	ZBTB12
cluster_944	3	RAG2	SKP2	TRIM49
cluster_945	3	RAP2B	RUNDC3A	RUNDC3B
cluster_946	3	REEP2	REEP4	SFT2D2
cluster_947	3	ROPN1L	RSPH14	RSPH3
cluster_948	3	RP9	U2AF1	U2AF1L4
cluster_949	3	SCGB2A1	SLC2A6	TSGA13
cluster_950	3	SELPLG	TNIP1	TNIP3
cluster_951	3	SETD3	SNX12	SNX3
cluster_952	3	SOBP	SUMO2	SUMO3
cluster_953	3	SOSTDC1	TACC1	TACC2
cluster_954	3	WNT4	WNT7A	WNT7B
cluster_955	13	DACT3	HSPB11	IFT172	IFT22	IFT46	IFT52	IFT74	IFT80	IFT88	TRAT1	TTC26	TTC30A	TTC30B
cluster_956	21	NKX2-6	PDE10A	PRDM15	RPL18A	RPL36	RPS12	RPS13	RPS15A	RPS17	RPS18	RPS21	RPS23	RPS28	RPS3A	RPS4X	RPS4Y2	RPS5	RPS6	RPS9	WSCD2	ZNF354A
cluster_957	12	CAMKK2	DCLRE1C	MID1IP1	MORC4	NLRP9	PIEZO2	PRKAA1	PRKAA2	PRKAG1	PRKAG2	PRKAG3	RIMBP3
cluster_958	14	CASP8AP2	MX1	PIAS1	PIAS2	RAD54L2	SAE1	SENP1	SENP2	SP100	SUMO1	TRMT10A	UBE2I	USPL1	ZCCHC12
cluster_959	30	ACTRT3	CCT2	CCT3	CCT4	CCT5	CCT6A	CCT6B	CCT7	CCT8	DAZ2	DNAI2	FBXW4	FBXW9	KLHDC8A	MIOX	MMACHC	ODF1	PDCD5	PDCL3	PKDCC	PLA2G15	PNPLA1	PNPLA5	SEC31B	SMOX	STRADB	TCP1	TUBAL3	TUBG2	WDR86
cluster_960	8	BCL9	BCL9L	ISL1	ISL2	LDB1	LDB2	LHX9	SSBP3
cluster_961	8	BCORL1	COMMD3-BMI1	KDM2B	MGA	PCGF3	RNF2	SSX1	ZFP42
cluster_962	12	EME1	EME2	GTPBP8	IDO2	MUS81	SLX1A	SLX1B	SLX4	SLX4IP	SPOCK2	TFB1M	TMEM209
cluster_963	15	CISD1	CLNK	DCDC1	ETAA1	PIN4	PRIMPOL	RPA1	RPA2	RPA3	RPA4	RPAIN	SMARCAL1	TIMELESS	TIPARP	UBR7
cluster_964	7	BARHL1	HLX	RIPPLY2	SIX6	TLE1	TLE2	TLE4
cluster_965	7	BMP2	BMP6	BMPR1A	BMPR1B	BMPR2	GDF6	RGMB
cluster_966	9	ANKRD52	BRSK1	DCLRE1C	MOB1A	PLK2	PPP6C	PPP6R1	PPP6R2	USP6
cluster_967	17	ANXA2R	CNOT1	CNOT10	CNOT11	CNOT2	CNOT3	CNOT6	CNOT6L	GPBP1L1	KIAA0355	NANOS1	RAVER1	TEX13A	TNKS1BP1	TOB1	TOB2	UHMK1
cluster_968	8	C2CD5	CABLES1	CABLES2	CDK12	CDK5	CDK5RAP1	FIBP	ODF1
cluster_969	11	ASXL2	ASXL3	BAP1	FOXK1	HAND1	HBG1	MBD5	MBD6	MEIOB	RCC2	ZNF428
cluster_970	6	CLEC3B	MAPKAP1	MTOR	MXI1	POLDIP3	RIN2
cluster_971	6	CYFIP2	EPS8L1	NCKAP1	NHSL2	UBXN11	WASF3
cluster_972	5	ARHGAP30	DOCK6	DOCK7	DOCK8	ISM2
cluster_973	5	ATP6AP1	ATP6V0A1	ATP6V0A4	ATP6V0C	CFAP61
cluster_974	5	IL36A	RNF40	UBE2B	UQCRHL	WAC
cluster_975	24	CABS1	CMBL	KANK4	MAN1B1	MAN2A1	RAB43	STMN4	TBC1D14	TRAPPC1	TRAPPC10	TRAPPC11	TRAPPC12	TRAPPC13	TRAPPC2	TRAPPC2B	TRAPPC2L	TRAPPC3	TRAPPC3L	TRAPPC4	TRAPPC5	TRAPPC6A	TRAPPC6B	TRAPPC8	TRAPPC9
cluster_976	18	BABAM1	BRCA1	BRCC3	BRIP1	CRTAC1	CSTF1	DCAF8L2	LUC7L3	MDC1	NBN	NF1	OLA1	PARG	PMS1	PMS2	RBBP8	TULP2	WDHD1
cluster_977	7	CCDC174	MAGEA6	PHTF1	RASSF4	SAV1	STK4	ZNF133
cluster_978	7	CCDC180	EXO1	FRAT2	MLH1	MSH3	MSH6	SENP6
cluster_979	11	C7orf26	INIP	INTS1	INTS10	INTS2	INTS3	INTS4	INTS5	INTS6	INTS8	INTS9
cluster_980	15	ADAP2	DDX50	GDF15	GID4	GID8	GNLY	MKLN1	RANBP10	RANBP9	SFRP2	SFRP5	TDGF1	WDR26	WNT10A	YPEL5
cluster_981	8	APLF	LIG3	PARP2	PARP3	TDP1	UNG	XRCC1	ZNF639
cluster_982	8	CLASP1	MAPRE1	MAPRE3	PSRC1	SNPH	SPDYE2	SPDYE2B	TRIO
cluster_983	6	AGFG1	AGFG2	EPS15	EPS15L1	FCHO1	TMEM114
cluster_984	6	ANKMY2	HNMT	PINX1	POT1	TINF2	ZFP36L1
cluster_985	6	KIF16B	OSBPL1A	RAB34	RAB7A	RAB7B	RILP
cluster_986	12	CCNL1	CDK11A	CDK11B	CSNK2A1	CSNK2A2	CSNK2A3	DDX41	GPATCH2	HIRIP3	NKAPL	PCDH18	TNP1
cluster_987	22	CCNA1	CCND2	CCND3	CCNE1	CCNE2	CCNJ	CCNO	CDK2	CDK3	CDKN1B	CKS1B	CLIP3	CXCL13	DMP1	DYRK1B	MGMT	NOBOX	PROCA1	SPDYA	SPDYE1	SPDYE4	UHRF2
cluster_988	9	CBX1	CBX3	CHAF1B	CHAMP1	KLF11	PMF1-BGLAP	SUV39H2	ZNF280D	ZNF292
cluster_989	7	ARHGEF28	CDK1	CKS2	DIAPH3	GAS2L1	PKMYT1	PLEKHG2
cluster_990	16	ABCA1	AIF1	CASP10	CASP8	CFLAR	DEDD	DEDD2	FAS	FASLG	IL37	NOL3	RIPK3	TLE6	TNFRSF10A	TNFRSF10B	TNFSF10
cluster_991	13	CA9	LMNA	LMNB1	LMNB2	MARVELD1	NUP160	PERM1	RGPD6	SYNE1	TMEM201	TMPO	TOR1AIP1	ZNF239
cluster_992	20	AFF1	AFF3	AFF4	BRDT	C11orf58	CDK10	CDK9	DENND2D	ELL	ELL2	ELL3	HEXIM1	HEXIM2	MDFIC	MLLT1	MLLT3	MYCBP	PPIL4	RBM15B	VAX1
cluster_993	12	SPTY2D1	SREK1	SRPK1	SRPK2	SRPK3	SRSF10	SRSF11	SRSF12	SRSF4	SRSF8	TRA2A	TRA2B
cluster_994	8	ARAP1	CAPZA1	CAPZB	NEXN	PIM3	PLEKHO1	PLEKHO2	TWF1
cluster_995	8	FAU	PDCD2	PDCD2L	PRMT3	RIOK3	RPS2	RPS29	RPSA
cluster_996	8	MRPS10	MRPS18C	MRPS23	MRPS27	MRPS35	MRPS9	PTCD3	TGM6
cluster_997	5	AKIRIN1	ANGPTL2	RASSF8	ZBTB2	ZNF639
cluster_998	5	ATXN7L2	ATXN7L3	ATXN7L3B	USP27X	USP51
cluster_999	5	BBOX1	CCDC13	IKBKE	REC114	TBK1
cluster_1000	5	BCAS1	CDADC1	DYNLL1	DYNLL2	GGN
cluster_1001	5	CAPN1	CAPN8	CAPNS1	CAPNS2	GAS2
cluster_1002	5	CCDC42	CFAP45	ENKUR	MYH9	MYL3
cluster_1003	5	CPEB4	FXR1	LSM14B	PRRC2C	TDRD3
cluster_1004	5	HDAC10	HDAC3	PIWIL2	POU1F1	TBL1X
cluster_1005	5	LRG1	NME1-NME2	NME2	NME3	SLC48A1
cluster_1006	5	METTL7B	RTN1	RTN3	RTN4	TM4SF5
cluster_1007	4	AAR2	EFTUD2	PRSS56	RSRC1
cluster_1008	4	ABCG2	BAG6	PAQR9	REG1B
cluster_1009	4	ACSS2	ASB18	PRPS1	PRPSAP2
cluster_1010	4	AKAP3	AKAP4	FSIP2	PRKAR1A
cluster_1011	4	ARHGEF6	ARHGEF7	CAMK4	PCLO
cluster_1012	4	ARPP21	DCLRE1B	HAAO	TERF2IP
cluster_1013	4	CA1	FOXE1	NFE4	TFCP2
cluster_1014	4	CAMK4	DTX4	MAML1	RBPJ
cluster_1015	4	CCDC113	GIT1	GIT2	GRIP2
cluster_1016	4	CNOT7	CNOT8	NANOS2	RIBC1
cluster_1017	4	CPEB2	EEF2	EEF2KMT	ZNF620
cluster_1018	4	CYP1A2	CYP2D6	CYP2E1	POR
cluster_1019	4	CYP3A4	UGT1A1	UGT1A6	UGT2B7
cluster_1020	4	DCLRE1B	FSBP	OCM2	TERF2IP
cluster_1021	4	DDI1	NRIP3	RSC1A1	SOD2
cluster_1022	4	DSC1	DSG1	JUP	S100A14
cluster_1023	4	E2F1	E2F2	E2F3	E2F5
cluster_1024	4	EFR3A	PELI3	UBE2N	ZNRF2
cluster_1025	4	ERC2	GBP4	GIT1	GIT2
cluster_1026	4	GHSR	LEAP2	PACS2	WDR37
cluster_1027	4	HAO1	KCNAB1	KCNAB2	KCNAB3
cluster_1028	4	IFIT1B	IFIT2	IFIT3	IFNA10
cluster_1029	4	KANK4	LAPTM4B	TLN1	TLN2
cluster_1030	4	LAMTOR3	RHEB	RRAGA	RRAGB
cluster_1031	4	MAATS1	PRKAB1	PRKAB2	RHEBL1
cluster_1032	4	RNF20	SFR1	WAC	ZSCAN4
cluster_1033	4	SNX1	SNX2	SNX30	SPANXB1
cluster_1034	16	PGBD1	SCAND1	ZKSCAN1	ZKSCAN3	ZKSCAN4	ZKSCAN5	ZNF165	ZNF213	ZNF232	ZNF394	ZNF396	ZSCAN20	ZSCAN21	ZSCAN22	ZSCAN23	ZSCAN32
cluster_1035	7	CAV1	F2R	PROCR	PTGER1	PTGIS	PTGS1	PTGS2
cluster_1036	13	ACBD4	ACBD5	EHBP1	MOSPD2	OSBPL10	OSBPL11	OSBPL1A	OSBPL6	OSBPL9	RMDN2	VAPA	VAPB	WDR44
cluster_1037	13	DLGAP5	NUP153	NUSAP1	RAN	RANBP1	RANBP3	RANGRF	RCC1	RGPD1	RGPD2	RGPD3	RGPD4	RGPD8
cluster_1038	9	AGO1	AGO2	AGO3	AGO4	CPEB4	FAM120C	PAN3	YTHDF2	YTHDF3
cluster_1039	9	CCT2	CCT7	CCT8	DPH7	HMGN5	JMJD4	LCMT2	TATDN2	WDR25
cluster_1040	6	DEPTOR	FBXO8	MLXIP	RHEB	RPS6KB1	RPTOR
cluster_1041	8	AKR1B1	CCDC65	CHKA	ENO1	ENO2	ENO3	FKBP1B	FKBP2
cluster_1042	8	ARL15	CFAP43	CNNM1	CNNM2	LRRC39	PTP4A1	PTP4A2	SLC22A14
cluster_1043	17	ARMC8	COQ4	CORO2A	ENTPD1	LAD1	LY6H	MKLN1	PRG3	RANBP10	RANBP9	RMND5A	RMND5B	SFRP2	WARS2	WDR26	WNT10A	YPEL5
cluster_1044	12	ALDOB	BBIP1	BBS1	BBS2	BBS4	BBS5	BBS7	BBS9	LZTFL1	OMD	PAX2	TTC8
cluster_1045	11	AMY1A	CAB39	CAB39L	DCXR	EBLN2	G6PC3	PIP4K2A	STK11	STRADA	STRADB	ZNF428
cluster_1046	11	C11orf74	IFT122	IFT140	IFT43	NOSTRIN	SNX33	TTC21B	TULP3	WDR19	WDR35	ZMYND10
cluster_1047	10	DHX35	DNAJC17	EAPP	GCFC2	GPATCH1	RPGRIP1	SYF2	TSSC4	USB1	WDR83
cluster_1048	11	CLDN17	DNAH17	DNAH2	DNAH6	HNRNPA0	HNRNPA1L2	HNRNPA1P48	HNRNPA2B1	HNRNPA3	HNRNPDL	HNRNPH3
cluster_1049	22	ADAM17	ANAPC4	ANAPC7	BUB1	BUB1B	BUB3	CDC20	CENPE	EPM2AIP1	ESPL1	FZR1	KCTD20	MAD1L1	MAD2L1BP	NUDT5	PPM1E	PTTG1IP	RNF183	SLC26A4	SLC36A1	SPATC1	TAS2R13
cluster_1050	7	ARX	CLTC	GAK	GTSE1	HIP1R	PICALM	SCYL2
cluster_1051	17	ATP6AP1	ATP6AP2	ATP6V0A1	ATP6V0A2	ATP6V0A4	ATP6V0C	ATP6V0D1	ATP6V0D2	ATP6V0E1	CCDC115	NINJ1	SLC6A7	SNX25	TCIRG1	TMEM199	VMA21	YIPF2
cluster_1052	11	MRPS10	MRPS14	MRPS15	MRPS16	MRPS18C	MRPS25	MRPS35	MRPS5	MRPS6	MRPS9	TGM6
cluster_1053	13	CHRDL2	GID8	GREM2	LY6H	MKLN1	PRICKLE3	RANBP10	RMND5A	RMND5B	SFRP2	WDR26	WNT10A	YPEL5
cluster_1054	13	ERMAP	FAM199X	HCFC2	KANSL1	KANSL2	KANSL3	KMT2B	PHF20	PPP1R3F	RERE	SLCO5A1	WDR5	YEATS2
cluster_1055	59	DDX28	GADD45GIP1	GTPBP10	MALSU1	MPV17	MRPL1	MRPL10	MRPL11	MRPL13	MRPL14	MRPL15	MRPL16	MRPL17	MRPL18	MRPL19	MRPL2	MRPL20	MRPL21	MRPL22	MRPL23	MRPL24	MRPL27	MRPL28	MRPL3	MRPL30	MRPL32	MRPL33	MRPL34	MRPL35	MRPL37	MRPL38	MRPL39	MRPL4	MRPL40	MRPL41	MRPL42	MRPL43	MRPL44	MRPL45	MRPL46	MRPL47	MRPL48	MRPL49	MRPL50	MRPL51	MRPL52	MRPL53	MRPL54	MRPL55	MRPL57	MRPL9	MRPS18A	MRPS30	MSI1	NGRN	OXA1L	PTCD1	TEF	TRMT10C
cluster_1056	11	APMAP	ARF4	ATL2	CD74	COPB1	COPB2	COPE	COPZ1	COPZ2	DNHD1	NUDCD1
cluster_1057	10	ATG14	GALT	MDH1B	NRBF2	OTUD7A	OTUD7B	PIK3R4	SOGA3	STYK1	UVRAG
cluster_1058	6	ABTB1	BBS12	COL27A1	EEF1B2	EEF1G	ERP27
cluster_1059	6	ATAD5	CHIC1	RNF19B	WDR20	WDR48	ZNF428
cluster_1060	6	CDK11B	CSNK2A1	CSNK2A3	F2RL3	GPATCH2	HIRIP3
cluster_1061	5	ANGEL1	EIF4E	EIF4E1B	EIF4E2	EIF4G3
cluster_1062	5	ARL8B	CCZ1	MON1A	RAB29	RAB7A
cluster_1063	5	C16orf74	PPP3CA	PPP3CB	PPP3CC	PPP3R2
cluster_1064	5	C7orf50	RPL32	RPL35A	RPL4	ZNF320
cluster_1065	5	CNOT2	CNOT4	MICALL1	NANOS2	TNKS1BP1
cluster_1066	5	DCLRE1C	HEATR6	PRKAA1	PRKAA2	TEKT1
cluster_1067	5	NTAN1	RFK	RIPK1	TRADD	ZBP1
cluster_1068	8	CKAP2L	GAS2L2	GEN1	MAPRE1	MAPRE3	SPDYE2	SPDYE2B	ZC2HC1A
cluster_1069	9	APLF	CHD1L	HLTF	HMGN5	MPND	PARP1	PARP2	PARP3	ZNF330
cluster_1070	13	BST2	CALML6	CARD8	EDARADD	EMILIN1	MAP3K7	NUMBL	TAB1	TAB3	TNFAIP8L2	TRIM38	TRIM45	WDR34
cluster_1071	25	ANAPC13	ANAPC15	ANAPC16	ANAPC2	ANAPC5	C16orf87	CDC16	CDC23	CDC26	CDC27	CXorf66	DTYMK	FBXO43	FBXO5	FHOD3	KIF18A	LNP1	MAGIX	NEK2	NMRK2	NT5M	PLEKHA5	PTTG1	SLC38A5	USP37
cluster_1072	7	CAAP1	CDY1	MAD2L2	POLK	REV3L	SIM2	SLTM
cluster_1073	7	DNAJC1	DNAJC25	SEC61B	SEC63	SMIM12	SSR1	TAPT1
cluster_1074	13	B3GNT5	BCORL1	CBX2	CBX6	CBX7	COMMD3-BMI1	DIS3L2	KDM2B	MORC4	RING1	RNF2	TDRD1	ZIC3
cluster_1075	8	BEST1	FCER1A	NEDD4L	PKHD1	ROBO3	SCNN1A	SCNN1B	SCNN1G
cluster_1076	10	CDK5RAP1	DEAF1	HOXA7	HOXB7	POU2F1	PPM1G	PRKDC	TERT	TOP1	XRCC6
cluster_1077	10	DCLRE1A	DPRX	EME1	FAM83D	HMMR	MAP6	SLX1A	SLX1B	SLX4	SLX4IP
cluster_1078	24	ADAM17	ANAPC10	ANAPC4	ANAPC7	BUB1	BUB1B	BUB3	CDC20	CENPE	CILP	DECR1	ESPL1	FZR1	GSR	HOPX	KIAA1109	MAD1L1	MAD2L1BP	PHF8	SLC26A4	SNCG	SPATC1	UBD	ZNF207
cluster_1079	15	AVEN	BECN1	BNIPL	CALCB	DACT1	FAIM2	GALT	NLRP5	NLRX1	NRBF2	OTUD7B	PIK3C3	PIK3R4	SPHK2	TENM2
cluster_1080	65	ADH4	APOBEC3C	CCDC73	COLEC11	DNAJB7	EIF6	HPD	IL17B	IL7R	LLPH	MTF1	MYEF2	PA2G4	PARP6	RIMKLB	RPL10	RPL10A	RPL10L	RPL11	RPL12	RPL13	RPL13A	RPL14	RPL15	RPL17	RPL18	RPL18A	RPL19	RPL21	RPL22	RPL23	RPL23A	RPL24	RPL26L1	RPL27	RPL27A	RPL28	RPL29	RPL3	RPL30	RPL31	RPL34	RPL35	RPL35A	RPL36	RPL37A	RPL38	RPL3L	RPL4	RPL5	RPL7	RPL7L1	RPL8	RPL9	RPLP0	RPLP1	RPLP2	RPS18	RPS2	RPSA	SRP72	SURF2	TMA7	ZNF320	ZNF791
cluster_1081	58	BMS1	DDX10	FAU	IMP4	KRI1	KRR1	LLPH	MPHOSPH10	NGDN	NOC4L	NOL10	NOL12	NOM1	PPAN-P2RY11	PRDM15	RBM19	RPF1	RPL10	RPL13	RPL17	RPL18	RPL19	RPL23A	RPL27A	RPL3	RPL30	RPL31	RPL32	RPL35	RPL36	RPL37A	RPL7	RPL8	RPS10	RPS13	RPS15A	RPS16	RPS17	RPS18	RPS19	RPS21	RPS23	RPS24	RPS28	RPS3A	RPS4X	RPS4Y2	RPS5	RPS6	RPS8	RPS9	RRP12	RRS1	SMIM24	UTP23	UTP3	WSCD2	ZNF354A
cluster_1082	48	C15orf48	COA3	CYC1	CYP2J2	DNAJC30	MPV17	NDUFA1	NDUFA11	NDUFA12	NDUFA13	NDUFA4	NDUFA5	NDUFA6	NDUFA7	NDUFA8	NDUFA9	NDUFAF2	NDUFAF3	NDUFAF4	NDUFB1	NDUFB10	NDUFB11	NDUFB2	NDUFB3	NDUFB4	NDUFB5	NDUFB6	NDUFB7	NDUFB8	NDUFB9	NDUFC2	NDUFS1	NDUFS2	NDUFS3	NDUFS4	NDUFS5	NDUFS6	NDUFS7	NDUFS8	NDUFV1	NDUFV2	NDUFV3	NNT	OGDH	SLC35A3	SLC35B1	TMEM126B	TOMM5
cluster_1083	28	AAR2	CD2BP2	CSTB	DDX23	DNAJC17	EAPP	ECD	FAM50A	GCFC2	NAA35	PAXBP1	PPIH	PPWD1	PRPF3	PRPF31	PRPF4B	PRPF6	PRPF8	RBM42	SLC7A6OS	SNRNP200	TSSC4	TTC27	TXNL4A	USP39	WBP4	ZGPAT	ZNHIT2
cluster_1084	15	DENND6A	INPP5F	MYO5B	PPM1H	RAB11A	RAB11B	RAB11FIP1	RAB11FIP2	RAB11FIP5	RAB25	RAB35	RAB3B	RAB4A	RAB4B	SH3BP5L
cluster_1085	7	AVL9	LONP2	MTMR1	MTMR10	MTMR12	MTMR2	SBF2
cluster_1086	7	BRD2	BRD3	BRD4	PWWP2B	RSRC2	SCAF8	ZCCHC17
cluster_1087	7	FBL	NOL11	NOL7	PRM2	RRP9	UTP15	UTP18
cluster_1088	7	ILK	LIMS2	METTL2B	PARVG	RSU1	TRIB2	TYMS
cluster_1089	6	DLGAP5	RAN	RGPD1	RGPD2	RGPD3	RGPD8
cluster_1090	6	PREB	SEC61A1	SEC61A2	SEC61B	SSR1	TAPT1
cluster_1091	4	ABHD8	CASP1	NLRP3	USP50
cluster_1092	4	ACE2	IL17D	SLC6A19	TMEM129
cluster_1093	4	ADNP	ADNP2	CBX5	PMF1-BGLAP
cluster_1094	4	ADRA2B	BRI3	GGA1	GGA2
cluster_1095	4	ANKRD27	SAC3D1	TBC1D5	VPS35
cluster_1096	4	APOA1	CFAP54	SAA1	SAA2
cluster_1097	4	APOOL	CHCHD6	SAMM50	SLC46A1
cluster_1098	4	ASF1A	ASF1B	HIRIP3	OAS1
cluster_1099	4	BCL2L2-PABPN1	HNRNPH1	HNRNPH2	LUZP6
cluster_1100	4	C10orf71	DCAF7	FAM53C	TROAP
cluster_1101	4	CASD1	PGAM1	PGAM4	UNC13C
cluster_1102	4	CCDC124	CHST12	PON2	SIL1
cluster_1103	4	CCDC13	PSTK	TXLNA	TXLNB
cluster_1104	4	CCND1	CDKN2B	CDKN2C	CDKN2D
cluster_1105	4	CD2AP	CD58	DENND2A	SH3KBP1
cluster_1106	4	CDCA2	KIFC1	KPNB1	TNPO1
cluster_1107	4	CDCA3	CTDSPL	PALM	RELL1
cluster_1108	4	CSNK2A2	DDX41	GALNT8	NKAPL
cluster_1109	4	CST3	CTSO	KLKB1	KNG1
cluster_1110	4	CYGB	DDI1	NRIP3	SDS
cluster_1111	4	DCST1	IFNL1	IRF9	STAT1
cluster_1112	4	DNAJC12	TOMM20L	TPH1	TPH2
cluster_1113	4	DNAJC24	DPH1	DPH2	DPH3
cluster_1114	4	EIF4G1	EIF4G3	MAEL	SLF1
cluster_1115	4	FAM160A1	FAM160B1	FAM160B2	HOOK1
cluster_1116	4	FKBP14	FUT9	SERPINA4	TSHB
cluster_1117	4	GAPDHS	HYAL4	KLRF1	SLC5A2
cluster_1118	4	GDI1	GDI2	RAB6C	RABIF
cluster_1119	4	NRBP2	THEG	TSC22D4	ZMYND10
cluster_1120	4	RBM3	RBMX	RBMY1E	RBMY1J
cluster_1121	3	A2M	PZP	RETN
cluster_1122	3	AARS2	PREPL	RARS2
cluster_1123	3	AASDH	CCNJ	GORASP1
cluster_1124	3	ABCC3	GPCPD1	VDAC1
cluster_1125	3	ABHD17A	ABHD6	C5AR2
cluster_1126	3	ABHD4	KLRF1	REEP5
cluster_1127	3	ACACB	HLCS	RGS1
cluster_1128	3	ACBD6	NMT1	NMT2
cluster_1129	3	ACMSD	HPF1	MAGEA11
cluster_1130	3	ACTA1	PPP1R1A	TMSB4Y
cluster_1131	3	ACVR1C	GTF2IRD2	GTF2IRD2B
cluster_1132	3	ACY3	ASPA	PTGER4
cluster_1133	3	ADCY7	ALDH6A1	ALDH8A1
cluster_1134	3	ADCY8	CALM2	CAMTA2
cluster_1135	3	AFAP1	PRKCA	PRKCH
cluster_1136	3	AK9	C5orf34	CRYL1
cluster_1137	3	AKAP1	ARMCX4	MAATS1
cluster_1138	3	AKAP3	ROPN1	ROPN1B
cluster_1139	3	AKR1C2	AKR1C4	AKR1D1
cluster_1140	3	AKR1C3	AKR1C4	TFF3
cluster_1141	3	ALAS2	BANP	PANX2
cluster_1142	3	ALG10B	ETNK2	NPLOC4
cluster_1143	3	ALG3	RASGEF1B	TSGA10IP
cluster_1144	3	ALG6	SCN3B	SLC38A3
cluster_1145	3	ALG8	KDELR3	LPCAT3
cluster_1146	3	ALOX12	ENPP2	ITGB4
cluster_1147	3	ALOX15	DDX19B	FCGBP
cluster_1148	3	ALOX15B	MAGEA12	NPPA
cluster_1149	3	AMBN	LRP2	LRP2BP
cluster_1150	3	AMMECR1	GFER	IL20
cluster_1151	3	ANKRA2	RFX7	RFXANK
cluster_1152	3	ANKRD40	PRSS33	SAC3D1
cluster_1153	3	ANKRD40	RCBTB1	SLC25A47
cluster_1154	3	ANO5	PTGIR	XKR8
cluster_1155	3	AP2B1	CFAP54	MEA1
cluster_1156	3	APOBEC3D	APOBEC3F	RBMS2
cluster_1157	3	APOBEC3F	DND1	EMB
cluster_1158	3	APOD	GPR3	SLC35C1
cluster_1159	3	ARHGAP26	CDC42EP2	TULP1
cluster_1160	3	ARHGEF3	CEP70	ITPKB
cluster_1161	3	ARL13A	NDUFAF7	PRAMEF17
cluster_1162	3	ARL16	PDE6D	RAB28
cluster_1163	3	ARNT2	NPAS3	SIM1
cluster_1164	3	ARRB1	RHO	SAG
cluster_1165	3	ART3	ATP12A	UGT1A4
cluster_1166	3	ASIC1	ASIC2	ASIC3
cluster_1167	3	ASPDH	CIART	TPM2
cluster_1168	3	ASTL	TUBB1	WFIKKN1
cluster_1169	3	ASXL1	CAMTA2	HAND1
cluster_1170	3	ATF6B	C2orf49	TEX15
cluster_1171	3	ATMIN	G2E3	SPECC1L
cluster_1172	3	ATP12A	CD300C	OR10G2
cluster_1173	3	ATP2A3	HTR3E	TLR8
cluster_1174	3	ATP2B3	OR13J1	PNPLA4
cluster_1175	3	ATP6V0A4	ATP6V0D1	YIPF1
cluster_1176	3	B3GALT2	CAPRIN2	LRP5
cluster_1177	3	B4GALNT4	CSN1S1	PILRA
cluster_1178	3	BACH1	GKN2	HOXB8
cluster_1179	3	BAX	BBC3	TMEFF2
cluster_1180	3	BBS4	LZTFL1	TOM1L2
cluster_1181	3	BCAR1	DOK7	SPATA32
cluster_1182	3	BEND5	GORASP1	GORASP2
cluster_1183	3	BMI1	COMMD3-BMI1	PCGF2
cluster_1184	3	BMP1	TLL1	TLL2
cluster_1185	3	BNIP3L	SLC31A2	TMEM11
cluster_1186	3	BSG	DDC	SLC16A4
cluster_1187	3	BSN	ERC2	UNC13A
cluster_1188	3	C11orf68	EIF4H	KIAA2026
cluster_1189	3	C12orf4	PPP1R21	TBCK
cluster_1190	3	C19orf33	GTF3C5	GTF3C6
cluster_1191	3	C6orf58	CP	SNX27
cluster_1192	3	C7orf25	CRYM	RNF126
cluster_1193	3	C9orf116	FHL3	TTLL10
cluster_1194	3	CACNG3	CCDC51	TGM5
cluster_1195	3	CACNG3	PLK1	RGP1
cluster_1196	3	CALM3	CAMTA2	MYLK3
cluster_1197	3	CALN1	DCAF6	KCTD19
cluster_1198	3	CAMK2G	CAMK2N2	RRAD
cluster_1199	3	CAMKMT	FEM1B	KIAA0319
cluster_1200	3	CAMP	IGF1R	UNC5CL
cluster_1201	3	CARD14	CYB5R2	TRIP13
cluster_1202	3	CARD16	CASP1	XK
cluster_1203	3	CASP2	CCSER2	PIDD1
cluster_1204	3	CATSPERD	HLCS	TMC7
cluster_1205	3	CCDC127	CETN2	CETN3
cluster_1206	3	CCDC65	PCM1	TBC1D31
cluster_1207	3	CCL1	GPR35	KTI12
cluster_1208	3	CCL14	DNLZ	PLA1A
cluster_1209	3	CCL24	CXCL11	XCL1
cluster_1210	3	CCNB1IP1	IL11RA	OLFM4
cluster_1211	3	CCPG1	CLEC1A	PLA2G12B
cluster_1212	3	CCRL2	CST4	DISP1
cluster_1213	3	CD109	ENPP7	PRSS33
cluster_1214	3	CD163	CSNK2B	TCEAL7
cluster_1215	3	CD163	FCAR	FCGR1A
cluster_1216	3	CD177	KCNIP3	SOD3
cluster_1217	3	CD44	HBEGF	SLC16A4
cluster_1218	3	CD46	TRIM16	TRIM16L
cluster_1219	3	CD55	CHI3L1	TSPAN14
cluster_1220	3	CD86	CTLA4	ECE2
cluster_1221	3	CD96	FGF19	NPTX1
cluster_1222	3	CEACAM1	CEACAM5	CEACAM6
cluster_1223	3	CECR2	DNASE2B	YTHDF1
cluster_1224	3	CENPB	ZNF214	ZNF816
cluster_1225	3	CEP104	CEP290	MPHOSPH9
cluster_1226	3	CEP70	ZNF239	ZNF366
cluster_1227	3	CEP76	KIAA1143	PDZD7
cluster_1228	3	CEP78	FGFR1OP	NXNL2
cluster_1229	3	CERKL	EIF3B	EIF5
cluster_1230	3	CHAD	CNPY4	ISM2
cluster_1231	3	CHDH	GH2	ISCA1
cluster_1232	3	CHEK1	LRRC6	NAT9
cluster_1233	3	CHRNB3	GAMT	TYRO3
cluster_1234	3	CHST11	PPEF2	SDF4
cluster_1235	3	CLASP1	CLIP2	SNPH
cluster_1236	3	CLDN18	PDSS1	THEM4
cluster_1237	3	CLDN22	CUTC	SPG21
cluster_1238	3	CLDND1	ZDHHC4	ZDHHC8
cluster_1239	3	CLRN3	HCCS	METTL16
cluster_1240	3	CLTA	CLTB	STAMBPL1
cluster_1241	3	CMC4	GFER	PGPEP1
cluster_1242	3	CMYA5	DYSF	MYBPC2
cluster_1243	3	CNDP1	CNDP2	SCD5
cluster_1244	3	CNTNAP2	CPE	PROK2
cluster_1245	3	COLEC11	NELL1	NELL2
cluster_1246	3	CPED1	STAU1	TINCR
cluster_1247	3	CRYL1	PKD2	PKD2L2
cluster_1248	3	CSH1	CSH2	CSHL1
cluster_1249	3	CSNK2A3	CSNK2B	GPATCH2
cluster_1250	3	CST7	CTSK	CTSL
cluster_1251	3	CTBS	MARVELD2	TTL
cluster_1252	3	CTRB1	CTRB2	PNMA2
cluster_1253	3	CTSO	GRN	SLC25A42
cluster_1254	3	CXCL2	CXCL3	CXCL5
cluster_1255	3	CYB5R4	MAN2C1	PCMT1
cluster_1256	3	CYBB	NCF1	NCF4
cluster_1257	3	CYP11A1	NLGN3	NLGN4X
cluster_1258	3	CYP2C19	CYP2D6	POR
cluster_1259	3	DAG1	LAMA2	RAPSN
cluster_1260	3	DAZ1	DAZAP2	KRTAP19-3
cluster_1261	3	DBH	PPT1	SCG2
cluster_1262	3	DCAF12L1	DCAF12L2	SH2D2A
cluster_1263	3	DDI1	RSC1A1	SDS
cluster_1264	3	DDI2	RDH5	RLBP1
cluster_1265	3	DEFB107A	SPIN1	YRDC
cluster_1266	3	DGAT2	RPE65	SLC27A1
cluster_1267	3	DGCR6L	MID2	PTCD2
cluster_1268	3	DGKD	GLRA1	MAGED1
cluster_1269	3	DHDDS	NUS1	ZNF711
cluster_1270	3	DHRS7B	GABRG1	GABRG2
cluster_1271	3	DMKN	ENDOU	FCF1
cluster_1272	3	DNASE1L2	ORAI2	SLC19A2
cluster_1273	3	DOK6	NTRK3	TBX15
cluster_1274	3	DPP10	KCNIP1	KCNIP2
cluster_1275	3	DPRX	NLRX1	TUFM
cluster_1276	3	DRD5	GNA12	GNA13
cluster_1277	3	DRP2	HNRNPK	RBMY1A1
cluster_1278	3	DUOX1	S1PR5	SLC39A4
cluster_1279	3	DUSP22	GNA14	INPP5A
cluster_1280	3	DVL3	PRICKLE1	SNX22
cluster_1281	3	EDIL3	NUFIP1	SNU13
cluster_1282	3	EEF1A2	ST6GALNAC1	TBXAS1
cluster_1283	3	EFR3B	EPHA2	PDGFA
cluster_1284	3	ELP6	PIPOX	SLC8A1
cluster_1285	3	ENPP2	IPPK	LPAR1
cluster_1286	3	ENPP4	GPR108	IPPK
cluster_1287	3	ERICH3	PTRH1	RCN1
cluster_1288	3	ERLIN1	ITPR1	TMUB1
cluster_1289	3	ERLIN2	KCNN1	SLC22A7
cluster_1290	3	ETNPPL	NXF2B	ZC3HC1
cluster_1291	3	F8A1	FICD	HTT
cluster_1292	3	FAM117B	FNTB	PGGT1B
cluster_1293	3	FAM90A1	KCNRG	RFPL4A
cluster_1294	3	FASTK	WASL	WIPF3
cluster_1295	3	FASTKD5	LRPPRC	TRMT10C
cluster_1296	3	FCN1	FCN2	MASP1
cluster_1297	3	FCRL4	FCRL5	MUC15
cluster_1298	3	FDXACB1	MYNN	THUMPD1
cluster_1299	3	FGF10	GALP	ITIH2
cluster_1300	3	FLOT2	MPZL3	NEUROG2
cluster_1301	3	FMO2	STK38	STK38L
cluster_1302	3	FMO5	HERC1	ZNF555
cluster_1303	3	FOXC1	HOXC13	METTL6
cluster_1304	3	FOXD1	FOXD3	USP21
cluster_1305	3	FOXRED1	HSPD1	MGAT4D
cluster_1306	3	FRMD8	PCMTD1	RPS14
cluster_1307	3	FRS3	PPP1R32	RFX6
cluster_1308	3	FRZB	NKX3-2	SMAD1
cluster_1309	3	FSTL3	MSTN	PCSK6
cluster_1310	3	FYN	NPHS2	SKAP2
cluster_1311	3	FZD7	LGR5	ZNRF3
cluster_1312	3	GABARAPL2	GIMAP6	OSBPL7
cluster_1313	3	GABPA	GABPB2	SERPINA9
cluster_1314	3	GABRE	KCNQ5	PIGM
cluster_1315	3	GABRR1	NMRK1	TAX1BP1
cluster_1316	3	GATM	HMGCS2	PDE4DIP
cluster_1317	3	GCN1	NGLY1	RAD23A
cluster_1318	3	GDF10	LRP4	ZNF816
cluster_1319	3	GGCT	MTERF1	PNPO
cluster_1320	3	GIPC1	GIPC2	GIPC3
cluster_1321	3	GIPC2	PLEKHA2	SH3BP4
cluster_1322	3	GJA4	OPRM1	SLC29A2
cluster_1323	3	GK	GK2	GK3P
cluster_1324	3	GLP1R	PAQR6	TSPAN13
cluster_1325	3	GNPTAB	GNPTG	PXYLP1
cluster_1326	3	GPAA1	PIGS	TREH
cluster_1327	3	GRHL2	GRHL3	PRMT5
cluster_1328	3	GRID1	HLA-DOA	HTR3A
cluster_1329	3	GRK1	GRK4	GRK6
cluster_1330	3	GSTO2	MEGF10	TFAP2A
cluster_1331	3	GTF2B	LEUTX	PRB1
cluster_1332	3	GYPB	RANBP17	SMYD4
cluster_1333	3	GZMA	SET	ZNF804A
cluster_1334	3	HAO2	SBSPON	ZNF703
cluster_1335	3	HDAC7	TIAF1	WDR73
cluster_1336	3	HENMT1	SNX32	SNX6
cluster_1337	3	HEPHL1	OR51E2	PROCR
cluster_1338	3	HNF4G	PRDX6	STH
cluster_1339	3	HPSE2	PEX26	PEX6
cluster_1340	3	HSPBAP1	MAGEA1	SDE2
cluster_1341	3	IFI44	IFI44L	IFNA21
cluster_1342	3	IFIT1	IFIT1B	IFNA14
cluster_1343	3	IGLL1	IGLL5	MYOC
cluster_1344	3	IL12RB2	JAK2	PRLR
cluster_1345	3	IL17RD	PTPRD	SLITRK1
cluster_1346	3	IL1RAPL1	LRRC37A2	NCS1
cluster_1347	3	IL20	LGALS3	RTN4RL2
cluster_1348	3	IL32	OGFR	PRKCE
cluster_1349	3	IL32	OPN4	STX12
cluster_1350	3	IL36G	MYL2	MYL5
cluster_1351	3	IMPDH1	SLC25A14	ZRANB3
cluster_1352	3	IQGAP1	IQGAP2	MYL10
cluster_1353	3	IRGM	NLRC4	RIPK2
cluster_1354	3	ITGA1	MATN1	MATN4
cluster_1355	3	KAAG1	OLFM1	TUBA3C
cluster_1356	3	KBTBD7	KBTBD8	PLCD4
cluster_1357	3	KCNH2	KCNH7	RNF207
cluster_1358	3	KDR	SCUBE2	VEGFC
cluster_1359	3	KIAA1143	PRPF19	ZDBF2
cluster_1360	3	KIAA1841	NICN1	TBC1D19
cluster_1361	3	KIF6	MLLT10	SNX16
cluster_1362	3	KLHL14	KLHL28	NEU3
cluster_1363	3	KLHL40	LMOD3	ZNF81
cluster_1364	3	KRT12	KRT3	KRT5
cluster_1365	3	KRTAP22-1	MEIS2	PIGL
cluster_1366	3	KRTAP5-2	KRTAP5-9	NTN4
cluster_1367	3	LHX6	NUDT22	SPATA7
cluster_1368	3	LILRA6	LILRB3	LRRC34
cluster_1369	3	LMAN1L	LRRTM2	TMEM38B
cluster_1370	3	LOXL3	SUFU	ZBTB46
cluster_1371	3	LRIG2	WBP2	WWC3
cluster_1372	3	LRRC4B	PVRIG	SLC39A11
cluster_1373	3	LSM11	PRMT5	ZNF224
cluster_1374	3	LTBP4	NELL1	ZNF169
cluster_1375	3	LY6E	PHB	SMCO1
cluster_1376	3	LZTS2	NUDT15	SRD5A3
cluster_1377	3	MAGEC1	SUV39H1	ZNF436
cluster_1378	3	MAP6	NPL	PEG10
cluster_1379	3	MCAM	RAB23	SHROOM1
cluster_1380	3	MEFV	NLRP3	USP50
cluster_1381	3	MEP1B	PYY	TSPAN8
cluster_1382	3	MMP2	THBS2	TIMP4
cluster_1383	3	MORC1	RNF40	UQCRHL
cluster_1384	3	MOXD1	OBP2A	OBP2B
cluster_1385	3	MREG	UFC1	UFM1
cluster_1386	3	MTMR1	MTMR12	SBF2
cluster_1387	3	MTTP	P4HB	PDIA2
cluster_1388	3	MYCBP2	OAZ1	SESN3
cluster_1389	3	MYRIP	RAB27A	RAB27B
cluster_1390	3	NCR2	SIRPB1	TYROBP
cluster_1391	3	NOX1	NOXA1	NOXO1
cluster_1392	3	NR3C1	NR3C2	TBX4
cluster_1393	3	NTM	OPCML	TBCC
cluster_1394	3	NUP35	RAVER2	TRPV5
cluster_1395	3	OAS1	SKOR1	TRIM27
cluster_1396	3	OR51F2	PDIA6	ZHX3
cluster_1397	3	OSBP	OSBP2	PLEKHA8
cluster_1398	3	OSR2	SIX2	TLE3
cluster_1399	3	PCYT1B	PGAP3	VKORC1L1
cluster_1400	3	PDE1A	PDE1B	PDE1C
cluster_1401	3	PDF	ZNF146	ZPBP2
cluster_1402	3	PDGFC	PDGFRA	SEMA3D
cluster_1403	3	PDIA5	RNASET2	SERPINI2
cluster_1404	3	PHF13	PHF21B	TBX20
cluster_1405	3	PHF7	SETD4	TCEAL1
cluster_1406	3	PI4KA	TTC7A	TTC7B
cluster_1407	3	PLAT	SERPINA10	SERPINI1
cluster_1408	3	PLD5	SPINK5	TFG
cluster_1409	3	PRKAB2	SLC4A4	STIM2
cluster_1410	3	PVRIG	SEC11A	SUPT6H
cluster_1411	3	RALA	RALB	REPS2
cluster_1412	3	RANBP17	RBM43	XPO7
cluster_1413	3	RAP2A	RAP2B	RGL1
cluster_1414	3	RBM3	RBMX	YRDC
cluster_1415	3	RPIA	ST8SIA1	TRPV5
cluster_1416	3	SCN2A	SCN3A	SCN9A
cluster_1417	3	SETBP1	SPANXA1	SPANXA2
cluster_1418	3	SLC25A28	SLC2A12	TSPO
cluster_1419	3	SLC6A5	TBC1D24	TMEM185A
cluster_1420	3	SLC9A8	ZNF182	ZNF300
cluster_1421	3	TM4SF19	TMEM179B	TMEM42
cluster_1422	3	TNNI1	TNNT1	TNNT2
cluster_1423	3	TOMM22	TOMM40L	TOMM6
cluster_1424	3	TP53AIP1	UBR3	WNT1
cluster_1425	3	UGT2A2	UGT2A3	UGT2B15
cluster_1426	3	ZKSCAN3	ZKSCAN4	ZSCAN23
cluster_1427	8	PGBD1	ZNF213	ZNF396	ZNF483	ZSCAN18	ZSCAN22	ZSCAN23	ZSCAN32
cluster_1428	16	ALKBH8	CIRBP	DNAH2	DNAH6	EPX	FAM120A	HNRNPA0	HNRNPA1	HNRNPA1L2	HNRNPA1P48	HNRNPA3	HNRNPAB	HNRNPD	HNRNPDL	HNRNPH3	NAA20
cluster_1429	11	KCNK1	MAN1A2	MOSPD1	TMED1	TMED10	TMED2	TMED4	TMED5	TMED7	TMED9	YIPF5
cluster_1430	16	BECN1	BID	BMF	DACT1	FAIM2	FBXL20	GALT	MEX3D	NR4A1	NRBF2	OTUD7B	PIK3C3	PIK3R4	PRUNE2	STYK1	TENM2
cluster_1431	5	AIMP2	C19orf57	EEF1E1	PRCC	TCP11
cluster_1432	5	ARHGAP8	ISOC1	PRR5-ARHGAP8	SH3GL1	SMTNL1
cluster_1433	5	CLASP1	CLIP2	MAPRE1	SPDYE2	TRIM36
cluster_1434	5	CNKSR3	COMMD1	COMMD3-BMI1	COMMD4	OR13G1
cluster_1435	5	CTRL	GJA3	PSMB8	PSMB9	PSME1
cluster_1436	5	MRPS10	MRPS14	MRPS5	MRPS7	ZNF133
cluster_1437	5	MZF1	ZNF165	ZNF174	ZNF24	ZSCAN18
cluster_1438	5	NSMCE4A	NUTM2B	PPIAL4D	SMC5	ZNF597
cluster_1439	30	CABLES1	CCNA1	CCNA2	CCNB3	CCND2	CCND3	CCNE1	CCNE2	CCNJ	CCNO	CDK2	CDK3	CDK5	CDKN1B	CDKN3	CDX4	CKS1B	CKS2	ELMSAN1	GMNC	HELB	RNF144B	SAMHD1	SCAPER	SPDYA	SPDYC	SPDYE1	SPDYE4	TRIM49C	UHRF2
cluster_1440	14	ACTR3B	ARPC1A	ARPC1B	ARPC3	ARPC4	ARPC4-TTLL3	ICAM5	NFASC	NT5C	PDXK	PIM3	SIK2	TBC1D10B	TRMT10A
cluster_1441	13	LRRFIP1	LRRFIP2	MYH10	MYH9	MYL12A	MYL12B	MYL3	MYL6	MYL6B	MYL9	MYLK	SAMD9	TTLL6
cluster_1442	19	DDX28	FASTKD2	MRPL1	MRPL11	MRPL13	MRPL2	MRPL20	MRPL22	MRPL24	MRPL3	MRPL4	MSI1	MTG1	NGRN	PTCD1	RBMS3	RPUSD3	RPUSD4	TRUB2
cluster_1443	11	C16orf74	KCNK18	NFATC4	PPP3CA	PPP3CB	PPP3CC	PPP3R1	PPP3R2	RCAN2	RCAN3	SPARCL1
cluster_1444	11	PGBD1	ZKSCAN4	ZKSCAN7	ZNF232	ZNF394	ZNF396	ZNF444	ZNF483	ZSCAN21	ZSCAN23	ZSCAN32
cluster_1445	17	BCL9L	IDI2	ISL1	ISL2	KHK	LDB1	LDB2	LHX1	LHX8	LHX9	LMX1B	NUDT22	PARS2	PYGO1	SSBP2	SSBP3	SSBP4
cluster_1446	7	CELA2A	CYP11A1	SMAD2	SMAD3	SMAD5	SVEP1	ZMIZ1
cluster_1447	7	COBL	EFCAB1	EHBP1	PACSIN2	PACSIN3	RWDD4	TRIOBP
cluster_1448	16	ALG1	BECN1	CISD1	DNAI2	FAM193A	HPS1	JOSD1	NRBF2	OTUD7A	OTUD7B	PIK3C3	PIK3R4	SOGA3	SSC4D	STX17	STYK1
cluster_1449	9	ARX	CLTB	CLTC	GAK	GLS2	GTSE1	HIP1R	PIK3C2A	SEC14L5
cluster_1450	9	ATP6V0A2	ATP6V0C	ATP6V0D2	ATP6V0E1	CCDC115	TMEM199	TMEM63C	VMA21	XKR4
cluster_1451	47	ASH2L	BOD1L1	CHD8	CXXC1	DPY30	ELF2	FAM199X	HCFC1	HCFC2	IKZF5	KANSL1	KANSL2	KANSL3	KDM4B	KDM6A	KMT2A	KMT2B	KMT2C	KMT2D	MAP3K12	MBIP	MYB	NCOA6	PAGR1	PAXIP1	PHF20	PRAMEF2	PRMT2	PSIP1	RBBP5	RERE	SETBP1	SETD1A	SETD1B	SPECC1	TADA2A	TGS1	THAP2	THAP3	WDR5	WDR82	YEATS2	ZNF207	ZNF335	ZNF609	ZXDC	ZZZ3
cluster_1452	19	ASB17	BCL3	CBLN1	ELF3	IQGAP2	LYL1	MAP3K8	NFKB1	NFKB2	NFKBIB	NFKBIE	NFKBIZ	RELA	RELB	SENP8	SETD6	SUMO4	TBC1D24	TBCE
cluster_1453	6	FKBP15	GDAP2	SNX12	SNX3	TBC1D5	VPS35
cluster_1454	6	GPS2	KDM4C	LETMD1	NCOR1	NCOR2	ZNF148
cluster_1455	6	HOXD8	MNX1	NFIB	NFIC	ONECUT2	SP9
cluster_1456	24	ACSM4	B3GNT4	BRWD3	COPS7A	CUL4A	CUL4B	DCAF11	DCAF12	DCAF16	DCAF4L2	DCAF8	DCAF8L1	DDA1	DDB2	DTL	GGTLC3	GPS1	HOXB4	MLLT11	OR10G7	OR10G8	PHIP	SENP8	TRPC4AP
cluster_1457	8	AATK	CABLES1	CABLES2	CDK12	CDK16	CDK5	FIBP	UBE2T
cluster_1458	13	ASB18	CCKBR	CUTA	HEATR6	PCSK7	PRKAA1	PRKAA2	PRKAB1	PRKAG2	RIMBP3	SLC4A4	STIM2	TEKT1
cluster_1459	7	ABTB1	EEF1B2	EEF1G	ERP27	KTN1	PRAME	TPT1
cluster_1460	7	CSRP3	HDAC4	HDAC5	HDAC7	HDAC9	IFRD1	MEF2A
cluster_1461	7	FAM222A	HOXD9	MAB21L1	MEIS1	MN1	PBX1	PBX2
cluster_1462	23	AAK1	ADRA1B	AP1B1	AP2A1	AP2A2	AP2B1	AP2M1	AP2S1	BMP2K	FCHO1	KIF13A	MAGED4B	MEA1	MEGF10	NECAP1	NECAP2	RALGAPA1	REPS1	REPS2	RUNDC3A	SGIP1	STON2	TDRP
cluster_1463	9	ADNP	ADNP2	CBX5	CHAF1A	GFI1	MIS12	SPRR3	ZMYM4	ZNF644
cluster_1464	103	CCDC86	CMSS1	CTCF	DDX10	DHX37	DHX57	DIMT1	DUX4	FRMD8	IMP4	KRI1	LLPH	LTV1	METAP2	MPHOSPH10	NGDN	NLRP6	NOC4L	NOL10	NOP14	NOP9	PPAN-P2RY11	PURB	RBM19	RPL10	RPL10L	RPL11	RPL12	RPL13	RPL17	RPL18	RPL19	RPL21	RPL22	RPL23	RPL23A	RPL26	RPL26L1	RPL27	RPL27A	RPL29	RPL3	RPL30	RPL31	RPL32	RPL34	RPL35	RPL35A	RPL36	RPL36AL	RPL37	RPL37A	RPL38	RPL39	RPL3L	RPL4	RPL5	RPL6	RPL7	RPL7A	RPL8	RPL9	RPLP0	RPLP1	RPLP2	RPS10	RPS11	RPS12	RPS13	RPS14	RPS15	RPS15A	RPS16	RPS17	RPS18	RPS19	RPS20	RPS21	RPS23	RPS24	RPS25	RPS27	RPS27L	RPS28	RPS3A	RPS4X	RPS4Y2	RPS5	RPS6	RPS7	RPS8	RPS9	RRP12	RRS1	RSL1D1	UBL4A	UTP23	UTP3	VRK1	YBX2	YTHDC2	ZNF354A	ZNF70
cluster_1465	8	DNAJC17	ISY1-RAB43	PLRG1	PNPLA3	PRPF19	SYF2	TRUB1	USB1
cluster_1466	12	CELF1	CIRBP	HNRNPA0	HNRNPA1	HNRNPA1P48	HNRNPA3	HNRNPDL	HNRNPH3	HNRNPR	IGF2BP2	MAEL	PHEX
cluster_1467	6	AGO1	AGO2	AGO3	PEBP4	PIWIL1	SH3BGR
cluster_1468	6	BATF	BATF2	BATF3	CEBPA	CEBPG	ZNF141
cluster_1469	6	CABYR	FAM193A	FRAT1	GSK3A	GSK3B	KCNK5
cluster_1470	6	CAP2	CFL1	CFL2	LIMK2	SH3PXD2B	TWF2
cluster_1471	6	CCDC66	CEP128	CEP135	GEN1	ODF2	RTTN
cluster_1472	6	GATA6	MAML1	MAML2	MAML3	RBPJ	ZNF268
cluster_1473	6	ZKSCAN3	ZKSCAN5	ZNF174	ZNF394	ZSCAN20	ZSCAN21
cluster_1474	5	ANKRD6	CSNK1D	CSNK1E	FAM110C	MTSS1
cluster_1475	5	CHMP1A	CHMP1B	CHMP3	SPAST	ZFYVE19
cluster_1476	5	CRMP1	DPYSL2	DPYSL5	KIZ	SLC32A1
cluster_1477	5	CTBP1	HSD11B2	LCORL	RAI2	ZSCAN4
cluster_1478	5	EGR3	FABP7	NUDT6	SLC6A3	SNCA
cluster_1479	5	EML1	EML4	MUC20	TMEM108	TUBB3
cluster_1480	5	FCRL3	LAIR1	PTPN6	SIGLEC10	SIGLEC11
cluster_1481	5	GJD2	LNX1	LNX2	MAGEB18	TRIM60
cluster_1482	5	HAUS3	HAUS5	HAUS7	SLC13A2	TSPAN1
cluster_1483	5	HSD3B7	SEC61A2	SEC61B	SEC63	SLCO2B1
cluster_1484	9	BARHL1	EN1	HESX1	RIPPLY1	RIPPLY2	TBX1	TLE1	TLE2	TLE4
cluster_1485	17	ACP6	ACTB	ACTC1	ACTG1	ACTG2	CAP1	CAP2	CFL2	CNN3	FMNL1	PFN3	PHACTR2	SLC22A3	TMOD3	TMSB4X	TWF1	TWF2
cluster_1486	7	ANKIB1	DMD	MLC1	SNTB2	SNTG1	SNTG2	UTRN
cluster_1487	7	EIF4A2	EIF4EBP3	EIF4G1	EIF4G2	EIF4G3	IBTK	UBFD1
cluster_1488	7	FOXG1	NOTO	SMAD2	SMAD3	SMAD9	SVEP1	TFAP2C
cluster_1489	20	CPEB4	DAZL	FAM120C	FUBP3	HELZ	IGF2BP2	MEX3B	PABPC1	PABPC1L	PABPC3	PABPC4	PABPC4L	PABPC5	PAIP1	PAIP2	PAN2	PAN3	PRRC2A	YTHDF2	ZCCHC3
cluster_1490	11	ASH2L	BOD1L1	CHST5	ELF2	KDM6A	KMT2C	MDK	PAGR1	PAX2	RSBN1	SETD1B
cluster_1491	10	CUX2	EOMES	ETV7	MAMLD1	NFIA	NFIB	NFIC	NKX2-4	POU3F3	SP9
cluster_1492	16	ANAPC13	C16orf87	CDC16	CDC23	CDC27	DEPDC1B	DUS3L	HHEX	KIF18A	KIF18B	NEK2	PHF8	PTTG1	TPGS2	TTLL1	USP37
cluster_1493	9	ARAP3	ARHGAP27	ARHGAP44	ASAP3	CD2AP	DENND2A	SH3BP1	SH3KBP1	STAP1
cluster_1494	4	ACE2	C9	GLYATL1	SLC6A19
cluster_1495	4	ADAMTS8	BMP15	CALN1	DCAF6
cluster_1496	4	ADRA1D	CTNNAL1	SNTB1	SNTB2
cluster_1497	4	AGTRAP	BPIFA2	ENPP6	GAD1
cluster_1498	4	AHCYL2	FAM13A	SNX20	VSX2
cluster_1499	4	AIFM2	HDGFL1	NAT8	TRIM21
cluster_1500	4	ALOX5	ALOX5AP	DGKH	LTC4S
cluster_1501	4	AMBP	FGF10	ITIH1	ITIH2
cluster_1502	4	ANKRD1	MYBPC1	MYOM1	TTN
cluster_1503	4	ARHGEF3	CEP70	TTLL10	ZNF239
cluster_1504	4	ARID3A	ARID3B	ARID3C	SPRR2E
cluster_1505	4	ATRAID	CDC42SE2	SLC25A30	SLC37A3
cluster_1506	4	B3GALT2	GNPTAB	GNPTG	IGSF6
cluster_1507	4	BDP1	MAF1	POLR3D	POLR3GL
cluster_1508	4	BTC	DSG4	OR51E2	TEX35
cluster_1509	4	C4orf19	EEF1A2	FUOM	TBXAS1
cluster_1510	4	C5orf30	CDKL5	PRKG2	UNC119
cluster_1511	4	C8G	DCT	EDEM2	FBLN7
cluster_1512	4	CCDC28B	HYKK	OSGEP	STK32B
cluster_1513	4	CCL13	CCL26	CCL8	PPBP
cluster_1514	4	CCSER1	CCSER2	KIF19	NDEL1
cluster_1515	4	CD300LB	NKIRAS1	RAD51B	RAD51D
cluster_1516	4	CD96	CNN2	HSPA1A	PDLIM4
cluster_1517	4	CENPK	CENPN	CENPU	PRDM15
cluster_1518	4	CHIA	MOCOS	PISD	RIMKLA
cluster_1519	4	CNST	EMILIN2	RNF183	YTHDC1
cluster_1520	4	CRLS1	PINK1	PM20D1	SARM1
cluster_1521	4	CSN3	MAPRE1	TRIO	TTBK2
cluster_1522	4	DCP2	E2F7	EDC3	PNRC1
cluster_1523	4	EBAG9	EVI2A	FGFR1	FGFR2
cluster_1524	4	FAM117B	FAM53C	FNTB	TFPI2
cluster_1525	4	FKTN	FUT4	HLA-DPA1	LRP3
cluster_1526	4	GABRB2	GABRB3	PCDH18	UBQLN1
cluster_1527	4	GDF10	MYCBP2	NMNAT2	SPRYD3
cluster_1528	4	GDF3	MTERF2	PPM1A	TECPR2
cluster_1529	4	GGT1	GGT2	GGTLC1	GGTLC2
cluster_1530	4	HLA-DMA	HLA-DRB1	HLA-DRB5	MS4A1
cluster_1531	4	HYDIN	TUBA4B	TUBB	TUBB4A
cluster_1532	4	IFIT1B	IFIT3	IFNA8	PHACTR4
cluster_1533	4	IGBP1	MEA1	MID2	RALGAPB
cluster_1534	4	INPP4A	SMAD6	SMURF1	ZDHHC3
cluster_1535	4	IRX4	MAP6	RARA	RARB
cluster_1536	4	KCNMA1	KCNMB1	TAS2R7	TBXA2R
cluster_1537	4	KIF9	LZTS2	LZTS3	SIPA1L2
cluster_1538	4	KRT6C	PARP15	RNF183	YTHDC1
cluster_1539	4	KRTAP8-1	RBPMS	RBPMS2	SEMA4G
cluster_1540	4	LIPF	MPZL1	NOXRED1	TCN2
cluster_1541	4	MLKL	PELI1	RIPK1	ZBP1
cluster_1542	4	MYL3	MYL4	MYO18A	UPK3B
cluster_1543	4	MYRIP	RAB27B	SYTL1	SYTL2
cluster_1544	4	OSBP2	RAB3GAP2	VAPA	ZBTB22
cluster_1545	23	AFF1	AFF3	AFF4	AHR	CDK9	DENND2D	DSPP	ELL	ELL2	ELL3	HEXIM1	HEXIM2	HTATSF1	MIIP	MLLT1	MLLT3	NBEAL2	NSRP1	PGC	PLCD3	PLCD4	RCL1	TMEM150A
cluster_1546	10	ABLIM3	BBIP1	BBS12	BBS4	BBS5	BBS7	BBS9	LZTFL1	PJA2	TTC8
cluster_1547	10	BRK1	CYFIP2	HSPB9	LHX4	NCKAP1	NHSL2	NXN	SLC9B2	WASF1	WASF3
cluster_1548	8	CNR1	GNAI2	GNAI3	PCP2	RGS10	RGS14	RGS19	RGS5
cluster_1549	7	ATAD5	BRD3	BRD4	PWWP2B	RSRC2	SIGLEC1	TFCP2L1
cluster_1550	13	ATF2	ATF7	CEBPE	CEBPG	CREB5	DBP	DDIT3	JUN	JUNB	JUND	MAZ	NFAT5	UTF1
cluster_1551	17	CCDC85C	CNST	CSRNP1	GNPTAB	PHACTR1	PPP1CA	PPP1CC	PPP1R10	PPP1R13B	RASSF10	RASSF7	SFRP5	SPOCD1	STC2	TOX4	WNT2	ZNF92
cluster_1552	9	B3GNT4	CRYBA4	CUL4A	CUL4B	DDA1	PAQR3	SLBP	SPATA6	TBX2
cluster_1553	10	BCL2	BCL2A1	BCL2L1	BCL2L10	BCL2L12	BCL2L2	BCL2L2-PABPN1	BID	BMF	BOK
cluster_1554	6	CA1	GNA14	NFE4	TFCP2	TFCP2L1	UBP1
cluster_1555	6	DGKQ	EHD1	EHD2	EHD4	MICALL1	MRI1
cluster_1556	13	ACAT2	AHSP	AKT1S1	ARGFX	DDT	MAPKAP1	MLST8	MTOR	PREX1	PRR5	PRR5L	RYR3	TRIB2
cluster_1557	16	FAM122A	IER3	MOS	NOX1	PPP2CB	PPP2R1B	PPP2R2C	PPP2R2D	PPP2R3A	PPP2R3B	PPP2R5A	PPP2R5C	PPP2R5D	PPP2R5E	SLC28A2	SOGA3
cluster_1558	21	CDCA4	DUSP19	HSPE1-MOB4	KNDC1	MOS	NHSL1	PPP2CA	PPP2CB	PPP2R1B	PPP2R3B	PPP2R5A	PPP2R5B	PPP2R5C	PPP2R5D	PPP2R5E	PRR14	PTPDC1	SERTAD4	SOGA3	SWAP70	TBCCD1
cluster_1559	21	KCTD19	PGBD1	SCAND1	ZKSCAN4	ZKSCAN7	ZNF174	ZNF213	ZNF215	ZNF394	ZNF396	ZNF397	ZNF444	ZNF483	ZNF500	ZSCAN1	ZSCAN18	ZSCAN20	ZSCAN22	ZSCAN30	ZSCAN32	ZSCAN9
cluster_1560	12	DES	INA	KRT14	KRT16	KRT5	KRT6B	KRT76	NEFH	PRPH	RIBC2	SYNC	VIM
cluster_1561	17	ACSM4	B3GNT4	CEP78	CRBN	CUL4A	CUL4B	DCAF12	DCAF8	DDB2	DET1	ESYT3	FBXL15	GGTLC3	LST1	RWDD4	SALL3	SENP8
cluster_1562	8	IER3	MAPK1	MAPK3	PEA15	PTAFR	RPS6KA6	SPRED2	SRM
cluster_1563	17	AVEN	BAX	BBC3	BECN1	BLID	BNIPL	DACT1	FAIM2	MEX3D	NLRX1	NR4A1	NRBF2	PIK3C3	PIK3R4	STYK1	TMEFF2	ZNF740
cluster_1564	5	ACER3	CCDC180	MLH1	MSH6	TSGA13
cluster_1565	5	APBA1	ARHGEF26	DLG1	DLGAP4	KIF26B
cluster_1566	5	ARMC1	CALB2	GPM6A	NUFIP1	SNU13
cluster_1567	5	BFSP1	MIS18BP1	OIP5	TRIM73	UACA
cluster_1568	5	GABRB2	SERPINI2	UBQLN1	ZDHHC4	ZG16
cluster_1569	5	GIT1	GIT2	OPN4	PHYKPL	PSD4
cluster_1570	5	HPD	IRAK1	IRAK2	IRF5	TIRAP
cluster_1571	5	IFNA2	IL21R	IL2RB	JAK1	JAK3
cluster_1572	5	IGHV3-72	LUC7L3	SNRNP70	SRRM1	SRSF7
cluster_1573	5	ISY1-RAB43	PPIL1	PRPF19	SYF2	USB1
cluster_1574	5	LAGE3	LGALS4	PRAME	TP53RK	TRMT1
cluster_1575	5	MYOZ1	NSUN7	OGFOD2	TRIM55	TRIM63
cluster_1576	5	PRKD2	PRKD3	UGT2B10	UGT2B11	UGT2B28
cluster_1577	7	ANKRD11	GPS2	NCOR1	NCOR2	PAPOLA	THAP4	ZNF276
cluster_1578	13	CITED1	GPR142	HAND2	MESP1	MTRNR2L10	NIPBL	PHOX2A	SMC3	STAG1	STAG2	STAG3	USP13	USP37
cluster_1579	15	ACAP1	ACAP2	EBAG9	MARCKS	PEAR1	RAB11A	RAB11B	RAB11FIP1	RAB11FIP2	RAB11FIP3	RAB11FIP4	RAB11FIP5	RAB4A	SH3BP5L	THG1L
cluster_1580	9	DES	INA	KRT32	KRT7	NEFH	PRPH	SETBP1	SYNC	VIM
cluster_1581	9	HLTF	PELI3	RNF144A	TRIM32	TRUB1	UBE2N	WDR5B	ZNRF1	ZNRF2
cluster_1582	21	CPEB4	CSDE1	FAM120C	IGF2BP2	LARP1	LARP1B	LARP4	LARP4B	PABPC1	PABPC1L	PABPC4	PABPC4L	PABPC5	PAIP1	PAIP2	PAIP2B	PAN3	PUM1	SECISBP2	STAU2	ZCCHC3
cluster_1583	8	BTRC	FBXO42	FBXW11	HIVEP2	LPIN2	RFX1	STARD8	STK19
cluster_1584	8	CEBPD	DACH1	PAPPA2	SMAD2	SMAD3	SMAD5	SMAD6	SMAD9
cluster_1585	16	CELF3	CELF5	GSPT2	HELZ2	LARP1B	LARP4	LARP4B	MKRN2	PABPC1	PABPC5	PAIP1	PAIP2	PUM2	SECISBP2	SUGP2	ZCCHC3
cluster_1586	10	COX4I1	COX5A	COX6A1	COX6B1	COX6C	COX7A1	COX7B	COX7B2	COX7C	SMDT1
cluster_1587	10	DERL2	EDEM1	EDEM3	ERLEC1	FAM8A1	MBTPS2	P2RY2	SLC9A4	SYVN1	TMEM129
cluster_1588	6	ATG13	FBXO16	RB1CC1	ULK2	ULK3	WDR81
cluster_1589	6	ATP1A2	CNEP1R1	TRUB1	UBE2N	ULK4	ZNRF2
cluster_1590	6	DCT	EDEM2	FBLN7	POFUT1	SHH	TXNDC11
cluster_1591	18	DCDC1	GPR89B	NAA30	NARS2	NUBP1	PDXDC1	PRIMPOL	RNASEH1	RPA1	RPA2	RPA3	RPA4	RPAIN	SMARCAL1	SMUG1	TIMELESS	UBR7	YIF1B
cluster_1592	11	ZKSCAN4	ZKSCAN7	ZNF165	ZNF394	ZNF396	ZNF444	ZNF483	ZNF496	ZSCAN20	ZSCAN30	ZSCAN32
cluster_1593	13	AURKB	AURKC	CDCA8	EVI5	FAM228B	FBXL7	HECTD4	INCENP	LHPP	MYH4	NLRP5	OTOA	USP35
cluster_1594	7	AGBL5	AUTS2	CDK11B	CSNK2A2	HIRIP3	TLX2	UNC80
cluster_1595	7	DUSP12	DUSP2	ICMT	MAPK1	MAPK3	PTAFR	TOB1
cluster_1596	7	FAM222A	HOXA9	KRTAP22-1	MAB21L1	MEIS1	MEIS2	PIGL
cluster_1597	7	SCAND1	ZKSCAN3	ZKSCAN8	ZNF174	ZNF18	ZNF213	ZSCAN18
cluster_1598	10	CXXC5	DOCK9	EID2	FOXH1	SKI	SKIL	SMAD4	TGIF1	ZFYVE9	ZNF83
cluster_1599	14	ACBD4	FGD1	OSBP2	OSBPL10	OSBPL11	PITPNM1	PITPNM2	PITPNM3	RAB3GAP2	RDH10	RMDN2	VAPA	VAPB	ZBTB22
cluster_1600	16	ASF1A	ASF1B	BRF2	C15orf41	CDAN1	CSTA	FABP5	HAT1	IPO4	MKX	NASP	OAS1	S100A14	SPRR1B	UBN2	XAGE1B
cluster_1601	8	BRD2	BRD3	BRD4	CAAP1	CCNL1	CLK4	PWWP2B	RSRC1
cluster_1602	8	FAR1	HDDC2	MAPK1	MAPK3	PTAFR	PTPN7	SRM	TOB1
cluster_1603	12	CTSB	DERL2	DNAAF3	EDEM1	ERLEC1	FA2H	FOXRED2	OS9	SLC4A9	SYT7	SYVN1	UBE2J1
cluster_1604	12	DDX49	DNAJC9	FBL	NAP1L2	NOL7	NOP58	RRP9	TECTB	UTP15	UTP18	WDR36	WDR43
cluster_1605	10	CD52	CFAP74	CLCA4	DNAJC25	IZUMO2	KIAA1143	KIF12	LMNA	LMNB2	TMPO
cluster_1606	32	ACTL6A	ACTR5	ACTR6	ACTR8	C12orf45	CFDP1	DMAP1	DNASE2	DPCD	ELF4	EP400	ING3	INO80	INO80B	INO80C	INO80D	INO80E	JAZF1	MBTD1	MRGBP	MYCL	NFATC2IP	NFRKB	RGS6	RPAP3	RUVBL2	SRCAP	TANGO6	TFPT	VPS72	WBP2NL	ZNHIT1
cluster_1607	58	DDX28	DUSP11	FASTKD5	GADD45GIP1	GFM1	GTPBP6	GUF1	HEMK1	HINT2	MALSU1	METTL17	MRPL1	MRPL10	MRPL11	MRPL13	MRPL15	MRPL16	MRPL17	MRPL19	MRPL2	MRPL20	MRPL21	MRPL22	MRPL23	MRPL24	MRPL27	MRPL3	MRPL30	MRPL32	MRPL33	MRPL34	MRPL4	MRPL40	MRPL41	MRPL43	MRPL44	MRPL46	MRPL47	MRPL49	MRPL50	MRPL9	MRPS12	MRPS18A	MRRF	MTERF3	MTIF2	MTRF1	MTRF1L	NGRN	OXA1L	PREPL	PTCD1	RPUSD3	TRMT10C	TRMT61B	TRUB2	TSFM	YARS2
cluster_1608	10	ACVR1	BAMBI	BMPR1B	SMAD1	SMAD2	SMAD3	SMAD7	ZFYVE16	ZIC1	ZMIZ1
cluster_1609	9	C19orf54	DMRTB1	PLAC8	RBFOX1	RBPMS	RBPMS2	RHOXF2	SMUG1	ZBTB32
cluster_1610	8	AUTS2	CCNL1	CDK11B	CSNK2A1	CSNK2A3	F2RL3	PHRF1	SAP30BP
cluster_1611	8	CORO2B	NACC1	NCOA4	NCOR1	NCOR2	TBL1XR1	TBL1Y	ZNF276
cluster_1612	7	ACBD4	OSBPL10	PITPNM2	RDH10	RMDN2	SPEG	VAPB
cluster_1613	7	CASP8AP2	MX1	PIAS2	SENP1	TDG	TRMT10A	UBE2I
cluster_1614	7	GRIA4	GRIP1	GRM4	GRM7	JAM2	JAM3	PICK1
cluster_1615	7	IZUMO2	KCNK13	LMNA	LMNB2	NALCN	NARF	ZNF239
cluster_1616	6	ADNP	ADNP2	CBX5	DAW1	RPS19BP1	ZNF644
cluster_1617	6	ARHGAP8	AZU1	CYGB	PRR5-ARHGAP8	SH3GL1	TANGO2
cluster_1618	6	CD2AP	EPHB1	SH2B2	SH3KBP1	SPRY2	UBASH3A
cluster_1619	6	CHIC1	DMWD	KPNA7	RAD51AP1	RRM2	WDR48
cluster_1620	6	GPR108	KLRF1	REEP5	REEP6	SLC16A4	TMEM170A
cluster_1621	6	GRIA4	GRM7	ICA1L	PICK1	THAP5	TSPAN7
cluster_1622	5	ABCD1	ABCD2	ADCY8	MARC2	PEX19
cluster_1623	5	C1QL3	CDC42SE2	NRBP1	NRBP2	TSC22D2
cluster_1624	5	CD19	CD81	CR1	CR2	TFR2
cluster_1625	5	CD74	EIF1	EIF1B	EIF3B	EIF5
cluster_1626	5	CD96	DNAI1	PRDM9	SPRED2	SQSTM1
cluster_1627	5	CDA	LIN7A	LIN7B	LIN7C	PXDC1
cluster_1628	5	CELF4	PRR20B	PRR20C	PRR20D	PRR20E
cluster_1629	5	DAPL1	MYBPC3	RGR	TRIM55	TRIM63
cluster_1630	5	GCG	GID4	INSL6	MAEA	SPON1
cluster_1631	5	PGBD1	ZKSCAN3	ZKSCAN5	ZNF232	ZSCAN23
cluster_1632	4	ABHD1	CCDC155	NSG1	SLC41A2
cluster_1633	4	ACMSD	SCT	SERTAD3	USHBP1
cluster_1634	4	ACO1	FLNC	NT5C	SGCD
cluster_1635	4	ACTBL2	CLDN18	ODF4	SPATA22
cluster_1636	4	AGFG2	EPS15	EPS15L1	MACC1
cluster_1637	4	AIPL1	KHNYN	NEDD8	TRMT5
cluster_1638	4	AKAP6	CACNA1D	FKBP1B	RYR2
cluster_1639	4	AKAP6	PDE4A	PRKAR2A	ROPN1
cluster_1640	4	AKIP1	CDX2	NFKBIA	NFKBIB
cluster_1641	4	ALDOB	BBIP1	BBS5	BBS7
cluster_1642	4	AMDHD2	GNPDA1	IGHD	TPMT
cluster_1643	4	APOA2	APOC1	APOF	SAA4
cluster_1644	4	APPBP2	COL24A1	CORO2B	PYROXD2
cluster_1645	4	ARSH	ITCH	PROX1	RORA
cluster_1646	4	ASCL4	BLVRA	ENTPD4	PCYOX1
cluster_1647	4	ATE1	HLA-DQB2	SLITRK3	TRMT44
cluster_1648	4	BAG3	EGR4	HSPB6	TMIGD2
cluster_1649	4	BCORL1	PURB	RNF2	TDRD1
cluster_1650	4	BLNK	CD79A	FFAR3	TMED7-TICAM2
cluster_1651	4	C15orf41	CABIN1	CDAN1	UBN2
cluster_1652	4	CA1	HS3ST3A1	UPF2	UPF3A
cluster_1653	4	CACNA1S	GUCY2C	PDZD3	TAS2R8
cluster_1654	4	CALCOCO2	N4BP1	TBKBP1	TRIM38
cluster_1655	4	CAPRIN2	DKK4	FAM3B	LRP5
cluster_1656	4	CARD10	CARD11	CARD9	MALT1
cluster_1657	4	CCL23	IDE	SIRT4	TNFRSF18
cluster_1658	4	CCND3	CDKN2C	CDKN2D	EIF2AK1
cluster_1659	4	CCNDBP1	FMC1	RPL39L	RRAD
cluster_1660	4	CD7	FAHD2A	FAHD2B	OMP
cluster_1661	4	CLOCK	NPAS2	PDE6A	RORC
cluster_1662	4	CLPP	COX8A	GATC	HINT2
cluster_1663	4	CREB3	CREB3L2	CREB3L4	LILRB5
cluster_1664	4	CRYL1	PDE7A	THBS3	THBS4
cluster_1665	4	CSF3R	IL21R	SPHK2	WSB2
cluster_1666	4	CSH2	GH1	GHR	TREM2
cluster_1667	4	CSPP1	FOPNL	MPHOSPH9	OFD1
cluster_1668	4	CTAG1A	CTAG1B	KIF26A	MAGEC1
cluster_1669	4	CTCFL	GATA6	SP1	USP26
cluster_1670	4	CTRC	FUCA1	OMD	SUMF1
cluster_1671	4	DCLK3	PSMA3	PSMA8	PSME4
cluster_1672	4	DIXDC1	KIF19	NDEL1	SLC25A43
cluster_1673	4	DMKN	EVPL	FAM227B	PPL
cluster_1674	4	DMRT2	MAGED1	SIM1	UNC5A
cluster_1675	4	DUS2	EIF2AK2	STRBP	THUMPD2
cluster_1676	4	EZR	ICAM3	MC1R	PMP2
cluster_1677	4	FAAH	S1PR5	SCN4A	SLC39A4
cluster_1678	4	FBXO2	OPCML	SNED1	ST6GALNAC5
cluster_1679	4	FCER1G	MS4A2	SLC13A4	SYK
cluster_1680	4	FGF1	FGFBP1	GPC1	TTF1
cluster_1681	4	FGL1	LCMT2	NAA35	PLA2G2D
cluster_1682	4	GIGYF1	INPP5E	PPM1H	STARD13
cluster_1683	4	GLRA1	MAGED1	NPAS4	UNC5A
cluster_1684	4	GOLGA2	INPP5J	ITPKB	RGS8
cluster_1685	4	GSDMB	HES5	STAT3	USP24
cluster_1686	4	HENMT1	PTGES3L	SBF1	SBF2
cluster_1687	4	HERC5	SRP68	SRP9	ZCCHC7
cluster_1688	4	HEXB	METTL23	UBXN6	VCPKMT
cluster_1689	4	HOXB7	LRRC31	POLL	XRCC6
cluster_1690	4	HUWE1	NT5C2	PMAIP1	PREX2
cluster_1691	4	IBSP	NTAN1	PDP2	UBR2
cluster_1692	4	JSRP1	SIAH1	SPATA4	UPP2
cluster_1693	4	KRT5	KRT6A	KRT6C	KRT8
cluster_1694	4	KRTAP10-3	MOBP	ZNF23	ZNF786
cluster_1695	4	KRTAP21-2	KRTAP5-9	NTN4	POU4F2
cluster_1696	4	LGSN	OARD1	RANBP2	RAPGEF3
cluster_1697	4	LMAN1L	SEC11A	SPCS2	WNT6
cluster_1698	4	MAFF	MAFG	MAFK	NFE2
cluster_1699	4	NFATC4	PPP3R1	RCAN1	RCAN3
cluster_1700	4	PDXP	PLA2G7	PTPRN	PTPRN2
cluster_1701	4	PDZK1	SH2D5	SLC22A12	SLC34A1
cluster_1702	4	PHACTR2	SPIRE1	SPIRE2	TMOD3
cluster_1703	4	PPARGC1A	RXRA	RXRB	RXRG
cluster_1704	4	PRKG2	SULT1E1	UNC119	UNC119B
cluster_1705	4	RNF185	SLC22A8	SLC35C1	TMUB2
cluster_1706	4	SCGN	STX1B	STX2	STX4
cluster_1707	4	VWCE	ZNF146	ZNF302	ZNF664
cluster_1708	3	AANAT	BHLHE40	PDE6G
cluster_1709	3	ABCA12	BRD4	PWWP2B
cluster_1710	3	ABCA7	TMC4	TSPAN15
cluster_1711	3	ABCA9	BLK	SYCP3
cluster_1712	3	ABCC4	RASD2	SLC4A7
cluster_1713	3	ABCC8	KCNJ11	TRPM8
cluster_1714	3	ABHD1	CCDC155	NRIP3
cluster_1715	3	ABI3BP	SPDL1	THUMPD2
cluster_1716	3	ABO	FZD9	TMEM79
cluster_1717	3	ACACA	AKR1B10	THRSP
cluster_1718	3	ACAD11	CNTN5	MYT1L
cluster_1719	3	ACADS	NDUFAB1	OXSM
cluster_1720	3	ACADVL	GPR171	LARP6
cluster_1721	3	ACMSD	USH1C	USHBP1
cluster_1722	3	ACOT11	ACOT12	FGFBP2
cluster_1723	3	ACOT13	PCTP	TNN
cluster_1724	3	ACR	NUDT16	TP53BP1
cluster_1725	3	ACSBG2	CMSS1	REG3A
cluster_1726	3	ACSS3	LEFTY1	LEFTY2
cluster_1727	3	ACTA2	CDNF	SCGB1A1
cluster_1728	3	ACTA2	DTWD1	LIM2
cluster_1729	3	ACTN4	COL17A1	COL24A1
cluster_1730	3	ACTR3C	MALL	MS4A12
cluster_1731	3	ACVR1B	INHBA	INHBB
cluster_1732	3	ACY1	ARL6IP4	PRODH
cluster_1733	3	ADAMTS17	CPA2	GAS6
cluster_1734	3	ADAP2	NEDD4L	SLC16A4
cluster_1735	3	ADCY2	ADCY5	RGS2
cluster_1736	3	ADCY6	CHRNA3	SLC39A4
cluster_1737	3	ADGB	PITX3	SFPQ
cluster_1738	3	ADH5	MT1X	TPI1
cluster_1739	3	ADH7	PDE9A	SULT1E1
cluster_1740	3	ADHFE1	GNAQ	PLCB2
cluster_1741	3	ADIPOR2	PSAPL1	RNF145
cluster_1742	3	ADORA2A	HRH3	SLC25A39
cluster_1743	3	ADORA2B	SYPL2	TSPAN15
cluster_1744	3	ADORA3	CAND2	SLAMF9
cluster_1745	3	ADRA1A	ADRA1B	NTNG2
cluster_1746	3	ADRA1D	TAGAP	UTRN
cluster_1747	3	AFAP1L1	CFAP44	GADD45G
cluster_1748	3	AFM	BIVM	GBP1
cluster_1749	3	AFMID	PCBD1	PCBD2
cluster_1750	3	AGAP2	GRIA2	GRIA4
cluster_1751	3	AGK	SLC25A38	TIMM22
cluster_1752	3	AGR2	CACNA1G	FABP2
cluster_1753	3	AGRP	ATP6V0E2	MC4R
cluster_1754	3	AGTRAP	MAL2	MCEE
cluster_1755	3	AHNAK2	FKBP11	TNFAIP8L2
cluster_1756	3	AICDA	GALR1	PSME3
cluster_1757	3	AIFM1	SMIM12	TDRP
cluster_1758	3	AIFM3	LZTR1	SSX4
cluster_1759	3	AIPL1	NADSYN1	PDE5A
cluster_1760	3	AK8	MID1IP1	SLC45A2
cluster_1761	3	ALAD	GOT1	GOT1L1
cluster_1762	3	ALG10B	TRAFD1	XKRX
cluster_1763	3	ALKBH1	DNAJB6	RAB20
cluster_1764	3	ALKBH7	SPATA1	TLK1
cluster_1765	3	ALOX15	MB	PEBP1
cluster_1766	3	ALOX5	LTC4S	OOEP
cluster_1767	3	ALOXE3	ALPK1	WNT8B
cluster_1768	3	ALPL	LMAN1L	SPCS2
cluster_1769	3	ALS2CL	RAB22A	RAB5C
cluster_1770	3	AMFR	AUP1	RNF139
cluster_1771	3	AMPD1	AMPD2	AMPD3
cluster_1772	3	ANAPC15	CDC26	MANF
cluster_1773	3	ANGPTL5	HNRNPM	OTOL1
cluster_1774	3	ANK2	POPDC2	RTP1
cluster_1775	3	ANKRD31	HMGN2	HMGN3
cluster_1776	3	ANKRD46	MEGF8	RNF157
cluster_1777	3	ANKS3	ANKS6	PITPNC1
cluster_1778	3	ANO4	ENOSF1	SNX20
cluster_1779	3	AOC2	AOC3	CYP11B2
cluster_1780	3	AP4E1	AP4S1	MYH7B
cluster_1781	3	AP5B1	AP5S1	SPG11
cluster_1782	3	APOB	B3GALT2	MTTP
cluster_1783	3	APOBEC1	CELF2	SYNCRIP
cluster_1784	3	APOL6	RGS13	SLAMF1
cluster_1785	3	APOOL	ATP6V1G3	CHCHD3
cluster_1786	3	APPBP2	HIPK4	SPDYE2B
cluster_1787	3	APTX	POLB	SLCO3A1
cluster_1788	3	AR	SPDEF	SRY
cluster_1789	3	ARHGEF5	HSPBAP1	TBC1D13
cluster_1790	3	ARL17A	BTG4	RNF19B
cluster_1791	3	ARL6IP1	SNX10	STARD4
cluster_1792	3	ARL8B	PLEKHM2	ZDHHC8
cluster_1793	3	ARMC1	POLL	SNCB
cluster_1794	3	ARMC8	MKLN1	WARS2
cluster_1795	3	ARNTL2	MSRA	MT2A
cluster_1796	3	ARRDC3	HPGDS	LIF
cluster_1797	3	ARSH	GPHN	KMO
cluster_1798	3	ART3	H6PD	TAZ
cluster_1799	3	ASAP3	CACNA1S	PDZD3
cluster_1800	3	ASRGL1	PIK3CG	PIK3R6
cluster_1801	3	ATE1	NTAN1	SLC28A2
cluster_1802	3	ATP11C	PLEKHM2	SEMA7A
cluster_1803	3	ATP1B2	RTN4	TM4SF5
cluster_1804	3	ATP6V0A2	CLCN6	XKR4
cluster_1805	3	ATXN3L	MAGED4B	PJA1
cluster_1806	3	AVL9	HORMAD2	SYCP2
cluster_1807	3	AWAT2	CYP8B1	HERC3
cluster_1808	3	B3GNT5	CRNN	PIFO
cluster_1809	3	B4GALNT3	GAA	SLC8B1
cluster_1810	3	B9D1	PIGB	TCTN2
cluster_1811	3	BAIAP2	CTSC	ESPN
cluster_1812	3	BAZ2B	COL1A1	RASGEF1B
cluster_1813	3	BBS10	DNAJC7	FRZB
cluster_1814	3	BBS12	ICA1	MKKS
cluster_1815	3	BCDIN3D	RELL2	ZNF32
cluster_1816	3	BCHE	ENTPD5	ISM2
cluster_1817	3	BGLAP	HIVEP3	RUNX2
cluster_1818	3	BLID	TGFB1	TGFB2
cluster_1819	3	BMP15	PPP2R2C	PPP2R2D
cluster_1820	3	BMP3	DNALI1	PRMT6
cluster_1821	3	BMP5	HBB	HBE1
cluster_1822	3	BMPER	FCER2	NOTCH2
cluster_1823	3	BNIP3	CLEC7A	CLN8
cluster_1824	3	BPIFA3	NHSL1	PFN1
cluster_1825	3	BPIFB2	DDX31	ITLN2
cluster_1826	3	BPIFB2	EBF2	EBF3
cluster_1827	3	BRSK1	MAPT	SNCB
cluster_1828	3	BRWD3	NOVA1	NOVA2
cluster_1829	3	BST1	GXYLT2	PPCS
cluster_1830	3	BVES	DUSP5	UBAC1
cluster_1831	3	C15orf65	FSCN2	QRICH1
cluster_1832	3	C1orf116	HOMER2	HOMER3
cluster_1833	3	C1orf158	SLC30A5	TPRA1
cluster_1834	3	C1orf68	FLG2	KPRP
cluster_1835	3	C2CD3	C3orf14	CEP89
cluster_1836	3	C3	CFHR4	CFI
cluster_1837	3	C5orf30	NKX3-1	UNC119
cluster_1838	3	C8G	CHST9	EDEM2
cluster_1839	3	C9	CD59	SPINK1
cluster_1840	3	CA5A	REG4	SIRT3
cluster_1841	3	CACNA1B	GJA4	MAP1LC3B
cluster_1842	3	CACNA1E	EFHC1	TRPM2
cluster_1843	3	CACNA2D1	PLA2G5	PRSS33
cluster_1844	3	CADM4	CTNS	IFITM2
cluster_1845	3	CAGE1	NECAB2	NECAB3
cluster_1846	3	CALB2	DGUOK	PHYKPL
cluster_1847	3	CALCR	CUBN	LRP1
cluster_1848	3	CAMK2A	KRTAP19-3	LRRC7
cluster_1849	3	CAMSAP3	KATNA1	NEK3
cluster_1850	3	CAPN12	CAPN2	CAPN9
cluster_1851	3	CAPN6	LRFN2	LRFN4
cluster_1852	3	CASP4	CASP5	RS1
cluster_1853	3	CASR	GABBR1	KCTD16
cluster_1854	3	CBLL1	CD302	METTL3
cluster_1855	3	CCDC136	TBRG1	ZNF230
cluster_1856	3	CCDC186	KIF1B	VPS33B
cluster_1857	3	CCDC74A	SIX2	THNSL1
cluster_1858	3	CCL18	DEFA6	PZP
cluster_1859	3	CD1D	PTPRC	PTPRCAP
cluster_1860	3	CD2	LCK	PTPRCAP
cluster_1861	3	CD300C	CNTLN	GOPC
cluster_1862	3	CD36	CROT	SCRG1
cluster_1863	3	CD96	NOMO1	NOMO2
cluster_1864	3	CDC20B	CRIP1	UBA5
cluster_1865	3	CDC42SE1	HOXB3	MIPEP
cluster_1866	3	CDH15	DTX1	TAX1BP3
cluster_1867	3	CDH18	MYOG	PACRGL
cluster_1868	3	CDH19	TAS2R31	TPP2
cluster_1869	3	CDH7	EVA1A	LAMP2
cluster_1870	3	CDNF	MANF	PARP15
cluster_1871	3	CDO1	TXNRD1	VCX3A
cluster_1872	3	CELSR1	CELSR2	NAALADL2
cluster_1873	3	CELSR3	DKKL1	FJX1
cluster_1874	3	CERS2	ELOVL1	ELOVL7
cluster_1875	3	CERS5	CERS6	GPR84
cluster_1876	3	CES3	CYB5R2	SUOX
cluster_1877	3	CES3	DEFB135	PTPRK
cluster_1878	3	CETN2	LRRC39	UFSP1
cluster_1879	3	CFAP36	SLC4A11	SNTB2
cluster_1880	3	CFH	CFHR3	FAM184B
cluster_1881	3	CFHR1	CFHR2	LBP
cluster_1882	3	CHAC1	RHOXF2	ZNF683
cluster_1883	3	CHCHD2	COQ10B	RNASEH1
cluster_1884	3	CHMP6	CRLF3	SNF8
cluster_1885	3	CHRNA6	PPP3R1	SMPD3
cluster_1886	3	CHST11	LCLAT1	SLC39A7
cluster_1887	3	CHST3	CRP	ST8SIA6
cluster_1888	3	CHST4	CHST5	CHST6
cluster_1889	3	CIART	CNTLN	TPM1
cluster_1890	3	CIB1	GLIS3	TMC7
cluster_1891	3	CIB3	SP4	ZNF177
cluster_1892	3	CIDEC	DENND1B	SERPINA12
cluster_1893	3	CLCA1	KCNMB1	TBXA2R
cluster_1894	3	CLDN14	MS4A12	PLLP
cluster_1895	3	CLDN15	GEM	GMIP
cluster_1896	3	CLDN3	CLDN5	YIPF1
cluster_1897	3	CLEC14A	MMRN2	MROH1
cluster_1898	3	CLN3	CTNS	FZD1
cluster_1899	3	CLNS1A	COPRS	FRMD7
cluster_1900	3	CLOCK	DBP	NPAS2
cluster_1901	3	CLRN3	DNAH11	ZDHHC17
cluster_1902	3	CMTM7	DAGLA	LHFPL5
cluster_1903	3	COL1A1	COL1A2	COL3A1
cluster_1904	3	COL4A2	COL9A3	COLGALT2
cluster_1905	3	COL6A2	COX6A2	DEFB121
cluster_1906	3	COL6A3	DYSF	MYOM2
cluster_1907	3	CORT	MB	SSTR1
cluster_1908	3	COX10	FAM136A	UPK3B
cluster_1909	3	COX18	FCER1A	VNN2
cluster_1910	3	CPM	GTPBP3	KLK14
cluster_1911	3	CRABP1	TH	TSPO
cluster_1912	3	CREG1	IGF2R	SMPDL3A
cluster_1913	3	CSF2	CSF2RA	SDC2
cluster_1914	3	CSNK2A2	CSNK2A3	VSX2
cluster_1915	3	CTAG1A	CTAG1B	STRA8
cluster_1916	3	CWC27	HOXC10	IGSF6
cluster_1917	3	CXCL14	GPR85	ROBO3
cluster_1918	3	CYP1A2	CYP1B1	PGRMC1
cluster_1919	3	CYP21A2	KRTAP1-3	LCE3B
cluster_1920	3	CYP39A1	HERC3	MOGAT2
cluster_1921	3	CYP3A5	CYP3A7	ETV5
cluster_1922	3	CYP4F2	SLC17A8	TM4SF19
cluster_1923	3	CYP4F3	PDS5B	WFDC5
cluster_1924	3	CYP4V2	GATC	TOMM20L
cluster_1925	3	CYP8B1	TACSTD2	UNC5C
cluster_1926	3	DAGLA	GABRA6	MCOLN3
cluster_1927	3	DCANP1	DCHS1	RYK
cluster_1928	3	DCST1	PARP9	STAT1
cluster_1929	3	DCSTAMP	NXPH1	OS9
cluster_1930	3	DDX3X	PRH2	TRIM58
cluster_1931	3	DDX46	SF3A1	ZDHHC8
cluster_1932	3	DEFB108B	GPR152	SLC13A4
cluster_1933	3	DEFB125	TRPT1	ZYG11B
cluster_1934	3	DEFB4A	IL19	ZMPSTE24
cluster_1935	3	DESI1	UBQLNL	ZBTB46
cluster_1936	3	DGKD	DGKG	DGKH
cluster_1937	3	DIRAS1	SNX20	ZNF274
cluster_1938	3	DISC1	TIAM2	ZNF365
cluster_1939	3	DLX1	IMPDH1	STK19
cluster_1940	3	DNAH10	EPHA1	OTOG
cluster_1941	3	DNAH5	PATL2	RRBP1
cluster_1942	3	DNER	PDLIM7	SLFN12
cluster_1943	3	DPM2	HTR3C	METTL25
cluster_1944	3	DQX1	LRIF1	PRR14L
cluster_1945	3	DSG4	F11R	RASGRP4
cluster_1946	3	DTX3L	PARP14	RBM43
cluster_1947	3	ECM2	MYLK3	OBSL1
cluster_1948	3	EDF1	NR2E3	NRL
cluster_1949	3	EDIL3	HPX	TF
cluster_1950	3	EID2	NSMCE1	ZNF597
cluster_1951	3	EIF2S3	EIF5	PRMT7
cluster_1952	3	ELAVL3	PRDM1	TIMM10
cluster_1953	3	EMID1	P3H1	RENBP
cluster_1954	3	ENPP4	FZD1	IFITM3
cluster_1955	3	EPM2A	NNAT	PPP1R3C
cluster_1956	3	ERCC1	KIF11	NAP1L3
cluster_1957	3	ERCC6L2	NEK6	PRICKLE4
cluster_1958	3	ESR1	ESRP1	POU4F1
cluster_1959	3	ETNK1	ETNK2	PNLIP
cluster_1960	3	EXOC3L2	GAGE12G	GAGE2E
cluster_1961	3	EYA1	EYA2	EYA4
cluster_1962	3	EZR	GZMM	PMP2
cluster_1963	3	F12	MTR	MTRR
cluster_1964	3	F3	F7	FCRL2
cluster_1965	3	FBL	NAP1L2	PRM2
cluster_1966	3	FBN3	HYDIN	TBCA
cluster_1967	3	FBXO2	NPTX2	OPCML
cluster_1968	3	FBXO24	KDM1A	NOL4L
cluster_1969	3	FCER2	PARP14	RNF144B
cluster_1970	3	FCGR1B	INPP5D	PECAM1
cluster_1971	3	FECH	PLA2G6	RCBTB2
cluster_1972	3	FKBP15	SAC3D1	VPS29
cluster_1973	3	FKBP1B	RYR3	TRIM69
cluster_1974	3	FMN1	LLGL1	LLGL2
cluster_1975	3	FOLH1	GGT7	NAALAD2
cluster_1976	3	FRMPD1	HMGCS2	NFATC1
cluster_1977	3	FRYL	RNF138	SERINC5
cluster_1978	3	FUT8	ICAM3	MGAT1
cluster_1979	3	FZD6	SFRP1	WNT1
cluster_1980	3	GABRR1	PRKG1	TRIM39-RPP21
cluster_1981	3	GABRR3	GNAT3	RAB5C
cluster_1982	3	GAL3ST2	GALNT12	PIANP
cluster_1983	3	GALM	IL1RL1	IL33
cluster_1984	3	GALNT6	NDUFAF6	SLC29A3
cluster_1985	3	GATA3	SOD3	TBX21
cluster_1986	3	GATC	HSCB	RCE1
cluster_1987	3	GGT1	GGT5	SLC20A2
cluster_1988	3	GIPC3	MOV10	STAU2
cluster_1989	3	GJA3	GJB2	GJB3
cluster_1990	3	GJB3	MADCAM1	TMEM97
cluster_1991	3	GKAP1	MEF2C	SOX18
cluster_1992	3	GKAP1	PHOSPHO2	SIGLEC5
cluster_1993	3	GLRA3	KCTD2	TBL2
cluster_1994	3	GMFG	LANCL2	PPP1R14D
cluster_1995	3	GMNN	MCIDAS	PIF1
cluster_1996	3	GNA14	NRP1	PLXND1
cluster_1997	3	GOLGA7B	ZDHHC5	ZDHHC8
cluster_1998	3	GOLGB1	SPATA16	ZSWIM5
cluster_1999	3	GOLPH3	GOLPH3L	STEAP1
