cluster_0	3	RBCK1	RNF31	TFB2M
cluster_1	3	CHUK	IKBKB	MACROD1
cluster_2	4	CTR9	LEO1	PAF1	WDR61
cluster_3	3	FANCD2	FANCI	RSF1
cluster_4	4	EXOSC1	EXOSC3	EXOSC4	EXOSC8
cluster_5	3	BAZ1A	CHRAC1	SMARCA5
cluster_6	13	EIF3A	EIF3C	EIF3CL	EIF3D	EIF3E	EIF3F	EIF3G	EIF3H	EIF3I	EIF3J	EIF3K	EIF3L	EIF3M
cluster_7	3	CAPZA1	CAPZB	PLEKHO2
cluster_8	4	RPS10	RPS15	RPS29	RPS3
cluster_9	3	AEBP2	EED	EZH1
cluster_10	3	ANKRD44	PPP6C	PPP6R1
cluster_11	3	ARCN1	COPA	COPG1
cluster_12	3	IRAK1	MYD88	PELI2
cluster_13	3	MAPKAP1	MTOR	SPRR1A
cluster_14	3	MIS12	NSL1	NUF2
cluster_15	3	VPS26A	VPS26B	VPS29
cluster_16	4	ATG14	GALT	NRBF2	PIK3R4
cluster_17	3	ENAH	EVL	VASP
cluster_18	3	ETF1	GSPT1	GSPT2
cluster_19	3	MIOS	SESN2	WDR24
cluster_20	3	PIH1D1	URI1	WDR92
cluster_21	4	GINS1	GINS2	GINS3	GINS4
cluster_22	3	C9orf72	SMCR8	WDR41
cluster_23	3	EMC3	EMC4	MMGT1
cluster_24	3	NUP133	NUP43	NUP85
cluster_25	5	IGHMBP2	NELFA	NELFB	NELFCD	NELFE
cluster_26	20	PRCP	PSMA1	PSMA2	PSMA3	PSMA4	PSMA5	PSMA6	PSMA7	PSMB1	PSMB10	PSMB2	PSMB3	PSMB4	PSMB5	PSMB6	PSMB7	PSMB8	PSMB9	PSME2	RITA1
cluster_27	4	DSN1	PMF1	SPC24	SPC25
cluster_28	3	EXOC2	EXOC6	EXOC8
cluster_29	3	HERC2	NEURL4	USP16
cluster_30	4	CAB39	EBLN2	STK11	STRADA
cluster_31	3	ASB2	FLNA	FLNB
cluster_32	3	DOT1L	MLLT10	MLLT6
cluster_33	3	LIN52	LIN54	LIN9
cluster_34	3	POLR2E	POLR2H	POLR2K
cluster_35	3	TBC1D5	VPS26B	VPS35
cluster_36	8	DDX20	GEMIN2	GEMIN4	GEMIN5	GEMIN6	GEMIN7	GEMIN8	SMN1
cluster_37	12	APBB3	BTBD1	BTBD2	COPS2	COPS3	COPS4	COPS5	COPS6	COPS7B	COPS8	KLHL10	LRR1
cluster_38	6	LAMTOR1	LAMTOR2	LAMTOR3	LAMTOR4	LAMTOR5	SLC38A9
cluster_39	4	DDX6	EIF4ENIF1	LSM14A	PATL1
cluster_40	4	KAT2A	SUPT7L	TADA2A	TADA3
cluster_41	4	LAS1L	NOL9	PELP1	TEX10
cluster_42	8	CDC6	LRWD1	ORC1	ORC2	ORC3	ORC4	ORC5	ORC6
cluster_43	4	CALB1	CHUK	IKBKB	SDCCAG8
cluster_44	4	EIF3A	EIF3F	EIF3I	RSPH9
cluster_45	3	BOP1	PES1	WDR55
cluster_46	3	PFDN2	PFDN4	PFDN6
cluster_47	6	APTX	LIG3	PNKP	POLB	TDP1	XRCC1
cluster_48	5	NCOR1	NCOR2	TBL1X	TBL1XR1	TBL1Y
cluster_49	3	BLM	RMI1	RMI2
cluster_50	3	CTR9	PAF1	TOP1MT
cluster_51	3	IRF2BP1	IRF2BP2	IRF2BPL
cluster_52	8	CENPC	MIS12	NSL1	NUF2	PMF1	SPC24	SPC25	ZWINT
cluster_53	7	AURKB	AURKC	BIRC5	CDCA8	HBZ	INCENP	NLRP5
cluster_54	4	CPSF1	CPSF2	FIP1L1	WDR33
cluster_55	4	DEPDC5	NPRL2	NPRL3	SZT2
cluster_56	4	BYSL	FAM207A	LTV1	TSR1
cluster_57	3	KIF5C	KLC1	KLC2
cluster_58	3	RFX5	RFXANK	RFXAP
cluster_59	14	ACTR2	ACTR3	ACTR3B	ARPC1A	ARPC1B	ARPC2	ARPC3	ARPC4	ARPC4-TTLL3	ARPC5	ARPC5L	CHURC1	HOXA3	NFASC
cluster_60	10	EMC1	EMC10	EMC2	EMC3	EMC4	EMC6	EMC7	EMC8	EMC9	MMGT1
cluster_61	6	ACTR2	ACTR3	ARPC2	ARPC5L	CD109	CHURC1
cluster_62	29	ADRM1	ANKZF1	CCDC74B	CCDC92	DDI2	PAAF1	PSMC1	PSMC2	PSMC3	PSMC4	PSMC6	PSMD1	PSMD10	PSMD11	PSMD12	PSMD13	PSMD14	PSMD2	PSMD3	PSMD4	PSMD5	PSMD6	PSMD7	PSMD8	PSMD9	SLC6A16	TNFRSF21	UBLCP1	USP14
cluster_63	8	COG1	COG2	COG3	COG4	COG5	COG6	COG7	COG8
cluster_64	7	ANKRD28	ANKRD44	ANKRD52	PPP6C	PPP6R1	PPP6R2	PPP6R3
cluster_65	4	ATG12	ATG3	ATG5	RAB33A
cluster_66	4	TAF1A	TAF1B	TAF1C	TAF1D
cluster_67	3	ASF1A	ASF1B	UBN1
cluster_68	3	ATG12	ATG5	RAB33B
cluster_69	3	HUS1	MUTYH	RAD1
cluster_70	3	MTBP	TICRR	TOPBP1
cluster_71	3	PIK3R1	PIK3R2	PIK3R3
cluster_72	3	PIP5K1C	TLN1	TLN2
cluster_73	3	RNF185	TMEM259	TMUB2
cluster_74	3	VPS51	VPS53	VPS54
cluster_75	8	BECN1	MDH1B	NLRX1	NRBF2	OTUD7B	PIK3C3	PIK3R4	STYK1
cluster_76	12	AICDA	C1D	DIS3	DIS3L	EXOSC1	EXOSC2	EXOSC3	EXOSC4	EXOSC6	EXOSC7	EXOSC8	EXOSC9
cluster_77	12	ACTR5	ACTR8	INO80	INO80B	INO80C	INO80D	INO80E	MCRS1	NFRKB	TFPT	UCHL5	YY1
cluster_78	13	CDCA5	DDX47	PDS5A	PDS5B	RAD21	REC8	SMC1A	SMC1B	SMC3	STAG1	STAG2	STAG3	WFDC5
cluster_79	4	FANCD2	FANCI	IGKV1-33	POLN
cluster_80	5	CAPRIN1	G3BP1	G3BP2	OTUD4	PRRC2C
cluster_81	5	FAN1	FANCD2	FANCI	PLEKHA8	PMS1
cluster_82	4	ATXN2L	DDX6	LSM12	LSM14A
cluster_83	3	ATG101	MAP1LC3C	ULK1
cluster_84	3	CEP350	FGFR1OP	RABL2B
cluster_85	3	CLTB	CLTC	PIK3C2A
cluster_86	3	DYNLL1	DYNLL2	KANK1
cluster_87	3	EIF2B3	EIF2B4	EIF2B5
cluster_88	3	FIG4	PIKFYVE	VAC14
cluster_89	3	HDAC3	TBL1X	TBL1Y
cluster_90	3	LLGL1	LLGL2	PRKCZ
cluster_91	3	MAX	MNT	MXD4
cluster_92	7	ALYREF	DDX39B	LUZP4	THOC1	THOC3	THOC6	THOC7
cluster_93	4	COBL	COBLL1	PACSIN1	PACSIN2
cluster_94	7	EME1	EME2	MUS81	SLX1A	SLX1B	SLX4	SLX4IP
cluster_95	7	LSM1	LSM10	LSM2	LSM4	LSM5	LSM6	LSM8
cluster_96	6	AURKB	AURKC	BIRC5	INCENP	OR9G1	PNPLA5
cluster_97	5	DKC1	NAF1	NHP2	NOP10	SHQ1
cluster_98	28	ACTL6A	ACTL6B	ARID1A	ARID1B	ARID2	BCL7A	BCL7B	BCL7C	BRD7	BRD9	DPF1	DPF2	DPF3	KLF1	PBRM1	PHF10	PTGDR	SMARCA2	SMARCA4	SMARCB1	SMARCC1	SMARCC2	SMARCD1	SMARCD2	SMARCD3	SMARCE1	SS18	SS18L1
cluster_99	46	ADRM1	AKIRIN2	C6orf15	DDI2	DESI1	LRRC57	PAAF1	PSMA1	PSMA2	PSMA3	PSMA4	PSMA5	PSMA6	PSMA7	PSMB1	PSMB2	PSMB3	PSMB4	PSMB5	PSMB6	PSMB7	PSMC1	PSMC2	PSMC3	PSMC4	PSMC5	PSMC6	PSMD1	PSMD10	PSMD11	PSMD12	PSMD13	PSMD14	PSMD2	PSMD3	PSMD4	PSMD5	PSMD6	PSMD7	PSMD8	PSMG2	SLC26A8	UBLCP1	UBQLNL	USP14	ZFAND2B
cluster_100	5	EIF2B1	EIF2B2	EIF2B3	EIF2B4	OPN3
cluster_101	9	BDP1	POLR3C	POLR3D	POLR3E	POLR3F	POLR3G	POLR3GL	POLR3H	POLR3K
cluster_102	7	CT55	VPS16	VPS18	VPS33A	VPS39	VPS41	VPS8
cluster_103	3	EAF1	ICE1	ICE2
cluster_104	3	ELP4	ELP5	ELP6
cluster_105	3	EXOSC2	EXOSC6	MPHOSPH6
cluster_106	3	G3BP1	G3BP2	TMEM232
cluster_107	3	MORC2	PARP1	PARP3
cluster_108	38	BEND6	CCNC	CDK19	CDK8	EEPD1	MED1	MED10	MED11	MED12	MED12L	MED13	MED13L	MED14	MED15	MED16	MED17	MED18	MED19	MED20	MED21	MED22	MED23	MED24	MED25	MED26	MED27	MED28	MED29	MED30	MED31	MED4	MED6	MED7	MED8	MED9	ODF3	TICRR	ZC3H13
cluster_109	9	CCDC40	PSMC3	PSMC6	PSMD13	PSMD6	PSMD8	PSMD9	TXNL1	USP14
cluster_110	4	COMMD1	COMMD4	COMMD8	COMMD9
cluster_111	16	BTBD1	BTBD2	COPS2	COPS3	COPS4	COPS6	COPS7A	COPS7B	COPS8	DCAF11	DCAF4	FEM1B	GPS1	RAB40A	SENP8	YJEFN3
cluster_112	8	ACTR1A	ACTR1B	DCTN2	DCTN3	DCTN4	DCTN5	DCTN6	DEFB127
cluster_113	14	CCNH	CDK7	ERCC2	ERCC3	ERCC5	GTF2H1	GTF2H2	GTF2H2C	GTF2H3	GTF2H4	GTF2H5	HOXB1	IL17D	MNAT1
cluster_114	6	PDRG1	POLR1A	PPEF2	RPAP3	URI1	UXT
cluster_115	3	ACTN4	MYOZ2	PDLIM1
cluster_116	3	BDNF	NTF4	NTRK2
cluster_117	3	C12orf66	ITFG2	KPTN
cluster_118	3	DCST1	IFNAR2	STAT2
cluster_119	3	DYNC1I1	DYNC1LI1	DYNLT3
cluster_120	3	HLTF	UBE2N	ZNRF2
cluster_121	6	CCDC93	COMMD1	COMMD10	COMMD4	COMMD7	COMMD9
cluster_122	11	BRD8	DMAP1	FOXR1	ING3	JAZF1	KDM5A	KDM5C	MBTD1	MORF4L1	MORF4L2	MRGBP
cluster_123	6	CHTF18	CHTF8	DSCC1	RFC2	RFC3	RFC4
cluster_124	10	CCDC174	RASSF1	RASSF2	RASSF3	RASSF4	RASSF5	SAV1	STK3	STK4	ZNF133
cluster_125	20	ALKBH1	ANKZF1	PSMA2	PSMA3	PSMA5	PSMC1	PSMC2	PSMC4	PSMC5	PSMD1	PSMD12	PSMD14	PSMD2	PSMD7	PSMG1	RNH1	TMC2	UBE2Q1	XBP1	ZFAND2B
cluster_126	12	FANCA	FANCB	FANCC	FANCE	FANCF	FANCL	FANCM	HES1	KIF15	MOK	TCP11	UBE2T
cluster_127	5	TMED10	TMED2	TMED3	TMED4	TMED5
cluster_128	12	C1D	DIS3L	EXOSC10	EXOSC2	EXOSC5	EXOSC6	EXOSC7	EXOSC9	HBS1L	MPHOSPH6	RBM7	ZCCHC8
cluster_129	14	CDC45	DBF4	DBF4B	DONSON	ESCO2	MCM2	MCM3	MCM4	MCM5	MCM6	MCM7	MCMBP	MMS22L	TDRD5
cluster_130	4	ABI1	CYFIP1	KIAA1522	WASF2
cluster_131	4	DDX6	EDC4	LSM14A	PNRC1
cluster_132	4	MZT1	TUBG1	TUBGCP5	TUBGCP6
cluster_133	3	BCAP29	BCAP31	CHMP7
cluster_134	3	CCDC65	ENO1	ENO3
cluster_135	3	CD2AP	NPHS2	SH3KBP1
cluster_136	3	FBP1	FBP2	ST6GALNAC5
cluster_137	3	GDI1	GDI2	RAB12
cluster_138	3	HNRNPC	HNRNPCL1	RBM41
cluster_139	3	MLEC	RPN2	STT3B
cluster_140	3	NCAPD2	NCAPG2	SMC2
cluster_141	3	POLR1A	RRN3	TWISTNB
cluster_142	3	RIOK3	RPS29	RPS3
cluster_143	3	RNASEH2A	RNASEH2B	RNASEH2C
cluster_144	3	RUFY1	RUFY2	RUFY3
cluster_145	3	TSEN2	TSEN34	TSEN54
cluster_146	12	ATXN7	HSD11B2	KAT2A	SUPT20H	SUPT3H	SUPT7L	TADA1	TADA2A	TADA2B	TADA3	TAF5L	TAF6L
cluster_147	14	CCDC151	CCDC22	CCDC93	COMMD1	COMMD10	COMMD2	COMMD3	COMMD4	COMMD5	COMMD6	COMMD7	COMMD8	COMMD9	TRIM16L
cluster_148	6	HUS1	OGG1	RAD17	RAD9A	RAD9B	RHNO1
cluster_149	28	AKIRIN1	AKIRIN2	C6orf15	IFI44L	NRIP3	POMP	PSMA1	PSMA2	PSMA3	PSMA4	PSMA5	PSMA6	PSMA7	PSMA8	PSMB1	PSMB10	PSMB2	PSMB3	PSMB4	PSMB5	PSMB6	PSMB7	PSME4	PSMF1	PSMG1	PSMG2	XAGE3	ZNF366
cluster_150	6	AICDA	EXOSC4	EXOSC5	EXOSC9	RBM7	ZCCHC8
cluster_151	16	AEBP2	ARMC12	EED	EZH1	EZH2	GSTCD	JARID2	MTF2	NOM1	NRBP2	PHF1	PHF19	PPP1R8	SKIDA1	SUZ12	ZNF638
cluster_152	4	BET1L	GOSR1	GOSR2	STX5
cluster_153	4	LIG3	TDP1	UNG	XRCC1
cluster_154	4	SNAPC1	SNAPC2	SNAPC3	SNAPC4
cluster_155	5	APLF	CHD1L	PARP1	PARP2	PARP3
cluster_156	5	CHUK	CNTN2	CSF2	IKBKB	PARP10
cluster_157	5	DYNC1H1	DYNC1I1	DYNC1LI2	DYNLRB1	DYNLT3
cluster_158	7	AEBP2	EZH1	JARID2	PHF1	SUZ12	TM7SF2	ZNF157
cluster_159	9	BECN1	FBXL20	NLRX1	NRBF2	PIK3C3	PIK3R4	RAB39A	SCOC	STX17
cluster_160	8	LLPH	RPL17	RPS15	RPS16	RPS20	RPS29	RPS3	RPS5
cluster_161	7	ADNP2	CBX1	CBX3	CHAMP1	POGZ	SCAI	ZNF644
cluster_162	7	CMTR2	SNRPD2	SNRPE	SNRPF	SNRPG	SNUPN	TOE1
cluster_163	7	POLR1B	POLR1C	POLR1D	POLR3A	POLR3B	SLC13A4	SLC13A5
cluster_164	4	ALKBH8	FLNA	FLNB	HSPB7
cluster_165	4	ARHGAP8	PRR5-ARHGAP8	SH3GL1	SH3GL3
cluster_166	4	EHD1	EHD2	EHD3	RBSN
cluster_167	4	GNL3	RPL11	RPL36A	RPL5
cluster_168	4	POP4	POP5	POP7	RPP30
cluster_169	3	ANKRD9	IMPDH2	SLC25A44
cluster_170	3	BTF3	BTF3L4	NACA2
cluster_171	3	C1orf116	HOMER1	HOMER2
cluster_172	3	C4orf19	STK24	STK26
cluster_173	3	CABIN1	HIRA	SPRR1B
cluster_174	3	CCNB1IP1	CDK1	PKMYT1
cluster_175	3	COMMD4	COMMD5	COMMD7
cluster_176	3	COX20	UQCC1	UQCC2
cluster_177	3	DDX39B	SPECC1	THOC1
cluster_178	3	DPYSL2	DPYSL4	DPYSL5
cluster_179	3	DYNC1I2	DYNC1LI1	TRIM58
cluster_180	3	ECSIT	GPBAR1	NDUFAF1
cluster_181	3	EDC3	EDC4	PPP1R35
cluster_182	3	GIT1	GIT2	PPFIA4
cluster_183	3	GSTM2	GSTM3	GSTM4
cluster_184	3	ILF3	STRBP	TARBP2
cluster_185	3	KIF27	TBC1D7	TSC1
cluster_186	3	LATS1	LATS2	PTPN14
cluster_187	3	LDHA	LDHAL6A	LDHC
cluster_188	3	PLCH2	TPM3	TPM4
cluster_189	3	PRPS1L1	PRPS2	PRPSAP1
cluster_190	3	PRR5	PRR5L	RICTOR
cluster_191	3	TCEAL2	TCEAL4	USP11
cluster_192	3	TNFRSF10B	TNFSF10	UGCG
cluster_193	10	CT55	PLEKHM1	SYNPO2	TECPR2	UVRAG	VPS11	VPS16	VPS18	VPS33A	VPS41
cluster_194	8	CAMKK2	DCLRE1C	PRKAA1	PRKAA2	PRKAG1	PRKAG2	PRKAG3	RIMBP3
cluster_195	5	CBX1	CBX3	CHAMP1	ZNF280D	ZNF292
cluster_196	5	CDC5L	CRNKL1	CWC15	PLRG1	XAB2
cluster_197	5	NEDD4L	SCNN1A	SCNN1B	SCNN1G	SERP1
cluster_198	21	ANAPC1	ANAPC10	ANAPC13	ANAPC15	ANAPC16	ANAPC2	ANAPC4	ANAPC5	ANAPC7	CDC16	CDC23	CDC26	CDC27	CXorf66	FBXO43	FBXO5	L3MBTL1	MAGIX	PHF8	PIFO	USP37
cluster_199	12	BRD1	BRPF1	BRPF3	ING4	ING5	JADE1	JADE2	JADE3	KAT6A	KAT6B	KAT7	MEAF6
cluster_200	18	DDX3X	EIF1B	EIF3B	EIF3C	EIF3CL	EIF3D	EIF3E	EIF3G	EIF3H	EIF3J	EIF3K	EIF3L	EIF3M	EIF4B	IFRD2	PELO	PPP1R42	PRRC2B
cluster_201	9	ATXN7L3	SUPT20H	SUPT3H	SUPT7L	TADA1	TAF5L	TAF6L	USP27X	USP51
cluster_202	5	ALKBH3	ASCC1	ASCC3	CSRP1	TRIP4
cluster_203	5	ANXA10	DCP1A	DCP1B	EDC4	PPP1R35
cluster_204	4	ACP6	ILK	LIMS2	RSU1
cluster_205	4	AP4B1	AP4E1	AP4M1	AP4S1
cluster_206	4	CCSER1	PAFAH1B1	PAFAH1B2	PAFAH1B3
cluster_207	4	IKZF1	IKZF2	IKZF4	IKZF5
cluster_208	8	CCDC93	COMMD10	COMMD2	COMMD3	COMMD4	COMMD5	COMMD7	ZIC4
cluster_209	22	BDP1	BRF1	CD3EAP	CRCP	POLR1B	POLR1C	POLR1D	POLR1E	POLR2F	POLR2H	POLR2K	POLR3A	POLR3B	POLR3C	POLR3D	POLR3E	POLR3F	POLR3G	POLR3GL	POLR3H	POLR3K	ZNRD1
cluster_210	5	PRRC1	SEC23A	SEC23B	SEC24A	SEC24C
cluster_211	26	AKIRIN1	GPX2	KIF1B	POMP	PSMA1	PSMA4	PSMA6	PSMA7	PSMA8	PSMB1	PSMB10	PSMB2	PSMB3	PSMB4	PSMB5	PSMB6	PSMB7	PSMB8	PSMB9	PSMD5	PSME2	PSME4	PSMF1	PSMG3	SLC9C2	SULT1A4
cluster_212	9	C12orf66	DEPDC5	ITFG2	MIOS	NPRL2	NPRL3	SZT2	WDR24	WDR59
cluster_213	6	ATG14	NRBF2	PIK3R4	SOGA3	UBE3C	UVRAG
cluster_214	4	AGO1	AGO2	AGO3	AGO4
cluster_215	4	CORO2A	HDAC3	HDAC4	TBL1X
cluster_216	4	HNMT	POT1	TBCD	TINF2
cluster_217	3	ACIN1	RBBP6	RNPS1
cluster_218	3	AKR1C1	AKR1C3	AKR1C4
cluster_219	3	ANAPC1	CDC16	THRSP
cluster_220	3	ARHGEF26	DLG1	TGFA
cluster_221	3	BAIAP2	BAIAP2L1	ESPN
cluster_222	3	CCDC170	MIS18BP1	OIP5
cluster_223	3	COPRS	FARP2	PRMT5
cluster_224	3	DNAJB11	NUBPL	SDF2
cluster_225	3	EIF4G1	EIF4G2	EIF4G3
cluster_226	3	EXOSC5	MPHOSPH6	ZCCHC8
cluster_227	3	IL36B	LSM3	LSM6
cluster_228	3	ILF3	STAU2	ZFR
cluster_229	3	INA	SYNC	VIM
cluster_230	3	IRAK1	IRAK2	TIRAP
cluster_231	3	ISG15	UBA7	USP41
cluster_232	3	KIF3B	KIF3C	KIFAP3
cluster_233	3	KLHDC10	PYCR1	PYCR2
cluster_234	3	KLHL2	NUBP2	UCK1
cluster_235	3	NCOA1	NCOA2	NCOA3
cluster_236	3	RRAGC	RRAGD	SLC38A9
cluster_237	9	MZT1	MZT2A	MZT2B	TUBG1	TUBG2	TUBGCP2	TUBGCP4	TUBGCP5	TUBGCP6
cluster_238	5	CDK1	CKS2	PKMYT1	PLEKHG2	SPDYE4
cluster_239	5	EXOC6	EXOC6B	EXOC7	EXOC8	IL1R2
cluster_240	14	C4orf19	CTTNBP2	CTTNBP2NL	FILIP1	MAP4K4	MINK1	STK24	STK25	STK26	STRIP1	STRIP2	STRN	STRN3	STRN4
cluster_241	10	C18orf21	POP1	POP4	POP5	POP7	RPP14	RPP21	RPP25	RPP30	RPP40
cluster_242	6	BAG6	GET4	SLC25A16	SYT11	UBL4A	UBL4B
cluster_243	8	CCDC114	CCDC22	COMMD2	COMMD3	COMMD5	COMMD6	COMMD8	KIF2B
cluster_244	7	GPN3	PDRG1	POLR2E	POLR2F	POLR2H	POLR2L	WDR92
cluster_245	6	G3BP1	G3BP2	IGF2BP2	PRRC2C	TDRD3	UBAP2L
cluster_246	5	C11orf74	IFT122	IFT140	IFT43	WDR19
cluster_247	5	PHLPP2	VSX1	VSX2	WDR20	WDR48
cluster_248	9	CASP10	CASP8	CFLAR	DEDD	FAS	FASLG	MIB2	TNFRSF10B	USP40
cluster_249	4	ABTB1	EEF1B2	EEF1G	LY6E
cluster_250	4	ARMC8	GID4	MKLN1	RANBP10
cluster_251	4	BNIP1	NBAS	SCFD2	STX18
cluster_252	4	FAM131B	PINX1	POT1	TINF2
cluster_253	4	KIF5A	KIF5B	KLC3	KLC4
cluster_254	6	BNIP1	C19orf25	SCFD2	STX18	USE1	ZW10
cluster_255	6	CCT2	CCT6A	CCT6B	LFNG	RFPL1	TCP1
cluster_256	10	ACTL8	AURKB	AURKC	BIRC5	CDCA8	EVI5	INCENP	MYH3	MYH4	RBM20
cluster_257	11	ASNSD1	GPN3	POLR1B	POLR1C	POLR1D	POLR2F	POLR2L	POLR3A	POLR3B	SLC28A1	ZNRD1
cluster_258	8	COPB1	COPB2	COPE	COPG2	COPZ1	COPZ2	DNHD1	NUDCD1
cluster_259	5	SMAD2	SMAD3	SMAD7	SMAD9	ZMIZ1
cluster_260	7	CAB39	CAB39L	ME3	STK11	STRADA	STRADB	TIMM8B
cluster_261	20	ACTRT3	CCT2	CCT3	CCT4	CCT5	CCT6A	CCT6B	CCT7	CCT8	DNAI2	EPB41L4A	FBXW4	MAPK4	PDCL3	SAMM50	SEC31B	TCP1	WDR5B	WDR70	WRAP53
cluster_262	6	EID3	MAGEF1	NSMCE2	NSMCE4A	SMC5	SMC6
cluster_263	7	ACTR3B	ARPC1A	ARPC3	ARPC4-TTLL3	ARPC5	NFASC	TBC1D10B
cluster_264	7	AHCTF1	NUP107	NUP153	NUP160	NUP37	NUP85	SPAST
cluster_265	22	ANAPC1	ANAPC10	ANAPC2	ANAPC4	ANAPC5	ANAPC7	BUB1	BUB1B	BUB3	CDC20	CDC23	CENPE	CHD9	DAB2IP	ESPL1	FZR1	HOPX	KRT33A	MAD2L1	PUS3	TRMT10A	ZNF207
cluster_266	18	AEBP2	ARMC12	BAZ2A	EED	EZH1	EZH2	HIC1	JARID2	MTF2	NKX2-5	PHF1	PHF19	RBM5	SKIDA1	SUZ12	TGDS	WNT8A	ZNF157
cluster_267	8	PIAS2	PIAS3	SAE1	SENP1	SUMO1	UBE2I	USPL1	ZCCHC12
cluster_268	6	AKAP11	GPR161	PKIA	PRKACA	PRKACB	PRKACG
cluster_269	6	CSNK2A1	CSNK2A2	CSNK2A3	HIRIP3	PHRF1	VSX2
cluster_270	4	BCORL1	CBX1	CBX3	ZMYM4
cluster_271	4	CRCP	PDRG1	POLR2E	POLR2F
cluster_272	4	EXOC2	EXOC3	EXOC7	SERGEF
cluster_273	4	FAM160A1	FAM160A2	HOOK2	HOOK3
cluster_274	4	FAM183A	LAMTOR1	LAMTOR4	LAMTOR5
cluster_275	4	FGFR1OP2	FILIP1	SIKE1	STRN
cluster_276	4	NIPSNAP3B	PDK1	PDK2	PDK3
cluster_277	4	SULT1A1	SULT1A2	SULT1A3	SULT1C2
cluster_278	3	AHCY	C1orf50	LRP2BP
cluster_279	3	AIF1	DHX33	USP36
cluster_280	3	AKAP7	PRKAR2B	PRKX
cluster_281	3	ASXL2	ASXL3	MBD6
cluster_282	3	ATAD2B	EIF2S1	EIF2S2
cluster_283	3	ATXN7L1	ENY2	USP22
cluster_284	3	BNIP1	STX18	TEX28
cluster_285	3	C11orf49	TPGS2	TTLL1
cluster_286	3	C6orf226	PEX7	PHYH
cluster_287	3	CAMK4	MAML1	RBPJ
cluster_288	3	CAPN1	CAPN8	CAST
cluster_289	3	CDY2B	EHMT1	EHMT2
cluster_290	3	CENPE	FANCC	FANCG
cluster_291	3	CFAP53	TXLNA	TXLNB
cluster_292	3	CSNK1D	CSNK1E	FAM110C
cluster_293	3	DLD	OGDH	PARS2
cluster_294	3	DNAJA1	DNAJA4	MLLT11
cluster_295	3	ERLIN2	KCNN1	TMUB1
cluster_296	3	FAM160A1	FAM160A2	HOOK1
cluster_297	3	GFOD1	GFOD2	NKIRAS2
cluster_298	3	GINS2	GINS3	SIK1
cluster_299	3	HELQ	RAD51B	RAD51D
cluster_300	3	MORF4L1	MORF4L2	OXTR
cluster_301	3	NFE4	TFCP2	TFCP2L1
cluster_302	3	PIH1D1	TRPS1	UXT
cluster_303	3	SMAD6	SMURF1	TAPT1
cluster_304	3	SOX14	SOX2	SOX21
cluster_305	3	TAF11	TAF13	TAF3
cluster_306	18	ATXN7	ATXN7L1	ATXN7L2	ATXN7L3	ATXN7L3B	ENY2	SUPT20H	SUPT3H	TADA1	TADA2B	TAF10	TAF12	TAF5L	TAF6L	TAF9B	USP22	USP27X	USP51
cluster_307	17	GPN1	GPN3	PDRG1	PFDN2	PFDN6	PIH1D1	POLR1B	POLR1D	POLR1E	POLR2E	POLR2F	POLR2H	POLR2K	POLR2L	URI1	UXT	ZNRD1
cluster_308	11	CD74	COPA	COPB1	COPB2	COPE	COPG2	COPZ1	COPZ2	GOLPH3	OGFOD1	SCYL1
cluster_309	30	BCOR	BCORL1	CBX2	CBX4	CBX6	CBX7	CBX8	DPPA2	E2F6	FBRS	KDM2B	KDM5D	L3MBTL2	MGA	PCGF1	PCGF2	PCGF3	PCGF5	PCGF6	PHC1	PHC2	PHC3	RING1	RNF2	RYBP	SCMH1	SCML2	TFDP1	YAF2	ZFP42
cluster_310	6	CDC73	CHD2	LEO1	NNMT	RTF1	WDR61
cluster_311	15	ASH1L	BRD8	DMAP1	EPC1	EPC2	FOXO6	FOXR1	FOXR2	ING3	JAZF1	KAT5	MBTD1	MRGBP	PLAC1	VPS72
cluster_312	17	CCT2	CCT3	CCT5	CCT6A	CCT7	CCT8	DAZ2	DNAI2	LFNG	MYH7B	RAP2C	RFPL1	SEC31B	TCP1	TUBAL3	WDR5B	WDR86
cluster_313	5	ABLIM2	OR5B3	PDS5A	PDS5B	SMC1A
cluster_314	10	ATAD5	CHIC1	DMWD	RAD51AP1	RNF19B	RPRM	USP12	USP46	WDR20	WDR48
cluster_315	6	FAM160B2	KLC1	KLC2	KLC3	KLC4	RUSC2
cluster_316	9	CASC3	PARN	SMG1	SMG5	SMG6	UPF1	UPF2	UPF3A	UPF3B
cluster_317	10	AFTPH	AP1G1	AP1G2	AP1M1	AP1M2	AP1S1	AP1S2	AP1S3	HEATR5B	SYNRG
cluster_318	9	ANXA10	ATXN2L	DCP1A	DCP1B	DDX6	LSM12	LSM14A	LSM14B	PATL1
cluster_319	4	CDCA3	CTDSP1	CTDSPL	TBC1D10B
cluster_320	4	CHTF18	MYSM1	RFC2	RFC4
cluster_321	4	CRYAB	CRYBB2	CRYGC	MIP
cluster_322	4	GNAL	GNAS	MAGED2	RIC8B
cluster_323	4	LUZP4	THOC2	THOC6	THOC7
cluster_324	15	COPS7A	CUL4A	CUL4B	DCAF11	DCAF4	DCAF4L2	DDA1	DDB2	DET1	DTL	ERCC8	HOXB4	IFNK	MLLT11	TRPC4AP
cluster_325	11	CENPH	CENPI	CENPK	CENPL	CENPM	CENPN	CENPO	CENPP	CENPQ	CENPU	ITGB3BP
cluster_326	6	ABLIM2	ASXL2	ASXL3	BAP1	HAND1	KDM1B
cluster_327	5	AAMP	BTRC	FBXW11	HIVEP2	LSP1
cluster_328	5	ADNP	ADNP2	CBX5	CHAF1A	ZNF644
cluster_329	7	AUTS2	BCORL1	FBRS	FBRSL1	GSC	PCGF5	RYBP
cluster_330	17	CCDC97	DNAJC8	GPATCH11	PHF5A	SF3A2	SF3A3	SF3B1	SF3B3	SF3B4	SF3B5	SF3B6	SLC4A1AP	SMNDC1	SNRNP25	SNRPB2	TTC33	U2SURP
cluster_331	6	BYSL	EMG1	FAM207A	NOB1	RIOK2	TSR1
cluster_332	5	BAG6	EDN1	SLC17A7	UBL4A	UBL4B
cluster_333	5	EPB41L4B	LLGL1	LLGL2	PARD3	PRKCI
cluster_334	5	KIFC1	KPNB1	NUP153	NUTF2	RCC1
cluster_335	12	CAPN10	EMB	MERTK	MYO15A	PHOX2B	RASSF1	RASSF2	RASSF4	RASSF5	SAV1	STK3	STK4
cluster_336	11	ASZ1	MVB12A	MVB12B	PTPN23	TEX14	TSG101	UBAP1	VPS28	VPS37A	VPS37B	VPS37D
cluster_337	23	COPS2	COPS3	COPS7A	COPS7B	COPS8	CUL4A	CUL4B	DCAF11	DCAF4	DCAF4L2	DCAF6	DDB2	DET1	ERCC8	GPS1	GREM2	HOXB4	IRF5	KCNH7	LRR1	MLLT11	PXDNL	SFRP4
cluster_338	6	CLIP1	CNN2	DYNC1H1	DYNC1LI2	DYNLRB1	DYNLT1
cluster_339	4	ATG101	FBXO16	ULK1	ULK2
cluster_340	4	BRD1	BRPF3	ICA1	KAT7
cluster_341	4	CPSF3	CPSF4	PCF11	WDR33
cluster_342	4	CTIF	DDX19B	FCGBP	MIF4GD
cluster_343	4	DNAJC28	EFCAB1	HERC2	NEURL4
cluster_344	4	LSM11	PRMT5	RIOK1	ZNF224
cluster_345	3	AIMP2	CIAPIN1	EEF1E1
cluster_346	3	ANO1	NME8	TRIM23
cluster_347	3	ARHGEF6	ARHGEF7	MUC17
cluster_348	3	AUNIP	AURKA	MYT1
cluster_349	3	BCL9	BCL9L	PYGO1
cluster_350	3	BTN3A1	BTN3A2	BTN3A3
cluster_351	3	CATSPER4	TGFB1I1	TRAF4
cluster_352	3	CCDC121	TBC1D15	TBC1D17
cluster_353	3	CCT6A	CFAP52	TCP1
cluster_354	3	CDC5L	GPATCH1	USB1
cluster_355	3	CDNF	LYRM4	NFS1
cluster_356	3	CLIC4	CLIC5	CLIC6
cluster_357	3	CSNK1G1	CSNK1G2	RUNDC3B
cluster_358	3	CUX2	TKT	TKTL1
cluster_359	3	DCLRE1B	OCM2	TERF2IP
cluster_360	3	EIF4A1	EIF4E3	PDCD4
cluster_361	3	ELMO1	ELMO2	ELMO3
cluster_362	3	FAM71F2	RAB2A	RAB2B
cluster_363	3	FGL1	TUBD1	TUBE1
cluster_364	3	FLNC	SGCD	SGCG
cluster_365	3	FOXP1	FOXP4	RAG2
cluster_366	3	FTSJ1	SLC4A11	WDR6
cluster_367	3	FXR1	KIF17	TDRD3
cluster_368	3	GLRA3	KCTD17	KCTD2
cluster_369	3	KAZN	TBC1D7	TSC2
cluster_370	3	KHNYN	TRIM56	ZC3HAV1
cluster_371	3	KIAA0586	NCAPG2	NCAPH2
cluster_372	3	LGALS2	LTA	LTB
cluster_373	3	LNX1	MAGEB18	PKDREJ
cluster_374	3	LRWD1	ORC5	ORC6
cluster_375	3	MOAP1	PNMA1	PNMA6A
cluster_376	3	MT3	RBP4	TTR
cluster_377	3	MTMR10	MTMR2	NUDT16
cluster_378	3	NAA10	NAA11	NAA50
cluster_379	3	OGDH	PDHA1	PDHX
cluster_380	3	OSBPL2	SNX25	VAPB
cluster_381	3	PPIH	SART3	TUT1
cluster_382	3	PRKAB1	PRKAB2	RHEBL1
cluster_383	3	RRN3	TAF1A	TAF1D
cluster_384	3	SEC11A	SPCS2	SPCS3
cluster_385	3	SEC13	SEC16B	SESN2
cluster_386	3	SYT9	TUBB	TUBB4A
cluster_387	3	ZKSCAN5	ZNF232	ZSCAN20
cluster_388	3	ZNF212	ZNF746	ZNF777
cluster_389	8	GEMIN2	GEMIN4	GEMIN5	GEMIN6	GEMIN8	SMN2	SNRNP70	SRSF7
cluster_390	7	HOXB7	POLL	PPM1G	PRKDC	TOP1	XRCC6	ZBTB7A
cluster_391	11	ADAM28	DCDC1	ISOC1	PRIMPOL	RAB12	RPA1	RPA2	RPA3	RPA4	SMARCAL1	TIMELESS
cluster_392	6	CHUK	IKBKB	RNF121	SUMO4	TBCE	TRIM22
cluster_393	6	IFT22	IFT46	IFT52	IFT88	TTC30A	TTC30B
cluster_394	5	EXOC3L1	EXOC4	EXOC5	EXOC6	EXOC6B
cluster_395	5	NKX2-6	RPS24	RPS4Y2	RPS6	RPS9
cluster_396	7	CYFIP2	KIAA1522	NCKAP1	NHSL2	WASF1	WASF2	WASF3
cluster_397	24	AP5S1	APBB3	BNIPL	BTBD1	BTBD2	CENPT	COPS2	COPS3	COPS4	COPS5	COPS6	COPS7A	COPS7B	COPS8	CSN3	DET1	GPS1	IL1RN	IRF5	LRR1	LRRC14	OR10G7	OR10G8	SENP8
cluster_398	6	EOMES	MAMLD1	NFIA	NFIB	NFIC	POU3F3
cluster_399	12	ATAD5	BCAT2	CHIC1	DMWD	GPR3	KPNA7	PHLPP1	PHLPP2	USP12	USP46	WDR20	WDR48
cluster_400	9	DHX35	EAPP	ECD	GCFC2	GPATCH1	PRPF8	SMYD4	SNRNP200	TSSC4
cluster_401	7	EPC1	EPC2	FOXO6	FOXR2	KAT5	PLAC1	VPS72
cluster_402	22	AUTS2	BCOR	CBX2	CBX4	CBX6	CBX7	CBX8	DIS3L2	FBRS	FBRSL1	KDM5D	MESP1	MORC4	PCGF3	PCGF6	PHC1	PHC2	PHC3	RING1	RNF2	SCMH1	YAF2
cluster_403	11	CDX4	CUTA	DCLRE1C	HEATR6	MID1IP1	PPM1F	PRKAA1	PRKAA2	PRKAB1	PRKAG1	TRMT44
cluster_404	12	CDC45	DBF4	DBF4B	MCM10	MCM2	MCM4	MCM5	MCM6	MCMBP	PRSS16	SBNO1	TDRD15
cluster_405	8	AURKB	AURKC	CDCA8	EVI5	FAM228B	FBXL7	INCENP	OR9G1
cluster_406	5	BBS2	BBS5	BBS7	BBS9	TTC8
cluster_407	4	DDX27	NOC3L	PES1	WDR55
cluster_408	4	HDAC10	HDAC3	PIWIL2	TBL1X
cluster_409	4	KIF3A	KIF3B	KIF3C	NCKAP5
cluster_410	4	TCP11L2	TTC5	TUBA1A	TUBA1C
cluster_411	7	DUSP6	DUSP7	MAPK1	MAPK3	NUP188	RPS6KA2	ZCCHC4
cluster_412	7	LIPG	MOSPD1	TMED1	TMED10	TMED2	TMED4	TMED9
cluster_413	6	BCAS4	BLOC1S1	BLOC1S2	BLOC1S3	DTNBP1	ENTHD1
cluster_414	6	BCAS4	BLOC1S1	BLOC1S3	BLOC1S4	BLOC1S5	BLOC1S6
cluster_415	8	MSH6	PCNA	POLD2	POLD3	POLD4	POLI	REV1	SHPRH
cluster_416	10	ASF1A	ASF1B	BRF2	C15orf41	CABIN1	CDAN1	NASP	RIF1	UBN1	UBN2
cluster_417	9	BST2	EDARADD	MAP3K7	NUMBL	PPIL3	TAB1	TAB3	TNFAIP8L2	TRIM45
cluster_418	7	COBLL1	EFCAB1	EHBP1	PACSIN1	PACSIN2	PACSIN3	TRIOBP
cluster_419	29	DHX37	FAM207A	FGF13	IMP3	RIOK1	RPL31	RPS11	RPS12	RPS13	RPS14	RPS15A	RPS16	RPS17	RPS18	RPS19	RPS21	RPS23	RPS24	RPS25	RPS26	RPS27	RPS27L	RPS28	RPS4X	RPS4Y2	RPS5	RPS6	RPS7	RPS9
cluster_420	6	AICDA	C1D	DIS3L	EXOSC3	EXOSC7	MNDA
cluster_421	6	CBX3	CHAMP1	LRIF1	POGZ	RLF	ZNF280D
cluster_422	6	DCP2	DDX6	GTPBP1	LSM12	LSM14A	PATL1
cluster_423	5	CAAP1	MAD2L2	POLH	POLK	REV3L
cluster_424	5	GTF3C1	GTF3C3	GTF3C4	GTF3C6	METTL21C
cluster_425	7	AZI2	BBOX1	MTPAP	NLRP4	TBK1	TBKBP1	TXLNG
cluster_426	7	EMC1	EMC10	EMC2	EMC4	EMC6	KCNK16	SLC22A17
cluster_427	11	ASXL1	ASXL2	ASXL3	BAP1	DUT	FOXK1	MBD5	MBD6	RCC2	THAP11	ZNF428
cluster_428	9	AZI2	CALCOCO2	DPPA3	IKBKE	MSRA	N4BP1	NLRP4	TBK1	TBKBP1
cluster_429	10	MYH10	MYH11	MYH14	MYH9	MYL12A	MYL12B	MYL6	MYL9	MYLK	SLC24A4
cluster_430	16	GPN1	GPN2	GTF2F2	POLR2A	POLR2D	POLR2G	POLR2I	POLR2J	POLR2J2	POLR2J3	POLR2M	RPAP1	RPAP2	RPRD1A	RPRD1B	RPRD2
cluster_431	4	ACOX2	C4orf19	PDCD10	STRN3
cluster_432	4	ATP6V1C1	ATP6V1D	ATP6V1E2	ATP6V1F
cluster_433	4	CENPC	DSN1	PMF1	SPRR3
cluster_434	4	DIP2C	PIP4K2A	PIP4K2B	PIP4K2C
cluster_435	4	DLX2	DLX5	MSX1	MSX2
cluster_436	4	IFNAR2	IRF9	PDLIM2	STAT1
cluster_437	4	IKBKE	REC114	TBK1	ZC3H12A
cluster_438	4	PHF21A	RCOR1	ZGRF1	ZNF750
cluster_439	4	TSC22D1	TSC22D2	TSC22D3	TSC22D4
cluster_440	3	AAAS	NDC1	NUP35
cluster_441	3	ABCC4	LGALS9	LGALS9C
cluster_442	3	ACAD9	PDSS1	PDSS2
cluster_443	3	ACAP1	ARF6	RAB11FIP3
cluster_444	3	ACE2	SLC6A19	TMEM129
cluster_445	3	ACMSD	MAGEA11	STAR
cluster_446	3	AHCYL1	JOSD2	SLC23A1
cluster_447	3	AHSP	ZC3H12A	ZC3H12D
cluster_448	3	AIPL1	PDE5A	RHOBTB1
cluster_449	3	ALOX5	ALOX5AP	LTC4S
cluster_450	3	ANG	HOXA6	RNH1
cluster_451	3	ANGPTL2	ZBTB2	ZNF639
cluster_452	3	ANKRD54	G0S2	TULP3
cluster_453	3	ANKS3	NEK7	NEK8
cluster_454	3	AQR	ISY1	KIAA1143
cluster_455	3	BAMBI	SMAD6	SMAD7
cluster_456	3	BATF	BATF2	DDIT3
cluster_457	3	C17orf75	FAM91A1	SV2A
cluster_458	3	CARD11	CARD14	MALT1
cluster_459	3	CAV1	PTGIS	PTGS1
cluster_460	3	CBWD1	CBWD6	DTWD2
cluster_461	3	CD247	CD38	CD3E
cluster_462	3	CD84	LY9	SH2D1A
cluster_463	3	COL1A2	COL3A1	ERAL1
cluster_464	3	COL8A2	MVP	PARP4
cluster_465	3	CTIF	DDX19A	DDX25
cluster_466	3	DCAF7	RNF169	TROAP
cluster_467	3	DCP2	EDC3	PNRC1
cluster_468	3	DCST1	IRF9	STAT1
cluster_469	3	DIRAS1	DIRAS2	RAP1GDS1
cluster_470	3	DMBT1	SFTPA1	SFTPD
cluster_471	3	DNAAF2	GPM6A	SYN1
cluster_472	3	DUS2	PRKRA	RASL10A
cluster_473	3	FAM104A	FGGY	NSFL1C
cluster_474	3	FHDC1	OTULIN	RBCK1
cluster_475	3	GBP1	GBP2	GBP3
cluster_476	3	IFRD2	OAS3	UBE2O
cluster_477	3	IL1RL2	IL2RB	JAK1
cluster_478	3	KRT14	KRT18	KRT19
cluster_479	3	LRCH1	LRCH3	LRCH4
cluster_480	3	MBD1	P4HTM	SETDB1
cluster_481	3	MRPS17	MRPS25	MRPS26
cluster_482	3	NAA11	NAA15	NAA16
cluster_483	3	NAP1L1	NAP1L2	NAP1L5
cluster_484	3	NR2C1	NR2C2	NR2C2AP
cluster_485	3	NUP205	NUP214	NUP98
cluster_486	3	PAH	QDPR	USP19
cluster_487	3	RAB11B	SH3BP5L	THG1L
cluster_488	3	RAB40AL	RAB40B	RAB40C
cluster_489	3	RBM17	SF3A1	SLC8B1
cluster_490	3	RELT	TGFB3	TGFBR2
cluster_491	3	RNF40	WAC	ZSCAN4
cluster_492	3	SLC3A2	SLC7A6	SLC7A7
cluster_493	3	TFE3	TFEB	TFEC
cluster_494	3	TPD52	TPD52L1	TPD52L3
cluster_495	3	TRPC1	TRPC4	TRPC5
cluster_496	16	CYP2E1	EBLN2	FANCA	FANCB	FANCC	FANCE	FANCF	FANCL	FANCM	HES1	LOXL3	MOCS2	PRDX3	TPRX1	UBE2T	ZNF277
cluster_497	5	AP3B1	AP3B2	AP3M1	AP3M2	AP3S2
cluster_498	13	CCT2	CCT4	CCT5	CCT7	CCT8	DPH7	HMGN5	JMJD4	LCMT2	OTUD5	SKIV2L	WDR61	WDR70
cluster_499	17	ALYREF	CCDC9	DDX39B	FYTTD1	LUZP4	PCID2	POLDIP3	SAC3D1	SARNP	THOC1	THOC2	THOC3	THOC5	THOC6	THOC7	ZC3H11A	ZC3H14
cluster_500	11	CCDC180	EXO1	FAN1	MLH1	MLH3	MSH3	MSH6	PMS1	PMS2	REXO2	TSGA13
cluster_501	7	GPRC5D	NCAPD2	NCAPD3	NCAPG	NCAPG2	SERF1A	SMC2
cluster_502	24	ACTL7A	BRD8	DMAP1	EP400	EPC1	EPC2	FOXR1	FOXR2	GATAD1	ING3	JAZF1	KDM5A	KDM5C	MBTD1	MEAF6	MORF4L1	MORF4L2	MRFAP1	MRGBP	MYCL	PHF12	PLAC1	RBP2	VPS72
cluster_503	9	ARHGAP30	DOCK6	DOCK7	DOCK8	ISM2	LRCH1	LRCH2	LRCH3	LRCH4
cluster_504	14	CAMKK2	CUTA	DCLRE1C	GPT	PLA2G2D	PRKAA1	PRKAA2	PRKAB1	PRKAG1	PRKAG2	PRKAG3	SLC4A4	STIM2	TEKT1
cluster_505	15	CD2BP2	EAPP	ECD	GCFC2	PAXBP1	PRPF6	PRPF8	SLC7A6OS	SMYD4	SNRNP200	TSSC4	TTC27	TXNL4A	USP39	ZNHIT2
cluster_506	10	BMP2K	CLINT1	CLTB	CLTC	CLTCL1	DNAJC6	GAK	HIP1	PICALM	STAMBPL1
cluster_507	19	AMMECR1	APBB3	BTBD1	BTBD2	CENPT	CENPW	COPS2	COPS3	COPS4	COPS5	COPS6	COPS7B	CPN1	DHX29	FBXO17	HOGA1	HSD11B1L	IRF5	LRR1
cluster_508	13	BTAF1	EDF1	TAF1	TAF1L	TAF2	TAF4	TAF4B	TAF5	TAF6	TAF7	TAF9	TBP	TBPL1
cluster_509	17	ATP6V1A	ATP6V1B1	ATP6V1B2	ATP6V1C1	ATP6V1C2	ATP6V1D	ATP6V1E1	ATP6V1E2	ATP6V1F	ATP6V1G1	ATP6V1G2	ATP6V1H	C9orf16	DMXL1	DMXL2	ROGDI	WDR7
cluster_510	9	AGO3	CNOT1	CNOT2	CNOT3	CNOT4	CNOT6L	RBM15	TNKS1BP1	TOB2
cluster_511	8	ATXN7	C19orf33	CDH19	DR1	SUPT7L	TADA2A	TADA3	YEATS2
cluster_512	12	ALG1	BECN1	DACT1	JOSD1	MTFR1	NRBF2	PIK3C3	PIK3R4	STYK1	TENM2	WIPI1	ZDBF2
cluster_513	17	DDX43	FAM111A	KNOP1	MICALL2	RPS11	RPS13	RPS17	RPS19	RPS23	RPS24	RPS27	RPS28	RPS3A	RPS4X	RPS6	RPS8	ZNF512
cluster_514	13	ACTR6	C12orf45	CFDP1	DPCD	NFATC2IP	RPAP3	RUVBL1	RUVBL2	SPAG1	SRCAP	TANGO6	TTI2	ZNHIT1
cluster_515	6	FUZ	FZD10	KCNMB3	NCAPD2	NCAPG	SMC4
cluster_516	5	BTRC	FBXW11	LPIN2	LPIN3	STARD8
cluster_517	5	GTF3C1	GTF3C2	GTF3C5	GTF3C6	RASGEF1A
cluster_518	26	CCT2	CCT3	CCT4	CCT5	CCT6A	CCT6B	CCT7	CCT8	DAZ2	DNAI2	DTL	FBXW4	FBXW9	METTL18	MYH7B	NIPSNAP1	PDCL	PDCL3	RAP2C	SEC31B	TCP1	TSSK6	TUBAL3	TXNDC9	ULK3	WDR86
cluster_519	7	C2CD5	CABLES1	CABLES2	CDK12	CDK5	DLL1	FIBP
cluster_520	12	DCLRE1B	EME1	EME2	ERCC4	HEPH	IDO2	MUS81	POLQ	SLX1A	SLX4	SLX4IP	USP45
cluster_521	4	AKR1B1	ENO1	ENO3	FABP5
cluster_522	4	ANG	C2orf49	RNASE1	RNH1
cluster_523	4	ATG13	FBXO16	HSBP1	RB1CC1
cluster_524	4	BIRC5	C12orf43	INCENP	TK2
cluster_525	4	C2orf49	DDX1	FAM98B	FAM98C
cluster_526	4	C6orf120	ERLIN2	RNF170	TMUB1
cluster_527	4	CCDC73	FOXP1	FOXP3	FOXP4
cluster_528	4	CGGBP1	FAM122B	SPIN1	SPIN2B
cluster_529	4	CYC1	UQCR10	UQCRC1	UQCRC2
cluster_530	4	EAF1	EAF2	ICE1	USPL1
cluster_531	4	ELP5	ELP6	LALBA	PIPOX
cluster_532	4	HCN1	HCN2	HCN3	HCN4
cluster_533	4	HPS3	HPS5	HPS6	TCL1B
cluster_534	4	LRPPRC	MTRF1	PREPL	SLIRP
cluster_535	4	MAPK1	MAPK3	NUDT10	ZCCHC4
cluster_536	4	NME1-NME2	NME2	NME3	SLC48A1
cluster_537	4	OSGEP	PRAME	PTMS	TPRKB
cluster_538	4	SNRNP70	SNRPA	SRRM1	SRSF7
cluster_539	16	CMTR2	PDCD7	RNPC3	SNRNP35	SNRNP48	SNRPA	SNRPC	SNRPD1	SNRPD2	SNRPD3	SNRPE	SNRPF	SNRPG	SNRPN	TGS1	ZMAT5
cluster_540	12	BCL9L	ISL2	LDB1	LDB2	LHX1	LHX4	LHX8	LHX9	PYGO1	SSBP2	SSBP3	SSBP4
cluster_541	22	ANAPC1	ANAPC13	ANAPC15	ANAPC16	ANAPC2	ANAPC5	C16orf87	CDC16	CDC23	CDC26	CDC27	FBXO43	FBXO5	HHEX	KIF18A	KIF18B	KIF2B	MAGIX	NEK2	PTTG1	TTLL1	USP37
cluster_542	7	APLF	EMX2	GTF2A1L	LIG3	PARP2	TDP1	XRCC1
cluster_543	20	ANAPC1	ANAPC10	ANAPC4	ANAPC7	BUB1	BUB1B	BUB3	CDC20	CENPE	CHD9	ESPL1	FZR1	MAD1L1	MAD2L1BP	PHF8	S100A11	SPATC1	TOR1AIP1	UBD	ZNF207
cluster_544	9	ASF1A	ASF1B	C15orf41	CDAN1	FABP5	NASP	S100A14	SPRR1B	UBN2
cluster_545	6	DAOA	GPT	PDE6G	PRKAA2	PRKAB1	PRKAB2
cluster_546	11	ARMC8	GID4	GID8	GLIPR1L2	INSL6	LECT2	MAEA	RANBP10	RMND5B	WDR26	WNT10A
cluster_547	5	C1QL3	NRBP1	NRBP2	TSC22D2	TSC22D3
cluster_548	5	CELA2A	RNPEP	SMAD2	SMAD3	ZMIZ1
cluster_549	5	FOXJ1	FOXN3	RFX1	RFX2	RFX3
cluster_550	5	OTUD6B	RPL10	RPL11	RPL22	RPLP2
cluster_551	5	PHKA1	PHKA2	PHKG1	PHKG2	STK33
cluster_552	17	HSPB11	IFT172	IFT20	IFT22	IFT27	IFT46	IFT52	IFT57	IFT74	IFT80	IFT81	IFT88	NME8	TRAF3IP1	TTC26	TTC30A	TTC30B
cluster_553	7	CASP8AP2	MX1	PIAS1	PIAS2	UBE2I	ZCCHC7	ZG16
cluster_554	11	MRPS11	MRPS14	MRPS15	MRPS16	MRPS17	MRPS2	MRPS21	MRPS28	MRPS31	MRPS34	MRPS6
cluster_555	8	ADRM1	CCDC74A	CCDC74B	CCDC92	PAAF1	PSMD11	PSMD3	S100PBP
cluster_556	6	ATP6AP2	ATP6V0D2	ATP6V0E1	CCDC115	TCIRG1	TMEM199
cluster_557	6	CBX1	CBX5	CHAMP1	DAW1	SCAI	ZNF428
cluster_558	6	FAU	PDCD2	RIOK3	RPS2	RPS20	RPSA
cluster_559	7	CLCA4	DNAJC25	IZUMO2	KIAA1143	LMNA	LMNB2	TMPO
cluster_560	7	G3BP1	G3BP2	PRRC2C	TMEM232	UBAP2	YTHDF2	YTHDF3
cluster_561	12	BCL11B	BPTF	C17orf49	HAT1	HMGXB4	PWWP2A	RBBP4	RBBP7	SHPRH	ZNF219	ZNF512B	ZNF76
cluster_562	10	PRDM15	RPL13A	RPL3	RPL32	RPL36	RPL4	RPL7	RPLP0	ZNF354A	ZNF512
cluster_563	15	ACTR6	C12orf45	CFDP1	DMAP1	DPCD	FOXN1	NFATC2IP	RDM1	RUVBL1	RUVBL2	SBF1	SRCAP	YEATS4	ZNHIT1	ZNHIT2
cluster_564	8	MCAT	MRPS15	MRPS16	MRPS17	MRPS31	MRPS34	MRPS6	TRMT10B
cluster_565	12	ACP6	FERMT1	FERMT3	ILK	LIMS1	LIMS2	PARVA	PARVB	PARVG	PPAT	RSU1	TYMS
cluster_566	9	ARX	CLINT1	CLTB	CLTC	GAK	GTSE1	HIP1R	PICALM	SMAP2
cluster_567	10	CCDC85C	CSRNP1	PPP1CA	PPP1R10	PPP1R13B	PPP1R7	PRPF18	RASSF10	RASSF7	TOX4
cluster_568	8	C11orf49	KIAA1841	LRRC49	NICN1	TBC1D19	TPGS1	TPGS2	TTLL1
cluster_569	8	FGF3	QRFPR	SLC29A4	TMED10	TMED2	TMED3	TMED4	TMED9
cluster_570	7	CLINT1	CLTB	CLTC	GAK	HIP1R	PIK3C2A	SEC14L5
cluster_571	6	ARAP1	CAPZA1	CAPZB	MAP3K6	RCSD1	TWF1
cluster_572	6	EFHB	SMG1	SMG5	SMG6	SMG9	UPF1
cluster_573	5	ACTR1A	CEP41	DCTN1	DCTN3	TRIM36
cluster_574	5	NCOR1	NCOR2	PIWIL2	PRAM1	TBL1XR1
cluster_575	5	PHKA2	PHKB	PHKG1	PHKG2	PTPRT
cluster_576	4	ABI2	BRK1	NCKAP1L	WASF1
cluster_577	4	ACTG1	ACTG2	CAP2	TWF2
cluster_578	4	ALS2	DNAJB11	SDF2	SLC25A30
cluster_579	4	AMMECR1	CLP1	TSEN2	TSEN34
cluster_580	4	CASC3	RBM8A	SMG9	UPF3B
cluster_581	4	CCDC6	LCMT1	PPP4C	TIPRL
cluster_582	4	CSTF1	CSTF2	CSTF3	PAPOLB
cluster_583	4	CYP2C8	ECSIT	NDUFAF1	TAS2R19
cluster_584	4	DLD	OGDH	OGDHL	THEM5
cluster_585	4	ESM1	ITGAL	ITGB2	SHARPIN
cluster_586	4	GRM7	ICA1L	PICK1	TSPAN7
cluster_587	4	LAGE3	PRAME	THG1L	TP53RK
cluster_588	4	NME1	NME1-NME2	NME3	TCTEX1D1
cluster_589	3	ABHD8	NLRP3	USP50
cluster_590	3	ACCS	AMDHD2	GNPDA1
cluster_591	3	ACD	HNMT	TERF1
cluster_592	3	ACOT7	CAB39L	DHRS4L2
cluster_593	3	ACSM1	GBP5	SLC22A16
cluster_594	3	ADRA1D	SNTB1	UTRN
cluster_595	3	AGTR1	PLCH2	PTGFR
cluster_596	3	AIP	PRAMEF10	PRAMEF17
cluster_597	3	AKAP17A	CCDC9	EIF4A3
cluster_598	3	AKAP3	ROPN1L	SPA17
cluster_599	3	AKAP5	TRPA1	TRPV1
cluster_600	3	ALDH1A1	ALDH1A2	ALDH2
cluster_601	3	ALG6	NCSTN	PSENEN
cluster_602	3	AMDHD2	GNPDA2	IGHD
cluster_603	3	ANGPT2	ANGPT4	TEK
cluster_604	3	ANO4	LAGE3	TP53RK
cluster_605	3	APH1B	PSEN1	PSEN2
cluster_606	3	APOOL	CHCHD6	SAMM50
cluster_607	3	AREG	ICAM1	NAT1
cluster_608	3	ARHGEF15	CEP55	TEX14
cluster_609	3	ARID3A	ARID3B	ARID3C
cluster_610	3	ARMC1	GPM6A	NUFIP1
cluster_611	3	ASCC3	ENTPD1	TRIP4
cluster_612	3	ASPDH	CNEP1R1	UBE2N
cluster_613	3	ASXL1	HBG1	MBD5
cluster_614	3	ATP2A3	ENTPD4	HTR3E
cluster_615	3	ATP6AP1	ATP6V0A1	TCIRG1
cluster_616	3	ATRNL1	CLCN5	TMEM9
cluster_617	3	B9D1	CC2D2A	TMEM231
cluster_618	3	BOD1	BOD1L2	FMN2
cluster_619	3	BPGM	PGAM1	PGAM4
cluster_620	3	C2orf49	FAM98A	RTCB
cluster_621	3	CABLES1	CABLES2	DLK1
cluster_622	3	CACNB1	CACNB2	CACNB3
cluster_623	3	CCDC40	CSNK1A1	FAM83G
cluster_624	3	CCHCR1	IQCC	PROSER3
cluster_625	3	CCNC	MED1	PNISR
cluster_626	3	CDCA3	CTDSPL	ENDOD1
cluster_627	3	CDH8	CTNNA1	CTNNA2
cluster_628	3	CDK5RAP1	HOXB7	XRCC6
cluster_629	3	CDKAL1	MMS19	RSAD2
cluster_630	3	CDKN2AIPNL	PSRC1	XRN2
cluster_631	3	CER1	GDF3	PPM1A
cluster_632	3	CETN1	CETN2	CETN3
cluster_633	3	CGGBP1	SPIN1	YRDC
cluster_634	3	CKB	CKM	TREM1
cluster_635	3	COL6A5	COL9A3	USP3
cluster_636	3	CPZ	DIXDC1	L3HYPDH
cluster_637	3	CRB3	LLGL1	PRKCI
cluster_638	3	CTTNBP2	DNAI1	STRN3
cluster_639	3	CXorf21	QRFPR	SLC15A4
cluster_640	3	CYB5D2	NPTX2	NPTXR
cluster_641	3	DDI1	NRIP3	SDS
cluster_642	3	DERL1	DERL2	SHH
cluster_643	3	DNAAF3	RANBP2	RAPGEF3
cluster_644	3	DNAJC12	ERI2	TOMM20L
cluster_645	3	DNAJC25	SEC61B	SSR1
cluster_646	3	EBI3	IL27	IL27RA
cluster_647	3	EML1	EML6	TUBB3
cluster_648	3	ENTPD5	FBXO6	JMJD8
cluster_649	3	ERCC4	USP45	XPA
cluster_650	3	EVPL	FAM227B	PPL
cluster_651	3	FAM149B1	FOXJ1	TBC1D32
cluster_652	3	FHL2	ITGB6	SP2
cluster_653	3	FKBP1B	RYR2	RYR3
cluster_654	3	FUCA1	PRKD1	PRKD3
cluster_655	3	FUT4	HLA-DPA1	HS3ST3B1
cluster_656	3	GABRB2	GABRB3	UBQLN1
cluster_657	3	GIGYF2	THOP1	ZNF598
cluster_658	3	GMCL1	SYT12	XAGE2
cluster_659	3	GPC4	GPC6	LRRTM3
cluster_660	3	GZMK	SET	SETBP1
cluster_661	3	HHLA3	NMI	TUBA3E
cluster_662	3	HLA-DRA	HLA-DRB5	KLK4
cluster_663	3	HSPBAP1	MAGEA1	SPAG1
cluster_664	3	IKZF2	IKZF3	IKZF4
cluster_665	3	ING4	ING5	KAT6B
cluster_666	3	IQCE	TTC23	TTC23L
cluster_667	3	JAM2	JAM3	PARD3
cluster_668	3	KAT8	MSL3	PBK
cluster_669	3	KPNA1	KPNA5	KPNA6
cluster_670	3	LGR4	RSPO3	RSPO4
cluster_671	3	LZTS2	LZTS3	SIPA1L2
cluster_672	3	MAGEH1	NGFR	SORCS3
cluster_673	3	MAPK12	MYLK3	PARP11
cluster_674	3	MBNL1	MBNL2	MBNL3
cluster_675	3	NAT8L	RDH12	TSPAN5
cluster_676	3	NCBP1	PHAX	PPRC1
cluster_677	3	NKRF	STAU1	TINCR
cluster_678	3	PAK1	PAK2	PAK3
cluster_679	3	PDCD2	RPS2	RPS29
cluster_680	3	PDE7A	THBS3	THBS4
cluster_681	3	PFDN1	TTC37	VBP1
cluster_682	3	PGM1	S100A4	S100B
cluster_683	3	PHF7	TCEAL1	UROS
cluster_684	3	PPP1R14B	PSD4	USP9X
cluster_685	3	PPP2R3A	TRIP6	WTIP
cluster_686	3	PPP3R1	RCAN1	RCAN3
cluster_687	3	PTAR1	RAB26	RABGGTB
cluster_688	3	PTEN	SIRT4	TDRD15
cluster_689	3	PTH	PTH1R	PTHLH
cluster_690	3	RGS7BP	RGS9	RGS9BP
cluster_691	3	RRM1	RRM2B	SLC40A1
cluster_692	3	SLC10A3	YIPF2	YIPF6
cluster_693	3	SLC25A26	SPACA1	TATDN2
cluster_694	3	SOX11	SOX13	SOX5
cluster_695	3	SRP68	SRP9	SZRD1
cluster_696	3	TNFRSF13C	TNFSF12	TNFSF13B
cluster_697	3	TNRC6A	TNRC6B	TNRC6C
cluster_698	3	USP1	USP12	USP46
cluster_699	3	ZNF212	ZNF398	ZNF783
cluster_700	18	ADAT2	BABAM1	BRCA1	BRCC3	BRIP1	CSTF1	DCAF8L2	GTSE1	LRRC41	MDC1	NBN	PARG	PMS1	PMS2	RAD50	RBBP8	TULP2	WDHD1
cluster_701	27	AGBL4	CCT2	CCT3	CCT4	CCT5	CCT6A	CCT6B	CCT7	CCT8	DNAI2	FBXW4	JMJD4	PDCL2	PDCL3	RAB6C	SEC31B	STRADB	TBL1Y	TCP1	THEG	TLE2	TSSK6	TXNDC9	UBL3	WDR5B	WDR86	WRAP53
cluster_702	27	DAP3	MCAT	MRPS10	MRPS11	MRPS14	MRPS15	MRPS16	MRPS17	MRPS18C	MRPS2	MRPS21	MRPS23	MRPS24	MRPS25	MRPS27	MRPS28	MRPS31	MRPS33	MRPS34	MRPS35	MRPS5	MRPS6	MRPS7	MRPS9	NOA1	PTCD3	TRMT10B
cluster_703	15	FMNL3	HIPK1	MOAP1	MYO15A	PDLIM2	PHTF1	RASSF1	RASSF2	RASSF3	RASSF4	RASSF5	RASSF6	SAV1	STK3	STK4
cluster_704	7	ADNP2	CBX1	CBX5	EHMT1	PMF1-BGLAP	SCAI	ZNF644
cluster_705	9	AFF1	AFF4	DENND2D	EAF1	EAF2	ELL2	ELL3	ICE1	MUC5B
cluster_706	33	ASB2	ASCL2	ASH2L	BOD1	BOD1L1	BOD1L2	CAPZA3	CXXC1	DNAH8	ERMAP	FAM199X	HCFC1	HCFC2	KDM4B	KDM6A	KMT2A	KMT2B	KMT2C	KMT2D	MDK	MEN1	PAXIP1	PHF20	PPP1R3F	PYGO2	RBBP5	RERE	SETBP1	SETD1A	SETD1B	WDR5	WDR82	ZNF608
cluster_707	15	CLPTM1L	ETAA1	PCF11	PDXDC1	PRIMPOL	RFWD3	RNASEH1	RPA1	RPA2	RPA3	RPA4	RPAIN	SMARCAL1	TIMELESS	YIF1B
cluster_708	6	ABI1	KIAA1522	NHS	WASF1	WASF2	WASF3
cluster_709	6	ENO1	ENO2	ENO3	KIAA1109	SAMD9	SAMD9L
cluster_710	8	MOXD1	RBCK1	RNF31	SNX27	TSSK3	UEVLD	ULK3	ZBP1
cluster_711	16	BCL2L14	JOSD2	STMN4	TBC1D14	TRAPPC12	TRAPPC13	TRAPPC2	TRAPPC2B	TRAPPC2L	TRAPPC3	TRAPPC3L	TRAPPC5	TRAPPC6A	TRAPPC6B	TRAPPC8	TRAPPC9
cluster_712	5	C6orf62	NXN	SLC26A7	SNF8	VPS25
cluster_713	15	DDX11	DUSP19	HOXC5	PCNA	POLD1	POLD2	POLD3	POLD4	POLH	POLI	PTCRA	REV1	RFC1	SPRTN	TRAIP
cluster_714	8	CCNL1	CSNK2A1	CSNK2A2	CSNK2A3	HIRIP3	SREK1IP1	TNP1	ZC3H4
cluster_715	9	BAZ2B	CTBP1	CTBP2	HIC2	LCORL	MAGEA6	TEX9	ZBTB18	ZNF516
cluster_716	6	ARHGAP4	BTRC	FBXO4	FBXW11	HIVEP2	IL17RD
cluster_717	6	BTRC	CELF6	CENPT	FBXW11	HIVEP2	PIGX
cluster_718	6	CCNL1	CDK11A	CSNK2A1	GPATCH2	HIRIP3	PEX2
cluster_719	21	ASL	CDC45	DBF4	DBF4B	DONSON	HAS1	KRTAP9-9	L3MBTL1	MCM10	MCM2	MCM3	MCM4	MCM5	MCM6	MCM7	MCMBP	SBNO1	SLC17A4	SLC33A1	SLC45A3	TIMM23B
cluster_720	21	ACSM4	ARHGAP19	COPS7A	CRBN	CUL4A	CUL4B	DCAF11	DCAF4L2	DCAF8	DDA1	DDB2	DTL	ERCC8	GGTLC3	GPS1	HOXB4	MLLT11	OR10G7	OR10G8	PHIP	WDTC1
cluster_721	11	CCNL1	CDK11A	CDK11B	CSNK2A1	CSNK2A2	CSNK2A3	DDX41	GPATCH2	HIRIP3	TNP1	TSPYL2
cluster_722	22	ACTR5	ACTR6	ACTR8	C12orf45	CFDP1	DPCD	INO80	INO80B	INO80C	INO80D	INO80E	MYBPHL	NFRKB	RPAP3	RUVBL1	RUVBL2	SRCAP	TANGO6	TFPT	TNFSF13	TTI2	ZNHIT1
cluster_723	4	ACTR10	DCTN4	DCTN5	N4BP2L1
cluster_724	4	ADARB2	EEF1A1	PBDC1	TTLL12
cluster_725	4	ANKRA2	CIITA	RFXANK	RFXAP
cluster_726	4	ARL15	DIO3	PTP4A1	PTP4A2
cluster_727	4	ASB18	IVNS1ABP	PRPS1	PRPSAP2
cluster_728	4	ATP1A2	UBE2N	ULK4	ZNRF2
cluster_729	4	BFSP1	MIS18BP1	MYRIP	OIP5
cluster_730	4	CAPN14	ENO1	ENO3	TAGLN3
cluster_731	4	CCDC106	DCLRE1B	FSBP	TERF2IP
cluster_732	4	CCDC28B	OSGEP	STK32B	TPRKB
cluster_733	4	CDK1	DDX3Y	PKMYT1	TSPYL2
cluster_734	4	CLUAP1	IFT27	IFT80	TRAF3IP1
cluster_735	4	CROCC	LAMTOR2	RRAGA	RRAGB
cluster_736	4	CWF19L1	RBM22	SNRPA1	SYF2
cluster_737	4	DNAL1	RASL10A	RHOA	RHOC
cluster_738	4	EDEM2	FBLN7	POFUT1	TXNDC11
cluster_739	4	ELOF1	PAF1	SKIV2L	WDR61
cluster_740	4	F8A2	ITFG2	KPTN	SEC14L1
cluster_741	4	FREM1	RASSF5	RPL36A	STK3
cluster_742	4	IFIT1	IFIT2	IFNA6	PHACTR4
cluster_743	4	IFIT2	IFIT3	IFNA10	PHACTR4
cluster_744	4	KIFC2	MIS18BP1	OIP5	SENP5
cluster_745	4	LAMTOR3	RRAGA	RRAGB	TFEB
cluster_746	4	LAPTM4B	RGCC	TLN1	TLN2
cluster_747	4	PPP1CC	PPP1R2	SFRP5	WNT2
cluster_748	4	RNGTT	SUPT5H	SUPT6H	TMA16
cluster_749	4	SEC61A2	SEC61B	SEC62	SSR1
cluster_750	18	CELF1	DUSP11	FAM120A	HNRNPA0	HNRNPA1	HNRNPA1L2	HNRNPA1P48	HNRNPA2B1	HNRNPA3	HNRNPAB	HNRNPD	HNRNPDL	HNRNPF	HNRNPH3	HNRNPUL2	MAEL	SAMD9L	SYNCRIP
cluster_751	14	ACP5	CASP10	CASP8	CASP8AP2	CFLAR	DEDD	DEDD2	FAS	IL37	PEA15	RIPK3	TNFRSF10A	TNFRSF10B	TNFSF10
cluster_752	8	ACAP2	RAB11A	RAB11B	RAB11FIP2	RAB11FIP4	RAB25	RAB4A	RAB4B
cluster_753	7	ARAP1	CALD1	CAPZA1	CAPZB	PLEKHG3	PLEKHO2	RCSD1
cluster_754	6	DYNLRB2	DYNLT1	TCTEX1D2	TCTEX1D4	WDR34	WDR60
cluster_755	5	BBS1	BBS2	BBS4	BBS9	TTC8
cluster_756	5	COA1	ECSIT	NDUFAF3	NDUFAF4	NDUFB1
cluster_757	5	PDYN	TIMM13	TIMM8A	TIMM8B	TIMM9
cluster_758	12	IRS2	NISCH	PIK3CA	PIK3CB	PIK3CD	PIK3R1	PIK3R2	PIK3R3	RBP7	SOCS4	SPATA32	SPRY4
cluster_759	8	CDY2B	EHMT1	EHMT2	PRH1	WIZ	XAGE2	XAGE3	ZNF644
cluster_760	24	ANP32A	CUEDC2	GTF2A2	KIF21B	TAF1	TAF10	TAF11	TAF12	TAF13	TAF1L	TAF2	TAF3	TAF4	TAF4B	TAF5	TAF6	TAF7	TAF7L	TAF8	TAF9	TAF9B	TBP	TBPL1	TBPL2
cluster_761	9	CKAP2L	KIF18B	MAPRE1	MAPRE2	MAPRE3	PSRC1	SPDYE2	SPDYE2B	TRIM36
cluster_762	21	CABS1	CMBL	GLB1	KANK4	RAB43	TBC1D14	TRAPPC1	TRAPPC10	TRAPPC11	TRAPPC12	TRAPPC13	TRAPPC2	TRAPPC2B	TRAPPC2L	TRAPPC3	TRAPPC3L	TRAPPC4	TRAPPC5	TRAPPC6A	TRAPPC6B	TRAPPC8
cluster_763	24	CTDP1	DXO	ELOF1	GPN2	GTF2F2	IWS1	POLR2A	POLR2B	POLR2C	POLR2D	POLR2G	POLR2I	POLR2J	POLR2J3	RECQL5	RNGTT	RPAP1	RPAP2	RPRD1A	RPRD1B	RPRD2	SCAF4	SUPT4H1	SUPT6H
cluster_764	18	BCL3	HLA-DOA	KSR2	LYL1	MAP3K8	MUC3A	NFKB1	NFKB2	NFKBIB	NFKBIE	NFKBIZ	PIR	PMEPA1	REL	RELA	RELB	SETD6	SUMO4
cluster_765	7	ZKSCAN4	ZKSCAN7	ZNF396	ZNF397	ZNF444	ZNF483	ZSCAN32
cluster_766	16	ASH2L	BOD1	BOD1L1	CAPZA3	CXXC1	KDM4B	KDM6A	KMT2B	KMT2C	KMT2D	MDK	PAGR1	PYDC1	RERE	SETD1B	WDR82
cluster_767	13	ALG5	DCDC1	DNAH11	ENGASE	NDRG3	NT5C3B	PRIMPOL	RPA1	RPA2	RPA3	SEC61G	SMARCAL1	TIMELESS
cluster_768	16	ACSM4	B3GNT4	COPS7A	CUL4A	CUL4B	DCAF11	DCAF12	DCAF4L2	DCAF8	DCAF8L1	DDA1	DTL	GGTLC3	HOXB4	PHIP	TRPC4AP
cluster_769	6	DEPTOR	FKBP1A	RHEB	RPS6KB1	RPTOR	TRPC7
cluster_770	6	MAPK1	MAPK3	PEA15	PTAFR	RPS6KA6	SRM
cluster_771	9	FMNL3	MYH15	MYH6	RASSF3	RASSF4	RASSF6	SMTN	STK3	STK4
cluster_772	7	CCNT2	EAF1	EAF2	ELL2	ELL3	FGGY	ICE1
cluster_773	11	ASXL2	ASXL3	BAP1	FOXK1	HAND1	KDM1B	MBD5	MBD6	RCC2	THAP2	THAP3
cluster_774	17	GJC3	NAPA	NAPG	SCFD1	SNAP47	STX10	STX16	STX6	STX7	STX8	STXBP6	SYPL1	TMEM98	VAMP4	VAMP5	VAMP7	VTI1A
cluster_775	5	CKB	CKM	CKMT1A	CKMT1B	WDR93
cluster_776	5	CPLX1	KCNH1	STX1A	SYPL1	VAMP2
cluster_777	5	CSNK1D	CSNK1E	PER3	SNX22	SNX24
cluster_778	5	EZH2	FLG2	PHF19	SKIDA1	TGDS
cluster_779	12	DENND6A	NBEAL2	RAB11A	RAB11B	RAB11FIP1	RAB11FIP2	RAB11FIP5	RAB25	RAB35	RAB4A	RAB4B	SH3BP5L
cluster_780	9	ATP6V1A	ATP6V1B2	ATP6V1C1	ATP6V1E2	ATP6V1G1	ATP6V1H	C9orf16	DMXL1	SLC26A3
cluster_781	9	ATXN2L	CPEB1	DDX6	LSM12	LSM14A	PATL1	XRN1	YTHDF3	ZFP36
cluster_782	13	CASP8AP2	GDAP2	MX1	PIAS1	PIAS2	RAD54L2	SAE1	SENP1	SENP2	SUMO1	TDP2	UBE2I	ZCCHC12
cluster_783	11	RPL10A	RPL12	RPL13A	RPL27	RPL27A	RPL5	RPL7	RPL8	RPLP1	SLIT3	SRP72
cluster_784	6	AATK	CABLES1	CDK12	CDK16	CDK5	FIBP
cluster_785	6	CCDC114	MLC1	MZT2A	MZT2B	TUBG1	TUBGCP2
cluster_786	6	SMAD2	SMAD3	SMAD5	ST6GALNAC2	SVEP1	ZMIZ1
cluster_787	4	ADAMTS3	CPB2	MAT1A	MAT2A
cluster_788	4	ARHGAP42	BTF3	BTF3L4	NACAD
cluster_789	4	ARMC1	CALB2	DNAAF2	GPM6A
cluster_790	4	BRD3	BRD4	PWWP2B	RSRC2
cluster_791	4	C19orf25	MFNG	RINT1	SCFD2
cluster_792	4	CARD16	CASP1	GSDMD	IL1B
cluster_793	4	CCDC88B	SSNA1	TBC1D7	TSC2
cluster_794	4	CTAGE1	CTAGE6	MIA2	MIA3
cluster_795	4	EIF1	EIF4A1	EIF4E	RPS27L
cluster_796	4	EPS15	EPS15L1	FCHO2	MACC1
cluster_797	4	FAM160B1	FAM160B2	HOOK3	TBC1D23
cluster_798	4	IFIT1B	IFIT2	IFIT3	SAP25
cluster_799	4	LYRM2	NDUFAB1	OXSM	PGLS
cluster_800	4	OSBP2	OSBPL9	RAB3GAP2	VAPA
cluster_801	4	POLD1	POLD3	POLD4	REV3L
cluster_802	4	PSG1	PSG3	PSG6	PSG9
cluster_803	3	A4GALT	ICK	KIAA0556
cluster_804	3	AARSD1	ALKBH2	TAT
cluster_805	3	AATF	NOL10	ZNF468
cluster_806	3	ABLIM1	BCO1	SEPSECS
cluster_807	3	ABR	RHOB	RHPN2
cluster_808	3	ACMSD	SERTAD3	USHBP1
cluster_809	3	ACTN1	ACTN3	ARX
cluster_810	3	ACTN1	CDK5R2	DDN
cluster_811	3	ACTN2	MYOT	PDLIM3
cluster_812	3	ADAP2	MICA	PGLYRP3
cluster_813	3	ADIRF	BNIPL	GFER
cluster_814	3	ADORA1	LAMA3	TSHR
cluster_815	3	AGER	HMGB1	ZNF428
cluster_816	3	AGTRAP	MAL2	PITPNC1
cluster_817	3	AIFM3	LZTR1	RIT2
cluster_818	3	AKTIP	FAM160A1	KIF5C
cluster_819	3	ALDH3B1	ALDH3B2	CHIT1
cluster_820	3	ANGEL2	MLXIP	PRMT1
cluster_821	3	ANXA2	DEFB124	PLA2G4A
cluster_822	3	AP3B2	AP3D1	AP3M2
cluster_823	3	APEH	PFKL	PFKP
cluster_824	3	APOBR	MAP1LC3A	TP53INP2
cluster_825	3	APPL1	FSHR	MS4A10
cluster_826	3	ARHGAP10	ARHGAP26	ARHGAP42
cluster_827	3	ARHGEF3	CEP70	ZNF239
cluster_828	3	ARL13A	NDUFAF7	RD3
cluster_829	3	ARL6IP4	PIP4K2A	PLCD3
cluster_830	3	ARNTL	ARNTL2	CIPC
cluster_831	3	ASAP1	P2RX7	PTK2
cluster_832	3	ASPG	C20orf85	SGK1
cluster_833	3	ATG16L2	RAB33A	RAB33B
cluster_834	3	ATOX1	TRAF4	UBL4B
cluster_835	3	B3GALT2	GNPTAB	GNPTG
cluster_836	3	B3GALT4	FEM1C	SIL1
cluster_837	3	BCHE	COLQ	ENTPD5
cluster_838	3	BET1L	SFT2D3	STX5
cluster_839	3	BNC2	IRF6	IRF8
cluster_840	3	BOD1L2	MSL1	MSL2
cluster_841	3	C11orf1	HEBP2	PDCD6
cluster_842	3	C6orf15	TIMM13	TIMM8B
cluster_843	3	C8G	EDEM2	FBLN7
cluster_844	3	CA5B	DBT	LIPT1
cluster_845	3	CACNA1H	MAPK15	USP5
cluster_846	3	CACNG3	HSFY1	POTEF
cluster_847	3	CALB2	DGUOK	NUFIP1
cluster_848	3	CALN1	CETN1	SGSM1
cluster_849	3	CAMK1D	CAMK1G	GNRHR
cluster_850	3	CAMSAP3	KATNB1	KATNBL1
cluster_851	3	CAPN14	CHKA	ENO1
cluster_852	3	CASKIN1	CLDN20	HIF1AN
cluster_853	3	CCDC68	CNTRL	NIN
cluster_854	3	CCDC74A	CCDC74B	THNSL1
cluster_855	3	CCL23	DOHH	IDE
cluster_856	3	CCNG2	SKP2	TRIM49
cluster_857	3	CCT4	DNAI2	SEC31B
cluster_858	3	CCT6B	KLHDC8A	PNPLA1
cluster_859	3	CD46	CD81	TFR2
cluster_860	3	CDKAL1	CIAO1	RTEL1
cluster_861	3	CEP135	GEN1	ODF2
cluster_862	3	CHEK1	MEPE	ZXDC
cluster_863	3	CHST11	FOXF1	SDF4
cluster_864	3	CHST8	GAL3ST1	PIGW
cluster_865	3	CKB	CKMT1A	SPEF2
cluster_866	3	CLDN6	TJP1	TJP3
cluster_867	3	CLK3	OAS2	RSRP1
cluster_868	3	CLOCK	NPAS2	RORC
cluster_869	3	CMPK1	LYRM2	NDUFAB1
cluster_870	3	COMMD3	COMMD5	JOSD2
cluster_871	3	COQ4	COQ7	COQ9
cluster_872	3	CRHBP	OTC	TUBB1
cluster_873	3	CRLS1	FBXO15	PINK1
cluster_874	3	CRYAB	CRYBB2	EMCN
cluster_875	3	CRYAB	CRYGD	RSPH6A
cluster_876	3	CSF3R	IL21R	WSB2
cluster_877	3	CSRNP1	TCEANC	ZKSCAN7
cluster_878	3	CTBP1	HEMGN	HSD11B2
cluster_879	3	CTNND2	PDZD2	PKP4
cluster_880	3	CTRC	PNLIP	SUMF1
cluster_881	3	CTSH	CTSK	CTSL
cluster_882	3	CXCR5	GNAI2	LTB4R
cluster_883	3	CYP2B6	DHRS4	DHRS4L2
cluster_884	3	DCC	FGF17	NTN1
cluster_885	3	DCX	MTERF2	NMNAT3
cluster_886	3	DGUOK	GPM6A	SLC12A5
cluster_887	3	DHRSX	GDAP2	ZBED1
cluster_888	3	DOHH	EIF5A	EIF5AL1
cluster_889	3	DOHH	NAT2	STARD7
cluster_890	3	DUS2	EIF2AK2	IFRD1
cluster_891	3	EEF1A1	MTRNR2L1	PBDC1
cluster_892	3	EEPD1	ISG20	TMEM185A
cluster_893	3	EFCAB7	NRGN	TTC23L
cluster_894	3	EIF2B2	OPN3	P2RX4
cluster_895	3	ENOPH1	VPS52	VPS54
cluster_896	3	EPG5	MUC12	USP8
cluster_897	3	ESRP1	HAO2	RBPMS2
cluster_898	3	EZR	ICAM3	PMP2
cluster_899	3	FABP7	TAGLN2	TAGLN3
cluster_900	3	FAHD2A	FAHD2B	LCN8
cluster_901	3	FAM160B1	FAM160B2	HOOK1
cluster_902	3	FATE1	NRG4	PRRG2
cluster_903	3	FBXO2	OPCML	ST6GALNAC5
cluster_904	3	FBXO6	LEP	PRCP
cluster_905	3	FCRL3	NSUN7	PTPN6
cluster_906	3	FKBP14	FUT9	SPACA3
cluster_907	3	FN1	MIA	TIMD4
cluster_908	3	FRRS1L	PGAP3	TBRG4
cluster_909	3	FZD4	MPZL1	NDP
cluster_910	3	FZD5	RNF43	RPS6KA6
cluster_911	3	GANC	GNA15	TTC1
cluster_912	3	GAPDHS	HYAL4	MEIOB
cluster_913	3	GATA2	IRF8	POU1F1
cluster_914	3	GBE1	GYG2	STBD1
cluster_915	3	GCNT3	SORL1	SP6
cluster_916	3	GDF10	MYCBP2	NMNAT2
cluster_917	3	GIPC1	TPBG	TYRP1
cluster_918	3	GLIPR1L2	INSL6	MAEA
cluster_919	3	GMPR	GMPR2	SLCO5A1
cluster_920	3	GNAI1	GNAT3	RGS19
cluster_921	3	GNPTG	RAD54L	WDYHV1
cluster_922	3	GPX2	USP15	XDH
cluster_923	3	GRN	NAPSA	TAT
cluster_924	3	GSN	PLEKHG6	RBM18
cluster_925	3	HBEGF	THNSL2	ZBTB16
cluster_926	3	HCN2	HCN4	KCNE2
cluster_927	3	HERC1	MORC1	ZNF555
cluster_928	3	HLA-DQB2	PPIB	PRL
cluster_929	3	HOXB3	SDHA	SDHAF1
cluster_930	3	HSCB	ISCU	PLA2R1
cluster_931	3	IFNG	IFNGR1	SLC45A3
cluster_932	3	IL18RAP	PIGH	PIGP
cluster_933	3	IL6ST	OSM	OSMR
cluster_934	3	INPP5B	OCRL	PLEKHJ1
cluster_935	3	INPPL1	PLEK2	XK
cluster_936	3	KALRN	PAM	SERPINA6
cluster_937	3	LPIN1	LPIN2	LPIN3
cluster_938	3	MAFF	MAFG	MAFK
cluster_939	3	MARVELD3	SLCO1B1	SLCO1B3
cluster_940	3	MEI1	NUDT8	PMPCA
cluster_941	3	MICAL2	PLA2G7	PTPRN
cluster_942	3	MREG	SMCO1	SPAG9
cluster_943	3	MRPS2	MRPS24	ZNF133
cluster_944	3	MRPS35	MRPS9	TGM6
cluster_945	3	MTMR6	MTMR7	MTMR8
cluster_946	3	NSUN3	THUMPD3	ZNF501
cluster_947	3	OCM	UBE2A	UBE2B
cluster_948	3	OGFR	TGIF2LX	TGIF2LY
cluster_949	3	PARD6A	PARD6B	PARD6G
cluster_950	3	PDCD5	PKDCC	POMK
cluster_951	3	PKHD1	PRKAG1	PRKAG2
cluster_952	3	POLQ	PRPF40B	RBM25
cluster_953	3	PPIH	PRPF3	PRPF4B
cluster_954	3	PRKG2	UNC119	UNC119B
cluster_955	3	PTCH1	PXYLP1	SHH
cluster_956	3	PTF1A	RBPJL	TRIP12
cluster_957	3	PTGES2	UQCR11	UQCRQ
cluster_958	3	RFPL4A	RFPL4B	ZNF302
cluster_959	3	ROPN1L	RSPH14	RSPH3
cluster_960	3	RP9	U2AF1	U2AF1L4
cluster_961	3	SCARA3	SDCCAG8	SLC39A1
cluster_962	3	SCGB2A1	SLC2A6	TSGA13
cluster_963	3	SEL1L	SLCO1A2	UBE2J1
cluster_964	3	SETD3	SNX12	SNX3
cluster_965	3	SOBP	SUMO2	SUMO3
cluster_966	3	SOSTDC1	TACC1	TACC2
cluster_967	3	SPATA5	SPATA5L1	TIMD4
cluster_968	3	TRPC3	TRPC6	TRPC7
cluster_969	3	WNT4	WNT7A	WNT7B
cluster_970	58	ADARB1	DNAH8	FAM111A	LLPH	MICALL2	MTF1	PRDM15	RPF1	RPL10	RPL10A	RPL10L	RPL11	RPL12	RPL13	RPL13A	RPL14	RPL15	RPL17	RPL18	RPL18A	RPL19	RPL21	RPL22	RPL23	RPL23A	RPL24	RPL27	RPL27A	RPL28	RPL29	RPL3	RPL30	RPL32	RPL34	RPL35	RPL35A	RPL36	RPL37A	RPL38	RPL3L	RPL4	RPL5	RPL7	RPL7L1	RPL8	RPL9	RPLP0	RPLP1	RPLP2	RPS3A	RSL24D1	SRP19	SRP72	TBX1	TTF1	ZFP62	ZNF512	ZNF624
cluster_971	10	CA14	EXOC1	EXOC3L1	EXOC4	EXOC6	EXOC6B	EXOC7	IL1R2	OLIG2	SCN2B
cluster_972	8	PGBD1	ZKSCAN7	ZNF232	ZNF396	ZNF397	ZSCAN21	ZSCAN23	ZSCAN32
cluster_973	13	ANXA2R	CNOT10	CNOT11	CNOT3	CNOT6	CNOT6L	CNOT7	GADD45B	PABPN1L	RAVER1	SETD3	TEX13A	TOB1
cluster_974	18	CTDP1	DXO	ELOF1	GPN1	GPN3	MED1	POLR2B	POLR2E	POLR2J3	POLR2L	POLR2M	RNGTT	RPAP1	RPAP2	RPAP3	RPRD1A	RPRD1B	RPRD2
cluster_975	9	DHPS	HOXB13	ICMT	MAPK1	MAPK3	PTAFR	PTPN7	PTPRR	TOB1
cluster_976	14	BAD	BECN1	BLID	DACT1	FBXL20	MEX3D	MTFR1	NR4A1	NRBF2	PIK3C3	PIK3R4	PRUNE2	STYK1	TENM2
cluster_977	14	DCDC1	DUSP5	GPR89B	POFUT2	PRIMPOL	RPA1	RPA2	RPA3	RPA4	SETD3	SMARCAL1	TIMELESS	WIF1	WRNIP1
cluster_978	7	BARHL1	HLX	RIPPLY2	SIX6	TLE1	TLE2	TLE4
cluster_979	9	ANO1	ARHGEF10L	COPB1	COPB2	COPE	COPZ1	COPZ2	KCNK9	SCYL3
cluster_980	9	IDI2	ISL1	ISL2	LHX4	MYOZ1	NUDT22	SSBP3	SSBP4	SYNGAP1
cluster_981	15	PIAS1	PPARGC1B	RANBP2	SAE1	SENP1	SETX	SP100	SUMO1	SUMO3	TDP2	TP53RK	UBE2I	USPL1	ZCCHC12	ZMYND11
cluster_982	8	BEX5	IRAK4	IRF4	IRF7	RSAD2	TAB2	TLR3	TRAF6
cluster_983	15	CHRDL2	GDF15	GID4	GID8	GNLY	LAD1	LY6H	MKLN1	RANBP9	RMND5A	SFRP2	TDGF1	WDR26	WNT10A	ZCCHC14
cluster_984	10	ACTR10	DCTN2	DCTN4	DCTN5	DCTN6	DEFB127	N4BP2L1	PDGFD	RPS19BP1	SH3BGR
cluster_985	6	ABTB1	COL27A1	EEF1B2	EEF1G	ERP27	MKKS
cluster_986	6	INIP	INTS3	INTS4	INTS5	INTS8	INTS9
cluster_987	5	LZTR1	POU4F1	RIT1	RIT2	RLF
cluster_988	10	CNOT10	CNOT11	CNOT6	CNOT7	CNOT8	GADD45B	PABPN1L	RAVER1	TNKS1BP1	ZMAT3
cluster_989	8	ASF1A	ASF1B	CABIN1	FABP5	S100A14	SPATA1	SPRR1B	UBN1
cluster_990	8	BUB1	BUB1B	CDC27	FBXO43	KIAA1109	PTTG1	SPATC1	UBE2C
cluster_991	8	CCNA1	CCNE1	CKS1B	PROCA1	SKP2	SMTNL2	SPDYA	TRIM49
cluster_992	7	ARHGAP4	BTRC	EGFLAM	FBXW11	HIVEP2	LPIN2	PCDH8
cluster_993	7	GPR161	PRKACA	PRKACB	PRKACG	ROPN1	TNP1	TRPV4
cluster_994	12	ADAR	CDCA5	DDX47	MTRNR2L10	REC8	SMC1B	SMC3	STAG1	STAG2	STAG3	SYCP2	SYCP3
cluster_995	14	CCDC69	DUS4L	EBLN2	FAN1	FANCA	FANCB	FANCF	FANCL	FANCM	MOCS2	PDGFRL	RMI1	SLX1A	TOP3A
cluster_996	18	BTG3	CNOT1	CNOT10	CNOT11	CNOT2	CNOT3	CNOT4	CNOT6	CNOT6L	CNOT8	GADD45B	GPBP1L1	NANOS1	PABPN1L	SAMD4B	TEX13A	TOB2	UHMK1
cluster_997	10	BAZ2B	CTBP1	CTBP2	LCORL	MTMR10	NOL4L	TBCCD1	TCF7L1	ZBTB18	ZNF516
cluster_998	17	BCL3	CBLN1	ELF3	IQGAP2	MAP3K8	N4BP2	NFKB1	NFKB2	NFKBIB	NFKBIE	NFKBIZ	RELA	RELB	SENP8	SUMO4	TBC1D24	TBCE
cluster_999	22	AAGAB	AAK1	AP1B1	AP2A1	AP2A2	AP2B1	AP2M1	AP2S1	BMP2K	CLINT1	EPS15L1	FCHO1	FCHO2	KIF13A	MAGED4B	NECAP1	NECAP2	REPS1	RUNDC3A	SGIP1	STON2	TMF1
cluster_1000	8	BCAS2	ISY1-RAB43	KRT222	PPIL1	PRPF19	SYF2	USB1	ZDBF2
cluster_1001	8	BYSL	DDX10	DDX49	LTV1	NOB1	NOP14	PSKH1	TSR1
cluster_1002	6	ACBD4	OSBPL10	PITPNM1	PITPNM2	RMDN2	VAPB
cluster_1003	6	ACTL6B	NFATC2IP	RUVBL1	SRCAP	TTI2	YEATS4
cluster_1004	31	ACTR1B	ACTRT3	CCT2	CCT3	CCT4	CCT5	CCT6A	CCT6B	CCT7	CCT8	DNAI2	FBXW4	HPR	KLB	KLHDC8A	MMACHC	PDCL	PDCL3	PKDCC	PLA2G15	RDH8	SEC31B	SMOX	STRADB	TCP1	THEG	TUBAL3	TUBG2	ULK3	WDR70	WDR86
cluster_1005	7	FAM222A	HOXB8	MAB21L1	MAB21L2	MEIS1	PBX1	PBX2
cluster_1006	12	ANKRD31	C18orf25	CCNL1	CDK11A	CSNK2A1	CSNK2A2	HIRIP3	RPS6KA5	SAP30BP	SREK1IP1	TSPYL2	ZC3H4
cluster_1007	12	MRPS10	MRPS18C	MRPS23	MRPS24	MRPS25	MRPS27	MRPS33	MRPS35	MRPS5	MRPS9	PTCD3	TGM6
cluster_1008	21	AQR	ASRGL1	BCAS2	BUD31	CCDC12	CDC40	CRNKL1	CWC15	CWF19L1	CWF19L2	DNAJC17	ISY1	ISY1-RAB43	PLRG1	PPIL1	PRPF19	RBM22	SYF2	USB1	WDR83	XAB2
cluster_1009	40	ASH2L	ATN1	BAZ2B	BOD1L1	CHD8	CXXC1	DNAH8	DPY30	FAM199X	HCFC1	HCFC2	IKZF5	KANSL1	KANSL2	KANSL3	KDM6A	KLF12	KMT2A	KMT2B	KMT2C	MBIP	NCOA6	NUCKS1	PAGR1	PAXIP1	PHF20	PHF20L1	PRMT2	PSIP1	PYGO2	RBBP5	SETD1A	SETD1B	WDR5	YEATS2	ZNF131	ZNF608	ZNF609	ZXDC	ZZZ3
cluster_1010	9	ANKRD6	GOLGA3	KIF4A	NCAPD2	NCAPD3	NCAPG	NCAPG2	SLC39A3	SMC2
cluster_1011	9	EXOSC10	PARN	SMG1	SMG6	SMG8	SMG9	UPF1	UPF3A	XRN1
cluster_1012	8	ACTL8	CAPZA1	CAPZB	MYO5C	PIM3	PLEKHO1	PLEKHO2	STAP1
cluster_1013	8	C11orf74	IFT43	NTPCR	TTC21B	TULP3	WDR19	WDR35	ZMYND10
cluster_1014	5	ATXN7L2	ATXN7L3	ATXN7L3B	USP27X	USP51
cluster_1015	5	BCAP29	BCAP31	EPB41	SLC5A7	SLC6A18
cluster_1016	5	BCAS1	CDADC1	DYNLL1	DYNLL2	GGN
cluster_1017	5	BTC	EIF2B1	EIF2B2	OPN3	SPN
cluster_1018	5	C11orf74	CRYL1	IFT43	TTC21B	TULP3
cluster_1019	5	CAPN1	CAPN8	CAPNS1	CAPNS2	GAS2
cluster_1020	5	EDNRB	EXOC4	EXOC6	EXOC6B	IL1R2
cluster_1021	5	GHSR	LEAP2	LRRC46	PACS2	WDR37
cluster_1022	4	AAR2	EFTUD2	PRSS56	RSRC1
cluster_1023	4	ADA	DPP4	FAP	UNC5C
cluster_1024	4	AGBL5	FBXO9	GFOD1	GFOD2
cluster_1025	4	AGTRAP	MCEE	PITPNC1	SSX5
cluster_1026	4	AKAP3	AKAP4	FSIP2	PRKAR1A
cluster_1027	4	AKT1	AKT2	AKT3	MTCP1
cluster_1028	4	ALG10	ELOVL2	SC5D	SLC22A9
cluster_1029	4	ANKK1	FAM227B	SERPINB3	SERPINB4
cluster_1030	4	ARHGEF6	ARHGEF7	CAMK4	PCLO
cluster_1031	4	ATCAY	CLEC1B	DDIAS	STUB1
cluster_1032	4	ATP6AP2	ATP6V0A4	REN	TCIRG1
cluster_1033	4	ATP6V0A4	ATP6V0D1	ATP6V0D2	SCN10A
cluster_1034	4	C9	CLU	EPPIN	MSRB1
cluster_1035	4	CA10	IMPACT	MTERF4	PPRC1
cluster_1036	4	CCDC112	ENTHD1	TXLNA	TXLNB
cluster_1037	4	CCND3	CDKN2B	CDKN2C	CDKN2D
cluster_1038	4	CCZ1	CCZ1B	MON1A	RAB7A
cluster_1039	4	CHMP1A	CHMP1B	CHMP3	ZFYVE19
cluster_1040	4	CWC22	ERMAP	FAM32A	FRG1
cluster_1041	4	CYP3A4	UGT1A1	UGT1A6	UGT2B7
cluster_1042	4	DAD1	MLEC	RPN2	TMBIM4
cluster_1043	4	DCLRE1B	NXNL1	PNMT	TERF2IP
cluster_1044	4	E2F1	E2F2	E2F3	E2F5
cluster_1045	4	EIF5A2	GINS2	GINS3	SPANXN4
cluster_1046	4	ERC2	GBP4	GIT1	GIT2
cluster_1047	4	FAM222A	MAB21L1	MN1	PBX1
cluster_1048	4	HAO1	KCNAB1	KCNAB2	KCNAB3
cluster_1049	4	HTR3C	METTL25	PIGM	UGT3A2
cluster_1050	4	KHNYN	KLHDC10	NEDD8	UBL7
cluster_1051	4	LNX1	MAGEB18	TRIM60	TRMT12
cluster_1052	4	NLRC4	RIPK1	TPCN1	TRADD
cluster_1053	4	PIEZO2	PIWIL1	STMN1	STMN4
cluster_1054	4	REEP1	REEP2	REEP4	SFT2D2
cluster_1055	4	SNX1	SNX2	SNX30	SPANXB1
cluster_1056	4	SULT1A1	SULT1A3	SULT1C3	SULT4A1
cluster_1057	4	ZKSCAN1	ZNF213	ZNF24	ZNF396
cluster_1058	15	AAGAB	AAK1	AP1B1	AP2A1	AP2A2	AP2M1	AP2S1	ARFGAP1	PKD1L3	REPS1	REPS2	SGIP1	STON2	SV2C	WNK3
cluster_1059	12	CELF1	DNAH2	DNAH6	FAM120A	G6PC2	HNRNPA0	HNRNPA1	HNRNPA1L2	HNRNPA1P48	HNRNPA3	HNRNPDL	HNRNPH3
cluster_1060	7	ACSS2	ASB18	ELK4	NXPH1	PRPS1	PRPSAP1	PRPSAP2
cluster_1061	7	CCDC180	EXO1	FRAT2	MLH1	MSH3	MSH6	SENP6
cluster_1062	7	DAO	GSTM1	GSTM2	GSTM3	GSTM4	GSTM5	UCP1
cluster_1063	7	IL20RA	NISCH	PIK3R1	PIK3R2	PIK3R3	RBP7	SOCS4
cluster_1064	7	KIAA2012	KRTAP13-3	PFDN2	PFDN4	PFDN6	SKIV2L	TTC37
cluster_1065	9	ATAD2	BAZ1A	CHRAC1	NUCKS1	POLE4	RSF1	SATB1	SMARCA1	SMARCA5
cluster_1066	9	C16orf74	PPP3CA	PPP3CB	PPP3CC	PPP3R1	PPP3R2	RCAN2	SMPD3	SRBD1
cluster_1067	10	CHMP1B	CHMP2A	CHMP2B	CHMP4A	CHMP5	IST1	MITD1	STAMBP	VPS4A	VPS4B
cluster_1068	10	CSDE1	FAM120C	HELZ	IGF2BP2	PABPC1	PABPC4	PAN2	PAN3	PRRC2A	ZCCHC3
cluster_1069	6	DDX49	FBL	NOL11	NOL7	RRP9	WDR75
cluster_1070	6	HNMT	HOXA3	PINX1	POT1	SH3BP1	TINF2
cluster_1071	6	RTN1	RTN2	RTN3	RTN4	TM9SF1	TSPAN10
cluster_1072	8	BRWD1	CEP78	CUL4A	DET1	DTL	HOXB4	PHIP	SYCP1
cluster_1073	46	C12orf65	GADD45GIP1	MALSU1	MRPL1	MRPL10	MRPL11	MRPL13	MRPL15	MRPL16	MRPL17	MRPL18	MRPL19	MRPL2	MRPL20	MRPL21	MRPL22	MRPL23	MRPL24	MRPL27	MRPL3	MRPL30	MRPL32	MRPL33	MRPL34	MRPL35	MRPL38	MRPL39	MRPL4	MRPL40	MRPL41	MRPL43	MRPL44	MRPL46	MRPL47	MRPL48	MRPL49	MRPL50	MRPL54	MRPL55	MRPL9	MRPS18A	MTERF3	MTG1	OXA1L	RBMS3	TMEM177
cluster_1074	23	AEBP2	BAZ2A	CASZ1	CCDC141	CSRP1	CTCF	EED	EZH1	EZH2	FPGT-TNNI3K	FSCN1	LCOR	MTF2	NRDE2	PHF19	PNO1	RAB38	RBM15B	SKIDA1	SPP1	SUZ12	WNT8A	ZNF157
cluster_1075	10	HDAC10	HDAC3	HDAC4	HDAC5	KMT2E	SKIL	SPEN	TBL1X	TBL1XR1	TBL1Y
cluster_1076	9	CLASP1	GAS2L2	MAPRE1	MAPRE3	SNPH	SPDYE2	SPDYE2B	TROAP	ZC2HC1A
cluster_1077	20	ASIC1	CASP10	CASP6	CASP8	CFLAR	CLIP3	DEDD	DEDD2	FADD	MIB2	NACA	NDFIP1	NLRC4	NOL3	PEA15	TM9SF2	TMEM214	TNFRSF10A	TNFRSF10B	TNFSF10
cluster_1078	12	CFAP45	DNAH5	ENKUR	KCNJ15	MYH10	MYH14	MYH9	MYL12A	MYL3	MYL6	MYL9	SAMD9
cluster_1079	7	ADH6	AVIL	PHOX2B	RASSF2	RASSF5	SPRR2E	STK4
cluster_1080	7	BRD2	BRD3	BRD4	ETNK1	GJD4	PWWP2B	ZNF711
cluster_1081	7	CABLES1	CABLES2	CDK5	DCLK3	FIBP	PTPRZ1	UBE2T
cluster_1082	7	EID3	NSMCE2	NSMCE4A	PPIAL4D	PPIAL4F	SMC5	ZNF597
cluster_1083	9	GNA11	GNA12	GNAS	GNB1	GNB2	GNB3	GNB4	GNG11	PDCL
cluster_1084	21	AFF1	AFF3	AFF4	AHR	ALKBH4	CDK9	CTSE	DENND2D	EAF2	ELL	ELL2	ELL3	HEXIM1	HEXIM2	MLLT1	MLLT3	NBEAL2	NSRP1	PGC	RCL1	TMEM150A
cluster_1085	15	AVEN	BAX	BECN1	BNIPL	DACT1	FAIM2	MDH1B	MEX3D	NLRX1	NR4A1	NRBF2	PIK3C3	PIK3R4	STYK1	ZNF740
cluster_1086	6	ANKAR	DNAH3	EEF1B2	EEF1G	MBTPS1	ZBED8
cluster_1087	5	ARHGEF9	DYNLL1	DYNLL2	DZIP1L	ZAR1
cluster_1088	5	CNOT2	CNOT4	MICALL1	NANOS2	TNKS1BP1
cluster_1089	5	CSNK1A1	CSNK1A1L	FAM170A	FAM83G	TSSK1B
cluster_1090	5	DMD	MLC1	SNTB2	SNTG1	SNTG2
cluster_1091	5	DUSP7	ICMT	MAPK1	MAPK3	PTAFR
cluster_1092	5	GGA1	GGA2	GGA3	LRP3	MANEA
cluster_1093	8	CACNA1E	DES	INA	KRT7	NEFH	PRPH	SYNC	VIM
cluster_1094	8	DDX10	FBL	NOL7	PWP2	RRP9	TBL3	UTP15	UTP18
cluster_1095	9	AHCTF1	NUP107	NUP160	NUP37	POM121C	SEH1L	TMEM209	TPR	XPOT
cluster_1096	24	ABCF1	ARMC12	BAZ2A	CASZ1	CECR2	EED	EZH2	GSTCD	HMGN5	JARID2	MTF2	MYEF2	PHF1	PHF14	PHF19	PPP1R8	PPWD1	SETDB1	SKIDA1	SLTM	SUZ12	ZCWPW2	ZNF593	ZNF638
cluster_1097	11	CSAG1	RPL39L	SREK1	SRPK1	SRPK2	SRSF11	SRSF12	SRSF2	SRSF4	SRSF8	TRA2B
cluster_1098	7	CTBP1	LCORL	NOL4L	TEX9	ZBTB18	ZNF516	ZSCAN4
cluster_1099	7	SEC11A	SEC11C	SPCS1	SPCS2	SPCS3	ST3GAL3	TM2D3
cluster_1100	27	ARPP19	CCNA1	CCNA2	CCNB3	CCND2	CCND3	CCNE1	CCNE2	CCNJ	CCNO	CDK2	CDK3	CDKN1B	CKS1B	CKS2	CLIP3	GMNC	HELB	PROCA1	RNF6	SCAPER	SMTNL2	SPDYA	SPDYC	SPDYE1	SPDYE4	UHRF2
cluster_1101	10	SON	SPTY2D1	SREK1	SRPK1	SRPK2	SRPK3	SRSF11	SRSF4	SRSF6	STON1
cluster_1102	22	BABAM1	BRCA1	BRCC3	BRIP1	CRTAC1	CSTF1	DCAF8L2	DNA2	KLHL15	MDC1	MICAL3	MT2A	NBN	NR5A1	OLA1	PARG	PDXK	POLN	RAD50	RBBP8	TULP2	WDHD1
cluster_1103	11	IDI2	IL36RN	ISL1	ISL2	KHK	LHX8	LHX9	NUDT22	SSBP2	SSBP3	SSBP4
cluster_1104	8	GPR107	HIVEP3	TMC8	TRAF1	TRAF2	TRAF5	UBE2Q2	ZNF865
cluster_1105	19	ADAMTS1	CHRDL2	GDNF	GID8	GREM2	LAD1	LY6H	MKLN1	MMP7	PRICKLE3	RANBP10	RANBP9	RMND5A	RMND5B	SFRP2	TDGF1	WDR26	WNT10A	YPEL5
cluster_1106	11	LMAN2	MAN1A2	PIGG	SLC29A4	TMED1	TMED10	TMED2	TMED3	TMED4	TMED5	TMED9
cluster_1107	28	ANAPC10	ANAPC13	ANAPC15	ANAPC16	ANAPC2	ANAPC4	ANAPC5	ANAPC7	ARFGAP2	BUB1	BUB3	CDC20	CDC23	CDC26	CHD9	ESPL1	FBXO5	HOPX	KIF18A	MAD1L1	MAD2L1BP	MXI1	NEK2	PHF8	PTTG1IP	UBD	USP37	XAGE1B
cluster_1108	21	ARID4A	ARID4B	BAHCC1	BRMS1	BRMS1L	FOXK1	ING1	ING2	KIAA0513	MXD3	PHF23	SAP130	SAP30	SAP30L	SIN3A	SIN3B	TGIF2	TGIF2LX	TNRC18	ZNF395	ZNF704
cluster_1109	10	CCDC12	CWF19L1	DHX35	GCFC2	GPATCH1	ISY1	KIAA1143	PPIE	USB1	ZNF830
cluster_1110	9	ABLIM3	BBIP1	BBS4	BBS5	BBS7	BBS9	FHOD1	LZTFL1	TTC8
cluster_1111	9	CCKBR	PRKAA1	PRKAA2	PRKAG2	PRKAG3	RIMBP3	SLC9A5	STAC2	STIM2
cluster_1112	7	ABCA4	DAD1	MLEC	RPN2	STT3A	STT3B	TM9SF2
cluster_1113	7	EIF4A2	EIF4EBP3	EIF4ENIF1	EIF4G1	EIF4G2	EIF4G3	IBTK
cluster_1114	7	HDDC2	MAPK1	MAPK3	PTAFR	PTPN7	SRM	TOB1
cluster_1115	7	LONP2	MTMR1	MTMR10	MTMR12	MTMR2	SBF2	TIMM21
cluster_1116	6	ANXA2R	CNOT1	CNOT8	NANOS1	RIBC1	TOB2
cluster_1117	6	ASXL3	BAP1	HBG1	MBD5	MBD6	THAP3
cluster_1118	6	ATG16L1	ATG16L2	FCRLA	RAB33A	TECPR1	WIPI2
cluster_1119	6	HOXD11	HOXD8	MNX1	NFIB	NFIC	ONECUT2
cluster_1120	4	ADRA2B	GGA1	GGA2	KCNQ1
cluster_1121	4	AGTPBP1	GIT1	GIT2	GRIP2
cluster_1122	4	AMOT	AMOTL2	CDH11	FAM193A
cluster_1123	4	ASXL1	HBG1	MBD6	MXD4
cluster_1124	4	ATP6AP1	ATP6V0A1	ATP6V0A4	CFAP61
cluster_1125	4	ATP6V1G3	CHCHD3	MTX2	SLC46A1
cluster_1126	4	CDA	MPP2	MPP6	THRSP
cluster_1127	4	CDADC1	DLGAP1	DYNLL2	PKIA
cluster_1128	4	CDKN1A	CDKN1C	CDKN3	GADD45A
cluster_1129	4	CNOT7	CNOT8	NANOS2	RIBC1
cluster_1130	4	CPED1	STAU1	STAU2	TINCR
cluster_1131	4	DIRAS1	DNAL1	RAP1GDS1	RASL10A
cluster_1132	4	DLL1	IGSF5	MAML1	RBPJ
cluster_1133	4	DNAJC12	TOMM20L	TPH1	TPH2
cluster_1134	4	DUSP5	LZTS1	LZTS2	LZTS3
cluster_1135	4	FASTKD2	GFM2	GRSF1	MRPS12
cluster_1136	4	FBP1	IGKV2D-29	PIM2	ST6GALNAC5
cluster_1137	4	GSDMB	HES5	NFKBIZ	STAT3
cluster_1138	4	GTF2A1L	HES6	SIX6	TLE1
cluster_1139	4	HEXIM1	HEXIM2	PUSL1	SEPSECS
cluster_1140	4	KATNB1	MTFR1L	PFDN1	VBP1
cluster_1141	4	LUZP4	MYO1G	THOC1	THOC6
cluster_1142	4	NUDT8	PMPCA	SPINK2	UNC13D
cluster_1143	4	PA2G4	RNF40	UQCRHL	WAC
cluster_1144	4	RAB40AL	RAB40B	SPTB	ZBTB12
cluster_1145	4	REEP5	REEP6	SNX8	TMEM68
cluster_1146	4	STX1B	STX2	STX4	VAMP1
cluster_1147	3	A2M	CCL18	PZP
cluster_1148	3	ABCA9	BLK	EFS
cluster_1149	3	ACTBL2	CLDN18	ODF4
cluster_1150	3	ACTBL2	NDUFA4L2	SRD5A1
cluster_1151	3	ADAM2	GALNT13	LRRC3
cluster_1152	3	ADAT2	RAI2	SGTB
cluster_1153	3	ADAT3	TBC1D24	TMEM185A
cluster_1154	3	ADCY7	ALDH6A1	ALDH8A1
cluster_1155	3	AFP	CASP3	GZMB
cluster_1156	3	AGBL1	OTUD4	WBP2NL
cluster_1157	3	AHCYL2	ARSI	SNX20
cluster_1158	3	AKAP1	ARMCX4	MAATS1
cluster_1159	3	AKR1C2	AKR1C4	AKR1D1
cluster_1160	3	ALG14	HAUS7	TSPAN1
cluster_1161	3	ALG6	SCN3B	SLC38A3
cluster_1162	3	ALKBH3	ASCC2	URM1
cluster_1163	3	AMBN	LRP2	LRP2BP
cluster_1164	3	AMT	SMUG1	VAC14
cluster_1165	3	ANGPTL4	ATXN7L3B	USP22
cluster_1166	3	ANGPTL6	GZMA	XRCC6
cluster_1167	3	ANKRD2	MORC3	PML
cluster_1168	3	ANKRD40	CTRL	SLC25A47
cluster_1169	3	ANKRD6	AXIN2	KCNK12
cluster_1170	3	ANO5	PTGIR	XKR8
cluster_1171	3	ANXA2R	MMP7	TNKS1BP1
cluster_1172	3	APOB	MTTP	ZDHHC11
cluster_1173	3	APOBEC1	DND1	PAIP2B
cluster_1174	3	APOD	GPR3	SLC35C1
cluster_1175	3	APPBP2	COL24A1	PYROXD2
cluster_1176	3	ARF5	KLK8	SLC1A4
cluster_1177	3	ARHGAP8	PRR5-ARHGAP8	RBM43
cluster_1178	3	ARHGEF11	PLXNB3	TMF1
cluster_1179	3	ARHGEF28	ARHGEF9	GPHN
cluster_1180	3	ARHGEF3	SKOR1	TRIM27
cluster_1181	3	ARRB1	RHO	SAG
cluster_1182	3	ASIC1	ASIC2	ASIC3
cluster_1183	3	ASNSD1	PDZK1	SLC22A12
cluster_1184	3	ASPDH	CIART	TPM2
cluster_1185	3	ASTE1	TCEA3	USP47
cluster_1186	3	ASTL	TUBB1	WFIKKN1
cluster_1187	3	ATP11B	SLC6A7	TMEM230
cluster_1188	3	ATP12A	OR10G2	P2RY14
cluster_1189	3	ATP6V1E1	DMXL1	WDR7
cluster_1190	3	ATXN1	ATXN1L	NUTM2B
cluster_1191	3	ATXN2L	CAPRIN1	USP10
cluster_1192	3	B3GALT2	CAPRIN2	LRP5
cluster_1193	3	B3GNT7	LY6E	PHB
cluster_1194	3	B4GALNT4	CSN1S1	PILRA
cluster_1195	3	BACH1	GKN2	HOXB8
cluster_1196	3	BAG1	CPZ	PIK3C2G
cluster_1197	3	BAX	BBC3	TMEFF2
cluster_1198	3	BCAR1	DOK7	GNAT1
cluster_1199	3	BCL10	CARD14	CTAG2
cluster_1200	3	BEND5	GORASP1	GORASP2
cluster_1201	3	BEST1	FXYD6-FXYD2	NEDD4L
cluster_1202	3	BFSP1	BFSP2	CAGE1
cluster_1203	3	BHLHE23	OR51E2	S100A3
cluster_1204	3	BIN2	EFEMP1	ZNF791
cluster_1205	3	BMP1	TLL1	TLL2
cluster_1206	3	BMP6	BMPR1A	RGMB
cluster_1207	3	BRWD1	DDB1	PERP
cluster_1208	3	BSN	ERC2	UNC13A
cluster_1209	3	BUD13	DHX16	DHX38
cluster_1210	3	C12orf4	PPP1R21	TBCK
cluster_1211	3	C5	C6	KEL
cluster_1212	3	C6orf58	CP	SNX27
cluster_1213	3	CADPS2	CTTN	METTL25
cluster_1214	3	CALM3	CAMTA2	MYLK3
cluster_1215	3	CALN1	DCAF6	KCTD19
cluster_1216	3	CAMP	IGF1R	UNC5CL
cluster_1217	3	CARD16	CASP1	XK
cluster_1218	3	CASC3	SERPINI2	SNIP1
cluster_1219	3	CASP2	CCSER2	PIDD1
cluster_1220	3	CATSPERD	HLCS	TMC7
cluster_1221	3	CBWD6	HDAC7	WDR73
cluster_1222	3	CCDC47	NOMO3	TMEM147
cluster_1223	3	CCL1	CHST9	LRP6
cluster_1224	3	CCL14	DNLZ	PLA1A
cluster_1225	3	CCNB1IP1	IL11RA	OLFM4
cluster_1226	3	CCNT1	CCNT2	MLLT1
cluster_1227	3	CCPG1	CLEC1A	PLA2G12B
cluster_1228	3	CCRL2	CRYGN	CST4
cluster_1229	3	CD177	KCNIP3	SOD3
cluster_1230	3	CD200	CD200R1	NINJ1
cluster_1231	3	CD226	PI4KA	TTC7B
cluster_1232	3	CD44	HBEGF	MMP7
cluster_1233	3	CD46	TRIM16	TRIM16L
cluster_1234	3	CD55	CHI3L1	PRSS23
cluster_1235	3	CD59	SPINK1	TINAGL1
cluster_1236	3	CD86	CTLA4	ECE2
cluster_1237	3	CD96	FGF19	NPTX1
cluster_1238	3	CDAN1	HIRA	UBN2
cluster_1239	3	CDHR5	EFNB1	TMEM213
cluster_1240	3	CDKL5	PRKG2	RAB11B
cluster_1241	3	CEACAM1	CEACAM5	CEACAM6
cluster_1242	3	CEP70	TTLL10	ZNF366
cluster_1243	3	CEP78	FGFR1OP	NXNL2
cluster_1244	3	CEP83	POTEC	POTED
cluster_1245	3	CERKL	EIF3B	EIF5
cluster_1246	3	CFAP52	CLCN1	STIP1
cluster_1247	3	CHAD	CNPY4	ISM2
cluster_1248	3	CHDH	GH2	ISCA1
cluster_1249	3	CHI3L2	NLRP10	TBC1D22B
cluster_1250	3	CHIC1	DMWD	GPR3
cluster_1251	3	CHRNB3	GAMT	TYRO3
cluster_1252	3	CLASP1	CLIP2	SNPH
cluster_1253	3	CLDN22	CUTC	SPG21
cluster_1254	3	CLDND1	PLEKHM2	ZDHHC8
cluster_1255	3	CLEC2B	FASTKD1	SPDEF
cluster_1256	3	CLN5	DBH	PPT1
cluster_1257	3	CMTM1	MAST2	PTEN
cluster_1258	3	CMYA5	DYSF	MYBPC2
cluster_1259	3	CNDP1	CNDP2	GDPGP1
cluster_1260	3	COL6A6	FKBP5	PIPOX
cluster_1261	3	COL9A2	COLEC11	COLGALT2
cluster_1262	3	COLEC11	NELL1	NELL2
cluster_1263	3	CRY1	CRY2	RFX2
cluster_1264	3	CSH1	CSH2	CSHL1
cluster_1265	3	CSRP3	MYF6	MYOD1
cluster_1266	3	CST3	KLKB1	KNG1
cluster_1267	3	CTRB1	CTRB2	PNMA2
cluster_1268	3	CTRL	PSME1	TMEM258
cluster_1269	3	CUBN	LPL	LRP1
cluster_1270	3	CUBN	SCGB1A1	TRIM32
cluster_1271	3	CXCL8	CXCR2	GRIA1
cluster_1272	3	CYB5R4	MAN2C1	PCMT1
cluster_1273	3	CYBB	NCF1	NCF4
cluster_1274	3	CYP11A1	NLGN3	NLGN4X
cluster_1275	3	CYP2A6	RABAC1	SNX10
cluster_1276	3	D2HGDH	RGSL1	ZNF462
cluster_1277	3	DAD1	RPN1	TMEM258
cluster_1278	3	DAGLA	MCOLN3	SEZ6L2
cluster_1279	3	DCAF12L1	DCAF12L2	SH2D2A
cluster_1280	3	DCBLD2	PTPRK	SEMA4B
cluster_1281	3	DCP1A	GTPBP2	PNRC2
cluster_1282	3	DCSTAMP	HPSE	OS9
cluster_1283	3	DCTD	GORASP2	PITPNB
cluster_1284	3	DDI1	RSC1A1	SOD2
cluster_1285	3	DDI2	RDH5	RLBP1
cluster_1286	3	DDOST	MLEC	OST4
cluster_1287	3	DDX10	DDX49	SRFBP1
cluster_1288	3	DDX3Y	EEF1A2	EEF1D
cluster_1289	3	DDX4	MEPCE	METTL16
cluster_1290	3	DEFB115	NBL1	UBQLN1
cluster_1291	3	DEFB116	IL1RAPL1	NCS1
cluster_1292	3	DENND1B	SERPINA12	TMPRSS11E
cluster_1293	3	DKK4	FAM3B	LRP5
cluster_1294	3	DMKN	ENDOU	FCF1
cluster_1295	3	DNAAF3	ST3GAL5	TMEM259
cluster_1296	3	DNAH6	FAAH2	HNRNPA2B1
cluster_1297	3	DNAJC18	LARP6	STRAP
cluster_1298	3	DNASE1L2	TBX18	TBX20
cluster_1299	3	DPH7	NPB	PDP2
cluster_1300	3	DRD5	GABRG1	GABRG2
cluster_1301	3	DSC1	JUP	S100A14
cluster_1302	3	DSG4	OR51E2	SPANXC
cluster_1303	3	DUOX1	S1PR5	SLC39A4
cluster_1304	3	DUSP2	SYN2	SYN3
cluster_1305	3	DUSP22	GNA14	INPP5A
cluster_1306	3	DVL3	PRICKLE1	SNX22
cluster_1307	3	EBF1	FRMD8	ZNF423
cluster_1308	3	EIF4H	KIAA2026	TLR7
cluster_1309	3	ENPP2	IPPK	LPAR1
cluster_1310	3	EPX	SLC52A1	TMEM237
cluster_1311	3	ERGIC2	HSD17B2	MBNL2
cluster_1312	3	ETNPPL	NXF2B	ZC3HC1
cluster_1313	3	F8A1	FICD	HTT
cluster_1314	3	FAM90A1	KCNRG	RFPL4A
cluster_1315	3	FBXO24	PRMT6	THEMIS
cluster_1316	3	FCN1	FCN2	MASP1
cluster_1317	3	FCRL4	FCRL5	MUC15
cluster_1318	3	FDXACB1	MYNN	THUMPD1
cluster_1319	3	FERMT1	FERMT2	RIPPLY2
cluster_1320	3	FIZ1	NR2E3	NRL
cluster_1321	3	FLOT2	MPZL3	NEUROG2
cluster_1322	3	FLVCR1	UNC5CL	XKRX
cluster_1323	3	FMN1	LRP8	VLDLR
cluster_1324	3	FOXD1	FOXD3	USP21
cluster_1325	3	FSCN2	QRICH1	RFPL4B
cluster_1326	3	FUT1	PIGB	UGT3A2
cluster_1327	3	FUT11	NXPH3	OLFM2
cluster_1328	3	FUT8	GABRD	MGAT1
cluster_1329	3	FZD3	PAQR5	SYNE4
cluster_1330	3	FZD7	LGR5	ZNRF3
cluster_1331	3	GABPA	GABPB2	GBX1
cluster_1332	3	GABRR1	NMRK1	TAX1BP1
cluster_1333	3	GDF1	GPRIN2	HTR4
cluster_1334	3	GGN	HCCS	METTL16
cluster_1335	3	GJA4	OPRM1	SLC29A2
cluster_1336	3	GJD4	STXBP1	STXBP2
cluster_1337	3	GK	GK2	GK3P
cluster_1338	3	GLP1R	PAQR6	TSPAN13
cluster_1339	3	GOLGA7B	SPRR3	ZDHHC5
cluster_1340	3	GPAA1	PIGS	TREH
cluster_1341	3	GPM6A	HAX1	SYN3
cluster_1342	3	GPR108	IPPK	PCDH19
cluster_1343	3	GPR135	MAGED1	UNC5A
cluster_1344	3	GPS2	MSH4	SPG7
cluster_1345	3	GSTO2	NLRP1	TXN
cluster_1346	3	GTF2B	LEUTX	PRB1
cluster_1347	3	GTPBP8	MRPL12	MTERF2
cluster_1348	3	GYPB	RANBP17	SMYD4
cluster_1349	3	HAO2	SBSPON	ZNF703
cluster_1350	3	HDAC4	HDAC5	SOX18
cluster_1351	3	HENMT1	SNX32	SNX6
cluster_1352	3	HEPHL1	OR51E2	PROCR
cluster_1353	3	HHAT	SDCBP	TDO2
cluster_1354	3	HLF	TET2	TFEC
cluster_1355	3	HPS1	NMNAT2	SALL2
cluster_1356	3	HPSE2	PEX1	PEX26
cluster_1357	3	HPX	ORM1	ORM2
cluster_1358	3	HRH1	IL6	IL6R
cluster_1359	3	HUS1	HUS1B	RHNO1
cluster_1360	3	HUWE1	PMAIP1	PREX2
cluster_1361	3	IFI44	IFI44L	IFNA21
cluster_1362	3	IFIT1B	IFIT3	IFIT5
cluster_1363	3	IGKV2D-28	SELPLG	TNIP1
cluster_1364	3	IGLL1	IGLL5	MYOC
cluster_1365	3	IL17RD	PTPRD	SLITRK1
cluster_1366	3	IL17RE	PSMG3	PSMG4
cluster_1367	3	IL20	LGALS3	RTN4RL2
cluster_1368	3	IMPG1	MSX1	USP49
cluster_1369	3	IPCEF1	MTRNR2L1	TRIM11
cluster_1370	3	IQGAP1	MYL10	MYL4
cluster_1371	3	IRGM	NLRC4	RIPK2
cluster_1372	3	ITGA1	MATN1	MATN4
cluster_1373	3	JOSD1	KRT31	SPON2
cluster_1374	3	KANK1	PIP4K2A	ST6GAL1
cluster_1375	3	KAT5	MYCL	PIH1D3
cluster_1376	3	KCNA1	KCNA2	KCNRG
cluster_1377	3	KCNB2	KCNF1	KCNG3
cluster_1378	3	KCNH2	KCNH7	RNF207
cluster_1379	3	KCNIP1	KCNIP2	KCNIP3
cluster_1380	3	KDR	SCUBE2	VEGFC
cluster_1381	3	KIF12	MMACHC	MMADHC
cluster_1382	3	KLHL40	KLHL41	LMOD3
cluster_1383	3	KLRF1	REEP5	TMEM170A
cluster_1384	3	KRT12	KRT3	KRT5
cluster_1385	3	LACRT	SLC2A6	THUMPD2
cluster_1386	3	LGSN	PIWIL2	TBCB
cluster_1387	3	LILRA6	LILRB3	LRRC34
cluster_1388	3	LIN28B	ZC3HAV1	ZCCHC3
cluster_1389	3	LRP5	LRP6	ZNF383
cluster_1390	3	LRRC32	TGFB1	TGFB2
cluster_1391	3	LUC7L	RBM26	RBM27
cluster_1392	3	LUC7L2	PAIP2B	SLC28A2
cluster_1393	3	LZTS2	NUDT15	SRD5A3
cluster_1394	3	MAB21L1	PBX3	TSHZ1
cluster_1395	3	MADD	NXPH2	SEZ6L2
cluster_1396	3	MAGEA1	NAP1L3	PLCD4
cluster_1397	3	MAGEC1	SUV39H1	ZNF436
cluster_1398	3	MAPK14	PLCB2	ZFP36L1
cluster_1399	3	MDFI	THEG	TTLL10
cluster_1400	3	MEGF10	TFAP2A	TFAP2B
cluster_1401	3	MEP1B	PYY	TSPAN8
cluster_1402	3	METTL8	SDC2	SDC4
cluster_1403	3	MMP9	SPARC	TGFBI
cluster_1404	3	MOXD1	OBP2A	OBP2B
cluster_1405	3	MTTP	P4HB	PDIA2
cluster_1406	3	MYO1F	RP2	SLC44A2
cluster_1407	3	NAA16	NBPF1	TSGA10IP
cluster_1408	3	NANOGNB	PRKCSH	ZGRF1
cluster_1409	3	NCR2	SIRPB1	TYROBP
cluster_1410	3	NEUROD2	PKN1	SPRR2D
cluster_1411	3	NFE2L2	SPIC	TEF
cluster_1412	3	NFKB1	NFKBIZ	PADI3
cluster_1413	3	NMNAT3	SPTB	ZBTB12
cluster_1414	3	NOX1	NOXA1	NOXO1
cluster_1415	3	OSBP	OSBP2	PLEKHA8
cluster_1416	3	OTOA	PNPLA3	SLC27A2
cluster_1417	3	OTOP1	SEMG1	SEMG2
cluster_1418	3	OVGP1	PEX26	PEX6
cluster_1419	3	PCYT1B	PGAP3	VKORC1L1
cluster_1420	3	PDE1A	PDE1B	PDE1C
cluster_1421	3	PDGFC	PDGFRA	SEMA3D
cluster_1422	3	PDIA5	RNASET2	SPINK1
cluster_1423	3	PFKFB1	PFKFB2	PFKFB4
cluster_1424	3	PHF7	PPP1R12A	TRPM2
cluster_1425	3	PHLDA2	SSX2	SSX2B
cluster_1426	3	PITPNM1	PITPNM2	PTK2B
cluster_1427	3	PLA2G12A	PYROXD1	UPRT
cluster_1428	3	RAB41	RAB6B	RAB6C
cluster_1429	3	RBMX	RBMY1E	RBMY1F
cluster_1430	3	RBP7	SPIN2B	YRDC
cluster_1431	3	ROR1	ROR2	SLC35D2
cluster_1432	3	SCN2A	SCN3A	SCN9A
cluster_1433	3	SETBP1	SPANXA1	SPANXA2
cluster_1434	3	SLC9A1	STRA6	TESC
cluster_1435	3	SLC9A8	ZNF182	ZNF300
cluster_1436	3	SNAP23	STXBP5	VAMP8
cluster_1437	3	SPINK5	TEX14	TFG
cluster_1438	3	SPIRE1	SPIRE2	TMOD3
cluster_1439	3	TEX28	TMCC1	TMCC2
cluster_1440	3	TM4SF19	TMEM179B	TMEM42
cluster_1441	3	TOMM22	TOMM40L	TOMM7
cluster_1442	3	WAS	WASL	WIPF3
cluster_1443	3	ZKSCAN3	ZKSCAN4	ZSCAN23
cluster_1444	23	AQR	CD2BP2	CD5	CD58	CDC40	DDX23	DNAJC17	EAPP	ECD	LUC7L3	PPIH	PRPF4B	PRPF6	PRPF8	RBM22	RBM42	SLC7A6OS	SNRNP200	TSSC4	TXNL4A	USP39	WBP4	ZNHIT2
cluster_1445	8	ABCG2	BAG6	MYEOV	PAQR9	SLC17A7	SRGN	UBL4A	UBL4B
cluster_1446	16	ACTB	ACTC1	ACTG1	ACTG2	CAP1	CAP2	CFL2	CNN3	ITPKA	OR9A4	PFN3	PHACTR2	SSH1	TMOD3	TWF1	TWF2
cluster_1447	11	CLEC1A	EFCAB5	KIF12	LMNA	LMNB1	LMNB2	NDC1	PERM1	TMEM209	UBQLNL	ZNF239
cluster_1448	14	DLGAP5	NUP153	NUP93	NUSAP1	RAN	RANBP1	RANBP3	RANGRF	RCC1	RGPD1	RGPD2	RGPD3	RGPD4	RGPD8
cluster_1449	18	PGBD1	SCAND1	ZBED9	ZKSCAN3	ZKSCAN4	ZKSCAN8	ZNF174	ZNF213	ZNF394	ZNF397	ZNF483	ZNF500	ZSCAN18	ZSCAN21	ZSCAN22	ZSCAN23	ZSCAN30	ZSCAN32
cluster_1450	5	ALKBH5	DHX33	LOC102724159	RPL22L1	USP36
cluster_1451	5	BARHL1	HES6	TLE1	TLE4	UTY
cluster_1452	5	CBWD1	CBWD2	CBWD6	FAM3B	METAP1
cluster_1453	5	CCAR1	SCAF11	SON	TCERG1L	U2AF2
cluster_1454	5	NSG1	OST4	OSTC	RPN1	SSR1
cluster_1455	15	COQ4	ENTPD1	GCG	GDF15	GID4	GLIPR1L2	INSL6	LAD1	MKLN1	RANBP9	RMND5A	SPON1	WARS2	WDR26	YPEL5
cluster_1456	13	ARHGAP11B	CALML6	CARD8	EDARADD	MAP3K7	NUMBL	PCP4	TAB1	TAB3	TNFAIP8L2	TRIM38	TRIM45	WDR34
cluster_1457	11	ABCC6	APMAP	ATL2	CD74	COPB1	COPB2	COPE	COPZ1	COPZ2	NUDCD1	OGFOD1
cluster_1458	18	ATP6AP1	ATP6AP2	ATP6V0A1	ATP6V0A2	ATP6V0A4	ATP6V0B	ATP6V0C	ATP6V0D1	ATP6V0D2	ATP6V0E1	CCDC115	SLC10A3	SLC16A10	SLC6A7	TCIRG1	TMEM199	VMA21	YIPF2
cluster_1459	8	CD163	CSNK2A1	CSNK2A2	CSNK2A3	PHRF1	RPS6KA5	TSPYL2	VSX1
cluster_1460	7	ARHGEF15	EZR	MYLK4	PMP2	RDX	STK10	TAGLN2
cluster_1461	7	AVPR1B	FLRT1	PIK3R1	PIK3R2	PIK3R3	RASD2	TRIM72
cluster_1462	9	CLASP1	CSN3	MAPRE1	MAPRE3	NAV2	SLAIN1	SLAIN2	SNPH	ZC2HC1A
cluster_1463	9	GNAI1	GNAI3	PCP2	RGS10	RGS12	RGS14	RGS18	RGS5	RNASE2
cluster_1464	15	BPTF	C17orf49	CHAF1B	HMGXB4	LIN37	MBD3L2	PWWP2A	RBBP4	RBBP7	SALL3	SAP130	SHPRH	TNRC18	ZNF219	ZNF827
cluster_1465	45	ARMC2	CMC1	COA3	COX15	CYP2J2	ENPP6	MPV17	MTHFS	NDUFA1	NDUFA11	NDUFA12	NDUFA13	NDUFA2	NDUFA4	NDUFA5	NDUFA6	NDUFA7	NDUFA8	NDUFA9	NDUFB10	NDUFB11	NDUFB3	NDUFB4	NDUFB5	NDUFB6	NDUFB7	NDUFB8	NDUFB9	NDUFC2	NDUFS1	NDUFS2	NDUFS3	NDUFS4	NDUFS5	NDUFS6	NDUFS8	NDUFV1	NDUFV2	NDUFV3	NNT	SLC22A12	SLC35A3	SLC35B1	TMEM126B	UQCRC1
cluster_1466	22	AFF1	AFF3	AFF4	ALKBH4	BRDT	C11orf58	CDK10	CDK9	DENND2D	ELL	ELL2	ELL3	FAM9A	HEXIM1	HEXIM2	MDFIC	MLLT1	MLLT3	PPIL4	RBM15B	TMEM150A	VAX1
cluster_1467	6	CHD1L	DEAF1	ELF3	HMGA2	HOXB7	XRCC6
cluster_1468	6	DYDC1	RNF40	SLAIN2	UBE2A	VPS9D1	WAC
cluster_1469	14	ACTRT3	CCT3	CCT5	CCT8	DAZ2	FBXW4	GNB5	KDM4B	MYH7B	PDCL	PDCL3	RAP2C	SGK2	TUBAL3
cluster_1470	13	ASTE1	C7orf26	INIP	INTS1	INTS10	INTS2	INTS3	INTS4	INTS5	INTS6	INTS7	INTS8	INTS9
cluster_1471	8	ASH1L	CLHC1	DMC1	PALB2	RAD51	RUFY3	SNX32	SPIDR
cluster_1472	8	CDC73	CHD2	IWS1	LEO1	RTF1	TCEA1	TTC37	TULP2
cluster_1473	8	PGBD1	ZKSCAN5	ZNF232	ZNF394	ZSCAN20	ZSCAN21	ZSCAN22	ZSCAN23
cluster_1474	7	ACBD4	OSBPL10	OSBPL2	OSBPL9	SIX5	SNX25	VAPB
cluster_1475	7	ACSS2	DIP2B	PRPS1	PRPSAP1	PRPSAP2	PSPH	TRUB1
cluster_1476	19	CCDC97	CHERP	DDX42	GPATCH11	MTF1	PHF5A	RNPC3	SF3A2	SF3B1	SF3B4	SF3B6	SFSWAP	SLC26A11	SLC4A1AP	SMNDC1	SNRNP25	SNRNP48	SNRPB2	SNRPD1
cluster_1477	35	BET1	BNIP1	C19orf25	FMN1	GAL3ST2	GOSR1	GOSR2	LRRC57	NAPA	NAPG	NBAS	NSF	SCFD1	SCFD2	SEC22B	SLC16A2	SNAP47	STX10	STX11	STX12	STX16	STX18	STX3	STX6	STX7	STX8	STXBP6	TMEM184C	TMEM98	USE1	VAMP4	VAMP5	VAMP7	VAMP8	VTI1A
cluster_1478	10	ASXL2	ASXL3	BAP1	CAMTA2	HAND1	MBD5	MBD6	SLC8B1	TRMT112	ZNF428
cluster_1479	15	ABCA9	BANF1	CA9	CHRNA1	EFCAB5	LMNA	LMNB1	LMNB2	PAQR5	PERM1	PMP22	SUN1	TMEM201	TMPO	TOR1AIP1
cluster_1480	11	FAU	HHIP	RPL13	RPL18	RPL18A	RPL34	RPL37A	RPL38	RPS25	RPS26	ZFP62
cluster_1481	11	MRPL14	MRPL42	MRPL45	MRPL51	MRPL52	MRPL53	MRPL57	MRPS30	NGRN	PTCD1	YBX2
cluster_1482	6	AXIN2	CXXC5	PABPC1L2A	SMAD6	SMURF1	SMURF2
cluster_1483	6	FKBP15	SAC3D1	SNX12	SNX3	TBC1D5	VPS35
cluster_1484	6	HDAC4	HDAC5	HDAC9	IFRD1	MEF2A	RFX7
cluster_1485	6	HNRNPK	PTBP2	RBM3	RBMY1A1	RBMY1F	RBMY1J
cluster_1486	5	ACSS2	GALNT16	PRKCG	PRPS1	PRPSAP2
cluster_1487	5	AUNIP	AURKA	ITPKC	PDCD1LG2	POU4F3
cluster_1488	5	CRMP1	DPYSL2	DPYSL5	KIZ	SLC32A1
cluster_1489	5	DNMT3A	DNMT3B	PRRX1	RSL24D1	ZFP57
cluster_1490	5	EML1	EML4	MUC20	TMEM108	TUBB3
cluster_1491	5	FAM89B	PSMG1	PSMG3	PSMG4	XAGE3
cluster_1492	5	FBXO8	RIOK2	RNF152	RPS6KB1	RPTOR
cluster_1493	5	IFNW1	MSS51	SEMG1	SEMG2	SLC22A13
cluster_1494	5	NR1H4	NR1I2	PPARD	RARB	RXRB
cluster_1495	5	RPF1	RPL32	RPL35A	RPL4	ZNF354A
cluster_1496	7	ANKRD27	DUSP8	FKBP15	SAC3D1	TBC1D5	VPS26B	VPS35
cluster_1497	94	AATF	C14orf39	CCDC124	CCDC86	CTCF	DDX10	DDX43	DDX55	DHX37	DHX57	DIMT1	DNAH8	FAU	FOLR1	FRMD8	IMP4	LLPH	MPHOSPH10	NGDN	NKX2-6	NOC4L	NOL10	PRDM15	PURB	RBM19	RPL10L	RPL11	RPL12	RPL17	RPL18	RPL19	RPL21	RPL22	RPL23	RPL23A	RPL24	RPL26	RPL27	RPL27A	RPL29	RPL3	RPL30	RPL31	RPL32	RPL34	RPL35	RPL35A	RPL36	RPL38	RPL3L	RPL5	RPL6	RPL7	RPL7A	RPL8	RPL9	RPLP0	RPLP1	RPLP2	RPS10	RPS11	RPS12	RPS13	RPS14	RPS15	RPS15A	RPS16	RPS17	RPS18	RPS19	RPS20	RPS21	RPS23	RPS24	RPS25	RPS27	RPS27L	RPS28	RPS3A	RPS4X	RPS4Y2	RPS5	RPS6	RPS7	RPS8	RPS9	RRP12	RRS1	UTP23	VRK1	WSCD2	YTHDC2	ZNF354A	ZNF70
cluster_1498	8	CD24	NPM1	NPM2	NPM3	RBM44	SAMD12	SELP	ZNF16
cluster_1499	8	GDF15	GLIPR1L2	LY6H	PRG3	RMND5A	RMND5B	WDR26	YPEL5
cluster_1500	9	CTBP1	DMRTB1	HIC1	KLF15	KLF8	NOL4L	ZBTB18	ZNF516	ZNF750
cluster_1501	4	A3GALT2	CYLD	PAGE5	SPATA2L
cluster_1502	4	ACE2	ATP10D	C9	SLC6A19
cluster_1503	4	ADRB1	DLG4	NLGN1	RASD1
cluster_1504	4	AHCYL2	ARSI	FAM13A	VSX2
cluster_1505	4	AIFM2	HDGFL1	NAT8	TRIM21
cluster_1506	4	AK9	EXOG	SLCO3A1	TMA7
cluster_1507	4	AKR1C3	AKR1C4	AKR1D1	TFF3
cluster_1508	4	ALPL	SEC11A	SPCS2	WNT6
cluster_1509	4	ANGPT2	BTNL3	ITGA3	ITGB1
cluster_1510	4	ANKRD37	HIF1AN	RNASEL	SLC39A3
cluster_1511	4	ARHGAP12	CHN2	NCK1	NCK2
cluster_1512	4	ASAH1	CYP1A2	CYP2D6	POR
cluster_1513	4	ASB17	HYDIN	TUBB	TUBB4A
cluster_1514	4	BCAS4	BLOC1S4	BLOC1S6	NUDT15
cluster_1515	4	C1QTNF6	SGTA	SYT4	WFDC13
cluster_1516	4	C1orf158	PIFO	PSMG3	PSMG4
cluster_1517	4	C5orf30	CDKL5	PRKG2	UNC119
cluster_1518	4	CDH10	CDH12	CDH24	CTNNA3
cluster_1519	4	CDY2A	CDY2B	MBD1	SETDB1
cluster_1520	4	CEP135	LZTS3	RTTN	SIPA1L3
cluster_1521	4	CFAP43	CLDN12	SEC13	SEC16B
cluster_1522	4	CHM	CHML	GDI1	GDI2
cluster_1523	4	CPLX1	CPLX2	STX1A	STX1B
cluster_1524	4	CXCL1	CXCL2	CXCL3	CXCL5
cluster_1525	4	CXCR1	CXCR5	GNA11	GNAI2
cluster_1526	4	CYP2C18	CYP2C19	CYP2C8	CYP2C9
cluster_1527	4	DMKN	SGTA	SGTB	SYT4
cluster_1528	4	DNAJC24	DPH1	DPH2	DPH3
cluster_1529	4	DNAJC25	EMD	TMEM201	TMEM209
cluster_1530	4	EBF1	GZMM	PARP1	PARP3
cluster_1531	4	FAM110C	PFN3	TCP11L2	TUBA1A
cluster_1532	4	FKTN	FUT4	HLA-DPA1	LRP3
cluster_1533	4	GATA6	ILDR1	KLF2	WWP1
cluster_1534	4	GIPC1	GIPC2	LHCGR	TYRP1
cluster_1535	4	GIPC1	LHCGR	PITPNA	TPBG
cluster_1536	4	GRIN1	GRIN2D	GRIN3A	GRIN3B
cluster_1537	4	HSD11B2	KAT2B	KLF13	TRIM22
cluster_1538	4	IFRD2	MMP24	PANX2	UBE2O
cluster_1539	4	KAAG1	OLFM1	ROGDI	TUBA3C
cluster_1540	4	KCNC1	KCNC2	KCNC3	KCNC4
cluster_1541	4	LIPF	MPZL1	NOXRED1	TCN2
cluster_1542	4	MOK	NAA15	NAA16	TSGA10IP
cluster_1543	4	MORC1	RNF20	SFR1	WAC
cluster_1544	4	NAV3	PDX1	SLC35D1	SPOP
cluster_1545	4	NFYC	PON1	PON3	POU3F2
cluster_1546	4	NSUN7	OR13G1	SEMG1	SEMG2
cluster_1547	4	PLEKHM1	PREX1	RICTOR	RPS6KB1
cluster_1548	4	RGPD1	RGPD2	RGPD4	RGPD8
cluster_1549	14	BST2	CARD8	EDARADD	EMILIN1	MAP3K7	SERPINA4	TAB1	TAB3	TH	TNFAIP8L2	TNIP3	TRIM29	TRIM38	TRIM45
cluster_1550	15	ASF1A	ASF1B	BRF2	C15orf41	CDAN1	IPO4	NASP	OAS1	RORB	SPATA1	TLK2	UBN1	UBN2	UBR7	XAGE1B
cluster_1551	10	BCAS4	BLOC1S3	BLOC1S4	BLOC1S5	BLOC1S6	CNGA4	DNALI1	DTNBP1	LAMC2	SLA2
cluster_1552	16	AVEN	BAX	BECN1	CALCB	FAIM2	GALT	MST1	NLRP5	NLRX1	NRBF2	PIK3C3	PIK3R4	RAD9A	SPHK2	TENM2	TMEFF2
cluster_1553	28	ARMC8	CHRDL2	GCG	GDF15	GDNF	GID8	GNLY	HLA-DPB1	LAD1	LECT2	LILRB2	LILRB4	MAEA	MKLN1	MMP13	NMB	NMBR	PRICKLE3	RANBP10	RANBP9	RMND5A	RMND5B	SFRP2	SPON1	TDGF1	WDR26	WNT10A	YPEL5
cluster_1554	7	APEH	LOXL3	MOG	SNX16	TBC1D5	VPS26B	VPS35
cluster_1555	7	CYFIP2	EPS8L1	HSPB9	LHX4	NCKAP1	NHSL2	SLC9B2
cluster_1556	7	KIF16B	OSBPL1A	RAB34	RAB7A	RAB7B	RIC1	RILP
cluster_1557	13	C12orf49	DERL2	EDEM1	ERLEC1	FAM8A1	FOXRED2	MBTPS2	OS9	SLC4A5	SYVN1	TMEM129	UBE2J1	XBP1
cluster_1558	19	CPEB4	CSDE1	DAZL	FAM120C	IGF2BP2	MEX3B	PABPC1	PABPC1L	PABPC3	PABPC4	PABPC4L	PABPC5	PAIP1	PAIP2	PAN2	PAN3	PRRC2A	PUM1	ZCCHC3
cluster_1559	17	ACBD4	ACBD5	MOSPD2	NACAD	OSBP	OSBP2	OSBPL10	OSBPL11	OSBPL2	OSBPL9	RMDN2	STARD3	TNFRSF10D	VAPA	VAPB	VEZT	WDR44
cluster_1560	12	CFLAR	CLIP3	EPSTI1	FADD	MLKL	NOL3	RIPK1	RNF34	THADA	TRADD	UTP6	ZBP1
cluster_1561	19	C17orf49	CDK2AP1	CHAF1B	CHD5	GATAD2A	HAT1	HMGXB4	MBD3L1	MBD3L2	MTA2	MTF2	NR2C1	PWWP2A	RBBP4	SALL3	SHPRH	ZFPM1	ZNF296	ZNF827
cluster_1562	10	ARAP3	ARHGAP27	ARHGAP44	CD2AP	DENND2A	NPHS1	NPHS2	SH3BP1	SH3KBP1	STAP1
cluster_1563	6	ARHGAP8	AZU1	CYGB	ISOC1	PRR5-ARHGAP8	SH3GL1
cluster_1564	6	ATG13	HSBP1	MYH2	RB1CC1	ULK2	WDR81
cluster_1565	6	CDCA2	IPO7	KIFC1	KPNB1	NUTF2	TNPO1
cluster_1566	6	IL16	PPP1CB	PPP1R11	PPP1R12C	PPP1R18	SLC5A5
cluster_1567	17	ASPSCR1	CDC42BPB	FAM89A	GLTP	GZMK	MAF1	MYLPF	PLA2G4D	PPP1R11	PPP1R7	SHKBP1	TMEM165	UBXN2A	UBXN2B	VCP	VCPIP1	ZFAND1
cluster_1568	17	AAK1	ADRA1B	AP1B1	AP1M2	AP2A1	AP2A2	AP2M1	BMP2K	KIF13A	MEGF10	NECAP1	NECAP2	RALGAPA1	REPS1	REPS2	SGIP1	STON2
cluster_1569	9	AGPS	CAT	KLHDC8A	PEX10	PEX13	PEX5	PEX5L	PEX7	PHYH
cluster_1570	9	APBA1	CASK	CNTNAP4	FRMD7	KCNJ12	KCNJ4	KIF26B	LIN7C	PXDC1
cluster_1571	9	CS	FASTKD5	GUF1	MCUR1	MTERF3	POLG	PPIF	TFAM	TRAP1
cluster_1572	23	C20orf27	CNST	CSRNP2	HOXA2	PDE6B	PHACTR1	PPP1CA	PPP1CB	PPP1CC	PPP1R10	PPP1R12B	PPP1R16B	PPP1R2	PPP1R37	PPP1R3A	PPP1R3B	PPP1R3G	RASIP1	RASSF7	RASSF9	SPOCD1	TOX4	WDR82
cluster_1573	16	ACAP1	ACAP2	MARCKS	PEAR1	PRKG2	RAB11A	RAB11B	RAB11FIP1	RAB11FIP2	RAB11FIP3	RAB11FIP4	RAB11FIP5	RAB25	RAB4A	SH3BP5L	THG1L
cluster_1574	8	CCNL1	CDK11B	CSNK2A1	CSNK2A3	F2RL3	HIRIP3	PHRF1	SAP30BP
cluster_1575	8	PHKA1	PHKA2	PHKB	PHKG1	PHKG2	SLC2A9	SPNS2	UROD
cluster_1576	5	ABCC2	B4GALNT3	CD300LF	LAIR1	PTPN6
cluster_1577	5	ABLIM2	LIN7A	LIN7B	LIN7C	PXDC1
cluster_1578	5	ACE2	GLYATL1	GRM2	HRH1	SLC6A19
cluster_1579	5	ACTN3	ACTN4	COL24A1	MYOZ2	PDLIM3
cluster_1580	5	ANKRD31	COL5A3	HMGN2	HMGN3	HMGN4
cluster_1581	5	ANXA13	NEDD4	PRR7	SLC23A2	TMIGD2
cluster_1582	5	ARRB1	ARRB2	BCAS1	KIF26A	RASA2
cluster_1583	5	BRI3	DAPK2	GGA1	GGA2	GGA3
cluster_1584	5	CALB2	GPM6A	HAX1	RGS1	SYN1
cluster_1585	5	CASR	CHN1	RAC1	RAC2	RAC3
cluster_1586	5	KLF11	NCSTN	PSEN2	PSENEN	THPO
cluster_1587	7	BAMBI	BMP6	BMPR1A	BMPR1B	BMPR2	GDF6	RGMB
cluster_1588	11	DAP	MICALL2	PRDM15	RPL15	RPL19	RPL24	RPL30	RPL31	RPL36	TTF1	TUBA8
cluster_1589	13	DYNC1H1	DYNC1I1	DYNC1LI2	DYNLRB1	DYNLRB2	DYNLT1	DYNLT3	KRT9	MYO1A	SCG3	TCTEX1D2	TCTEX1D4	WDR60
cluster_1590	49	C4orf19	CCNG1	CDCA4	CDK17	CSDC2	CTTNBP2	CTTNBP2NL	ENSA	FAM122A	FGFR1OP2	FILIP1	IER2	IER5	MAP4K4	MINK1	MOB4	MOS	NOX1	PPME1	PPP2CB	PPP2R1A	PPP2R1B	PPP2R2A	PPP2R2C	PPP2R2D	PPP2R3B	PPP2R5A	PPP2R5B	PPP2R5C	PPP2R5D	PPP2R5E	PPP4R1	PRR14	PTPDC1	SERTAD4	SIKE1	SLMAP	STK24	STK25	STK26	STRIP1	STRIP2	STRN	STRN3	STRN4	TAOK3	TBCCD1	TNIK	TRAF3IP3
cluster_1591	35	AAR2	C9orf78	CCDC12	CD2BP2	CSTB	DDX23	DHX35	EAPP	ECD	FAM50A	GCFC2	LUC7L3	OLA1	PAXBP1	PNISR	PPIH	PPWD1	PRPF3	PRPF31	PRPF4	PRPF4B	PRPF6	PRPF8	RBM42	SLC7A6OS	SNRNP200	SRRM1	SRRM2	TFIP11	TSSC4	TTC27	TXNL4A	USP39	WBP4	ZNHIT2
cluster_1592	11	COX4I1	COX5A	COX6A1	COX6B1	COX6C	COX7A1	COX7A2L	COX7B	COX7B2	COX7C	SMDT1
cluster_1593	6	AP4E1	AP4M1	AP4S1	CEP104	FAM160A2	ZNF576
cluster_1594	6	ASTE1	C7orf26	INIP	INTS10	INTS3	INTS5
cluster_1595	6	BAZ2A	CAPN6	CHRAC1	DUXA	SMARCA5	UROD
cluster_1596	6	BRWD1	BTRC	FBXW11	PEAR1	RFX1	STARD8
cluster_1597	6	CEP128	CEP135	ODF2	RTTN	STIL	SYNE3
cluster_1598	6	FAM111A	GIMAP8	SRP19	SRP68	SRP9	STK11IP
cluster_1599	12	IER3	IER5	NOX1	PPP2CB	PPP2R1B	PPP2R3B	PPP2R5A	PPP2R5C	PPP2R5E	RABL2B	SOGA3	TBCCD1
cluster_1600	9	ASB2	CPM	FBLIM1	FLNA	FLNB	HACE1	HSPB7	ITGB6	SYNPO2
cluster_1601	9	ASXL2	BAP1	CREBZF	HBG1	ING1	MBD6	THAP11	THAP3	ZNF428
cluster_1602	9	BCCIP	DGKH	DMC1	DNAH9	PALB2	RAD51	SPIDR	ZNF302	ZYG11A
cluster_1603	7	ATP1A2	CNEP1R1	CTDNEP1	HLTF	TRUB1	UBE2N	ZNRF2
cluster_1604	7	C12orf66	F8A1	F8A2	HSPB9	ITFG2	KPTN	SLC5A7
cluster_1605	7	CEBPD	DACH1	EIF2AK4	FOXO4	SMAD2	SMAD3	ST6GALNAC2
cluster_1606	10	AATK	CABLES1	CABLES2	CCNI	CDK10	CDK5	DLK1	FIBP	IL34	PTPRZ1
cluster_1607	10	BAG6	CATSPERD	ERP27	GET4	RNF126	SCN1B	SLC17A7	SYT11	SYT4	UBL4B
cluster_1608	13	AKAP11	AKAP14	AKAP7	C2orf88	GPR161	MAP2	PKIA	PKIG	PRKACA	PRKACB	PRKACG	PRKX	TNP2
cluster_1609	8	KRT12	KRT3	KRT5	KRT6A	KRT6B	KRT6C	KRT7	KRT8
cluster_1610	18	CHCHD1	DCAF13	DNAJC9	FBL	HEATR1	NOL11	NOL7	NOP58	PWP2	RRP9	TBL3	UTP15	UTP18	WDR3	WDR36	WDR43	WDR75	ZNF93
cluster_1611	14	ACBD4	FGD1	OSBP2	OSBPL10	OSBPL11	OSBPL7	PITPNM1	PITPNM2	PITPNM3	RAB3GAP2	RDH10	RMDN2	VAPA	VAPB
cluster_1612	11	ADH6	BPY2	FREM1	KDM3A	MAP1S	RASSF2	RASSF4	RASSF5	RASSF6	SPRR2E	STK3
cluster_1613	17	AQR	BCAS2	BUD31	CDC40	CDC5L	CRNKL1	CWC15	CWF19L1	CWF19L2	DHX35	GPATCH1	ISY1	PLRG1	PRCC	RBM22	SETMAR	XAB2
cluster_1614	23	AATK	C20orf27	CCDC85C	CSRNP1	CSRNP2	PHACTR1	PPP1CA	PPP1CB	PPP1CC	PPP1R10	PPP1R13B	PPP1R14D	PPP1R16B	PPP1R2	PPP1R37	PPP1R3A	PPP1R3G	RASSF10	RASSF7	SFRP5	STC2	TMEM69	WNT2
cluster_1615	17	DLGAP5	DYDC2	KPNA3	NUP153	NUP98	NUSAP1	PTPRE	RAN	RANBP1	RANBP3	RCC1	RGPD1	RGPD3	RGPD5	RGPD8	SLC22A3	TNPO1
cluster_1616	12	PGBD1	ZKSCAN4	ZKSCAN7	ZNF165	ZNF213	ZNF394	ZNF396	ZNF444	ZNF483	ZSCAN21	ZSCAN23	ZSCAN32
cluster_1617	11	BUD31	CDC40	CDC5L	CRNKL1	CTNNBL1	CWF19L2	PLRG1	PPP1R8	RBM5	TTF2	XAB2
cluster_1618	10	ASH1L	BCCIP	C1orf112	DMC1	DNAH9	DPPA3	MCPH1	PALB2	RAD51	SPIDR
cluster_1619	10	ATF5	CAND1	DCUN1D1	DCUN1D4	DIP2B	FRZB	RBX1	SRBD1	TCEANC2	VPREB1
cluster_1620	9	DDX18	DDX47	EIF6	GNL3	MTF1	NOP56	NOP58	RRP9	WDR36
cluster_1621	8	AVEN	BAX	BECN1	BFAR	FAIM2	LGALS7B	PIK3R4	STYK1
cluster_1622	8	BBIP1	BBS10	BBS5	BBS7	BBS9	LRRC27	LZTFL1	PJA2
cluster_1623	7	BARX1	FAM222A	HOXD9	MAB21L1	MEIS1	PBX1	SHOX
cluster_1624	6	C7orf50	DDX51	FAM111A	RPL29	RPL32	RPL4
cluster_1625	6	CIRBP	COPRS	GRHL2	LSM11	PRMT5	ZNF224
cluster_1626	6	MLKL	NME8	NTAN1	RIPK1	TRADD	ZBP1
cluster_1627	5	ABCG2	BAG6	DPT	PAQR9	REG1B
cluster_1628	5	ANGEL1	EIF4A2	EIF4E	EIF4E1B	EIF4E2
cluster_1629	5	ANKRD1	ARHGDIB	CAPN3	MYOM2	TTN
cluster_1630	5	ATF1	GTSF1	MAPK11	MAPK14	PTPN7
cluster_1631	5	BARD1	BRAT1	KIFC1	RBBP8	ZNF350
cluster_1632	5	CA1	HINT3	HSD17B7	NFE4	TFCP2
cluster_1633	5	CABP2	PRR20B	PRR20C	PRR20D	PRR20E
cluster_1634	5	CCDC113	DUOX2	GIT1	GIT2	PSD4
cluster_1635	5	CPEB2	EEF2	EEF2KMT	KIAA1328	NR0B1
cluster_1636	5	FAM222A	MAB21L1	MEIS2	PIGL	PKNOX2
cluster_1637	5	FGF7	SCG2	SCG5	SERPINI2	UBQLN1
cluster_1638	5	GAPDHS	HYAL4	KLRF1	SLC45A2	SLC5A2
cluster_1639	5	KIN	RFX6	SNRNP35	SNRPB	SNRPN
cluster_1640	5	NPPB	NPR1	NPR2	NPR3	SLC35C1
cluster_1641	5	OARD1	RANBP2	RAPGEF3	RGPD3	RGPD4
cluster_1642	4	ACADL	ISCA2	MTHFD2	MTHFD2L
cluster_1643	4	ACTBL2	NDUFA4L2	ODF4	SPATA22
cluster_1644	4	ACTC1	NLRC3	PHACTR2	PLA2R1
cluster_1645	4	ACTR1B	CSPP1	DEFB127	PDGFD
cluster_1646	4	ADA	FLNC	MYBPC2	SGCD
cluster_1647	4	ADCYAP1R1	CLU	EPPIN	MMP25
cluster_1648	4	ADNP2	ZNF280D	ZNF292	ZNF644
cluster_1649	4	ADRB3	GUCA1B	PDE6G	SRC
cluster_1650	4	AFAP1L1	CFAP44	GADD45G	RWDD2B
cluster_1651	4	AGER	HMGB1	HOXC6	MT2A
cluster_1652	4	AKAP6	PDE4A	PRKAR2A	SPA17
cluster_1653	4	ALDOB	BBIP1	BBS5	BBS7
cluster_1654	4	AMBN	INSL6	LRP2	MEPE
cluster_1655	4	AMDHD2	GNPDA1	IGHD	TPMT
cluster_1656	4	AMT	MAP2	MAPT	NCAM2
cluster_1657	4	ANKIB1	DMD	SLC16A3	SNTG2
cluster_1658	4	APBA1	ARHGEF26	CASK	MPP2
cluster_1659	4	APOOL	CHCHD6	IMMT	SLC35B3
cluster_1660	4	ARHGEF9	ARSH	GPHN	KMO
cluster_1661	4	ASB10	CLDN20	HIF1AN	PLA2G6
cluster_1662	4	ASPG	GSDMD	MYOZ3	SGK1
cluster_1663	4	BAG3	GLRX2	HSPB6	HSPB7
cluster_1664	4	BMI1	PCGF1	PCGF2	SFMBT2
cluster_1665	4	C2orf88	ERMAP	GPR161	PRKAR1A
cluster_1666	4	C9orf116	FHL3	THEG	TTLL10
cluster_1667	4	CACNA1S	GUCY2C	PDZD3	TAS2R8
cluster_1668	4	CARD6	CFAP44	CYLD	SPATA2L
cluster_1669	4	CCDC186	MYRIP	RAB27A	RAB27B
cluster_1670	4	CCL4	SLC30A2	TAS2R5	TNFRSF12A
cluster_1671	4	CD163	CSNK2B	GPATCH2	TCEAL7
cluster_1672	4	CD163	FCAR	FCGR1A	PCDH17
cluster_1673	4	CD93	CLDND1	ZDHHC4	ZDHHC8
cluster_1674	4	CDADC1	DNAL4	DYNLL2	DYNLRB1
cluster_1675	4	CDX4	PRKAB2	PUS3	RHEBL1
cluster_1676	4	CELSR1	CELSR2	DTWD2	NAALADL2
cluster_1677	4	CENPB	ZNF223	ZNF816	ZXDA
cluster_1678	4	CEP76	KIAA1143	PDZD7	TTC21A
cluster_1679	4	CFL1	CRIP1	LIMK2	WDR1
cluster_1680	4	CHRNA7	PPP1CC	SFRP5	TCTEX1D4
cluster_1681	4	COL13A1	COLEC11	COLGALT2	PLOD2
cluster_1682	4	CTAG1A	CTAG1B	MAGEC1	STRA8
cluster_1683	4	CYBRD1	GPR141	STX2	STX4
cluster_1684	4	DAGLA	GABRA6	MCOLN1	MCOLN3
cluster_1685	4	DECR2	GBP2	GBP3	GBP7
cluster_1686	4	DIXDC1	KIF19	NDEL1	SLC25A43
cluster_1687	4	DLG1	KIF26B	MPP7	TGFA
cluster_1688	4	DLX6	N6AMT1	RNASEH2A	RNASEH2C
cluster_1689	4	DNAJB4	P2RX6	PBDC1	TTLL1
cluster_1690	4	DRD4	KCNJ15	KCNJ3	KCNJ5
cluster_1691	4	EEF1A2	FUOM	ST6GALNAC1	TBXAS1
cluster_1692	4	FAAH	S1PR5	SCN4A	SLC39A4
cluster_1693	4	FATE1	KCNS2	PRRG2	SYNDIG1
cluster_1694	4	FHL2	ITGB6	ODAM	SIX5
cluster_1695	4	FIG4	GABPB2	RABEPK	VAC14
cluster_1696	4	FXYD7	G2E3	SGTA	SYT4
cluster_1697	4	GP6	LYN	NKAPL	SCIMP
cluster_1698	4	HDAC4	HDAC5	HDAC9	MEF2B
cluster_1699	4	HEXB	METTL23	UBXN6	VCPKMT
cluster_1700	4	HGH1	OGT	THAP3	TRIT1
cluster_1701	4	IQGAP1	MYL1	MYL10	MYL3
cluster_1702	4	KIF5C	KLC1	RUSC2	TRAK1
cluster_1703	4	KRTAP10-1	KRTAP10-7	PRM2	ZFYVE26
cluster_1704	4	NIPAL4	OR2M7	RNF185	TMUB2
cluster_1705	4	NIT2	RNF19A	SNCAIP	SOD1
cluster_1706	4	OGG1	RAD1	RAD9B	ZBTB14
cluster_1707	4	OR2M7	OSBPL5	OSBPL8	OTOP1
cluster_1708	4	PDXP	PLA2G7	PTPRN	PTPRN2
cluster_1709	4	PDZK1	SH2D5	SLC22A12	SLC34A1
cluster_1710	4	PPARGC1A	RXRA	RXRB	RXRG
cluster_1711	4	SLC3A2	SLC7A10	SLC7A7	ZFAND5
cluster_1712	4	TRIM39	ZNF354C	ZNF621	ZNF658
cluster_1713	3	A4GALT	FCGRT	SGCE
cluster_1714	3	AANAT	BHLHE40	PDE6G
cluster_1715	3	ABCA8	FZD6	SFRP1
cluster_1716	3	ABCC4	RASD2	SLC4A7
cluster_1717	3	ABCC8	KCNJ11	TRPM8
cluster_1718	3	ABCG1	ACAD11	CNTN5
cluster_1719	3	ABHD1	CCDC155	NSG1
cluster_1720	3	ABHD17A	ARRDC3	HPGDS
cluster_1721	3	ABO	FZD9	TMEM79
cluster_1722	3	ACACB	BCDIN3D	RGS1
cluster_1723	3	ACADS	NDUFAB1	OXSM
cluster_1724	3	ACOT11	ACOT12	FGFBP2
cluster_1725	3	ACR	NUDT16	TP53BP1
cluster_1726	3	ACSBG2	CMSS1	REG3A
cluster_1727	3	ACSS3	LEFTY1	LEFTY2
cluster_1728	3	ACTA2	IL17RE	LIM2
cluster_1729	3	ACTA2	OR7E24	SCGB1A1
cluster_1730	3	ACTB	REG3A	WBP2NL
cluster_1731	3	ACTR3C	MALL	MS4A12
cluster_1732	3	ACVR1B	INHBA	INHBB
cluster_1733	3	ACYP1	ERBB3	NRG2
cluster_1734	3	ADAM19	NRBP1	NRBP2
cluster_1735	3	ADCY10	ASTE1	ZNF692
cluster_1736	3	ADCY2	ADCY5	RGS2
cluster_1737	3	ADCYAP1	SCT	SCTR
cluster_1738	3	ADGB	PITX3	SFPQ
cluster_1739	3	ADH5	MT1X	TPI1
cluster_1740	3	ADH7	SRRT	TTC21A
cluster_1741	3	ADNP2	CBX5	DAW1
cluster_1742	3	ADORA2A	HRH3	SLC25A39
cluster_1743	3	ADRA1A	ADRA1B	NTNG2
cluster_1744	3	ADRB2	PLA2G2D	PTGER1
cluster_1745	3	ADRB3	PTGER2	SRC
cluster_1746	3	AFAP1	FGD4	PRKCA
cluster_1747	3	AFAP1L1	GADD45G	ZNF763
cluster_1748	3	AGAP2	GRIA2	GRIA4
cluster_1749	3	AGK	SLC25A38	TIMM22
cluster_1750	3	AGR2	CACNA1G	FABP2
cluster_1751	3	AGR2	MUC19	MUC5AC
cluster_1752	3	AGRP	ATP6V0E2	MC4R
cluster_1753	3	AGRP	COL11A2	TK1
cluster_1754	3	AHCYL1	CAPN10	FAM13A
cluster_1755	3	AHRR	ANKRA2	RFX7
cluster_1756	3	AK8	MID1IP1	SLC45A2
cluster_1757	3	ALAS1	JRK	UTP14C
cluster_1758	3	ALDH1L1	PDC	PSMC5
cluster_1759	3	ALG10B	TRAFD1	XKRX
cluster_1760	3	ALG12	MOXD1	SLC39A12
cluster_1761	3	ALKBH1	DNAJB6	RAB20
cluster_1762	3	ALOX15	MB	PEBP1
cluster_1763	3	ALOXE3	ALPK1	TLR7
cluster_1764	3	ALS2CL	RAB22A	RAB5C
cluster_1765	3	AMPD1	AMPD2	AMPD3
cluster_1766	3	ANK2	POPDC2	RTP1
cluster_1767	3	ANKRD2	PRDM9	YBX1
cluster_1768	3	ANKRD45	MAGEA2	MAGEA2B
cluster_1769	3	ANKRD46	MEGF8	RNF157
cluster_1770	3	ANKS3	ANKS6	PITPNC1
cluster_1771	3	ANO4	ENOSF1	SNX20
cluster_1772	3	ANO6	CHRNA10	POPDC2
cluster_1773	3	ANTXR2	C20orf194	HS1BP3
cluster_1774	3	AP1AR	CCDC127	RGS11
cluster_1775	3	AP2B1	MEA1	PSD4
cluster_1776	3	AP5B1	AP5S1	SPG11
cluster_1777	3	APC	NKD1	NTN5
cluster_1778	3	APC2	PPP1R13B	TP53BP2
cluster_1779	3	APOB	ELOVL3	SMPD3
cluster_1780	3	APOL1	MYLIP	VLDLR
cluster_1781	3	APOL6	CIAO1	RGS13
cluster_1782	3	APPBP2	KIF6	MFSD3
cluster_1783	3	APTX	POLB	SLCO3A1
cluster_1784	3	ARC	NDE1	RIN2
cluster_1785	3	ARHGEF5	HSPBAP1	TBC1D13
cluster_1786	3	ARL17A	BTG4	RNF19B
cluster_1787	3	ARL6IP1	MIEF2	SNX10
cluster_1788	3	ARSH	ILDR1	ITCH
cluster_1789	3	ART5	NAGA	PON2
cluster_1790	3	ASAP2	ASAP3	KNDC1
cluster_1791	3	ASAP3	CACNA1S	PDZD3
cluster_1792	3	ASCL4	ENTPD4	PCYOX1
cluster_1793	3	ASPN	ITIH1	ITIH2
cluster_1794	3	ATCAY	GLS	GLS2
cluster_1795	3	ATE1	NTAN1	SLITRK3
cluster_1796	3	ATG4D	DLX1	IMPDH1
cluster_1797	3	ATG9A	DENND5A	SLC2A13
cluster_1798	3	ATP1B2	RTN4	TM4SF5
cluster_1799	3	ATP2A2	SLN	VTCN1
cluster_1800	3	ATP2B2	CYP2B6	SLAMF9
cluster_1801	3	ATP6V0A2	CLCN6	XKR4
cluster_1802	3	ATP6V0B	SYS1	TM4SF19
cluster_1803	3	ATXN1	GMEB2	SETD6
cluster_1804	3	ATXN2	CARD8	SYNJ1
cluster_1805	3	AWAT2	CYP39A1	HERC3
cluster_1806	3	B3GNT5	CRNN	PIFO
cluster_1807	3	B4GALNT3	CACNA2D3	SCGB2A2
cluster_1808	3	B4GALNT3	GAA	SLC8B1
cluster_1809	3	BAG6	EDN1	TAC1
cluster_1810	3	BAIAP2L2	GABPB1	MAGEB18
cluster_1811	3	BANF1	BANF2	KRTAP13-1
cluster_1812	3	BARHL1	RIPPLY2	TLE2
cluster_1813	3	BAZ1A	POLE	POLE4
cluster_1814	3	BBS10	DNAJC7	FRZB
cluster_1815	3	BCKDK	GCNT3	GLRA3
cluster_1816	3	BCL6	BCL6B	ZFPM2
cluster_1817	3	BLK	RNASE3	TAGAP
cluster_1818	3	BMI1	COMMD3-BMI1	PCGF2
cluster_1819	3	BMP15	PPP2R2C	PPP2R2D
cluster_1820	3	BMP3	PRMT6	STARD10
cluster_1821	3	BMPER	FCER2	NOTCH2
cluster_1822	3	BNIP3	CLEC7A	CLN8
cluster_1823	3	BSG	CD99	DDC
cluster_1824	3	BSN	RAB3A	SYTL5
cluster_1825	3	BST1	GXYLT2	PPCS
cluster_1826	3	BVES	DEFB125	UBAC1
cluster_1827	3	C10orf90	ESR2	WDR66
cluster_1828	3	C1QL1	MANEA	TMEM30B
cluster_1829	3	C3	CFHR4	CFI
cluster_1830	3	C3orf14	CEP89	DDX3Y
cluster_1831	3	C4orf19	EEF1A2	TRIM4
cluster_1832	3	C5orf30	NKX3-1	UNC119
cluster_1833	3	C6orf89	HLA-DOA	HTR3A
cluster_1834	3	C7orf25	PRMT9	SF3B2
cluster_1835	3	CA10	PPM1E	PPRC1
cluster_1836	3	CA14	CLSTN3	SCNN1D
cluster_1837	3	CA4	EPB42	SLC4A1
cluster_1838	3	CA5A	REG4	SIRT3
cluster_1839	3	CACNA1B	GJA4	MAP1LC3B
cluster_1840	3	CACNA2D1	PLA2G5	PRSS33
cluster_1841	3	CACNA2D3	MOXD1	SPCS1
cluster_1842	3	CACNG3	GTSF1	RGP1
cluster_1843	3	CADM4	CTNS	IFITM2
cluster_1844	3	CADM4	MPPED1	NARF
cluster_1845	3	CALCR	LRP1	TENM4
cluster_1846	3	CAPN11	PRODH	SLC23A3
cluster_1847	3	CAPZB	DDX53	RCSD1
cluster_1848	3	CASP4	CASP5	PPHLN1
cluster_1849	3	CASQ1	MPV17L2	TRDN
cluster_1850	3	CASR	GABBR1	KCTD16
cluster_1851	3	CASS4	MICAL1	RINL
cluster_1852	3	CATSPER4	ITGA10	SLMAP
cluster_1853	3	CBLL1	CD302	METTL3
cluster_1854	3	CC2D1B	DNAJC2	RWDD1
cluster_1855	3	CCDC136	TBRG1	ZNF230
cluster_1856	3	CCDC141	HOMER2	HOMER3
cluster_1857	3	CCDC42	TFIP11	WSB2
cluster_1858	3	CCDC65	EFCAB1	HERC2
cluster_1859	3	CD1D	PTPRC	PTPRCAP
cluster_1860	3	CD36	CIB1	ITGB3
cluster_1861	3	CD36	CROT	SCRG1
cluster_1862	3	CD3G	EMP1	TMEM262
cluster_1863	3	CD72	MS4A7	SIGLEC10
cluster_1864	3	CD96	NOMO1	NOMO2
cluster_1865	3	CD96	PGA4	PVR
cluster_1866	3	CDA	PFKL	PFKM
cluster_1867	3	CDC20B	CRIP1	UBA5
cluster_1868	3	CDC73	CHD1	RTF1
cluster_1869	3	CDH18	MYOG	PACRGL
cluster_1870	3	CDH19	TAS2R31	TPP2
cluster_1871	3	CDH7	EVA1A	LAMP2
cluster_1872	3	CDHR2	EREG	LGALS1
cluster_1873	3	CDK5RAP2	FAM81B	NOBOX
cluster_1874	3	CDNF	MANF	PARP15
cluster_1875	3	CDO1	TXNRD1	VCX3A
cluster_1876	3	CEP83	CLIP3	POTEB2
cluster_1877	3	CERS2	ELOVL1	ELOVL6
cluster_1878	3	CERS5	CERS6	GPR84
cluster_1879	3	CES3	COX10	SUOX
cluster_1880	3	CFH	CFHR3	NALCN
cluster_1881	3	CFHR1	CFHR2	LBP
cluster_1882	3	CHAC1	RHOXF2	ZNF683
cluster_1883	3	CHN2	LRRIQ3	NCK2
cluster_1884	3	CHRD	KRTAP22-1	TWSG1
cluster_1885	3	CHRNA10	DNAJC18	GABRA6
cluster_1886	3	CHST3	CRP	ST8SIA6
cluster_1887	3	CHST5	CSGALNACT2	NADSYN1
cluster_1888	3	CHST7	PEX11G	PEX19
cluster_1889	3	CIB1	SSX7	TMC7
cluster_1890	3	CIITA	PPARG	PPEF2
cluster_1891	3	CISD2	KIR3DL2	NRG4
cluster_1892	3	CLCA1	KCNMB1	TBXA2R
cluster_1893	3	CLCN4	CLCN5	SLC1A3
cluster_1894	3	CLCN6	PPP2R1A	PPP2R3C
cluster_1895	3	CLDN14	MS4A12	PLLP
cluster_1896	3	CLDN15	GEM	GMIP
cluster_1897	3	CLDN18	THEM4	THEM5
cluster_1898	3	CLEC3B	PLAT	SERPINI1
cluster_1899	3	CLEC9A	RNF41	SRR
cluster_1900	3	CLIP1	NDE1	NDEL1
cluster_1901	3	CLMP	DYTN	KIDINS220
cluster_1902	3	CLNS1A	COPRS	FRMD7
cluster_1903	3	CLRN3	DNAH11	ZDHHC17
cluster_1904	3	CLUH	SIX3	SIX6
cluster_1905	3	CNTN1	NRCAM	SCN3A
cluster_1906	3	COA4	GIMAP8	OAS2
cluster_1907	3	COL1A2	ENPP4	FZD1
cluster_1908	3	COL1A2	PDGFA	PDGFB
cluster_1909	3	COL6A2	COX6A2	DEFB121
cluster_1910	3	COL6A3	DYSF	MYOM2
cluster_1911	3	COMMD2	COMMD7	TRAF7
cluster_1912	3	COMP	KRTAP4-7	OTX1
cluster_1913	3	CORO7-PAM16	IMMP2L	PREPL
cluster_1914	3	CORT	MB	SSTR1
cluster_1915	3	CPLX3	SEMA4A	SIRT5
cluster_1916	3	CPPED1	LZTFL1	SEPSECS
cluster_1917	3	CRABP1	TH	TSPO
cluster_1918	3	CREB3	CREB3L4	LILRB5
cluster_1919	3	CREG1	HAO1	IGF2R
cluster_1920	3	CRISP3	HSPA1A	RP1L1
cluster_1921	3	CRTAC1	OCM2	ZMYM6
cluster_1922	3	CRX	M1AP	NRL
cluster_1923	3	CRY2	KRTAP5-1	KRTAP5-4
cluster_1924	3	CSAG1	SPATA1	TLK1
cluster_1925	3	CSF1	CSF1R	STAP2
cluster_1926	3	CSF2	CSF2RA	SDC2
cluster_1927	3	CSF2RB	IL3	IL3RA
cluster_1928	3	CSNK2A2	GALNT8	NKAPL
cluster_1929	3	CTAG1A	CTAG1B	KIF26A
cluster_1930	3	CTBP2	HIC2	TAAR1
cluster_1931	3	CTC1	TEN1	YTHDC2
cluster_1932	3	CTCFL	NFYB	SP1
cluster_1933	3	CTF1	FBXO2	LIFR
cluster_1934	3	CTF1	IL19	S100A6
cluster_1935	3	CTH	HOXD3	PTCRA
cluster_1936	3	CXCL9	CXCR3	EPGN
cluster_1937	3	CXorf56	GOLGA1	PDCL2
cluster_1938	3	CYBA	NCF2	NOX4
cluster_1939	3	CYP3A5	CYP3A7	ETV5
cluster_1940	3	CYP4V2	GATC	TOMM20L
cluster_1941	3	CYP8B1	TACSTD2	UNC5C
cluster_1942	3	DAG1	DRP2	RAPSN
cluster_1943	3	DCAF8	DCAF8L1	PDE7A
cluster_1944	3	DDX19B	FCGBP	KIF25
cluster_1945	3	DEAF1	GSK3A	LAMC3
cluster_1946	3	DEFB108B	GPR152	SLC13A4
cluster_1947	3	DEFB121	DYNLRB2	TCTEX1D2
cluster_1948	3	DEFB4A	IL19	ZMPSTE24
cluster_1949	3	DGAT2	RPE65	SLC27A1
cluster_1950	3	DGKD	DGKG	DGKH
cluster_1951	3	DGKG	DHTKD1	RIMKLA
cluster_1952	3	DGKQ	HAVCR2	KDM5B
cluster_1953	3	DHX34	FEZ2	TRMT2A
cluster_1954	3	DISC1	TIAM2	ZNF365
cluster_1955	3	DLG1	MPP7	SSTR1
cluster_1956	3	DNAH5	PATL2	RRBP1
cluster_1957	3	DNASE2	ITIH4	TMPRSS2
cluster_1958	3	DPEP2	DPEP3	FCN3
cluster_1959	3	DPM2	HTR3C	METTL25
cluster_1960	3	DPY19L2	GUK1	WNT9B
cluster_1961	3	DSE	PARS2	SLC7A14
cluster_1962	3	DSG1	DSP	SERPINB12
cluster_1963	3	DTX3L	PARP14	RBM43
cluster_1964	3	E2F2	E2F3	E2F6
cluster_1965	3	EBF2	EBF3	TCN1
cluster_1966	3	ECM2	MYLK3	OBSL1
cluster_1967	3	EDA2R	MEI1	TK1
cluster_1968	3	EDIL3	HPX	TF
cluster_1969	3	EEF1A2	OR4D2	SLC13A5
cluster_1970	3	EEFSEC	TRPT1	ZYG11B
cluster_1971	3	EFCAB1	GATM	PDE4DIP
cluster_1972	3	EID2	NSMCE1	ZNF597
cluster_1973	3	EIF2S3	EIF5	PRMT7
cluster_1974	3	ELAVL4	MNDA	STAU1
cluster_1975	3	EMID1	P3H1	RENBP
cluster_1976	3	EML2	EXD1	SPANXA2
cluster_1977	3	ENTPD1	HMGCS2	PDE4DIP
cluster_1978	3	EPM2A	NNAT	PPP1R3C
cluster_1979	3	ERAP1	ROMO1	STARD10
cluster_1980	3	ERMN	SULT4A1	XKR6
cluster_1981	3	ETNK1	ETNK2	PNLIP
cluster_1982	3	EXOC3L2	GAGE12G	GAGE2E
cluster_1983	3	EYA1	EYA2	EYA4
cluster_1984	3	EYA2	LGALS4	SIX4
cluster_1985	3	F10	PRSS3	TFPI
cluster_1986	3	F3	F7	FCRL2
cluster_1987	3	F8A1	RAB30	SLC25A37
cluster_1988	3	FAM107B	OSTN	PCNP
cluster_1989	3	FBN3	HYDIN	TBCA
cluster_1990	3	FBXO24	KDM1A	NOL4L
cluster_1991	3	FBXO24	NME1	TCTEX1D1
cluster_1992	3	FECH	GNA15	TRIM74
cluster_1993	3	FECH	PLA2G6	RCBTB2
cluster_1994	3	FEM1B	RAB41	YJEFN3
cluster_1995	3	FES	FKBP4	RPS10-NUDT3
cluster_1996	3	FIS1	PEX11A	PEX11G
cluster_1997	3	FKBP1A	GSTO2	TRPC7
cluster_1998	3	FLT3LG	KITLG	S100A6
cluster_1999	3	FMO2	STK38	STK38L
