cluster_0	29	NIPA1	PSMA1	PSMA2	PSMA3	PSMA4	PSMA5	PSMA6	PSMA7	PSMB1	PSMB3	PSMB4	PSMB5	PSMB7	PSMC1	PSMC2	PSMC3	PSMC4	PSMC5	PSMC6	PSMD1	PSMD11	PSMD12	PSMD13	PSMD14	PSMD2	PSMD4	PSMD6	PSMD7	UCHL5
cluster_1	24	CBY1	CGN	DCLK1	DENND1A	DENND4C	EIF4E2	GIGYF1	INPP5E	KCTD3	KIF13B	KSR1	LPIN3	LRFN1	MAGI1	MAST3	PPM1H	RPTOR	RTKN	SH3PXD2A	SIPA1L1	SRGAP2	TESK2	ZBTB21	ZNF638
cluster_2	22	ARID1A	ARID1B	ARID2	BCL7C	BRD9	DPF1	DPF2	DPF3	GLTSCR1	PBRM1	PHF10	SMARCA2	SMARCA4	SMARCB1	SMARCC1	SMARCD1	SMARCD2	SMARCD3	SMARCE1	SS18	SS18L1	STK11IP
cluster_3	21	ADRM1	PSMC1	PSMC2	PSMC3	PSMC4	PSMC5	PSMC6	PSMD1	PSMD10	PSMD11	PSMD12	PSMD13	PSMD14	PSMD2	PSMD3	PSMD4	PSMD6	PSMD7	PSMD8	TMEM31	UCHL5
cluster_4	20	ADRM1	PLK1	PSMA1	PSMA2	PSMA3	PSMA4	PSMA5	PSMA6	PSMA7	PSMB1	PSMB2	PSMB3	PSMB4	PSMB5	PSMB6	PSMB7	PSMC5	PSMD13	PSMD5	PSMD6
cluster_5	18	CCDC101	CSRP2BP	EDC4	KAT2A	KAT2B	MBIP	SUPT20H	SUPT3H	SUPT7L	TADA1	TADA2B	TADA3	TAF5L	TAF6L	TAF9	TAF9B	YEATS2	ZZZ3
cluster_6	17	APOA2	MED1	MED10	MED11	MED14	MED17	MED19	MED20	MED21	MED27	MED30	MED31	MED4	MED6	MED7	MED8	MED9
cluster_7	17	ATG16L1	MED1	MED10	MED15	MED16	MED17	MED20	MED21	MED22	MED24	MED27	MED29	MED30	MED4	MED6	MED7	MED8
cluster_8	17	CRCP	POLR1D	POLR2E	POLR2F	POLR2H	POLR2K	POLR2L	POLR3A	POLR3B	POLR3C	POLR3D	POLR3F	POLR3G	POLR3GL	POLR3H	POLR3K	RYBP
cluster_9	17	PSMA1	PSMA3	PSMA4	PSMA5	PSMA6	PSMA7	PSMB1	PSMB2	PSMB3	PSMB5	PSMC1	PSMC3	PSMD11	PSMD12	PSMD13	PSMD4	SLC44A5
cluster_10	16	ASH2L	BOD1L1	CXXC1	HCFC1	HCFC2	KDM6A	KMT2A	KMT2B	KMT2C	KMT2D	NCOA6	PAXIP1	RBBP5	SETD1A	SETD1B	WDR82
cluster_11	16	ATXN7	ATXN7L2	ATXN7L3	CCDC101	KLF6	SUPT20H	SUPT3H	SUPT7L	TADA1	TADA2B	TADA3	TAF12	TAF5L	TAF6L	TAF9	TAF9B
cluster_12	16	C1D	EIF4E2	EXOSC1	EXOSC10	EXOSC2	EXOSC3	EXOSC4	EXOSC5	EXOSC6	EXOSC7	EXOSC9	GIGYF2	MPHOSPH6	RBM7	SKIV2L2	ZCCHC8
cluster_13	16	MED1	MED10	MED12	MED13	MED14	MED15	MED16	MED17	MED23	MED24	MED25	MED26	MED27	MED29	MED31	QKI
cluster_14	16	PSMA1	PSMA4	PSMA6	PSMA7	PSMC2	PSMC3	PSMC4	PSMC5	PSMD1	PSMD11	PSMD12	PSMD2	PSMD3	PSMD6	PSMD8	PTCH1
cluster_15	15	ADRM1	LRRK2	PSMA1	PSMA3	PSMA6	PSMA7	PSMB1	PSMB2	PSMB3	PSMB5	PSMB6	PSMD11	PSMD4	PSMD6	PSMD8
cluster_16	15	ANKZF1	PSMA5	PSMA6	PSMB2	PSMB7	PSMC3	PSMC4	PSMC5	PSMC6	PSMD11	PSMD12	PSMD13	PSMD3	PSMD6	PSMD7
cluster_17	15	CDK8	MED1	MED12	MED13	MED14	MED15	MED17	MED21	MED23	MED24	MED25	MED26	MED6	MED7	SREBF1
cluster_18	15	CLEC16A	PSMA1	PSMA2	PSMA3	PSMA5	PSMB1	PSMB3	PSMB4	PSMB6	PSMC6	PSMD10	PSMD11	PSMD13	PSMD6	PSMD7
cluster_19	15	HSPB11	IFT172	IFT20	IFT22	IFT27	IFT46	IFT52	IFT57	IFT74	IFT80	IFT81	IFT88	TTC26	TTC30A	TTC30B
cluster_20	14	ATXN2	DHX9	EPRS	GAPDH	HNRNPA1	HNRNPA2B1	HNRNPAB	HNRNPD	HNRNPU	ILF3	PABPC1	PABPC4	SRA1	SYNCRIP
cluster_21	14	ATXN2L	CCNT1	CPSF7	DDX42	EPB41L2	FAM76B	MFAP1	NSRP1	NUFIP2	PPP1R10	PRPF40A	RBM25	TAF2	TOX4
cluster_22	14	CCND2	PSMA3	PSMA4	PSMB6	PSMC1	PSMC2	PSMC3	PSMC4	PSMC5	PSMD10	PSMD12	PSMD3	PSMD5	PSME2
cluster_23	14	CDK8	MED14	MED15	MED16	MED17	MED19	MED20	MED22	MED24	MED25	MED4	MED6	MED9	SMAD1
cluster_24	14	CHD3	CHD4	EZH2	GATAD2A	GATAD2B	HDAC1	MBD2	MBD3	MTA1	MTA2	MTA3	RBBP4	SALL4	SUZ12
cluster_25	14	COPS2	COPS3	COPS4	COPS5	COPS6	COPS7B	COPS8	CUL2	CUL5	DCUN1D1	FEM1B	GPS1	MYEOV2	NEDD8
cluster_26	14	MED26	POLR2A	POLR2B	POLR2C	POLR2D	POLR2E	POLR2F	POLR2G	POLR2H	POLR2I	POLR2J	POLR2K	POLR2L	TCEB3
cluster_27	14	MID1	PSMA1	PSMA6	PSMB1	PSMB4	PSMB5	PSMB6	PSMC1	PSMC2	PSMC6	PSMD14	PSMD2	PSMD3	PSMD7
cluster_28	13	ACTL6A	BCL7A	DPF2	RELB	SMARCA2	SMARCA4	SMARCB1	SMARCC1	SMARCC2	SMARCD1	SMARCD2	SMARCD3	SMARCE1
cluster_29	13	CD274	PSMA1	PSMA3	PSMA4	PSMA7	PSMB5	PSMB6	PSMC4	PSMD1	PSMD12	PSMD6	PSMD8	RAD23B
cluster_30	13	CSNK2A3	EIF3B	EIF3C	EIF3D	EIF3E	EIF3F	EIF3G	EIF3H	EIF3I	EIF3J	EIF3K	EIF3L	EIF3M
cluster_31	13	HSD17B10	PSMB1	PSMC1	PSMC4	PSMC5	PSMC6	PSMD1	PSMD11	PSMD12	PSMD14	PSMD3	PSMD6	PSMD7
cluster_32	13	PAAF1	PSMC3	PSMC4	PSMC5	PSMC6	PSMD10	PSMD11	PSMD12	PSMD2	PSMD3	PSMD6	UCHL5	ZFAND2B
cluster_33	13	PSEN1	PSMA2	PSMA4	PSMA5	PSMA6	PSMA7	PSMB1	PSMB2	PSMB5	PSMC2	PSMC3	PSMD14	PSMD2
cluster_34	13	PSMA1	PSMA2	PSMB3	PSMB5	PSMB6	PSMB7	PSMC3	PSMC4	PSMD1	PSMD10	PSMD3	PSMD4	TRIM14
cluster_35	12	ACTL6B	ARID1B	BCL7A	BCL7C	DPF1	DPF2	DPF3	SMARCA2	SMARCB1	SMARCC2	SMARCD1	SS18
cluster_36	12	ANAPC1	ANAPC10	ANAPC16	ANAPC4	ANAPC5	ANAPC7	BUB1B	CDC16	CDC20	CDC23	CDC26	CDC27
cluster_37	12	BCL11A	BPTF	C17orf49	CDK2AP1	LIN37	LIN9	MBD2	MRPL22	MTA3	MYBL2	SAP30	SUDS3
cluster_38	12	CAPZA2	CFL2	DBN1	FLNA	IQGAP1	LIMA1	MYH9	MYO18A	MYO19	MYO1C	PPP1CB	SYNPO
cluster_39	12	CD3EAP	PDRG1	POLR1A	POLR1B	POLR1D	POLR1E	POLR2L	POLR3A	POLR3B	SKAP1	URI1	UXT
cluster_40	12	FGF11	PSMA5	PSMA6	PSMB1	PSMB5	PSMB6	PSMC1	PSMC3	PSMC5	PSMD11	PSMD14	PSMD3
cluster_41	12	GPN1	POLR1D	POLR2B	POLR2C	POLR2G	POLR2J	POLR2K	POLR2L	POLR2M	POLR3A	POLR3B	RPAP1
cluster_42	12	MDM2	PSMA3	PSMA7	PSMB6	PSMC1	PSMC3	PSMC5	PSMC6	PSMD1	PSMD10	PSMD2	PSMD4
cluster_43	12	MRPL17	MRPL18	MRPL19	MRPL21	MRPL27	MRPL30	MRPL38	MRPL39	MRPL4	MRPL49	MRPL50	NHP2
cluster_44	12	NEDD4	POLR1B	POLR2A	POLR2B	POLR2C	POLR2E	POLR2M	POLR3A	RPAP2	RPAP3	RPRD1B	URI1
cluster_45	12	PSMA1	PSMA3	PSMA4	PSMA6	PSMA7	PSMB2	PSMB3	PSMC4	PSMD12	PSMD13	PSMD7	SHARPIN
cluster_46	11	ARID4B	BCL11A	HDAC1	HDAC2	MBD3	MTA1	MTA2	RBBP4	RBBP7	SAP30	SIRT1
cluster_47	11	ARID4B	BRMS1L	HDAC1	PHF23	RBBP4	RBBP7	SAP130	SAP30	SIN3A	SIN3B	SUDS3
cluster_48	11	ARNTL	CCDC132	CCDC93	CLOCK	HAUS6	NCKAP5L	PHLDB3	RABGAP1L	TUFT1	VPS51	VPS53
cluster_49	11	BTBD1	COPS2	COPS3	COPS4	COPS6	COPS7A	COPS7B	COPS8	GPS1	LRR1	MYEOV2
cluster_50	11	C15orf59	CCDC22	COMMD1	COMMD10	COMMD2	COMMD3	COMMD5	COMMD7	COMMD8	COMMD9	FAM45A
cluster_51	11	CANX	CCDC47	DDOST	MAGT1	MLEC	OST4	RPN1	RPN2	STT3A	STT3B	TIA1
cluster_52	11	CD3EAP	POLR1A	POLR1B	POLR1D	POLR1E	POLR2E	POLR2F	POLR2K	POLR2L	TWISTNB	ZNRD1
cluster_53	11	EIF4G1	GOPC	HSPH1	PSMC1	PSMC2	PSMC3	PSMC4	PSMC5	PSMC6	PSMD11	PSMD13
cluster_54	11	ELP6	PSMA2	PSMA3	PSMA4	PSMA6	PSMB3	PSMB5	PSMB6	PSMB8	PSMC4	PSMC5
cluster_55	11	MBL2	PSMA1	PSMA2	PSMA3	PSMA6	PSMB1	PSMB2	PSMB3	PSMB4	PSMB7	PSME4
cluster_56	11	NINL	PSMA1	PSMA2	PSMA6	PSMB1	PSMB5	PSMB7	PSMC1	PSMC3	PSMD11	PSMD12
cluster_57	11	PSMA1	PSMA3	PSMA4	PSMA5	PSMA6	PSMA7	PSMB1	PSMB3	PSMB5	PSMB6	UNKL
cluster_58	11	PSMA4	PSMA5	PSMA6	PSMA7	PSMC2	PSMC3	PSMC5	PSMD12	PSMD8	RAD23B	RNF185
cluster_59	11	PSMB5	PSMC1	PSMC2	PSMC3	PSMC5	PSMD1	PSMD12	PSMD13	PSMD3	PSMD7	TRAF6
cluster_60	10	ABCE1	PSMA2	PSMA5	PSMB3	PSMC2	PSMD1	PSMD13	PSMD14	PSMD4	PSMD8
cluster_61	10	ABI1	BAIAP2	CYFIP1	CYFIP2	KIAA1522	NCK1	NCK2	NCKAP1	WASF1	WASF2
cluster_62	10	ACTL6A	ARID1B	BCL7B	HDGFRP2	SMARCA2	SMARCC1	SMARCC2	SMARCD1	SMARCD2	SMARCE1
cluster_63	10	ACTR10	ACTR1A	ACTR1B	DCTN1	DCTN2	DCTN3	DCTN4	DCTN5	DCTN6	KLHL2
cluster_64	10	ACTR2	ACTR3	ARPC1A	ARPC1B	ARPC2	ARPC3	ARPC4	ARPC5	ARPC5L	CD109
cluster_65	10	ADRM1	ATG16L1	PSMA1	PSMA3	PSMA4	PSMA6	PSMC2	PSMC3	PSMD2	PSMD4
cluster_66	10	AGBL4	CCT2	CCT3	CCT4	CCT5	CCT6A	CCT6B	CCT7	CCT8	TCP1
cluster_67	10	ARCN1	COPA	COPB1	COPB2	COPE	COPG1	COPG2	COPZ1	GOLPH3	GOLPH3L
cluster_68	10	ARID1A	ARID1B	DPF2	PDCD6	SMARCA2	SMARCB1	SMARCC1	SMARCC2	SMARCD1	SMARCE1
cluster_69	10	ARMC8	GID8	MAEA	MKLN1	RAB8A	RANBP10	RMND5A	RMND5B	WDR26	YPEL5
cluster_70	10	ATXN1	ATXN2	EIF4ENIF1	FUBP3	PRRC2A	PRRC2B	PUM1	R3HDM1	R3HDM2	UBAP2L
cluster_71	10	BCOR	CBX7	PCGF1	PCGF2	PCGF3	PCGF5	PCGF6	PHC1	PHC3	RING1
cluster_72	10	BNIP1	C19orf25	NBAS	RINT1	SCFD1	SCFD2	SEC22B	STX18	USE1	ZW10
cluster_73	10	BRD4	CDK9	DHX9	HEXIM1	HNRNPA1	HNRNPA2B1	HNRNPR	LARP7	MEPCE	RN7SK
cluster_74	10	CBY1	CGN	CWC25	GIGYF1	INPP5E	KCTD3	KIF13B	KSR1	LPIN3	ZBTB21
cluster_75	10	CTNNB1	PSMA5	PSMB6	PSMC3	PSMC5	PSMC6	PSMD1	PSMD3	PSMD4	PSMD7
cluster_76	10	CTTNBP2	CTTNBP2NL	DYNLL1	DYNLL2	MOB4	STRIP1	STRIP2	STRN	STRN3	STRN4
cluster_77	10	EIF3A	EIF3B	EIF3C	EIF3D	EIF3F	EIF3G	EIF3H	EIF3I	EIF4G1	USP3
cluster_78	10	FAM46C	PSMA1	PSMA2	PSMA3	PSMA6	PSMB4	PSMC1	PSMC4	PSME1	PSME2
cluster_79	10	GLE1	KPNB1	NUP107	NUP133	NUP153	NUP214	NUP62	NUP88	NUP98	RAN
cluster_80	10	HIST1H2BD	HIST1H2BH	HIST1H2BJ	HIST1H2BK	HIST1H2BL	HIST1H2BN	HIST1H2BO	HIST2H2BF	LOC102724334	PDS5B
cluster_81	10	KCMF1	PSMC1	PSMC5	PSMD11	PSMD12	PSMD13	PSMD3	PSMD7	PSMD8	UCHL5
cluster_82	10	MCFD2	PSMC2	PSMC4	PSMD11	PSMD12	PSMD14	PSMD3	PSMD4	PSMD6	PSMD7
cluster_83	10	MRPS17	MRPS18B	MRPS23	MRPS25	MRPS31	MRPS35	MRPS5	MRPS7	MRPS9	TULP3
cluster_84	10	OGT	PSMB2	PSMC1	PSMC2	PSMC3	PSMC4	PSMC5	PSMD12	PSMD4	UCHL5
cluster_85	10	POLR2A	POLR2B	POLR2C	POLR2E	POLR2G	RPRD1A	RPRD1B	RPRD2	SCAF4	WWOX
cluster_86	10	PSMA1	PSMA2	PSMA3	PSMA6	PSMB1	PSMB5	PSMC3	PSMC6	PSMD4	SLC44A2
cluster_87	10	PSMA5	PSMC4	PSMC5	PSMD1	PSMD12	PSMD13	PSMD3	PSMD6	PSMD8	TEX101
cluster_88	10	SNRPA1	SNRPB	SNRPB2	SNRPD1	SNRPD3	SNRPE	SNRPF	SNRPG	SNRPN	SNUPN
cluster_89	9	AAK1	AP1B1	AP2A1	AP2A2	AP2B1	AP2M1	AP2S1	CLTA	CLTB
cluster_90	9	ADRM1	PLS3	PSMC3	PSMC6	PSMD11	PSMD12	PSMD13	PSMD14	PSMD6
cluster_91	9	AIMP1	AIMP2	CIAPIN1	DARS	EPRS	IARS	KARS	LARS	MARS
cluster_92	9	ALDH1L1	PSMC1	PSMC2	PSMC3	PSMC4	PSMC5	PSMD1	PSMD12	PSMD14
cluster_93	9	ARID1B	BCL7C	DPF2	EPAS1	SMARCA2	SMARCA4	SMARCB1	SMARCC1	SMARCC2
cluster_94	9	ASAH1	PSMA3	PSMB6	PSMB7	PSMC5	PSMD1	PSMD11	PSMD3	PSMD6
cluster_95	9	ATG7	HSPH1	PSMC2	PSMC6	PSMD10	PSMD11	PSMD12	PSMD13	PSMD2
cluster_96	9	AURKA	PSMA1	PSMA2	PSMA5	PSMA6	PSMB1	PSMB3	PSMB5	PSMB7
cluster_97	9	CCDC101	CSRP2BP	E2F1	KAT2A	KAT2B	MBIP	TADA3	YEATS2	ZZZ3
cluster_98	9	CCNT1	DDX42	FAM76B	NSRP1	PPIL4	PPP1R10	RBM15B	TOX4	WDR82
cluster_99	9	CCT2	CCT3	CCT4	CCT6A	CCT7	CCT8	PFDN1	TUBA1B	TUBB4B
cluster_100	9	CHCHD2	HAUS1	HAUS2	HAUS3	HAUS4	HAUS5	HAUS6	HAUS7	HAUS8
cluster_101	9	CHD4	HDAC1	HDAC2	MTA1	MTA2	MTA3	NACC2	RBBP4	RBBP7
cluster_102	9	CKAP4	DNAJC1	ESYT2	LRRC59	PTPN1	SEC61B	STIM1	TMPO	ZNF622
cluster_103	9	CLASP1	CLASP2	SFN	YWHAB	YWHAE	YWHAG	YWHAH	YWHAQ	YWHAZ
cluster_104	9	COMMD1	COMMD10	COMMD2	COMMD4	COMMD5	COMMD6	COMMD7	COMMD8	RELA
cluster_105	9	CXXC1	HCFC2	KANSL1	KANSL2	KANSL3	KAT8	MCRS1	OGT	SETD1A
cluster_106	9	DAZL	HELZ	OTUD4	PRRC2A	R3HDM2	UBAP2L	YTHDF2	YTHDF3	ZCCHC2
cluster_107	9	DUSP15	PSMC3	PSMC5	PSMD1	PSMD13	PSMD2	PSMD3	PSMD6	PSMD7
cluster_108	9	ERCC6	POLR1A	POLR2A	POLR2B	POLR2C	POLR2D	POLR2E	POLR2G	POLR2H
cluster_109	9	FGFR1OP2	MOB4	SIKE1	SLMAP	STRIP1	STRIP2	STRN	STRN3	STRN4
cluster_110	9	IKBKAP	PSMA2	PSMB5	PSMC1	PSMC4	PSMC5	PSMD11	PSMD12	PSMD4
cluster_111	9	KRTAP5-2	KRTAP5-4	KRTAP5-9	LCE1D	LCE1F	LCE2C	LCE3B	LCE5A	UBE2I
cluster_112	9	MED14	MED17	MED22	MED26	MED27	MED29	MED6	MED8	ZCCHC10
cluster_113	9	NELFE	PSMA1	PSMA3	PSMA5	PSMA6	PSMB4	PSMB6	PSMD11	PSMD13
cluster_114	9	PDRG1	POLR1A	POLR1B	POLR2B	POLR2J	POLR3A	POLR3E	TRIM52	URI1
cluster_115	9	PSMA1	PSMA2	PSMA3	PSMA4	PSMA5	PSMB3	PSMB4	PSMD1	UBA2
cluster_116	9	PSMA1	PSMA3	PSMA5	PSMB3	PSMC1	PSMC2	PSMC5	PSME4	SART3
cluster_117	9	PSMA1	PSMA4	PSMA5	PSMA6	PSMB5	PSMC6	PSMD13	PSMD7	SLC44A3
cluster_118	9	PSMA2	PSMA3	PSMB5	PSMC3	PSMC6	PSMD11	PSMD12	PSMD13	SLC44A1
cluster_119	9	PSMA2	PSMA5	PSMA6	PSMB2	PSMC3	PSMC5	PSMC6	PSMD3	RB1CC1
cluster_120	9	PSMA3	PSMB7	PSMC3	PSMC4	PSMD10	PSMD13	PSMD8	RAD23B	SOCS5
cluster_121	9	PSMC3	PSMC4	PSMC5	PSMC6	PSMD1	PSMD14	PSMD2	PSMD4	TMEM67
cluster_122	8	ACTR5	ACTR8	INO80	INO80B	INO80C	INO80D	INO80E	NFRKB
cluster_123	8	ADNP2	CHAF1A	CHAF1B	DSN1	MIS12	NSL1	PMF1	SCAI
cluster_124	8	ADRM1	AIFM1	PSMC2	PSMC6	PSMD1	PSMD10	PSMD2	PSMD4
cluster_125	8	ADRM1	PSMA2	PSMA4	PSMC4	PSMD14	PSMD3	PSMD4	UBB
cluster_126	8	AIMP1	EPRS	IARS	KARS	LARS	QARS	RARS	TARSL2
cluster_127	8	ALG13	CELF1	DAZL	FUBP3	PRRC2B	SF1	YTHDF1	YTHDF3
cluster_128	8	ALG13	CPEB4	FAM120C	KIAA0355	PRRC2B	SMG7	TNRC6A	TRIM66
cluster_129	8	AP2A1	AP2B1	AP2M1	BMP2K	CLINT1	CLTA	CLTB	DNAJC6
cluster_130	8	ARF6	DMD	EPHA2	LAMTOR1	LYN	MARCKS	MCAM	RAB2A
cluster_131	8	ARID4B	BCL11A	GOLGA2	SAP130	SIN3A	SIN3B	SUDS3	ZNF512B
cluster_132	8	ARID4B	BRMS1L	DKK2	ING1	SAP130	SAP30	SIN3A	SUDS3
cluster_133	8	ASB7	PDRG1	POLR1A	POLR3A	RPAP3	URI1	UXT	WDR92
cluster_134	8	ASNA1	PSMA2	PSMA4	PSMB1	PSMB2	PSMB3	PSMB5	PSMB6
cluster_135	8	ATG5	PSMA7	PSMB5	PSMC1	PSMD10	PSMD12	PSMD13	PSMD6
cluster_136	8	ATP5A1	ATP5B	ATP5C1	ATP5D	ATP5F1	ATP5H	ATP5O	HTR1B
cluster_137	8	ATP6V1A	COMT	LRPPRC	NDUFA9	NDUFS1	NDUFV1	NNT	UQCRC1
cluster_138	8	ATRNL1	CLCN3	CLCN4	CLCN5	LNPEP	LYSMD4	MCOLN1	SMCR8
cluster_139	8	BCL9	BCL9L	ISL2	LDB1	ORC6	PYGO1	SSBP2	SSBP3
cluster_140	8	BICD1	IFT22	IFT27	IFT46	IFT74	IFT81	TTC26	TTC30A
cluster_141	8	BLMH	CALML5	CASP14	CTSD	IVL	POF1B	SERPINB3	SERPINB5
cluster_142	8	BSG	COG1	COG2	COG3	COG4	COG5	COG7	COG8
cluster_143	8	BYSL	CHCHD1	MRPS17	MRPS18B	MRPS22	MRPS26	MRPS27	MRPS34
cluster_144	8	CAD	HSPH1	MBD2	PSMC2	PSMC3	PSMC5	PSMD2	PSMD7
cluster_145	8	CCDC22	COMMD1	COMMD2	COMMD3	COMMD4	COMMD6	COMMD8	NUP62
cluster_146	8	CDCA5	PDS5A	PDS5B	SMC1A	SMC3	STAG1	STAG2	WAPAL
cluster_147	8	CDH23	CSRP2BP	MBIP	TADA1	TADA3	TAF5L	TAF6L	YEATS2
cluster_148	8	CDK8	HERC2	MED1	MED10	MED14	MED17	MED19	MED30
cluster_149	8	CDK8	HIF1A	MED12	MED13	MED13L	MED14	MED15	MED23
cluster_150	8	CEP85	CPEB4	PATL1	TNRC6A	TNRC6B	VIM	YTHDF1	YTHDF2
cluster_151	8	CHD4	GATAD2B	LIN9	MBD3	MTA1	MTA2	MTA3	TCF19
cluster_152	8	CKAP4	EMD	HDGF	LMNB1	LRRC59	RPN2	SSR1	TMPO
cluster_153	8	CLIC4	PSMA1	PSMA2	PSMA3	PSMA5	PSMB1	PSMB4	PSMB7
cluster_154	8	CNOT1	CNOT10	CNOT11	CNOT2	CNOT3	CNOT6L	CNOT7	PDK4
cluster_155	8	CNOT11	CNOT2	CNOT6	CNOT6L	CNOT7	NFKB1	TNKS1BP1	ZFP36
cluster_156	8	COPS3	COPS4	COPS5	COPS6	CUL5	DCUN1D1	GPS1	KLHL42
cluster_157	8	CPNE2	POLR2A	POLR2B	POLR2D	POLR2I	POLR2J	POLR2M	RPAP2
cluster_158	8	DDX20	GEMIN2	GEMIN4	GEMIN5	GEMIN6	GEMIN7	GEMIN8	STRAP
cluster_159	8	DVL2	PSMA1	PSMA7	PSMC6	PSMD11	PSMD12	PSMD13	PSMD8
cluster_160	8	EIF1AX	HIST1H2BA	HIST1H2BC	HIST1H2BD	HIST1H2BH	HIST1H2BJ	HIST1H2BK	HIST1H2BL
cluster_161	8	EMC1	EMC10	EMC2	EMC3	EMC4	EMC7	EMC8	TRDN
cluster_162	8	FKBP5	POLR1B	POLR2B	POLR2E	POLR3B	RPAP3	URI1	WDR92
cluster_163	8	GATAD1	HDAC1	RBBP4	RBBP7	SAP30	SIN3A	SIN3B	TNRC18
cluster_164	8	GCOM1	POLR2B	POLR2C	POLR2E	POLR2F	POLR2J	POLR2K	RPAP2
cluster_165	8	GPN1	MAPK6	POLR1A	POLR2A	POLR2B	POLR2C	POLR2H	POLR2L
cluster_166	8	HSPB1	PSMA3	PSMA6	PSMB2	PSMC1	PSMD1	PSMD14	PSMD3
cluster_167	8	HTRA4	PSMA6	PSMB3	PSMB4	PSMC1	PSMC5	PSMD12	PSMD13
cluster_168	8	INTU	PSMC3	PSMC4	PSMC6	PSMD12	PSMD13	PSMD7	PSMD8
cluster_169	8	KRTAP10-3	KRTAP10-7	KRTAP10-8	KRTAP10-9	KRTAP4-2	KRTAP5-9	KRTAP9-2	TYRO3
cluster_170	8	KSR2	PDRG1	PFDN6	POLR2E	POLR3A	RPAP3	URI1	WDR92
cluster_171	8	LAMP1	LAMTOR1	RAB11A	RAB4A	RAB7A	STX6	STX7	VIPAS39
cluster_172	8	MED1	MED12	MED14	MED16	MED17	MED20	MED21	PPARGC1A
cluster_173	8	MED1	MED15	MED23	MED24	MED26	MED7	MED8	PML
cluster_174	8	MRPL12	SEPT11	SEPT2	SEPT3	SEPT5	SEPT6	SEPT7	SEPT8
cluster_175	8	MYH10	MYH14	MYH9	MYL12A	MYL12B	MYL6	MYL6B	MYL9
cluster_176	8	NFXL1	TUBA1A	TUBA1C	TUBA4A	TUBB	TUBB2A	TUBB3	TUBB4B
cluster_177	8	OTUB1	PSMA1	PSMA4	PSMD11	PSMD12	PSMD13	PSMD6	PSMD7
cluster_178	8	POLR1D	POLR2D	POLR2G	POLR2H	POLR2K	POLR2L	POLR3B	TPT1
cluster_179	8	PSMA3	PSMA4	PSMC1	PSMC4	PSMD11	PSMD13	PSMD14	TGFBR2
cluster_180	8	PSMA4	PSMA5	PSMA6	PSMA7	PSMB1	PSMB4	PSMD3	RNF8
cluster_181	8	PSMA4	PSMA6	PSMA7	PSMB1	PSMB2	PSMB3	PSMB5	PYCRL
cluster_182	8	PSMA4	PSMA6	PSMB1	PSMB4	PSMC3	PSMC6	PSMD12	PTPN11
cluster_183	8	PSMA4	PSMB2	PSMB3	PSMB7	PSMC5	PSMD1	PSMD12	RMND5A
cluster_184	8	PSMA4	PSMC1	PSMD1	PSMD12	PSMD2	PSMD3	PSMD7	TRIM11
cluster_185	7	ABCF1	PAAF1	PSMC5	PSMC6	PSMD13	PSMD7	PSMD8
cluster_186	7	ACACA	ARL5A	MCCC1	MCCC2	PC	PCCA	PCCB
cluster_187	7	ACTL6A	BRDT	SMARCA4	SMARCB1	SMARCC1	SMARCC2	SMARCD1
cluster_188	7	ACTR6	DMAP1	P4HA3	SRCAP	VPS72	YEATS4	ZNHIT1
cluster_189	7	ADAMTSL4	EIF4E2	KRTAP10-5	KRTAP10-8	KRTAP10-9	KRTAP4-12	NOTCH2NL
cluster_190	7	ADRM1	KIF5B	KLC1	NRBP1	PSMD1	PSMD11	PSMD3
cluster_191	7	ADRM1	KIF5B	KLC1	PSMD10	PSMD13	PSMD7	SMS
cluster_192	7	ADRM1	PIPSL	PSMC1	PSMD10	PSMD12	PSMD2	PSMD4
cluster_193	7	AHR	PSMA4	PSMC2	PSMC3	PSMC4	PSMD3	PSMD4
cluster_194	7	AIFM1	APOO	EXOG	IMMP1L	PARL	SFXN1	SLC25A12
cluster_195	7	AIMP1	DARS	IARS	LARS	LENG1	MARS	RARS
cluster_196	7	AKAP1	ARMCX4	FKBP8	MTCH2	OCIAD1	RHOT2	RMDN3
cluster_197	7	ALG13	EIF4ENIF1	FUBP3	OTUD4	R3HDM1	TDRD3	TIA1
cluster_198	7	ANAPC1	ANAPC4	ANAPC5	ANO6	CDC16	CDC23	CDC27
cluster_199	7	ANAPC4	ANAPC5	ANAPC7	CDC20	CDC23	CDC27	XPO1
cluster_200	7	ANKRD55	IFT46	IFT52	IFT74	TTC26	TTC30A	TTC30B
cluster_201	7	ANKS6	CXADR	HRAS	KRAS	LAMTOR1	RAB7A	STX7
cluster_202	7	AP2A1	AP2A2	AP2B1	AP2M1	AP2S1	BMP2K	DIEXF
cluster_203	7	APP	MED11	MED19	MED24	MED30	MED8	MED9
cluster_204	7	ARFGEF2	PSMC6	PSMD13	PSMD2	PSMD3	PSMD4	PSMD7
cluster_205	7	ARHGAP18	EIF4ENIF1	HELZ	KIAA0430	LSM14A	PATL1	TNRC6B
cluster_206	7	ARHGAP21	CCNT1	DDX42	FIP1L1	NSRP1	PPIL4	PPP1R10
cluster_207	7	ARID1A	SCYL1	SMARCA4	SMARCB1	SMARCC1	SMARCC2	SMARCE1
cluster_208	7	ARMC8	C15orf59	GID4	MAEA	MKLN1	RMND5A	WDR26
cluster_209	7	ARRDC2	PSMB5	PSMD1	PSMD13	PSMD3	PSMD4	PSMD8
cluster_210	7	ASUN	INTS10	NFIA	NFIB	NFIC	NFIX	VWA9
cluster_211	7	ATN1	KANSL1	KANSL2	KANSL3	PHF20	RERE	TRIM25
cluster_212	7	ATP5C1	COX2	CYC1	HADHB	TRRAP	VDAC1	VDAC2
cluster_213	7	ATXN3L	GATAD2B	HDAC1	HDAC2	MTA1	MTA2	RBBP7
cluster_214	7	ATXN7	PSMC1	PSMC2	PSMC5	PSMC6	PSMD2	PSMD7
cluster_215	7	B9D2	EIF4ENIF1	FUBP3	TNRC6B	YTHDF1	YTHDF2	YTHDF3
cluster_216	7	B9D2	NUP107	NUP133	NUP153	NUP160	NUP85	NUP98
cluster_217	7	BMX	CDC37	HSP90AA1	HSP90AB1	HSPA1A	HSPA5	HSPA8
cluster_218	7	BPTF	MBD2	MTA3	SAP130	SIN3A	SIN3B	TFAP4
cluster_219	7	BRF1	POLR1D	POLR2F	POLR2H	POLR2K	POLR3B	POLR3E
cluster_220	7	BSN	HIST1H1A	HIST1H1B	HIST1H1C	HIST1H1E	RPS19	STAU1
cluster_221	7	BTRC	C1orf106	CUL1	FBXW11	NEDD8	RBX1	SKP1
cluster_222	7	BZW2	EIF3A	EIF3B	EIF5	PSPC1	RPS11	RPS16
cluster_223	7	C11orf49	HDAC1	KDM1A	LRRC49	PHF21A	RCOR1	TPGS1
cluster_224	7	C4orf27	H3F3A	HIST1H3A	HIST2H2BE	HIST3H3	HMGA1	PARP1
cluster_225	7	CALR	DNAJB11	DNAJC10	DNAJC3	NPC1L1	PDIA3	PDIA4
cluster_226	7	CAMK2G	CAPZA2	DBN1	FLNA	FLNB	IQGAP1	SYNPO
cluster_227	7	CAPZA1	CAPZA2	CAPZB	FLNA	KIAA1211	MYO18A	MYO19
cluster_228	7	CAPZA1	CAPZA2	MYH9	NEK2	PPP1CA	PPP1CB	PPP1CC
cluster_229	7	CAPZA2	DBN1	FLNA	KCTD10	LIMA1	MYO18A	MYO1C
cluster_230	7	CAPZA2	DBN1	GTSE1	IQGAP1	LIMA1	MYH9	MYO19
cluster_231	7	CAPZA2	LIMA1	MYH9	MYO18A	PPP1CB	SYNPO	TNFAIP1
cluster_232	7	CARD10	CATSPER1	CYSRT1	KRTAP10-8	KRTAP12-3	KRTAP9-2	KRTAP9-3
cluster_233	7	CATSPER1	HOXA1	KRTAP10-3	KRTAP10-9	KRTAP4-2	NOTCH2NL	ZNF688
cluster_234	7	CD3EAP	POLR1A	POLR1B	POLR1E	POLR2H	POLR2L	REL
cluster_235	7	CEBPB	HSPA1A	HSPA8	MTUS1	RPA1	RPA3	ZRANB1
cluster_236	7	CEP120	CEP128	CEP131	CEP135	IBTK	ODF2	PCM1
cluster_237	7	CHCHD3	CHCHD6	IMMT	MTX2	SAMM50	TRAK1	TRAK2
cluster_238	7	CIB2	KRT15	KRT16	KRT17	KRT4	KRT6B	KRT75
cluster_239	7	CLEC16A	GPN1	GPN3	POLR1B	POLR2B	POLR2C	POLR2H
cluster_240	7	CLEC16A	NUP107	NUP133	NUP214	NUP62	NUP88	RANBP2
cluster_241	7	CLK3	MRPS18B	MRPS23	MRPS31	MRPS34	MRPS35	PTCD3
cluster_242	7	CNOT1	CNOT10	CNOT11	MED4	TNRC6A	TNRC6B	UBAP2L
cluster_243	7	CNOT1	CNOT10	CNOT3	FUBP3	RQCD1	TANK	ZFP36
cluster_244	7	COPS2	COPS3	COPS6	COPS8	DCUN1D1	GPS1	KLHL8
cluster_245	7	CPEB4	KIAA0355	NME7	TNRC6A	TNRC6B	TNRC6C	ZFP36
cluster_246	7	CPSF2	CPSF3	CPSF4	FIP1L1	P4HA2	SYMPK	WDR33
cluster_247	7	CPSF3L	POLR2A	POLR2B	POLR2E	POLR2F	POLR2I	POLR2K
cluster_248	7	CPSF7	DDX42	HOXA5	NSRP1	PPP1R10	PRPF40A	RBM25
cluster_249	7	CTNNB1	KPNB1	NUP153	NUP214	NUP93	NUP98	RANBP2
cluster_250	7	DAZAP2	FAM168A	PRR20A	PRR20B	PRR20C	PRR20D	PRR20E
cluster_251	7	DHFRL1	PSMC1	PSMC4	PSMC5	PSMD1	PSMD4	PSMD6
cluster_252	7	DPF2	SMARCA4	SMARCC2	SMARCD1	SMARCD2	SMARCD3	UPF2
cluster_253	7	EML1	TUBA1A	TUBA1B	TUBB	TUBB2A	TUBB2B	TUBB3
cluster_254	7	EPB41L1	PSMA4	PSMA5	PSMB3	PSMB4	PSMB5	PSMB7
cluster_255	7	ERCC2	ERCC3	ERCC5	GTF2H1	GTF2H2	GTF2H3	GTF2H5
cluster_256	7	EXOSC5	PSMA1	PSMA2	PSMA3	PSMA4	PSMA5	PSMA6
cluster_257	7	FLNA	IQGAP1	LIMA1	MYH9	MYO19	SYNPO	ZBTB20
cluster_258	7	FOXK2	KANSL1	KANSL2	KANSL3	MCRS1	PHF20L1	SETD1B
cluster_259	7	FYCO1	NDUFA13	NDUFA9	NDUFS1	NDUFS2	NDUFS7	NDUFV1
cluster_260	7	GADD45GIP1	MRPL1	MRPL13	MRPL27	MRPL32	MRPL40	RPL23AP32
cluster_261	7	H2AFZ	HIST1H2BC	HIST1H2BJ	HIST1H2BK	HIST2H2BE	HIST3H2BB	MDM2
cluster_262	7	HDAC1	HDAC2	KDM1A	RBBP4	SIN3A	SIN3B	SMN1
cluster_263	7	HDAC1	HDAC2	MBD3	MTA2	SIN3A	SIN3B	ZBTB16
cluster_264	7	HDAC1	HDAC2	MTA1	RBBP4	RBBP7	ZNF423	ZNF521
cluster_265	7	HDAC2	RBBP7	SAP130	SAP25	SAP30	SIN3A	SIN3B
cluster_266	7	HERC2	MRPL10	MRPL12	MRPL18	MRPL30	MRPL53	MRPS30
cluster_267	7	HERC3	PSMA4	PSMC2	PSMC4	PSMC5	PSMD2	PSMD4
cluster_268	7	HIST1H1A	HIST1H1B	HIST1H1C	HIST1H1D	HIST1H1E	HIST1H1T	IRAK4
cluster_269	7	HIST1H2BD	HIST1H2BH	HIST1H2BL	HIST1H2BM	HIST1H2BN	HIST2H2BF	LCK
cluster_270	7	HNRNPC	HNRNPK	HNRNPU	PCBP1	RALY	RBPMS2	SNRPA
cluster_271	7	ISL1	ISL2	LDB1	LMO2	SSBP2	SSBP3	SSBP4
cluster_272	7	KDM6A	KMT2B	KMT2C	KMT2D	NCOA6	PAGR1	PAXIP1
cluster_273	7	KPNB1	NUP107	NUP153	RAN	RANBP2	RANGAP1	RCC1
cluster_274	7	KRTAP10-1	KRTAP10-3	KRTAP10-5	KRTAP10-7	KRTAP10-9	KRTAP4-12	ZSCAN26
cluster_275	7	KRTAP10-3	KRTAP10-8	KRTAP4-12	KRTAP4-2	KRTAP5-9	NOTCH2NL	SLC25A10
cluster_276	7	L3MBTL4	PSMA5	PSMA7	PSMB5	PSMB6	PSMC1	PSMD14
cluster_277	7	LMNA	PSMA7	PSMD10	PSMD14	PSMD5	PSMD6	PSMD7
cluster_278	7	LSM2	LSM3	LSM4	LSM5	LSM6	LSM7	NAA38
cluster_279	7	MB21D2	TRAPPC1	TRAPPC10	TRAPPC2L	TRAPPC3	TRAPPC4	TRAPPC9
cluster_280	7	MDC1	POLR2A	POLR2B	POLR2C	POLR2E	RPRD2	SUPT6H
cluster_281	7	MID2	PSMA1	PSMB5	PSMC2	PSMD11	PSMD2	PSMD3
cluster_282	7	MSN	PSMA4	PSMC3	PSMC6	PSMD12	PSMD13	PSMD14
cluster_283	7	NEK2	PSMC2	PSMC3	PSMC4	PSMC6	PSMD2	PSMD3
cluster_284	7	NEURL4	PSMA5	PSMC1	PSMC2	PSMC4	PSMD2	PSMD4
cluster_285	7	PFDN2	PFDN4	PFDN5	PFDN6	SKIV2L	TTC37	VBP1
cluster_286	7	POLR2B	POLR2J	POLR2K	RPAP3	TANGO6	URI1	WDR92
cluster_287	7	POLR3A	POLR3B	POLR3C	POLR3D	POLR3E	POLR3F	SLC28A1
cluster_288	7	PSMA1	PSMA6	PSMA7	PSMD12	PSMD6	PSMD7	SLC4A5
cluster_289	7	PSMA1	PSMA7	PSMC2	PSMC4	PSMC6	PSMD6	ZFAND5
cluster_290	7	PSMA4	PSMC1	PSMC3	PSMC4	PSMC5	PSMD3	SUMO2
cluster_291	7	PSMB5	PSMC1	PSMC3	PSMD1	PSMD11	PSMD4	SLC35B4
cluster_292	7	PSMC3	PSMD1	PSMD11	PSMD12	PSMD13	PSMD2	PTPRO
cluster_293	7	PSMD1	PSMD11	PSMD12	PSMD13	PSMD4	PSMD8	PTPRM
cluster_294	7	RGPD1	RGPD2	RGPD3	RGPD4	RGPD5	RGPD8	RICTOR
cluster_295	7	RPL11	RPL23A	RPL27	RPL7A	RPS20	RPS25	SLC36A2
cluster_296	6	AATK	ACTR10	ACTR1B	DCTN3	DCTN4	DCTN6
cluster_297	6	ABI1	CYFIP1	CYFIP2	EPS8L1	NCKAP1	WASF2
cluster_298	6	ABL1	CKAP4	EMD	LRRC59	PTPN1	TMPO
cluster_299	6	ACACA	NCAPD2	NCAPG	NCAPH	SMC2	SMC4
cluster_300	6	ACAD9	ECSIT	MTERF3	NDUFAF1	SYNGR1	TBRG4
cluster_301	6	ACBD5	PSMC2	PSMC3	PSMC4	PSMD1	PSMD4
cluster_302	6	ACD	BAG3	POT1	TERF1	TERF2	TINF2
cluster_303	6	ACTL6A	OGT	PHF10	SMARCD1	SMARCD2	SMARCE1
cluster_304	6	ACTR10	ACTR1A	DCTN1	DCTN2	DCTN4	DYNC1I1
cluster_305	6	ACTR2	ACTR3	ARPC1A	ARPC1B	ARPC2	TPD52L2
cluster_306	6	ACTR2	ACTR3	ARPC1B	ARPC3	ARPC4	WASL
cluster_307	6	ACTR2	ACTR3B	ARPC1A	ARPC5	NFASC	TBC1D10B
cluster_308	6	ACTR2	AKT1	ARPC1A	ARPC2	ARPC4	ARPC5
cluster_309	6	ACTR2	ARPC1A	ARPC1B	ARPC3	ARPC5	CALR
cluster_310	6	ACTR3	ARPC1A	ARPC2	ARPC5	ARPC5L	DBNL
cluster_311	6	ACTR3	ARPC2	ARPC3	ARPC4	ARPC5L	PDLIM7
cluster_312	6	ADNP	AHDC1	CBX1	CBX3	CBX5	CHAMP1
cluster_313	6	ADRM1	KIF5B	KLC1	PSMD13	PSMD6	TSNAX
cluster_314	6	AEN	KRTAP10-1	KRTAP10-3	KRTAP10-5	KRTAP10-7	KRTAP10-8
cluster_315	6	AGO3	AGO4	MEX3B	TNRC6A	TNRC6B	TNRC6C
cluster_316	6	AGTR1	CAV1	RAB11A	RAB4A	RAB5A	RAB7A
cluster_317	6	AKAP1	ARMCX2	FIS1	OCIAD1	RHOT2	RMDN3
cluster_318	6	AKAP1	BAX	MTCH2	OCIAD1	TOMM22	TOMM40
cluster_319	6	AKAP1	MTCH2	OCIAD1	PLD6	RHOT2	SLC25A46
cluster_320	6	AKAP5	HIST1H1B	HIST1H1C	HIST1H1E	NCL	NPM1
cluster_321	6	AKT1	GAB2	MAPKAP1	NF1	PPM1H	SRGAP2
cluster_322	6	ALG13	CELF1	DAZL	FUBP3	RBM33	SMG7
cluster_323	6	ANAPC1	ANAPC4	ANAPC5	ANAPC7	CDC27	PTEN
cluster_324	6	ANAPC1	ANAPC4	CCNB1	CDC16	CDC20	CDC27
cluster_325	6	ANAPC1	ANAPC5	ANAPC7	CDC16	CDC23	LATS2
cluster_326	6	ANAPC16	ANAPC4	BUB3	CDC20	CDC23	CDC27
cluster_327	6	ANAPC5	ANAPC7	CDC16	CDC20	CDC27	CREBBP
cluster_328	6	ANKRD11	ERCC3	GTF2H1	GTF2H3	GTF2H4	GTF2H5
cluster_329	6	ANKRD12	HNRNPA0	HNRNPA1	HNRNPA2B1	HNRNPA3	HNRNPD
cluster_330	6	AP1B1	AP1G1	AP1G2	AP1M1	AP2B1	AP2M1
cluster_331	6	APC	NUP107	NUP153	NUP214	NUP98	RANBP2
cluster_332	6	APMAP	COPA	COPB2	COPE	COPG2	COPZ1
cluster_333	6	APOO	COX4I1	IMMP1L	PARL	SFXN1	TMEM126A
cluster_334	6	APP	POLR2F	POLR2K	RPAP3	URI1	UXT
cluster_335	6	ARAF	EMD	FKBP8	LRRC59	RPN2	SSR1
cluster_336	6	ARCN1	COPA	COPB1	COPB2	COPE	ROS1
cluster_337	6	ARCN1	COPA	COPB1	COPG1	COPG2	TES
cluster_338	6	ARF6	CDK1	KRAS	LAMTOR1	LYN	MARCKS
cluster_339	6	ARHGAP24	MCM3	MCM4	MCM5	MCM6	MCM7
cluster_340	6	ARHGEF17	CAPZA2	IQGAP1	MYH9	MYO18A	SYNPO
cluster_341	6	ARHGEF6	ARHGEF7	GIT1	GIT2	NCK1	NCK2
cluster_342	6	ARID1A	ARID2	PBRM1	SLC35G3	SMARCA4	SMARCE1
cluster_343	6	ARID1B	FAM168A	SMARCD1	SMARCD2	SMARCD3	SS18L1
cluster_344	6	ARMC8	MAEA	PTPN14	RANBP10	RMND5A	WDR26
cluster_345	6	ARRB2	HDAC1	HDAC2	KDM1A	PHF21A	RCOR1
cluster_346	6	ASB11	PSMA2	PSMB2	PSMC3	PSMD11	PSMD2
cluster_347	6	ATAD1	LMNB1	RPN1	RPN2	SEC61B	VAPA
cluster_348	6	ATAD3B	MED13L	MED16	MED18	MED21	MED7
cluster_349	6	ATF2	CCT2	CCT3	CCT4	CCT5	TCP1
cluster_350	6	ATG16L1	CCDC12	CWC15	ISY1	SYF2	TSSC4
cluster_351	6	ATG4C	PSMC1	PSMC2	PSMC4	PSMC5	PSMD2
cluster_352	6	ATP5A1	ATP5B	ATP5C1	ATP5F1	ATP5J	NTSR1
cluster_353	6	ATP5A1	ATP5B	ATP5F1	ATP5H	B4GALT3	HSPD1
cluster_354	6	ATP5D	ATP5F1	ATP5H	ATP5J	ATP5O	POMK
cluster_355	6	ATP5F1	LRRC8B	NDUFA9	NDUFS1	NDUFS2	NDUFS7
cluster_356	6	ATP6AP1	ATP6V0A1	ATP6V0A2	ATP6V0D1	ATP6V1C1	ATP6V1F
cluster_357	6	ATXN7L3	KAT2A	KAT2B	SIRT1	SUPT7L	TADA2B
cluster_358	6	AUTS2	CSNK2A3	FBRS	PCGF3	PCGF5	RING1
cluster_359	6	AZGP1	HPX	LCN1	ORM1	PRR4	SERPINA1
cluster_360	6	BAG5	CKAP4	LRRC59	RPN1	TMPO	VAPA
cluster_361	6	BAP1	PARP1	RAB2B	RAF1	RPA1	TRIM67
cluster_362	6	BARD1	MED17	POLR2A	POLR2B	POLR2E	POLR2H
cluster_363	6	BASP1	HIST1H2BC	HIST1H2BD	HIST1H2BH	HIST1H2BK	HIST1H2BN
cluster_364	6	BCL6	CDK19	CDK8	MED17	MED23	MED6
cluster_365	6	BRCA1	HSPA8	RAD52	RPA1	RPA2	RPA3
cluster_366	6	BRD1	POLR2A	POLR2B	POLR2C	POLR2E	RPAP2
cluster_367	6	BTC	EIF2B1	EIF2B2	EIF2B3	EIF2B4	EIF2B5
cluster_368	6	BUB1B	PSMA3	PSMA4	PSMA6	PSMB5	PSMD6
cluster_369	6	C11orf74	IFT122	IFT140	IFT43	WDR19	WDR35
cluster_370	6	C15orf41	CABIN1	CDAN1	HIRA	UBN1	UBN2
cluster_371	6	C15orf59	DTNA	DTNB	SNTB1	SNTB2	UTRN
cluster_372	6	C16orf87	MIER1	NFIA	NFIB	NFIC	NFIX
cluster_373	6	C1D	DIS3L	EXOSC10	EXOSC3	EXOSC9	MPHOSPH6
cluster_374	6	C1orf35	DDX56	GTPBP4	HOXA5	POP1	RRP1B
cluster_375	6	CALML3	CAPZA2	IQGAP1	MYH9	PPP1CB	PPP1CC
cluster_376	6	CALR	HSP90B1	MAP3K7	P4HB	PDIA3	PDIA4
cluster_377	6	CAMKMT	HSP90AA1	HSP90AB1	HSPA5	HSPA8	PLEKHA4
cluster_378	6	CAND1	CUL1	CUL2	CUL4B	DCUN1D1	FBF1
cluster_379	6	CANX	CCDC47	EMC1	LRRC59	PON2	TGOLN2
cluster_380	6	CANX	CCDC47	ESYT2	HSD3B7	ICMT	RPN1
cluster_381	6	CANX	CKAP4	EMD	EWSR1	LRRC59	TGOLN2
cluster_382	6	CANX	CKAP4	PGK1	RPN2	SEC63	TMPO
cluster_383	6	CANX	EMD	NEK4	RPN1	TGOLN2	TMPO
cluster_384	6	CANX	FAM3C	REEP5	RPN2	SEC62	TGOLN2
cluster_385	6	CANX	LRRC59	SEC61B	TGOLN2	VAPA	XXYLT1
cluster_386	6	CAPZA2	DBN1	DIXDC1	FLNA	MYH9	MYO1C
cluster_387	6	CAPZA2	GAS2L3	MYH9	MYO19	PPP1CA	PPP1CB
cluster_388	6	CASQ2	MRPL20	MRPL21	MRPL42	MRPL43	MRPL44
cluster_389	6	CAV1	CDC42	COBLL1	LYN	MARCKS	OCLN
cluster_390	6	CAV1	DNAJC5B	EPHA2	MARCKS	OCLN	STX7
cluster_391	6	CAV1	EPHA2	MARCKS	PTEN	RAB7A	RHOA
cluster_392	6	CBL	H2AFJ	HIST1H2AH	HIST1H2AJ	HIST2H2AA3	HIST3H2BB
cluster_393	6	CBR1	IMMP1L	IMMP2L	LACTB	OMA1	PARL
cluster_394	6	CBX1	CBX3	CBX5	H3F3A	HIST1H3A	SUV39H2
cluster_395	6	CBX2	CBX4	PCGF2	PHC1	PHC3	SCML1
cluster_396	6	CBY1	CGN	DENND4C	KCTD3	KIF13B	WEE1
cluster_397	6	CCDC101	KAT2A	MAP3K7	SUPT20H	TADA3	YEATS2
cluster_398	6	CCDC120	CYSRT1	HOXA1	KRTAP6-1	KRTAP6-2	KRTAP6-3
cluster_399	6	CCDC151	IFT22	IFT46	IFT74	IFT81	IFT88
cluster_400	6	CCDC47	COMT	EMD	ESYT1	HSD3B7	VAPA
cluster_401	6	CCDC47	DNAJC1	ESYT2	MFSD6L	SEC63	SMPD4
cluster_402	6	CCDC47	EMD	FKBP8	IRAK1	NUP155	SSR1
cluster_403	6	CCNO	HIST1H1C	HIST1H1D	HIST1H1E	NPM1	RPL22
cluster_404	6	CCNT1	CPSF7	DPF2	FAM76B	NSRP1	PPIL4
cluster_405	6	CCT2	CCT3	CCT4	CCT6A	CCT6B	CDK11A
cluster_406	6	CCT2	CCT3	CCT6A	CCT7	CELA2B	TCP1
cluster_407	6	CCT2	CCT4	CCT5	CCT6A	CCT7	NLE1
cluster_408	6	CDC123	CUL3	POLK	RBM39	RPA1	TP53
cluster_409	6	CDC123	CUL3	RPA1	RPA2	RPA3	RTEL1
cluster_410	6	CDC37	CDK10	HSP90AA1	HSP90AB1	HSPA8	STIP1
cluster_411	6	CDC37	HSP90AA1	HSP90AB1	SLC12A4	SLC12A6	SLC12A7
cluster_412	6	CDC42	CXADR	LYN	OCLN	RHOB	SH3D19
cluster_413	6	CDC5L	LRWD1	ORC2	ORC3	ORC5	SNW1
cluster_414	6	CDK9	HEXIM1	HEXIM2	LARP7	MEPCE	SNRNP70
cluster_415	6	CDKN3	PSMC1	PSMC3	PSMC4	PSMC6	PSMD12
cluster_416	6	CEBPB	CUL3	PARP1	RPA1	RPA2	SRF
cluster_417	6	CEP128	CEP135	CEP152	NDC80	NDEL1	OFD1
cluster_418	6	CEP128	CEP135	NDC80	ODF2	ODF2L	PCM1
cluster_419	6	CEP128	CEP162	CEP290	IQCB1	NIN	PCM1
cluster_420	6	CEP135	KIAA0753	MIS18A	OFD1	PCM1	SPICE1
cluster_421	6	CEP170P1	CPSF1	CPSF2	FIP1L1	SYMPK	WDR33
cluster_422	6	CEP85	PSMA6	PSMA7	PSMB5	PSMC2	PSMD14
cluster_423	6	CETN2	NUP133	NUP153	NUP160	NUP37	NUP85
cluster_424	6	CFL1	DSTN	LDHA	LDHB	TKT	TPI1
cluster_425	6	CHAMP1	EHMT1	EHMT2	POGZ	SGOL1	ZNF644
cluster_426	6	CHD4	CIT	HIST1H1E	NPM1	PARK2	SPAG17
cluster_427	6	CIC	GTF3C1	GTF3C2	GTF3C3	GTF3C4	GTF3C5
cluster_428	6	CIRH1A	NOL11	NOL7	UTP15	WDR43	WDR75
cluster_429	6	CKAP4	LMNB1	NUP155	SLFN11	TMPO	TOR1AIP1
cluster_430	6	CLOCK	NCKAP5L	RABEP1	RABGAP1L	TUFT1	VPS53
cluster_431	6	CLUAP1	HSPB11	IFT172	IFT27	IFT80	TTC30B
cluster_432	6	CNOT1	CNOT10	CNOT11	CNOT8	CT55	RQCD1
cluster_433	6	CNOT1	CNOT6L	MIB1	SMG7	TNRC6A	TNRC6B
cluster_434	6	COMMD1	COMMD2	COMMD4	COMMD6	SSRP1	SUPT16H
cluster_435	6	COPS2	COPS3	COPS4	COPS6	COPS7A	DCAF8
cluster_436	6	COPS2	COPS3	COPS6	COPS7B	COPS8	KLHDC3
cluster_437	6	COPS2	COPS3	COPS7A	COPS8	DCAF6	GPS1
cluster_438	6	COPS4	COPS6	COPS7A	COPS8	GPS1	HIAT1
cluster_439	6	COPS5	CUL1	CUL5	FBXO17	RBX1	SKP1
cluster_440	6	COPS5	CUL2	CUL5	DCUN1D1	NEDD8	VHL
cluster_441	6	COX2	HADHA	HADHB	PDPK1	UQCRC1	UQCRC2
cluster_442	6	COX4I1	SSR3	UQCRC2	VDAC1	VDAC2	VDAC3
cluster_443	6	CPSF1	CPSF2	CPSF3	CSTF3	SSU72	SYMPK
cluster_444	6	CPSF2	PSMA3	PSMB3	PSMB4	PSMB5	PSMB6
cluster_445	6	CREB1	HDAC1	HDAC2	RBBP4	SMARCA4	SMARCA5
cluster_446	6	CS	ICT1	MRPL42	MRPL44	MRPL45	SYNJ2BP
cluster_447	6	CSDE1	FUBP3	OTUD1	PRRC2B	TNRC6B	YTHDF1
cluster_448	6	CSNK2A1	CSNK2A2	CSNK2B	HUS1	RAD1	RAD9A
cluster_449	6	CSNK2A1	CSNK2A2	CSNK2B	ZMYND8	ZNF592	ZNF687
cluster_450	6	CTNNB1	EMD	LMNB1	PTPN1	SEC62	TMPO
cluster_451	6	CTR9	DNMT3A	DNMT3B	LEO1	PAF1	RTF1
cluster_452	6	CTTNBP2NL	MOB4	PIP	STRIP1	STRN3	STRN4
cluster_453	6	CUL3	HSPA1A	HSPA8	HUWE1	KBTBD4	VCP
cluster_454	6	CYSRT1	ECE1	KRTAP1-3	KRTAP10-1	KRTAP10-5	KRTAP10-8
cluster_455	6	DBN1	FLNA	IQGAP1	MYH9	PAICS	TMOD3
cluster_456	6	DEPDC5	MIOS	NPRL2	NPRL3	SESN2	WDR24
cluster_457	6	DGKG	HDAC3	NCOR1	NCOR2	TBL1X	TBL1XR1
cluster_458	6	DIEXF	MRPL18	MRPL20	MRPL39	MRPL43	MRPL44
cluster_459	6	DLGAP5	TUBA1B	TUBA4A	TUBB2A	TUBB3	TUBB4B
cluster_460	6	DNAJA1	DNAJA2	DNAJB1	HSPA4	HSPA4L	HSPH1
cluster_461	6	DNAJA1	RUVBL1	TNPO2	TUBA1B	TUBB	TUBB4B
cluster_462	6	DNAJB11	DNAJC10	DNAJC3	HYOU1	PDIA4	ROS1
cluster_463	6	DNAJC1	RELA	RPN1	RPN2	SEC61B	SEC62
cluster_464	6	DPPA3	NUP214	NUP62	NUP88	NUP98	RANBP2
cluster_465	6	DSN1	MIS12	NSL1	PMF1	SPC24	SPC25
cluster_466	6	E2F1	E2F2	E2F3	E2F5	TFDP1	TFDP2
cluster_467	6	EIF3A	EIF3B	EIF3C	EIF3E	EIF3H	RSPH9
cluster_468	6	EIF3A	EIF3B	EIF3C	GNB2L1	GPBP1	RPS20
cluster_469	6	ELAVL1	ING3	MEAF6	MORF4L1	MRGBP	VPS72
cluster_470	6	EMC1	EMC2	EMC4	EMC8	MMGT1	NLRP6
cluster_471	6	EMC2	EMC4	EMC8	HMOX2	P4HA1	POR
cluster_472	6	EMD	LRRC59	RAB7A	RPN1	RPN2	USP26
cluster_473	6	EML2	TUBA1C	TUBB2A	TUBB2B	TUBB3	TUBB4B
cluster_474	6	EMX2	HIST1H4A	PARP1	SSRP1	SUPT16H	XRCC6
cluster_475	6	ENSA	PPP2CA	PPP2CB	PPP2R1A	PPP2R2A	PPP2R2D
cluster_476	6	EPHA2	MCAM	PARD3B	RHOA	RHOB	RHOC
cluster_477	6	ERCC6	PSMB5	PSMC5	PSMD1	PSMD12	PSMD3
cluster_478	6	EXOSC1	EXOSC2	EXOSC4	EXOSC5	EXOSC7	PTEN
cluster_479	6	EYA3	PSMB1	PSMC3	PSMC6	PSMD1	PSMD14
cluster_480	6	FAM111B	RIOK1	RPS10	RPS19	RPS2	RPSA
cluster_481	6	FAM120C	IBTK	LARP4B	TDRD3	YTHDF3	ZC3H7A
cluster_482	6	FAM21A	FAM21C	IFITM1	IFITM3	KIAA0196	KIAA1033
cluster_483	6	FBXL6	PFDN2	RPAP3	URI1	UXT	WDR92
cluster_484	6	FBXO2	GPAA1	PIGK	PIGS	PIGT	PIGU
cluster_485	6	FLNC	PSMA4	PSMC4	PSMD12	PSMD13	PSMD3
cluster_486	6	FOXC1	FOXP1	FOXP2	FOXP4	SATB1	SATB2
cluster_487	6	FUS	MATR3	RNU1-1	SNRNP70	SNRPC	TAF15
cluster_488	6	FUS	PRPF3	SF3B3	SNRPA1	SRSF7	TCF7L2
cluster_489	6	GATAD2A	HDAC2	MTA2	MTA3	RBBP7	SSSCA1
cluster_490	6	GEMIN2	GEMIN6	GEMIN7	GEMIN8	SMN1	SMN2
cluster_491	6	GRK5	PSMC1	PSMC2	PSMC6	PSMD11	PSMD2
cluster_492	6	GTF3C3	POLR1D	POLR3A	POLR3D	POLR3E	RPAP2
cluster_493	6	HADHB	NEK11	TOMM40	TOMM5	VDAC2	VDAC3
cluster_494	6	HDAC1	HDAC2	KDM1A	RB1	RBBP4	RBBP7
cluster_495	6	HDAC1	MBD3	MTA1	MTA2	MTA3	ZNF800
cluster_496	6	HEATR1	PSMA2	PSMA5	PSMB3	PSMB8	PSMD8
cluster_497	6	HGS	MED21	MED22	MED25	MED30	MED7
cluster_498	6	HIST1H1C	HIST1H1E	NCL	RPL23A	RPL37A	SLC4A8
cluster_499	6	HIST1H2BD	HIST1H2BH	HIST1H2BK	HIST1H2BL	HIST1H2BO	MAP7D2
cluster_500	6	HMGN5	PSMC3	PSMC6	PSMD11	PSMD12	PSMD7
cluster_501	6	HS1BP3	SUPT20H	SUPT7L	TADA2B	TAF5L	TAF9B
cluster_502	6	HSF1	MED14	MED20	MED23	MED24	MED27
cluster_503	6	HSPA1A	HSPA5	HSPA8	KCNH2	NTRK1	STIP1
cluster_504	6	IKBKG	POLR2B	POLR2D	POLR2E	POLR3A	RPAP3
cluster_505	6	IKZF1	IKZF3	TAF4	TAF5	TAF6	TAF9
cluster_506	6	INTS1	INTS2	INTS3	INTS5	INTS8	RNF4
cluster_507	6	ITGA2	ITGA5	KAZN	TVP23B	YIPF1	YIPF2
cluster_508	6	JAGN1	RPA1	RPA2	RPA3	SERBP1	ZRANB1
cluster_509	6	JMJD6	MED11	MED14	MED19	MED31	MED9
cluster_510	6	KBTBD4	PSMA6	PSMD11	PSMD14	PSMD3	PSMD4
cluster_511	6	KDELR1	PSMD11	PSMD12	PSMD4	PSMD6	UCHL5
cluster_512	6	KIF5A	KIF5B	KIF5C	KLC1	KLC2	KLC4
cluster_513	6	KPNB1	NUP107	NUP153	NUP210	NUP214	RAN
cluster_514	6	KPNB1	NUP205	NUP98	RAN	RANBP2	RAPGEF3
cluster_515	6	KRTAP10-1	KRTAP10-3	KRTAP4-2	KRTAP5-6	KRTAP5-9	NLK
cluster_516	6	KRTAP10-1	KRTAP4-12	KRTAP5-1	KRTAP5-3	KRTAP5-4	KRTAP5-6
cluster_517	6	KRTAP10-1	KRTAP4-12	KRTAP5-6	KRTAP5-9	KRTAP9-2	LINGO1
cluster_518	6	KRTAP10-3	KRTAP10-5	KRTAP10-8	KRTAP10-9	KRTAP4-12	THAP10
cluster_519	6	KRTAP10-3	KRTAP10-5	KRTAP10-8	KRTAP5-9	NOTCH2NL	ZFYVE21
cluster_520	6	KRTAP10-5	KRTAP10-7	KRTAP10-8	KRTAP4-12	OTX1	PRR13
cluster_521	6	KRTAP2-3	KRTAP2-4	LCE1C	LCE2B	LCE5A	SPRED2
cluster_522	6	L3MBTL1	MCM2	MYC	RBM39	TP53	TRIM28
cluster_523	6	LAMP1	LAMP2	LAMTOR1	PLEKHM1	RAB7A	STX7
cluster_524	6	LAMTOR2	LAMTOR3	RRAGA	RRAGB	RRAGC	RRAGD
cluster_525	6	LAMTOR3	NDUFB11	NDUFB4	NDUFB5	NDUFB7	NDUFB9
cluster_526	6	LAS1L	NOL9	PELP1	SHANK3	TEX10	WDR18
cluster_527	6	LDLRAD1	SUPT20H	TADA1	TAF6L	TAF9	TAF9B
cluster_528	6	MAF1	POLR1C	POLR3B	POLR3E	POLR3F	POLR3G
cluster_529	6	MBIP	TADA2B	TADA3	TAF9B	XPO7	YEATS2
cluster_530	6	MED1	MED12	MED16	MED17	MED26	RUNX1
cluster_531	6	MED1	MED15	MED23	MED31	MED7	RELA
cluster_532	6	METTL18	RPL3	SRP14	SRP68	SRP72	SRP9
cluster_533	6	MKI67	TADA1	TAF10	TAF5L	TAF6L	TAF9B
cluster_534	6	MKX	SAP130	SAP30	SIN3A	SIN3B	SUDS3
cluster_535	6	MRPL23	MRPL24	MRPL28	MRPL41	MRPL47	SMYD3
cluster_536	6	MRPS18B	MRPS24	MRPS35	MRPS5	MRPS7	ZNF263
cluster_537	6	MRPS26	MRPS31	MRPS35	MRPS5	MRPS9	ZNF764
cluster_538	6	NDUFB3	NDUFB8	NDUFB9	NDUFS4	NDUFV3	PRRT2
cluster_539	6	NEK4	PSMA1	PSMA2	PSMA4	PSMA7	PSMD3
cluster_540	6	NFYC	TAF11	TAF12	TAF4	TAF5	TAF6
cluster_541	6	NKX2-1	RFC1	RFC2	RFC3	RFC4	RFC5
cluster_542	6	NUP107	NUP160	NUP37	NUP85	NUP98	PNKD
cluster_543	6	NUP35	PSMA2	PSMA3	PSMA4	PSMB3	PSMB8
cluster_544	6	OBSCN	RPL21	RPL26	RPL34	RPL36	RPL7A
cluster_545	6	PARK2	PICK1	RPA1	RPA2	SERBP1	STK4
cluster_546	6	PGBD1	SCAND1	ZNF397	ZNF446	ZSCAN12	ZSCAN32
cluster_547	6	POLA1	POLA2	POLD2	POLD3	PRIM1	PRIM2
cluster_548	6	POLR2A	POLR2D	POLR2G	POLR2I	UXT	VHL
cluster_549	6	POLR2C	POLR2D	POLR2J3	POLR2L	POLR2M	RPAP2
cluster_550	6	POLR2E	POLR2H	POLR2I	POLR2K	POLR3H	POLR3K
cluster_551	6	PPFIA1	PSMC4	PSMD1	PSMD11	PSMD13	PSMD8
cluster_552	6	PPIA	PSMC5	PSMD12	PSMD4	PSMD8	RAD23B
cluster_553	6	PPM1D	PSMC2	PSMC5	PSMD2	PSMD4	PSMD6
cluster_554	6	PPP2R1A	PPP2R2A	PPP2R2D	RBM7	SKIV2L2	ZCCHC8
cluster_555	6	PREX1	PSMA6	PSMB1	PSMB5	PSMD13	PSMD7
cluster_556	6	PRPF6	RBPMS	SNRPB	SNRPC	SNRPG	SNRPN
cluster_557	6	PSMA1	PSMA3	PSMA4	PSMA6	PSMB2	XPOT
cluster_558	6	PSMA1	PSMA3	PSMC4	PSMC5	PSMD1	ZFAND1
cluster_559	6	PSMA1	PSMA7	PSMB2	PSMC1	PSMD3	YWHAE
cluster_560	6	PSMA3	PSMA6	PSMC6	PSMD13	PSMD14	SLC30A6
cluster_561	6	PSMA4	PSMB5	PSMB6	PSMC6	PSMD12	RCC2
cluster_562	6	PSMA4	PSMB5	PSMC5	PSMD11	PSMD3	TBX5
cluster_563	6	PSMA5	PSMB4	PSMD13	PSMD6	PSMD7	STK24
cluster_564	6	PSMA5	PSMB5	PSMC2	PSMC6	PSMD4	UBE2C
cluster_565	6	PSMB2	PSMC6	PSMD1	PSMD11	PSMD8	USP26
cluster_566	6	PSMC1	PSMC2	PSMD1	PSMD13	PSMD2	SFSWAP
cluster_567	6	RAB11A	RAB5A	RAB7A	RAB9A	STX7	VPS11
cluster_568	6	RPS6KA1	RPS6KA3	YWHAB	YWHAG	YWHAH	YWHAQ
cluster_569	6	SNRPA	SNRPC	SNRPF	SSRP1	SUPT4H1	TOP1
cluster_570	6	SNRPB2	SNRPC	SNRPE	SNRPF	SNRPG	SNRPGP15
cluster_571	6	SNRPD3	SNRPE	SNRPF	SNRPG	SNRPN	ZMAT5
cluster_572	6	TCP11L2	TUBA1A	TUBA1B	TUBA1C	TUBA4A	TUBB4B
cluster_573	6	THOC1	THOC2	THOC3	THOC5	THOC6	THOC7
cluster_574	5	AARS	DARS	IARS	LARS	QARS
cluster_575	5	AASS	ATP5C1	ATP5F1	HADHA	VDAC2
cluster_576	5	AATK	AP1B1	AP2A1	AP2B1	AP2M1
cluster_577	5	AATK	TRAPPC10	TRAPPC4	TRAPPC5	TRAPPC9
cluster_578	5	ABI1	ABL1	NCKAP1	WASF1	WASF2
cluster_579	5	ABI2	YWHAB	YWHAE	YWHAH	YWHAZ
cluster_580	5	ABT1	CACNG5	PRKRIR	ZC3H3	ZNF574
cluster_581	5	ACAD9	C1QBP	ECSIT	FAS	NDUFAF1
cluster_582	5	ACAD9	NUDCD1	PDHA1	PDHB	VWA8
cluster_583	5	ACIN1	DENND2D	PNN	RNPS1	SRRM2
cluster_584	5	ACOT7	PSMA1	PSMD1	PSMD3	PSMD4
cluster_585	5	ACOT9	COX7A2L	SCCPDH	TOMM5	VDAC3
cluster_586	5	ACTA2	SFN	YWHAB	YWHAE	YWHAQ
cluster_587	5	ACTB	ACTC1	ACTG1	MKL1	MKL2
cluster_588	5	ACTBL2	DBN1	LIMA1	MYH9	TMOD3
cluster_589	5	ACTC1	PSMC3	PSMC4	PSMC5	PSMD7
cluster_590	5	ACTL6A	FOXN1	SMARCB1	SMARCC2	SMARCE1
cluster_591	5	ACTL6A	GLTSCR1L	SMARCA2	SMARCA4	SMARCD1
cluster_592	5	ACTL6A	SLFN11	SMARCA2	SMARCA4	SMARCC2
cluster_593	5	ACTL6A	SMARCA4	SMARCC1	SMARCE1	TRRAP
cluster_594	5	ACTN2	TPM1	TPM2	TPM3	TPM4
cluster_595	5	ACTR10	C1orf106	DCTN3	DCTN5	DCTN6
cluster_596	5	ACTR1A	ACTR1B	CCAR1	DCTN1	DCTN2
cluster_597	5	ACTR1A	DCTN2	DCTN4	DCTN5	PRMT5
cluster_598	5	ACTR2	ACTR3	ANO7	ARPC2	ARPC3
cluster_599	5	ACTR2	ACTR3	ARPC1B	ARPC5L	HNRNPH1
cluster_600	5	ACTR2	ACTR3	ARPC2	ARPC4	FUBP1
cluster_601	5	ACTR2	ACTR3	ARPC2	ARPC5	MAPRE1
cluster_602	5	ACTR2	ARPC2	ARPC3	ARPC4	WAS
cluster_603	5	ACTR3	ARPC2	ARPC3	ARPC5	BICD2
cluster_604	5	ACTR8	GTF2I	INO80	INO80E	NFRKB
cluster_605	5	ACTR8	INO80	INO80C	INO80D	RUVBL2
cluster_606	5	ADAMTSL4	AMMECR1	KRTAP10-1	KRTAP10-3	KRTAP10-8
cluster_607	5	ADAMTSL4	CREB5	CYSRT1	FHL3	HOXA1
cluster_608	5	ADAMTSL4	CYSRT1	KRTAP10-8	NOTCH2NL	RGL2
cluster_609	5	ADAMTSL4	GNMT	KRTAP10-3	KRTAP4-2	NOTCH2NL
cluster_610	5	ADAMTSL4	KRTAP10-3	KRTAP5-9	NOTCH2NL	SPINK2
cluster_611	5	ADIPOR2	PSMA6	PSMB1	PSMB7	PSMC5
cluster_612	5	ADRB2	AP2A1	AP2B1	AP2M1	CLTA
cluster_613	5	ADRM1	COLGALT1	PSMA4	PSMC3	PSMD6
cluster_614	5	ADRM1	LATS1	PSMC3	PSMC4	PSMD8
cluster_615	5	ADRM1	PRMT3	PSMB7	PSMD13	PSMD6
cluster_616	5	ADRM1	PSMB2	PSMD12	PSMD14	SGTA
cluster_617	5	ADRM1	PSMC1	PSMC6	PSMD4	WDHD1
cluster_618	5	ADSL	CCT3	CCT5	CCT7	TCP1
cluster_619	5	AFD1	HRAS	KRAS	MCAM	NRAS
cluster_620	5	AFF4	EPB41L1	EPB41L3	MLLT1	MLLT3
cluster_621	5	AFTPH	AP1S2	AP1S3	HEATR5B	SYNRG
cluster_622	5	AFTPH	HEATR5B	SYNRG	VAPA	VAPB
cluster_623	5	AGAP3	YWHAB	YWHAE	YWHAG	YWHAH
cluster_624	5	AGO1	AGO2	AGO3	ATOH1	TNRC6C
cluster_625	5	AGO1	AGO2	AGO3	MARK2	MARK3
cluster_626	5	AHCTF1	HIST1H2BA	HIST1H2BC	HIST1H2BJ	HIST1H2BK
cluster_627	5	AHCYL1	AHCYL2	PIP4K2A	PIP4K2B	PIP4K2C
cluster_628	5	AHNAK2	SFN	YWHAB	YWHAG	YWHAH
cluster_629	5	AIFM1	CKMT1A	COX4I1	PHB2	SFXN1
cluster_630	5	AIFM1	COX4I1	GFER	SCO1	SFXN1
cluster_631	5	AIM1L	CSRP2BP	MBIP	YEATS2	ZZZ3
cluster_632	5	AIMP1	LARS	MARS	QARS	VARS
cluster_633	5	AKT1	SFN	YWHAE	YWHAG	YWHAZ
cluster_634	5	ALB	PSMA3	PSMC6	PSMD14	PSMD4
cluster_635	5	ALDH1B1	YWHAE	YWHAG	YWHAH	YWHAZ
cluster_636	5	ALDH7A1	CLPP	CS	MDH2	PDHA1
cluster_637	5	ALDH7A1	YWHAE	YWHAG	YWHAH	YWHAQ
cluster_638	5	ALG13	HELZ	SMG7	TLE3	TNRC6A
cluster_639	5	ALG6	CDC123	PARK2	RPA2	TP53
cluster_640	5	ALPI	KRTAP10-3	KRTAP10-8	KRTAP10-9	NOTCH2NL
cluster_641	5	ALYREF	DDX39B	EIF4A3	MAGOH	SCYL2
cluster_642	5	ALYREF	DDX39B	EIF4A3	NCBP1	SMAD4
cluster_643	5	ANAPC1	ANAPC7	CDC16	CDC27	H1F0
cluster_644	5	ANAPC1	ANAPC7	CDC20	CDC27	UBC
cluster_645	5	ANAPC10	ANAPC13	ANAPC16	CDC23	CDC26
cluster_646	5	ANAPC10	ANAPC13	ANAPC16	CDC27	FBXO5
cluster_647	5	ANKRD17	ITSN2	TNRC6A	TNRC6B	TNRC6C
cluster_648	5	ANKRD28	MOB1A	MOB1B	PPP6R1	PPP6R2
cluster_649	5	ANKRD39	COPS5	CUL1	CUL2	CUL4B
cluster_650	5	ANP32A	ANP32B	KPNA1	KPNA5	KPNA6
cluster_651	5	ANPEP	CALU	DNAJB11	DNAJC3	RCN1
cluster_652	5	AP1B1	AP1G1	AP2A2	AP2B1	SLC2A8
cluster_653	5	AP1B1	AP2A1	AP2A2	AP2B1	PPP6R3
cluster_654	5	AP1B1	AP2A1	AP2A2	AP2M1	GPR156
cluster_655	5	AP1B1	AP2B1	CLTA	CLTB	HIP1R
cluster_656	5	AP2A1	AP2A2	AP2B1	CLTA	TFRC
cluster_657	5	AP2A1	AP2B1	CLTA	CLTB	HIP1
cluster_658	5	AP2A2	AP2B1	BMP2K	CLINT1	SQSTM1
cluster_659	5	APEX1	PDS5A	PDS5B	STAG2	WAPAL
cluster_660	5	APOA1	HP	MIS12	SERPINA1	TF
cluster_661	5	APOA1	ORM1	SERPINA1	TF	TSSK2
cluster_662	5	APP	CNOT7	CPEB1	PATL1	ZFP36
cluster_663	5	APP	YWHAB	YWHAG	YWHAQ	YWHAZ
cluster_664	5	ARCN1	ARHGEF10L	COPB1	COPB2	COPG1
cluster_665	5	ARG1	BLMH	CASP14	SETD7	TGM3
cluster_666	5	ARHGAP24	COPB1	COPB2	COPG1	COPG2
cluster_667	5	ARHGAP32	CEP85	CPEB4	KIAA0355	ZFP36
cluster_668	5	ARHGAP39	PSMA1	PSMA6	PSMA7	PSMB6
cluster_669	5	ARHGEF12	PSMC2	PSMD13	PSMD3	PSMD6
cluster_670	5	ARHGEF15	CCNT1	DDX42	FAM76B	PPP1R10
cluster_671	5	ARHGEF40	CDC42	RAC1	RAC2	RAC3
cluster_672	5	ARID1A	DPF1	SMARCA2	SMARCD2	SS18
cluster_673	5	ARID1B	BCL7A	BCL7C	CAP1	SMARCC2
cluster_674	5	ARID1B	SMARCA4	SMARCC1	SMARCC2	TRIM33
cluster_675	5	ARID4B	BRMS1L	LACC1	SIN3A	SUDS3
cluster_676	5	ARL10	EMD	FKBP8	NUP155	PTPN1
cluster_677	5	ARL2BP	YWHAB	YWHAE	YWHAQ	YWHAZ
cluster_678	5	ARL6IP4	HIST1H2BC	HIST1H2BH	HIST1H2BL	HIST3H2BB
cluster_679	5	ARMC8	GID4	GID8	MKLN1	SLURP1
cluster_680	5	ARMC8	GID8	MAEA	TRIM14	WDR26
cluster_681	5	ARNT	CDKN2B	GLIS2	HGF	MAP2K5
cluster_682	5	ARNT	EPHA2	KRAS	LYN	RAC1
cluster_683	5	ASB17	TUBA1B	TUBB	TUBB3	TUBB4B
cluster_684	5	ASH2L	HCFC1	KMT2A	MKI67	RBBP5
cluster_685	5	ASPH	CALR	CALU	PDIA4	RCN1
cluster_686	5	ASPH	RAB5A	STX4	STX6	STX7
cluster_687	5	ASUN	C9orf78	INTS10	INTS6	VWA9
cluster_688	5	ATF4	CEBPA	CEBPB	EP300	HSPA8
cluster_689	5	ATG16L1	MOB4	STRIP1	STRN	STRN4
cluster_690	5	ATG16L1	TAF10	TAF5	TAF6	TAF7
cluster_691	5	ATG9A	CCDC132	TSSC1	VPS51	VPS53
cluster_692	5	ATP2A1	BCAP31	GOLIM4	PTPN1	VAPA
cluster_693	5	ATP5A1	ATP5B	CETN3	HADHA	HADHB
cluster_694	5	ATP5B	ATP5F1	ATP5H	ATP5J	SLC6A20
cluster_695	5	ATP5B	NEDD4	VDAC1	VDAC2	VDAC3
cluster_696	5	ATXN2	EIF4ENIF1	PRRC2A	UBR1	ZC3H7A
cluster_697	5	ATXN2	OTUD4	ST13	TDRD3	YTHDF2
cluster_698	5	ATXN2L	HTT	PPIL4	PPP1R10	WDR82
cluster_699	5	ATXN7	ATXN7L2	ATXN7L3	KAT2B	TAF6L
cluster_700	5	AURKB	CIT	CUL3	PARK2	PCMTD1
cluster_701	5	BAG2	POLR2C	RPRD1B	RPRD2	SUPT6H
cluster_702	5	BAP1	CUL3	LRRIQ1	RPA1	RPA3
cluster_703	5	BAP1	LZTFL1	RPA2	SERBP1	TRIM67
cluster_704	5	BAZ1A	CHRAC1	RBBP7	SMARCA1	SMARCA5
cluster_705	5	BBS2	BBS4	BBS5	BBS9	TTC8
cluster_706	5	BCAP31	CANX	CDH2	SEC61B	TGOLN2
cluster_707	5	BCAP31	EMD	FKBP8	FSCN1	SEC63
cluster_708	5	BCAP31	LRRC59	SLC13A3	SSR1	TMPO
cluster_709	5	BCAP31	REEP5	VAPA	VAPB	VKORC1
cluster_710	5	BCL7A	BCL7C	BRD9	GLTSCR1L	SS18L1
cluster_711	5	BCOR	HDAC3	IRF2BP2	NCOR1	NCOR2
cluster_712	5	BET1	KCNE3	RAB9A	STX6	STX7
cluster_713	5	BET1	NAPB	STX4	STX6	STX7
cluster_714	5	BHLHE41	CSNK2A1	CSNK2A2	CSNK2B	DEC1
cluster_715	5	BIRC3	CFLAR	PRMT1	RAF1	TP53
cluster_716	5	BOLA1	GFM1	PMPCA	PMPCB	TRUB2
cluster_717	5	BRCA1	HSPA8	PRKAG3	RECQL4	STIP1
cluster_718	5	BRCA1	HUWE1	STIP1	TPTE2	VCP
cluster_719	5	BRD1	CALU	DNAJB11	DNAJC10	RCN1
cluster_720	5	BRD2	BRD3	CSNK2A1	CSNK2A2	CSNK2B
cluster_721	5	BRD2	BRD3	PIP4K2A	PIP4K2B	PIP4K2C
cluster_722	5	BRD2	BRD3	ZMYND8	ZNF592	ZNF687
cluster_723	5	BRD4	CUL3	NOVA2	TRIM67	ZC3H18
cluster_724	5	BRD8	EP400NL	MORF4L1	MORF4L2	MRGBP
cluster_725	5	BRDT	TAF5	TAF6	TAF7	TAF8
cluster_726	5	BSG	CALU	DNAJB11	PDIA4	RCN1
cluster_727	5	BTRC	FBXW11	TUBGCP2	TUBGCP3	TUBGCP4
cluster_728	5	BYSL	KRTAP10-3	KRTAP10-5	KRTAP10-7	KRTAP4-2
cluster_729	5	C11orf30	GATAD1	KDM5A	PHF12	SIN3B
cluster_730	5	C12orf45	KPNA2	KPNB1	RUVBL1	RUVBL2
cluster_731	5	C16orf59	KRTAP10-3	KRTAP10-7	KRTAP10-9	NOTCH2NL
cluster_732	5	C17orf96	HDAC2	JARID2	RBBP4	RBBP7
cluster_733	5	C1QBP	GAB1	LRPPRC	SLIRP	TUFM
cluster_734	5	C2orf49	YWHAE	YWHAG	YWHAQ	YWHAZ
cluster_735	5	C6orf141	HAUS3	HAUS5	HAUS6	HAUS7
cluster_736	5	C8orf33	MRPS2	MRPS23	MRPS28	MRPS9
cluster_737	5	C9orf72	COPS5	CUL2	CUL3	YAE1D1
cluster_738	5	C9orf78	COG2	COG5	COG7	COG8
cluster_739	5	C9orf78	MED14	MED17	MED23	MED24
cluster_740	5	CA14	COG2	COG4	COG7	COG8
cluster_741	5	CALCOCO2	PSMA1	PSMC5	PSMC6	PSMD3
cluster_742	5	CALM1	CDC42	KRAS	MARCKS	RAC1
cluster_743	5	CALM2	CALM3	CAMK2B	CAMK2D	CAMK2G
cluster_744	5	CALML5	IVL	KAT7	POF1B	SERPINB5
cluster_745	5	CALR	DUSP13	P4HB	PDIA3	PDIA6
cluster_746	5	CAMK1	PSMA5	PSMD12	PSMD14	PSMD6
cluster_747	5	CAMKMT	CCT2	CCT3	CCT6A	CCT8
cluster_748	5	CANX	DDOST	LTK	RPN2	STT3A
cluster_749	5	CANX	DDOST	NDRG1	RPN2	TGOLN2
cluster_750	5	CANX	GNB1	SEC61B	VAPA	VAPB
cluster_751	5	CANX	SEC61B	SEP15	TCTN3	TGOLN2
cluster_752	5	CAPZA2	CARD10	DBN1	MYO19	MYO1C
cluster_753	5	CAPZA2	CLIC1	IQGAP1	MYO5C	SYNPO
cluster_754	5	CAPZA2	DBN1	LIMA1	LRCH3	TMOD3
cluster_755	5	CAPZA2	FBXO46	MYO18A	MYO19	MYO1C
cluster_756	5	CAPZA2	GAS2L1	IQGAP1	MYO19	PPP1CB
cluster_757	5	CAPZA2	MICAL3	MYH9	MYO18A	MYO19
cluster_758	5	CARD9	KRT15	KRT16	KRT19	KRT75
cluster_759	5	CASC3	CCDC9	ELAVL2	PABPC5	PAIP1
cluster_760	5	CAV1	CDC42	MSRB2	RAB7A	RAC2
cluster_761	5	CBX7	PCGF5	PHC1	PHC3	RNF2
cluster_762	5	CBY1	EIF4E2	GIGYF2	PIP	SIPA1L1
cluster_763	5	CCAR2	YWHAE	YWHAH	YWHAQ	YWHAZ
cluster_764	5	CCBL2	COPS5	CUL1	CUL4B	CUL5
cluster_765	5	CCDC102B	TRAPPC10	TRAPPC3	TRAPPC4	TRAPPC6B
cluster_766	5	CCDC132	CCDC93	TSSC1	VPS53	WHAMMP3
cluster_767	5	CCDC14	KIAA0753	KIFC3	OFD1	SSX2IP
cluster_768	5	CCDC22	COMMD1	COMMD2	COMMD3	TRIM16L
cluster_769	5	CCDC22	COMMD1	COMMD3	COMMD8	FAM167A
cluster_770	5	CCDC22	COMMD10	COMMD3	COMMD9	WHAMMP3
cluster_771	5	CCDC22	COMMD2	COMMD3	COMMD8	CTAGE5
cluster_772	5	CCDC47	CYBRD1	FKBP8	VAPA	VAPB
cluster_773	5	CCDC47	DCAKD	ESYT1	SRPRB	TEX2
cluster_774	5	CCDC84	PRPF3	PRPF4	SNRPE	SNRPG
cluster_775	5	CCDC93	TSSC1	VPS51	VPS53	ZUFSP
cluster_776	5	CCNB2	CEP128	NDC80	NIN	PCM1
cluster_777	5	CCND1	HDAC1	HDAC2	RBBP4	RCOR1
cluster_778	5	CCNE1	SMARCA2	SMARCA4	SMARCB1	SMARCC1
cluster_779	5	CCT2	CCT3	CCT5	CCT7	DCAF12
cluster_780	5	CCT2	CCT4	CCT5	TUBB4B	TXNL1
cluster_781	5	CCT2	CCT4	CCT6A	CCT8	DUSP6
cluster_782	5	CCT2	CCT4	CCT7	CCT8	FLCN
cluster_783	5	CCT2	CCT6A	CCT6B	CCT7	PELI3
cluster_784	5	CCT2	CCT6B	CCT7	PLBD1	TCP1
cluster_785	5	CCT3	CCT4	CCT5	CCT7	SEH1L
cluster_786	5	CCT4	CCT5	CCT7	CDK1	TCP1
cluster_787	5	CCT4	CCT6B	CCT7	CCT8	DUSP19
cluster_788	5	CD274	COPA	COPB1	COPB2	COPG1
cluster_789	5	CD2AP	HDAC1	KDM1A	MTA2	RCOR1
cluster_790	5	CD44	HADHA	HADHB	TOMM40	VDAC3
cluster_791	5	CD48	TUBA1A	TUBA1C	TUBA4A	TUBB
cluster_792	5	CD70	EXOC2	EXOC5	EXOC6	EXOC7
cluster_793	5	CD79B	TUBA1A	TUBA1C	TUBA4A	TUBB3
cluster_794	5	CDC37	CHUK	HSP90AA1	HSP90AB1	IKBKB
cluster_795	5	CDC37	EEF2	HIPK4	HSP90AA1	HSP90AB1
cluster_796	5	CDC42	FMNL3	MCAM	RAC2	RHOA
cluster_797	5	CDC5L	KIAA0907	PRPF19	RBM39	U2AF2
cluster_798	5	CDC5L	PLRG1	PRPF19	XAB2	XPA
cluster_799	5	CDCA2	KPNA2	KPNB1	NUP153	RAN
cluster_800	5	CDK1	PSMA4	PSMA5	PSMA6	PSMD3
cluster_801	5	CDK11A	CDK11B	CSNK2A1	CSNK2A2	CSNK2B
cluster_802	5	CDK20	PSMB2	PSMB5	PSMC6	PSMD1
cluster_803	5	CDK3	YWHAB	YWHAE	YWHAH	YWHAQ
cluster_804	5	CDK7	MED1	MED17	MED21	MED31
cluster_805	5	CDK9	NUP107	NUP205	NUP214	NUP98
cluster_806	5	CDKN1A	PSMA3	PSMC2	PSMC5	PSMD2
cluster_807	5	CDX2	SMARCA2	SMARCA4	SMARCB1	SMARCD1
cluster_808	5	CDY2A	EHMT1	EHMT2	WIZ	ZNF644
cluster_809	5	CEBPA	H3F3A	HIST1H4A	HOMEZ	RBM39
cluster_810	5	CELF1	CERK	EIF4ENIF1	FAM120C	PRRC2B
cluster_811	5	CELF1	DAZL	MBNL2	RBM47	RBMS1
cluster_812	5	CENPI	CENPK	CENPL	CENPM	CENPU
cluster_813	5	CENPL	PRKRA	RPL13	RPLP0	RRP8
cluster_814	5	CEP120	ECH1	KIAA0753	SPICE1	SSX2IP
cluster_815	5	CEP128	CEP131	CNTRL	PCM1	SLAIN2
cluster_816	5	CEP128	DNAJC7	KIAA0753	NDC80	OFD1
cluster_817	5	CEP131	LRRCC1	NDC80	NIN	PCM1
cluster_818	5	CEP135	HERC2	NDC80	NIN	PCM1
cluster_819	5	CEP135	KIAA1328	NDC80	OFD1	PCM1
cluster_820	5	CEP192	KIZ	TNRC6A	TNRC6B	TNRC6C
cluster_821	5	CEP44	CEP85	SMG7	TNRC6B	TNRC6C
cluster_822	5	CEP85	MIF	TNRC6A	TNRC6B	TNRC6C
cluster_823	5	CERS6	RPA1	RPA2	TRIM25	TRIM67
cluster_824	5	CFH	PSMA3	PSMB3	PSMB6	PSMD13
cluster_825	5	CGGBP1	NFIA	NFIC	NFIX	PAX6
cluster_826	5	CGN	KCTD3	KIF1C	MAPKAP1	PINK1
cluster_827	5	CHD3	EED	EZH2	HIC1	SUZ12
cluster_828	5	CHD4	HDAC1	HDAC2	MECP2	MKX
cluster_829	5	CHRM4	COG1	COG2	COG3	COG4
cluster_830	5	CHST8	TMED10	TMED2	TMED4	TMED9
cluster_831	5	CHUK	IKBKB	NFKB1	NFKB2	NFKBIB
cluster_832	5	CIAO1	POLR2B	POLR3A	RPAP2	URI1
cluster_833	5	CIC	E2F6	L3MBTL2	MGA	PCGF6
cluster_834	5	CISD1	TOMM40	VDAC1	VDAC2	VDAC3
cluster_835	5	CIT	KIF14	KIF20A	PRC1	TRPV5
cluster_836	5	CITED1	SMC1A	SMC3	STAG1	STAG2
cluster_837	5	CKAP4	DERL1	FKBP8	TMPO	XRCC3
cluster_838	5	CLCN3	CLCN4	CLCN5	MCOLN1	SLC4A4
cluster_839	5	CLIC4	GRHPR	PARK7	PRDX6	TPI1
cluster_840	5	CLIP1	HSP90AB1	TUBA1A	TUBB	TUBB4B
cluster_841	5	CLK4	KRTAP10-3	KRTAP10-7	KRTAP10-8	KRTAP10-9
cluster_842	5	CLPP	CS	SHC1	SSBP1	TBRG4
cluster_843	5	CLPP	HSCB	PDHA1	SCAMP3	SLIRP
cluster_844	5	CLTA	CLTB	DCP1A	DCP1B	EDC3
cluster_845	5	CLTC	SFN	YWHAB	YWHAQ	YWHAZ
cluster_846	5	CNOT1	CNOT11	CNOT6	IZUMO1	RQCD1
cluster_847	5	CNOT1	CNOT7	CPEB4	FBXO7	PRRC2B
cluster_848	5	CNOT1	FAM120C	FUBP3	RNF123	TDRD3
cluster_849	5	CNOT11	CNOT2	CNOT3	NLK	TNKS1BP1
cluster_850	5	CNOT11	CNOT2	CNOT6	RQCD1	THRSP
cluster_851	5	COA1	RPA1	RPA2	RPA3	TP53
cluster_852	5	COG1	COG2	COG5	COG6	COG8
cluster_853	5	COG1	COG2	COG5	COG7	CYB5B
cluster_854	5	COG1	COG3	COG4	COG8	GCGR
cluster_855	5	COG3	COG4	COG5	COG7	ILVBL
cluster_856	5	COLGALT1	COLQ	PLOD1	PLOD2	PLOD3
cluster_857	5	COMMD1	COMMD10	COMMD6	COMMD7	COMMD9
cluster_858	5	COPA	COPB1	COPB2	COPG2	FBXO6
cluster_859	5	COPA	COPB1	COPE	COPG1	PLK1
cluster_860	5	COPA	COPB1	COPE	COPG2	SHMT2
cluster_861	5	COPA	COPB2	COPG1	COPG2	KCNJ10
cluster_862	5	COPS2	COPS3	COPS4	GPS1	WRAP73
cluster_863	5	COPS2	COPS4	COPS6	GPS1	IRF8
cluster_864	5	COPS2	COPS6	COPS7A	GPS1	SKP2
cluster_865	5	COPS3	COPS6	COPS7B	GPS1	HSPA12A
cluster_866	5	COPS3	COPS7A	COPS7B	GPS1	USP15
cluster_867	5	COPS5	CUL4A	CUL4B	CUL5	DDB2
cluster_868	5	COX15	DBN1	MYO1C	MYO1D	TMOD3
cluster_869	5	CPSF1	CPSF2	CPSF3	CPSF4	CSNK1A1
cluster_870	5	CPSF1	CPSF2	CPSF4	SYMPK	TGOLN2
cluster_871	5	CPSF6	EIF4A3	OTUB2	PRPF19	U2AF2
cluster_872	5	CPSF7	DDX42	MFAP1	RBM25	SLC35G3
cluster_873	5	CPSF7	DDX42	NUSAP1	PPP1R10	TAF2
cluster_874	5	CRCP	POLR2E	POLR2K	POLR3E	POLR3H
cluster_875	5	CREB5	CYSRT1	ESR2	HOXA1	NOTCH2NL
cluster_876	5	CRK	SFN	YWHAG	YWHAQ	YWHAZ
cluster_877	5	CRP	RPL13A	RPL23	RPL26L1	SNRNP70
cluster_878	5	CS	HSPD1	MDH2	PHOSPHO1	TRAP1
cluster_879	5	CSGALNACT2	EMC2	EMC3	EMC4	EMC8
cluster_880	5	CSK	YWHAB	YWHAE	YWHAG	YWHAZ
cluster_881	5	CSNK2A1	CSNK2A2	CSNK2B	CTBP1	CTBP2
cluster_882	5	CSNK2A1	CSNK2A2	CSNK2B	GRIN2A	GRIN2B
cluster_883	5	CSNK2A1	CSNK2A2	CSNK2B	LUC7L	LUC7L2
cluster_884	5	CSRP2BP	KMT2B	SETD1A	SMN1	ZZZ3
cluster_885	5	CT45A5	IFT22	IFT74	IFT81	TTC30A
cluster_886	5	CTLA4	SUPT7L	TADA1	TAF5L	TAF6L
cluster_887	5	CTNNB1	SFN	YWHAE	YWHAQ	YWHAZ
cluster_888	5	CTSB	FXN	GLRX5	LACTB2	MPST
cluster_889	5	CTTNBP2NL	MOB4	PPP2R1B	STRN	STRN3
cluster_890	5	CUL1	CUL2	CUL4B	N4BP1	NEDD8
cluster_891	5	CUL1	CUL2	FBXL2	RBX1	SKP1
cluster_892	5	CUL1	CUL5	DCUN1D1	RBX1	UBE2F
cluster_893	5	CUL2	CUL4A	CUL4B	CUL5	DPYSL2
cluster_894	5	CUL3	HSF2	HSPA1A	HSPA8	TP53
cluster_895	5	CUL3	HSPA1A	HSPA5	HSPA8	TRIM38
cluster_896	5	CUL3	PARK2	RFFL	TP53	VCP
cluster_897	5	CUX1	HDAC1	KDM1A	RBBP4	RCOR1
cluster_898	5	CXADR	FLOT1	FLOT2	LNX1	RHOC
cluster_899	5	CXXC1	KANSL1	KANSL2	MCRS1	RELA
cluster_900	5	CXXC1	KANSL2	KANSL3	NFYC	SETD1A
cluster_901	5	CYSRT1	GGN	KRTAP2-3	KRTAP2-4	KRTAP5-9
cluster_902	5	DAP3	MRPL11	MRPS34	PTCD3	SMG7
cluster_903	5	DAP3	MRPS27	MRPS35	PTCD3	ZEB1
cluster_904	5	DARS	EPRS	HMGCS1	IARS	KARS
cluster_905	5	DARS-AS1	PCBP1	RBM39	RPL7	RPS23
cluster_906	5	DAZL	FNDC3B	PRRC2A	RBM47	RBMS1
cluster_907	5	DBN1	DISC1	FLNA	LIMA1	TMOD3
cluster_908	5	DBN1	FLNA	LGALS1	LIMA1	MYH9
cluster_909	5	DBN1	GAK	LIMA1	MYO1C	SYNPO
cluster_910	5	DCP1A	DCP1B	EDC3	GSK3A	GSK3B
cluster_911	5	DDOST	GBP5	RPN1	RPN2	STT3B
cluster_912	5	DDOST	GSTK1	RPN1	RPN2	SEC63
cluster_913	5	DDOST	KAT7	OST4	RPN2	STT3B
cluster_914	5	DDOST	OST4	PACRGL	RPN1	RPN2
cluster_915	5	DDR2	MCAM	RAB9A	RHOB	RHOC
cluster_916	5	DDRGK1	HSPA8	NUDT10	SERBP1	TRIM67
cluster_917	5	DDX20	FAXC	GEMIN2	GEMIN4	GEMIN8
cluster_918	5	DDX20	GEMIN2	GEMIN4	GEMIN6	NUFIP1
cluster_919	5	DDX20	GEMIN4	GEMIN6	GEMIN8	P2RY12
cluster_920	5	DDX20	GEMIN4	GEMIN7	GEMIN8	SLC7A11
cluster_921	5	DDX21	IGF2BP1	IGF2BP3	TLE4	YBX1
cluster_922	5	DDX24	PSMA3	PSMA4	PSMB5	PSMB6
cluster_923	5	DDX39A	MED20	MED21	MED29	MED7
cluster_924	5	DDX42	LMNA	MFAP1	PPIL4	TOX4
cluster_925	5	DDX6	FDPS	HNRNPA1	HNRNPA3	PABPC1
cluster_926	5	DEC1	PPP1CA	PPP1CB	PPP1CC	RORC
cluster_927	5	DEFB106A	EMC3	EMC4	EMC7	EMC8
cluster_928	5	DEPDC5	MIOS	SZT2	WDR24	WDR59
cluster_929	5	DERL1	EMD	LMNB1	PML	TMPO
cluster_930	5	DES	DLST	PDHA1	PMPCA	PMPCB
cluster_931	5	DHODH	HNRNPM	ILF3	SERBP1	TRIM67
cluster_932	5	DHX30	GLTSCR2	LDHD	RPL30	ZC3HAV1
cluster_933	5	DLAT	PDHA1	PDHB	PDK3	UBR7
cluster_934	5	DLG4	KIF13B	PHLDB2	SIPA1L1	TIAM1
cluster_935	5	DNAH1	HIST1H2BC	HIST1H2BD	HIST1H2BH	LOC102724334
cluster_936	5	DNAH2	HNRNPA1	HNRNPA2B1	HNRNPA3	MATR3
cluster_937	5	DNAJB3	HIST1H2AD	HIST1H2BC	HIST1H2BJ	HIST1H2BK
cluster_938	5	DNAJC1	EMD	FKBP8	STIM1	SYNM
cluster_939	5	DNAJC1	EMD	PGRMC2	PNPLA6	STIM1
cluster_940	5	DNAJC7	IFT172	IFT81	TTC26	TTC30A
cluster_941	5	DNMT3A	DNMT3B	POLR2A	POLR2C	POLR2H
cluster_942	5	DOPEY1	SFN	YWHAG	YWHAH	YWHAQ
cluster_943	5	DPF2	HSP90B1	SMARCA4	SMARCC1	SMARCC2
cluster_944	5	DPF2	PICK1	SMARCA2	SMARCB1	SMARCD1
cluster_945	5	DRAP1	SMARCA2	SMARCB1	SMARCC1	SMARCC2
cluster_946	5	DSC1	DSG1	FLG2	JUP	NEK2
cluster_947	5	DUSP23	ESYT1	PGRMC2	SEC63	SSR1
cluster_948	5	DVL2	YWHAB	YWHAE	YWHAG	YWHAQ
cluster_949	5	DYNLL1	MRPS2	MRPS23	MRPS24	MRPS28
cluster_950	5	E2F1	HDAC1	KDM1A	MTA1	RBBP4
cluster_951	5	E2F6	L3MBTL2	PCGF3	PCGF6	RB1
cluster_952	5	EAF1	TAF1A	TAF1B	TAF1C	TAF1D
cluster_953	5	ECD	PSMC3	PSMC5	PSMD1	PSMD2
cluster_954	5	EDA	EIF4A3	PNN	RNPS1	SRRM2
cluster_955	5	EDEM1	HSPA5	HSPA8	TP53	VCP
cluster_956	5	EEF1A1	GAPDH	HNRNPA1	HNRNPA2B1	LIG4
cluster_957	5	EEF1A1	GAPDH	HSPA5	HSPA9	LAMTOR5
cluster_958	5	EEF1A2	HIST1H2BC	HIST1H2BK	HIST1H2BL	HIST1H2BN
cluster_959	5	EEF1D	TOMM22	TOMM40	TOMM5	VDAC3
cluster_960	5	EFTUD2	HNRNPM	HSPA8	PHLDA3	ZRANB1
cluster_961	5	EID1	EP300	HIST1H3A	HIST1H4A	XRCC6
cluster_962	5	EIF3A	EIF3E	EIF3F	EIF3L	NUAK1
cluster_963	5	EIF3D	EIF3E	EIF3L	EIF3M	SCYL1
cluster_964	5	EIF4E2	NF1	SH3PXD2A	TRAF6	USP21
cluster_965	5	EIF4ENIF1	FAM120C	HELZ	KIAA0430	NISCH
cluster_966	5	EIF4ENIF1	SMG7	TDRD3	VPS33B	ZC3H7A
cluster_967	5	EIF4G1	HSPH1	PSMC5	PSMD2	SAMHD1
cluster_968	5	EIF4G3	PSMB6	PSMC3	PSMC4	PSMD11
cluster_969	5	EMD	LMNB1	NUP155	POM121	SEC61B
cluster_970	5	EMD	PPEF1	RPN1	RPN2	SSR1
cluster_971	5	EPHA2	GJA1	MCAM	STX4	STXBP1
cluster_972	5	EPHA2	HRAS	KRAS	NRAS	RAB27A
cluster_973	5	EPHA2	INPPL1	LYN	RAC1	RHOB
cluster_974	5	ERRFI1	TUBA1A	TUBA1B	TUBA1C	TUBB
cluster_975	5	ESYT1	LRRC59	RPN2	TOMM6	VAPA
cluster_976	5	ETAA1	HERC2	RMI1	RMI2	TOP3A
cluster_977	5	EXOSC10	EXOSC2	EXOSC4	PARN	XRN2
cluster_978	5	EXOSC2	EXOSC4	EXOSC6	EXOSC9	PHF10
cluster_979	5	EXOSC2	EXOSC4	EXOSC7	EXOSC9	LRRC47
cluster_980	5	FAM120A	HECW2	LARP4B	LSM14A	YTHDF3
cluster_981	5	FAM120C	MIA3	PATL1	PRRC2B	TDRD3
cluster_982	5	FAP	HUWE1	MYC	PHB	PHB2
cluster_983	5	FASTKD5	HSPD1	NEFM	PDHA1	VWA8
cluster_984	5	FBF1	RAB2A	RAB7A	RAC1	RHOC
cluster_985	5	FBXL19	RPL22	RPL35A	RPS11	RPS20
cluster_986	5	FBXO22	GC	HP	HPX	SERPINA1
cluster_987	5	FBXO22	PSMC4	PSMC6	PSMD13	PSMD7
cluster_988	5	FBXW10	LARP4B	PUM2	RBM47	RBMS1
cluster_989	5	FGF17	MRPS14	MRPS18C	MRPS7	MRPS9
cluster_990	5	FGFR2	PRKDC	SSRP1	SUPT16H	XRCC6
cluster_991	5	FLII	GAPVD1	IQGAP1	MYH10	MYH9
cluster_992	5	FOXM1	LIN37	LIN54	LIN9	MYBL2
cluster_993	5	FOXP1	PBRM1	SMARCA2	SMARCA4	SMARCE1
cluster_994	5	FSCN1	PSMA3	PSMB4	PSMB5	PSME2
cluster_995	5	FTL	L3MBTL2	MGA	PCGF6	PIPSL
cluster_996	5	FYCO1	LAMP2	LAMTOR1	RAB7A	RAB9A
cluster_997	5	G2E3	HIST1H1C	RPL23A	RPL31	RPS15
cluster_998	5	GALK2	KIAA1429	RAF1	SERBP1	TRIM67
cluster_999	5	GALNT2	HADHB	VDAC1	VDAC2	VDAC3
cluster_1000	5	GATAD2A	GATAD2B	MBD3	MTA1	ZBTB46
cluster_1001	5	GATSL2	GATSL3	MIOS	WDR24	WDR59
cluster_1002	5	GIN1	RPS14	RPS19	RPS28	RPS5
cluster_1003	5	GIPC1	MOB4	STRN	STRN3	STRN4
cluster_1004	5	GPC1	SFN	YWHAE	YWHAH	YWHAQ
cluster_1005	5	GPN1	GPN3	POLR2G	POLR2I	WDR48
cluster_1006	5	GPN3	POLR2A	POLR2D	POLR2I	RPRD2
cluster_1007	5	GRSF1	HSPD1	LRPPRC	PTPN2	TRMT61B
cluster_1008	5	GSK3A	GSK3B	PPP1CA	PPP1CB	PPP1CC
cluster_1009	5	GTF2A1	TAF4	TAF5	TAF6	TAF7
cluster_1010	5	H2AFY	H2AFZ	HIST1H2BA	HMGA1	SET
cluster_1011	5	H2AFZ	HIST1H2BB	HIST1H3A	HIST2H2BE	PRKCB
cluster_1012	5	H3.Y	HIST1H2BK	HIST1H2BL	HIST1H2BO	HIST2H2BF
cluster_1013	5	H3F3A	HDGFRP3	HIST1H3A	PARP1	SMC5
cluster_1014	5	H3F3A	HIST1H3A	HIST2H2BE	MEN1	PPM1D
cluster_1015	5	HADHA	HADHB	NDUFA4	NDUFA9	PSKH2
cluster_1016	5	HAUS1	HAUS3	HAUS5	HAUS8	VCL
cluster_1017	5	HAUS1	HAUS4	HAUS5	HAUS6	KRT38
cluster_1018	5	HAUS2	HAUS3	HAUS4	HAUS5	HTT
cluster_1019	5	HAUS3	HAUS6	HAUS7	HAUS8	HSCB
cluster_1020	5	HAUS4	HAUS5	HAUS6	HAUS8	SOHLH1
cluster_1021	5	HDAC1	HDAC2	MTA2	SMARCA5	YY1
cluster_1022	5	HDAC1	KDM1A	RBBP7	RCOR1	ZNF750
cluster_1023	5	HDAC1	MTA2	RBBP4	SMARCC2	YWHAE
cluster_1024	5	HDAC2	MTA2	RBBP4	RBBP7	TRIM14
cluster_1025	5	HDAC2	MTA2	RBBP4	SIN3A	ZNF263
cluster_1026	5	HECTD4	RPL36	RPL7A	RPS25	RPS8
cluster_1027	5	HECW2	KAT2A	SUPT20H	TADA2B	TAF5L
cluster_1028	5	HECW2	PSMA7	PSMB1	PSMB3	PSMB7
cluster_1029	5	HIF1A	PSMA4	PSMA7	PSMC3	PSMD3
cluster_1030	5	HIST1H2AC	HIST1H2AH	HIST1H2BJ	HIST2H2AB	NLRP7
cluster_1031	5	HIST1H2AH	HIST1H2BD	HIST1H2BK	HIST1H2BO	SIRT6
cluster_1032	5	HIST1H2BC	HIST1H2BD	HIST1H2BK	HIST1H2BL	KMT2A
cluster_1033	5	HIST1H2BC	HIST1H2BH	HIST1H2BK	HIST2H2BF	TRO
cluster_1034	5	HIST1H2BD	HIST1H2BH	HIST2H2BF	LOC102724334	MVP
cluster_1035	5	HIST1H2BD	HIST1H2BN	HIST1H2BO	LOC102724334	MYBPC1
cluster_1036	5	HIST1H2BJ	HIST1H2BK	HIST2H2BF	HIST3H2BB	TUBA3C
cluster_1037	5	HIST1H2BN	HIST1H2BO	HIST2H2BF	LOC102724334	SKAP2
cluster_1038	5	HLA-DQB1	NDUFA12	NDUFA9	NDUFB8	NDUFB9
cluster_1039	5	HMMR	TUBA1A	TUBA4A	TUBB2A	TUBB4B
cluster_1040	5	HNRNPA1	HNRNPA2B1	HNRNPA3	ITPA	RBM14
cluster_1041	5	HNRNPA2B1	HNRNPD	HNRNPM	PCBP1	PPA2
cluster_1042	5	HNRNPH1	MED1	MED10	MED16	MED22
cluster_1043	5	HNRNPK	HNRNPR	RALY	SPG7	SRSF3
cluster_1044	5	HNRNPL	INTS2	INTS3	INTS6	INTS8
cluster_1045	5	HNRNPU	IKBKB	RPL30	RPL4	RPL6
cluster_1046	5	HOXB7	PARP1	PRKDC	XRCC5	XRCC6
cluster_1047	5	HRAS	KRAS	LAMTOR1	NRAS	PSEN1
cluster_1048	5	HRAS	KRAS	LYN	NRAS	PIK3CG
cluster_1049	5	HRAS	KRAS	NRAS	PLEKHO1	ZFPL1
cluster_1050	5	HSP90AB1	HSPA1A	HSPA8	SLC6A4	STIP1
cluster_1051	5	HSP90B1	P4HB	PDIA3	PDIA6	RNF43
cluster_1052	5	HSPA1A	HSPA5	HSPA8	HSPA9	ZBTB18
cluster_1053	5	HSPA1A	HSPA8	HUWE1	NEUROG3	RECQL4
cluster_1054	5	HSPA1A	HSPA8	KIAA1429	OSBPL10	TRIM67
cluster_1055	5	HSPA1A	NEB	STIP1	TRIM67	VCP
cluster_1056	5	HSPA1A	STAU1	STIP1	TAGLN	ZRANB1
cluster_1057	5	HSPA5	HSPA8	LEPREL2	TRIM25	TRIM67
cluster_1058	5	HSPA8	RPA1	RPA2	SSH3	STIP1
cluster_1059	5	HSPH1	LRRFIP2	PSMC2	PSMC3	PSMC4
cluster_1060	5	HTRA4	NSRP1	PPIL4	PPP1R10	TAF2
cluster_1061	5	HTT	MED21	MED31	POLR2A	POLR2H
cluster_1062	5	HUS1	MSH2	MSH6	RAD1	RAD9A
cluster_1063	5	ICT1	MRPL23	MRPL49	PPT2	TUFM
cluster_1064	5	IFT172	IFT22	IFT27	IFT81	XPO7
cluster_1065	5	IL1RAP	MCAM	RAC1	RHOB	RHOC
cluster_1066	5	IMMP1L	IMMP2L	NUP214	NUP62	NUP88
cluster_1067	5	INTS1	INTS3	INTS5	INTS6	PPP2R1B
cluster_1068	5	IRAK1	POLR3A	RPAP3	URI1	WDR92
cluster_1069	5	JADE1	JADE2	JADE3	KAT6A	KAT6B
cluster_1070	5	KAT6A	TAF10	TAF12	TAF3	TAF5
cluster_1071	5	KIF2A	RPL26L1	RPL27A	RPL35A	RPS13
cluster_1072	5	KPNA2	KPNB1	NPIPB6	NUP153	RANBP2
cluster_1073	5	KPNB1	NUP153	NUP98	RAN	TNPO2
cluster_1074	5	KRAS	LAMTOR1	STX6	STX7	SYNJ1
cluster_1075	5	KRR1	RPL3	RPSA	SRSF5	ZNF335
cluster_1076	5	KRT1	KRT10	KRT17	KRT2	PRSS1
cluster_1077	5	KRT14	KRT17	KRT2	KRT5	NEURL3
cluster_1078	5	KRTAP10-1	KRTAP10-8	KRTAP9-2	KRTAP9-8	RNF8
cluster_1079	5	L3MBTL2	MGA	PCGF3	PCGF6	PSME3
cluster_1080	5	LAMP2	RAB11A	RAB7A	STX7	WDFY1
cluster_1081	5	LCE1A	LCE1C	LCE2B	LCE5A	PLAC8
cluster_1082	5	LIG4	PRKDC	TOP1	XRCC5	XRCC6
cluster_1083	5	LIN37	LIN52	LIN54	LIN9	MYBL1
cluster_1084	5	LINC00632	LMAN1	PGRMC1	PGRMC2	RPN2
cluster_1085	5	LYST	MBD3	MTA2	MTA3	SAP30
cluster_1086	5	MAPRE1	PSMA1	PSMB1	PSMD12	PSMD6
cluster_1087	5	MED12	MED13	MED13L	MED14	TOP3B
cluster_1088	5	MED4	PSMA2	PSMB1	PSMC5	PSMD7
cluster_1089	5	MEF2A	NFIA	NFIB	NFIC	SP7
cluster_1090	5	METTL18	PRPF4	SNRPA1	SNRPD2	SNRPF
cluster_1091	5	MKI67	PDS5A	SMC1A	SMC3	STAG2
cluster_1092	5	MLXIPL	YWHAG	YWHAH	YWHAQ	YWHAZ
cluster_1093	5	MMS19	PRPF3	PRPF6	SNRPB2	USP39
cluster_1094	5	MRE11A	MSH2	MSH6	NBN	RAD50
cluster_1095	5	MRPL19	MRPL21	MRPL4	MRPL43	MRPL47
cluster_1096	5	MRPS18C	MRPS5	MRPS7	MRPS9	SULF2
cluster_1097	5	MRPS31	MRPS5	MRPS9	PTCD3	ZNF689
cluster_1098	5	MTA2	PLEKHG1	RBBP4	RBBP7	RUVBL1
cluster_1099	5	MTCH2	SYNJ2BP	TOMM22	TOMM40	TOMM5
cluster_1100	5	MTOR	PSMC5	PSMC6	PSMD14	PSMD3
cluster_1101	5	MYO6	RPAP2	RPRD1A	RPRD1B	RPRD2
cluster_1102	5	NAA15	PSMB6	PSMB7	PSMC3	PSMD12
cluster_1103	5	NABP2	PSMD11	PSMD13	PSMD6	PSMD7
cluster_1104	5	NCAPH2	RBM8A	RPL11	RPL38	RPS8
cluster_1105	5	NCL	NPM1	RPL19	RPS7	TEX15
cluster_1106	5	NDUFA1	NDUFA7	NDUFB2	NDUFB7	NDUFV3
cluster_1107	5	NDUFB11	NDUFB3	NDUFB5	NDUFB8	RNF4
cluster_1108	5	NFIA	NFIB	NFIC	PAX6	TP73
cluster_1109	5	NFKBIA	POLR2A	POLR2B	POLR2C	POLR2J
cluster_1110	5	NHSL2	STRIP1	STRN	STRN3	STRN4
cluster_1111	5	NR0B2	SMARCA2	SMARCB1	SMARCC1	SMARCE1
cluster_1112	5	NRBP1	SFN	YWHAB	YWHAG	YWHAQ
cluster_1113	5	NUAK2	SFN	YWHAE	YWHAH	YWHAZ
cluster_1114	5	NUB1	PSMB4	PSMC5	PSMD2	PSMD4
cluster_1115	5	NUP107	NUP153	NUP205	POLD1	RANBP2
cluster_1116	5	NUP107	NUP205	NUP214	NUP93	SLC39A9
cluster_1117	5	NUP133	NUP214	NUP98	RANBP2	RPS6KL1
cluster_1118	5	NUP153	NUP214	RANBP2	RANGAP1	RHBDD1
cluster_1119	5	PARD3B	SNRPB	SNRPC	SNRPD2	SNRPF
cluster_1120	5	PARP1	RPA1	TDP1	TRIM67	VCP
cluster_1121	5	PCDH20	SUPT7L	TAF12	TAF5L	TAF9B
cluster_1122	5	PCGF2	PCGF3	PHC1	PHC3	TUBA1C
cluster_1123	5	PDS5A	PWP2	SMC3	STAG2	WAPAL
cluster_1124	5	PEX19	PSMA5	PSMB1	PSMB4	PSMD6
cluster_1125	5	PFDN5	PSMB4	PSMB8	PSMC4	PSMD8
cluster_1126	5	PGBD1	SCAND1	ZSCAN20	ZSCAN22	ZSCAN25
cluster_1127	5	PGK1	PSMA3	PSMA6	PSMB1	PSMB2
cluster_1128	5	PIP	SECISBP2	TDRD3	YTHDF1	ZC3H7A
cluster_1129	5	PITPNC1	YWHAB	YWHAG	YWHAH	YWHAZ
cluster_1130	5	PLEC	SFN	YWHAH	YWHAQ	YWHAZ
cluster_1131	5	PLK1	SMC1A	SMC3	STAG2	WAPAL
cluster_1132	5	PMS2	PSMC1	PSMC2	PSMC3	PSMC6
cluster_1133	5	PNN	RNPS1	SAP18	SLC4A4	SRRM2
cluster_1134	5	POLL	PRKDC	SSRP1	SUPT16H	XRCC5
cluster_1135	5	POLR1A	POLR2A	POLR2B	POLR2H	PTEN
cluster_1136	5	POLR2A	POLR2B	PPIA	RPRD2	SCAF4
cluster_1137	5	POLR2A	POLR2G	POLR2I	RPRD2	SCAF4
cluster_1138	5	POLR2F	POLR3A	POLR3B	POLR3E	PSME1
cluster_1139	5	POLR3A	POLR3B	POLR3E	POLR3H	RAE1
cluster_1140	5	POMK	PSMC1	PSMD14	PSMD7	PSMD8
cluster_1141	5	POT1	S100A7	S100A8	TERF1	TERF2
cluster_1142	5	PPL	PSMA1	PSMA5	PSMB4	PSMB6
cluster_1143	5	PPP1CA	PPP1CB	PPP1CC	ZFYVE16	ZFYVE9
cluster_1144	5	PPP2CA	PPP2CB	PPP2R1A	PPP2R3B	TBCCD1
cluster_1145	5	PPP2CA	PPP2CB	PPP2R1A	STK24	STK26
cluster_1146	5	PRKAA2	SFN	YWHAB	YWHAH	YWHAZ
cluster_1147	5	PRPF6	SNRPA1	SNRPE	SNRPG	TBX5
cluster_1148	5	PRRC1	SEC23A	SEC23B	SEC24A	SEC24B
cluster_1149	5	PRUNE2	RPS24	RPS26	RPS5	RPSA
cluster_1150	5	PSMA1	PSMA7	PSMB1	PSMD4	SLC31A1
cluster_1151	5	PSMA2	PSMA7	PSMB5	PSMD4	TERF1
cluster_1152	5	PSMA2	PSMC4	PSMD1	PSMD4	ZNF24
cluster_1153	5	PSMA3	PSMA4	PSMA5	PSMA7	TLX2
cluster_1154	5	PSMA3	PSMC1	PSMD1	PSMD3	SNAI2
cluster_1155	5	PSMA3	PSMC3	PSMC6	PSMD12	WARS
cluster_1156	5	PSMA4	PSMB1	PSMC4	PSMD11	TOLLIP
cluster_1157	5	PSMA5	PSMC4	PSMC5	PSMD14	SPATA5
cluster_1158	5	PSMA6	PSMB5	PSMB6	PSMC2	TRRAP
cluster_1159	5	PSMA7	PSMC2	PSMC4	PSMC5	TIMP2
cluster_1160	5	PSMA7	PSMC3	PSMD12	PSMD4	TMEM104
cluster_1161	5	PSMA7	PSMD11	PSMD14	PSMD7	SPTBN1
cluster_1162	5	PSMB4	PSMD1	PSMD13	PSMD7	SMG7
cluster_1163	5	PSMC2	PSMC4	PSMC5	PSMD7	TRIM5
cluster_1164	5	PSMC3	PSMC4	PSMC5	PSMC6	SLC13A3
cluster_1165	5	PSMC5	PSMC6	PSMD11	PSMD3	WIPI2
cluster_1166	5	PSMC5	PSMD1	PSMD2	PSMD3	PTP4A1
cluster_1167	5	PSMC6	PSMD13	PSMD14	PSMD4	SLC16A12
cluster_1168	5	PSMD11	PSMD12	PSMD3	PSMD6	VPS33B
cluster_1169	5	PSMD11	PSMD12	PSMD6	PSMD7	USP20
cluster_1170	5	PSMD12	PSMD13	PSMD6	PSMD8	RPS6KA5
cluster_1171	5	PSMD13	PSMD14	PSMD7	RNF20	UCHL5
cluster_1172	5	PTPN5	RPN1	RPN2	VAPA	VAPB
cluster_1173	5	QPRT	SF3A1	SF3A2	SF3A3	U2SURP
cluster_1174	5	RAE1	SART1	SF3A1	SF3A2	SF3A3
cluster_1175	5	RAI1	RPL13	RPL23A	RPL27	RPL3
cluster_1176	5	RBM39	RPA1	RPA2	RPA3	WAS
cluster_1177	5	RPL18	RPL24	RPL30	RPL4	RPL7
cluster_1178	5	RPL31	RPL38	RPS25	RPS27	VPS4B
cluster_1179	5	RPS11	RPS25	RPSA	ZDHHC18	ZDHHC23
cluster_1180	5	S100A7	S100A8	S100A9	SERPINB3	TIMP2
cluster_1181	5	S100A8	S100A9	SERPINB3	SERPINB4	USF2
cluster_1182	5	SCAND1	ZNF394	ZNF397	ZSCAN20	ZSCAN32
cluster_1183	5	SCAND1	ZNF446	ZSCAN16	ZSCAN22	ZSCAN32
cluster_1184	5	SCAND1	ZNF446	ZSCAN22	ZSCAN23	ZSCAN9
cluster_1185	5	SFN	SRSF8	YWHAG	YWHAH	YWHAZ
cluster_1186	5	SFN	UBE2R2	YWHAE	YWHAG	YWHAH
cluster_1187	5	SNAP23	STX19	VAMP2	VAMP3	VAMP8
cluster_1188	5	SNX1	SNX2	SNX6	ZDHHC18	ZDHHC23
cluster_1189	5	SRXN1	SULT1A1	TPM1	TPM2	TPM4
cluster_1190	5	STK16	TUBA1A	TUBA1C	TUBB	TUBB3
cluster_1191	5	STK4	TP53	TRIM28	TRIM69	UBE2H
cluster_1192	5	STMN1	TUBA1B	TUBA1C	TUBB3	TUBB4B
cluster_1193	5	STX10	STX8	TMEM74	VTI1A	VTI1B
cluster_1194	5	SUPT3H	SUPT7L	TADA1	TAF9	TAF9B
cluster_1195	5	TADA2B	TADA3	TAF5L	TNIP2	YEATS2
cluster_1196	5	TBCA	TUBB	TUBB2A	TUBB2B	TUBB4B
cluster_1197	5	TMEM25	TUBA1A	TUBA4A	TUBB	TUBB3
cluster_1198	5	TRAPPC12	TRAPPC13	TRAPPC2L	TRAPPC6B	TRAPPC8
cluster_1199	5	TRPC1	TRPC3	TRPC4	TRPC5	TRPC6
cluster_1200	5	TUBA1C	TUBA4A	TUBA4B	TUBB	TUBB4B
cluster_1201	5	TUBGCP2	TUBGCP3	TUBGCP4	TUBGCP5	TUBGCP6
cluster_1202	5	ZNF197	ZNF232	ZNF397	ZSCAN20	ZSCAN32
cluster_1203	4	AADAT	AGA	CCBL2	TXNRD2
cluster_1204	4	AAGAB	AP2A1	AP2A2	AP2S1
cluster_1205	4	AARS2	C1QBP	TFAM	TFB2M
cluster_1206	4	AARS2	CD70	METTL15	TBRG4
cluster_1207	4	AARSD1	ARPC1A	ARPC2	ARPC5
cluster_1208	4	AATK	BTRC	CUL1	FBXW11
cluster_1209	4	AATK	CNOT1	CNOT10	RQCD1
cluster_1210	4	AATK	FAM21A	KIAA0196	KIAA1033
cluster_1211	4	ABAT	C21orf33	CLPP	HINT2
cluster_1212	4	ABCA12	BRD4	RPA2	RPA3
cluster_1213	4	ABCD1	RAB7A	RHOA	RND2
cluster_1214	4	ABCD3	HDAC1	KDM1A	PHF21A
cluster_1215	4	ABCE1	FLNA	FLNB	IQGAP1
cluster_1216	4	ABCF2	ACAD9	HSCB	HSPD1
cluster_1217	4	ABCF3	ACIN1	SAP18	SRRM2
cluster_1218	4	ABCG2	DBN1	MYO5C	SYNPO
cluster_1219	4	ABI1	C10orf88	CYFIP2	NCKAP1
cluster_1220	4	ABI1	CDH23	CYFIP1	NCKAP1
cluster_1221	4	ABI1	PRPS1	PRPSAP1	PRPSAP2
cluster_1222	4	ABI2	MED10	MED11	MED29
cluster_1223	4	ABL1	DRG1	RPLP1	RPS21
cluster_1224	4	ABL1	PSMA4	PSMA7	PSMD4
cluster_1225	4	ABL2	EPHA4	EPHA7	EPHB2
cluster_1226	4	ABRA	ACTR10	DCTN4	DCTN6
cluster_1227	4	ACACA	LTN1	PC	PCCA
cluster_1228	4	ACACA	MCCC1	PC	YWHAQ
cluster_1229	4	ACAD10	PRNP	TP53	TRIM67
cluster_1230	4	ACAD9	CEPT1	EXD2	IMMP2L
cluster_1231	4	ACAD9	CLPP	HSCB	LMF2
cluster_1232	4	ACAD9	COX4I1	COX8A	SLC35E3
cluster_1233	4	ACAD9	ECSIT	P2RY12	RMND1
cluster_1234	4	ACAD9	TIMM50	TRUB2	VWA8
cluster_1235	4	ACADM	ARF1	ARF4	ARF5
cluster_1236	4	ACBD3	MCM4	MCM6	MCM7
cluster_1237	4	ACBD5	UBQLN1	UBQLN2	UBQLN4
cluster_1238	4	ACD	ACTB	POT1	TINF2
cluster_1239	4	ACD	DBNL	POT1	TERF1
cluster_1240	4	ACO2	FDX1	FDX1L	GCSH
cluster_1241	4	ACOT7	CAV1	CDC42	RHOG
cluster_1242	4	ACOT7	POT1	TERF1	TINF2
cluster_1243	4	ACOT9	CD3EAP	COIL	POLR1E
cluster_1244	4	ACSL3	ESYT2	LRRC59	NUDT1
cluster_1245	4	ACTBL2	BCL7A	BCL7B	BCL7C
cluster_1246	4	ACTC1	HIST1H2AA	HIST1H2AH	HIST1H2BK
cluster_1247	4	ACTC1	LRWD1	ORC2	ORC5
cluster_1248	4	ACTL6A	ARID1A	SHMT2	SMARCC2
cluster_1249	4	ACTL6B	DMAP1	EP400	YEATS4
cluster_1250	4	ACTN2	GNB2L1	RPL35	SRP9
cluster_1251	4	ACTN2	PSMA1	PSMA3	PSMB5
cluster_1252	4	ACTR10	ACTR1B	DCTN6	LOC554223
cluster_1253	4	ACTR1A	ACTR1B	DCTN4	TOP3B
cluster_1254	4	ACTR2	ACTR3	ARPC1A	ERCC6
cluster_1255	4	ACTR2	ACTR3B	ARPC1A	ARPC5L
cluster_1256	4	ACTR2	APPL1	ARPC1A	ARPC2
cluster_1257	4	ACTR2	ARPC1A	ARPC5	CHURC1
cluster_1258	4	ACTR2	ARPC1B	ARPC2	AURKA
cluster_1259	4	ACTR3	ARPC3	ARPC4	PGK1
cluster_1260	4	ACTR3	ARPC4	ARPC5L	NFASC
cluster_1261	4	ACTR3B	AKT1	NFASC	PDXK
cluster_1262	4	ACTR6	DMAP1	DR1	SRCAP
cluster_1263	4	ACTR8	INO80C	INO80E	UBR5
cluster_1264	4	ADAMTSL4	CHCHD2	CYSRT1	TRIM42
cluster_1265	4	ADAMTSL4	CYSRT1	GNG13	KRTAP9-2
cluster_1266	4	ADAMTSL4	FAH	KRTAP10-8	KRTAP5-9
cluster_1267	4	ADAMTSL4	KRTAP10-1	NOTCH2NL	PID1
cluster_1268	4	ADAMTSL4	KRTAP9-2	NOTCH2NL	RCHY1
cluster_1269	4	ADAMTSL4	MVP	NOTCH2NL	TRIM42
cluster_1270	4	ADARB1	PRKRA	ZMAT4	ZNF346
cluster_1271	4	ADCK2	ATP1A1	ATP2A2	DDOST
cluster_1272	4	ADCY6	IPPK	LPAR1	TSPAN15
cluster_1273	4	ADD1	ADD2	ADD3	ANKRD29
cluster_1274	4	ADD1	ADD2	ROCK1	ROCK2
cluster_1275	4	ADNP	CHAMP1	DAXX	POGZ
cluster_1276	4	ADNP	POGZ	WIZ	WWTR1
cluster_1277	4	ADRM1	FBXO43	PSMC1	PSMD2
cluster_1278	4	ADRM1	HSPA1B	PSMA3	PSMD4
cluster_1279	4	ADRM1	LUC7L2	PSMB6	PSMD10
cluster_1280	4	ADRM1	PPP6R3	PSMA1	PSMD1
cluster_1281	4	ADRM1	PSMA3	PSMC4	RNF31
cluster_1282	4	AFTPH	GSK3A	GSK3B	SYNRG
cluster_1283	4	AGAP1	GAB2	SH3PXD2A	SRC
cluster_1284	4	AGAP3	ARF6	LAMP1	MCAM
cluster_1285	4	AGBL4	EIF4ENIF1	HELZ	SMG7
cluster_1286	4	AGBL5	FBRS	PCGF3	PCGF5
cluster_1287	4	AGL	EMC1	EMC2	MMGT1
cluster_1288	4	AGMAT	ARMC8	GID8	RMND5A
cluster_1289	4	AGO1	AGO2	TP63	TP73
cluster_1290	4	AGO2	ATP2A1	ESYT2	SRPR
cluster_1291	4	AGO2	EIF4E2	GIGYF1	GIGYF2
cluster_1292	4	AGO3	AP3B1	AP3D1	AP3S1
cluster_1293	4	AGO4	CTR9	LEO1	PAF1
cluster_1294	4	AGPAT4	HSD17B11	REEP5	SEC62
cluster_1295	4	AGR2	PHB	PHB2	RIC3
cluster_1296	4	AHCTF1	NUP107	NUP133	NUP160
cluster_1297	4	AHCYL1	AHCYL2	CPSF4	WDR33
cluster_1298	4	AHCYL1	AHCYL2	FOXK1	FOXK2
cluster_1299	4	AHCYL1	NCAPG	SMC2	SMC4
cluster_1300	4	AHI1	PPP2CA	PPP2R1A	PPP2R2A
cluster_1301	4	AHR	TAF4	TAF6	TAF9
cluster_1302	4	AIFM1	GRWD1	SFXN1	SLC25A12
cluster_1303	4	AIMP1	AIMP2	EPRS	PNMA2
cluster_1304	4	AIMP2	FGFR1	KARS	RARS
cluster_1305	4	AIMP2	HSPA2	IARS	RARS
cluster_1306	4	AK2	FXN	GLRX5	GUK1
cluster_1307	4	AKAP1	ATAD1	MTCH2	OCIAD1
cluster_1308	4	AKAP1	PSMC2	PSMC4	PSMD12
cluster_1309	4	AKAP8L	BCAP31	EMD	TMPO
cluster_1310	4	AKAP9	FMR1	FXR1	FXR2
cluster_1311	4	AKIRIN2	RGPD3	RGPD5	RGPD8
cluster_1312	4	AKR7L	RPP25	RPP38	RPP40
cluster_1313	4	AKT1	ANXA2	DSG1	DSP
cluster_1314	4	AKT1	HIST1H2BB	HIST2H2BE	HMGA1
cluster_1315	4	AKT1	HIST1H2BJ	HIST1H2BO	HIST3H2BB
cluster_1316	4	AKT1	PSMB4	PSMC5	PSMD1
cluster_1317	4	ALB	APOA1	HP	HPX
cluster_1318	4	ALDH3A2	INTS1	INTS12	INTS3
cluster_1319	4	ALDH4A1	CFL1	LDHA	LDHB
cluster_1320	4	ALDH7A1	COPA	COPB2	COPE
cluster_1321	4	ALK	NUP107	NUP133	NUP98
cluster_1322	4	ALKBH4	LRWD1	ORC2	ORC3
cluster_1323	4	ALMS1	CEP192	FTL	PIPSL
cluster_1324	4	ALS2CL	RAB22A	RAB31	RAB5A
cluster_1325	4	ALS2CR11	KRT13	KRT15	KRT75
cluster_1326	4	ANAPC1	ANAPC4	CDC16	SRP14
cluster_1327	4	ANAPC1	ANAPC5	BLK	CDC23
cluster_1328	4	ANAPC1	ANAPC5	CDC27	ID2
cluster_1329	4	ANAPC1	CDC16	CDC23	WWTR1
cluster_1330	4	ANAPC11	HIST1H2AB	HIST1H2BB	HIST1H3A
cluster_1331	4	ANAPC2	DRG1	EIF2S1	EIF2S3
cluster_1332	4	ANAPC4	CCNA2	CDC20	CDC27
cluster_1333	4	ANAPC4	CDC16	CDC23	FHOD3
cluster_1334	4	ANAPC5	ANAPC7	CDC23	CDT1
cluster_1335	4	ANAPC5	CDC20	CDC27	TFDP1
cluster_1336	4	ANGEL1	EIF4A2	EIF4EBP1	EIF4EBP2
cluster_1337	4	ANK3	SPTAN1	SPTBN1	SPTBN2
cluster_1338	4	ANKHD1	DNAJA1	RUVBL1	TUBB4B
cluster_1339	4	ANKRA2	CCDC8	CUL7	OBSL1
cluster_1340	4	ANKRD11	NCOA1	NCOA2	NCOA3
cluster_1341	4	ANKRD28	AP2A2	AP2B1	AP2M1
cluster_1342	4	ANKRD28	DCTN1	DCTN2	PPP6R1
cluster_1343	4	ANKRD28	EIF3A	EIF3D	EIF3G
cluster_1344	4	ANKRD28	GSK3A	GSK3B	PPP6R1
cluster_1345	4	ANKRD28	HNRNPK	HNRNPR	SYNCRIP
cluster_1346	4	ANKRD36	PSMC5	PSMD12	PSMD6
cluster_1347	4	ANKRD52	KDM1A	PHF21A	RCOR1
cluster_1348	4	ANLN	BTF3	ESR2	GNG10
cluster_1349	4	ANLN	C10orf88	PARK2	RPA2
cluster_1350	4	ANLN	C9orf89	ESR2	KIF20A
cluster_1351	4	ANLN	CCDC171	HIST1H4A	KIF20A
cluster_1352	4	ANLN	CYBRD1	KIF14	KIF20A
cluster_1353	4	ANLN	ESR1	ESR2	PRSS8
cluster_1354	4	ANLN	GLTP	TRIM67	WDR5
cluster_1355	4	ANO7	CS	GFM1	TRAP1
cluster_1356	4	ANP32E	BRD8	DMAP1	VPS72
cluster_1357	4	ANTXR1	EEF2	RPL23	RPL7A
cluster_1358	4	ANTXR1	ESYT1	PTPN1	SEC61B
cluster_1359	4	ANXA2	DSP	JUP	LGALS7
cluster_1360	4	ANXA5	BASP1	TKT	TPI1
cluster_1361	4	AP1B1	AP1G1	AP1M1	INPP4B
cluster_1362	4	AP1B1	AP1M2	HEATR5B	SYNRG
cluster_1363	4	AP1G1	GGA1	GGA2	GGA3
cluster_1364	4	AP1G2	AP1S1	AP1S2	AP1S3
cluster_1365	4	AP1G2	GPAA1	PIGS	PIGU
cluster_1366	4	AP1M2	SCNN1A	SCNN1B	SCNN1G
cluster_1367	4	AP2A1	AP2A2	BMP2K	INTS4
cluster_1368	4	AP2A1	AP2M1	BMP2K	PDLIM7
cluster_1369	4	AP2A1	BMP2K	CLINT1	STAMBP
cluster_1370	4	AP2A2	AP2M1	RPS6KA1	RPS6KA3
cluster_1371	4	AP3B1	AP3D1	ARRB1	ARRB2
cluster_1372	4	AP3B1	AP3D1	CLTA	CLTB
cluster_1373	4	AP3B1	AP3D1	YTHDF1	YTHDF2
cluster_1374	4	APEX1	GOSR1	SCFD1	USE1
cluster_1375	4	APEX1	KANSL2	KMT2A	KMT2B
cluster_1376	4	APEX1	LSM14A	PRRC2A	TDRD3
cluster_1377	4	APEX1	ZKSCAN4	ZSCAN21	ZSCAN32
cluster_1378	4	APITD1	APP	C19orf40	FANCM
cluster_1379	4	APOA1BP	SUCLA2	SUCLG1	SUCLG2
cluster_1380	4	APOBEC3C	RBMY1A1	RBMY1F	RBMY1J
cluster_1381	4	APOD	CCNC	CDK19	MED17
cluster_1382	4	APP	ATXN7L3	TAF9	TAF9B
cluster_1383	4	APP	BLOC1S1	BLOC1S2	BLOC1S5
cluster_1384	4	APP	CCL13	CCL26	CXCL14
cluster_1385	4	APP	EXOSC1	EXOSC3	EXOSC7
cluster_1386	4	APP	FGA	FGB	FGG
cluster_1387	4	APPL2	POLR2E	POLR3B	POLR3H
cluster_1388	4	APRT	CAV1	RAB2A	RAB7A
cluster_1389	4	AQR	ATG5	CCDC12	XAB2
cluster_1390	4	AQR	CDC5L	CRNKL1	XAB2
cluster_1391	4	ARCN1	ARF3	COPB1	COPG2
cluster_1392	4	ARCN1	COPA	COPB1	NCF1
cluster_1393	4	ARCN1	COPA	COPB2	USP14
cluster_1394	4	ARCN1	COPA	COPE	DLD
cluster_1395	4	ARCN1	COPA	COPG1	SOD1
cluster_1396	4	ARF3	CXADR	LAMTOR1	OCLN
cluster_1397	4	ARF6	EPHA2	FGFR2	LYN
cluster_1398	4	ARF6	KRAS	RAB11A	TTN
cluster_1399	4	ARF6	RAB7A	RFFL	STX7
cluster_1400	4	ARFGAP2	HIST1H1C	HIST1H1E	RPL3
cluster_1401	4	ARFIP2	HSPA1A	RPA1	TRIM67
cluster_1402	4	ARG1	DYRK1A	FABP5	SERPINB12
cluster_1403	4	ARHGAP18	LSM2	LSM4	LSM6
cluster_1404	4	ARHGAP24	SMARCA1	SMARCA5	SMARCC1
cluster_1405	4	ARHGAP26	FIP1L1	NUDT21	RBM25
cluster_1406	4	ARHGAP29	CCNT1	CPSF1	FIP1L1
cluster_1407	4	ARHGAP29	MLLT4	PARD3	PTPN13
cluster_1408	4	ARHGAP32	PFDN2	PFDN4	VBP1
cluster_1409	4	ARHGAP36	CKAP4	LRRC59	RPN1
cluster_1410	4	ARHGAP39	CKAP4	PTPN1	RPN1
cluster_1411	4	ARHGAP39	DKC1	LYAR	NOP56
cluster_1412	4	ARHGAP9	SNRNP70	SNRPC	SNRPF
cluster_1413	4	ARHGEF7	CAMK4	GIT1	GIT2
cluster_1414	4	ARID1B	QPRT	SMARCD1	SMARCD2
cluster_1415	4	ARID1B	SMARCC1	SMARCD1	TNIP2
cluster_1416	4	ARID2	LHX6	PBRM1	PHF10
cluster_1417	4	ARID4B	AURKAIP1	BPTF	SUDS3
cluster_1418	4	ARID4B	IRF8	MYBL2	ZNF512B
cluster_1419	4	ARIH1	ISL1	ISL2	SSBP3
cluster_1420	4	ARIH2	ASB3	CUL5	DCUN1D1
cluster_1421	4	ARIH2	EXOSC6	EXOSC7	EXOSC9
cluster_1422	4	ARL5A	CBX1	CBX3	CBX5
cluster_1423	4	ARL6IP5	RTN1	RTN3	RTN4
cluster_1424	4	ARL8B	ARPC1A	ARPC2	ARPC5L
cluster_1425	4	ARMC8	BAIAP2	GID4	WDR26
cluster_1426	4	ARMC8	CCDC106	GID4	RANBP10
cluster_1427	4	ARMC8	CT45A5	RANBP10	WDR26
cluster_1428	4	ARMC8	GID4	MAEA	TNNT3
cluster_1429	4	ARMC8	MAEA	RMND5A	WWC1
cluster_1430	4	ARMC8	MKLN1	NFATC1	ZMYND19
cluster_1431	4	ARMC8	RMND5A	RMND5B	YPEL5
cluster_1432	4	ARMCX1	EZH2	MYC	SUZ12
cluster_1433	4	ARNTL	CCDC93	JUN	PHLDB3
cluster_1434	4	ARNTL	CLOCK	CRY1	CRY2
cluster_1435	4	ARNTL	CLOCK	PHLDB3	SIRT1
cluster_1436	4	ARNTL	CLOCK	RARA	RXRA
cluster_1437	4	ARPC1A	ARPC1B	ARPC5	BCAR1
cluster_1438	4	ARPC1A	ARPC3	ARPC5L	TRMT10A
cluster_1439	4	ARPC1A	NCAPD2	NCAPG	NCAPH
cluster_1440	4	ARPC1B	ARPC2	ARPC4	SUMO1
cluster_1441	4	ARPC1B	ARPC4	ARPC5	RASA1
cluster_1442	4	ARRB1	ARRB2	CYTH1	CYTH2
cluster_1443	4	ARRB1	ARRB2	MAPK1	MAPK3
cluster_1444	4	ARRB1	ARRB2	NOLC1	TCOF1
cluster_1445	4	ARRB1	ARRB2	PRMT5	WDR77
cluster_1446	4	ARRDC1	KCTD17	KCTD2	KCTD5
cluster_1447	4	ARRDC3	DTNA	SNTB2	UTRN
cluster_1448	4	ARRDC3	MCM3	MCM5	MCM7
cluster_1449	4	ASB1	CAND1	CUL5	EFTUD2
cluster_1450	4	ASB11	DDOST	EMD	RPN1
cluster_1451	4	ASB11	FAM21C	KIAA0196	KIAA1033
cluster_1452	4	ASB18	BCLAF1	ERH	THRAP3
cluster_1453	4	ASB4	TUBB2A	TUBB3	TUBB4A
cluster_1454	4	ASB8	CUL4B	CUL5	NEDD8
cluster_1455	4	ASCC2	ASCC3	PABPC5	PAIP1
cluster_1456	4	ASF1A	C15orf41	CDAN1	UBN1
cluster_1457	4	ASF1B	PSMD11	PSMD12	PSMD13
cluster_1458	4	ATAD5	HIST1H2BL	HIST1H2BM	HIST2H2BF
cluster_1459	4	ATAD5	RFC3	RFC4	RFC5
cluster_1460	4	ATF3	BATF	BATF3	DBP
cluster_1461	4	ATF7IP	CBX1	CBX3	TERF2IP
cluster_1462	4	ATG101	LONP1	LRPPRC	PDHA1
cluster_1463	4	ATG14	HSPA1A	HSPA8	VCP
cluster_1464	4	ATG16L1	EXOSC1	EXOSC4	EXOSC7
cluster_1465	4	ATG16L1	SF3B5	SF3B6	SMNDC1
cluster_1466	4	ATG16L1	THOC1	THOC6	THOC7
cluster_1467	4	ATG2B	MCM4	MCM5	MCM6
cluster_1468	4	ATG4A	GABARAP	GABARAPL1	GABARAPL2
cluster_1469	4	ATG7	POLA1	PRIM1	PRIM2
cluster_1470	4	ATN1	KANSL1	KAT6A	RERE
cluster_1471	4	ATN1	PHF20L1	RERE	ZMYND8
cluster_1472	4	ATN1	PRRC2A	PRRC2B	RERE
cluster_1473	4	ATP2A1	FKBP8	MAP1B	RPN1
cluster_1474	4	ATP5A1	ATP5B	ATP5C1	ATP5E
cluster_1475	4	ATP5A1	ATP5B	ATP5F1	GPR21
cluster_1476	4	ATP5A1	BASP1	HSP90AA1	HSP90AB1
cluster_1477	4	ATP5B	ATP5D	ATP5F1	SLC27A3
cluster_1478	4	ATP5B	EEF2	HSPA9	LCOR
cluster_1479	4	ATP5B	EXD2	LRPPRC	PEX14
cluster_1480	4	ATP5B	FMNL1	PHB2	TUFM
cluster_1481	4	ATP5B	GRB7	HADHB	PDHB
cluster_1482	4	ATP5B	HADHA	HSPD1	SCARNA22
cluster_1483	4	ATP5B	HSPD1	PDHA1	SEPT9
cluster_1484	4	ATP5C1	ATP5F1	ATP5J	YIF1B
cluster_1485	4	ATP5C1	ATP5J	ATP5O	SURF4
cluster_1486	4	ATP5C1	CD59	TOMM5	VDAC3
cluster_1487	4	ATP5C1	PHB2	PIAS1	SFXN1
cluster_1488	4	ATP5D	ATP5F1	ATP5J	SLC28A1
cluster_1489	4	ATP5F1	ATP5H	ATP5O	DKK3
cluster_1490	4	ATP5H	ATP5J	ATP5O	SLC36A1
cluster_1491	4	ATP6AP1	ATP6V0A1	ATP6V0A2	HLA-DQA1
cluster_1492	4	ATP6AP1	ATP6V0A1	ATP6V0A4	ATP6V0D2
cluster_1493	4	ATP6AP1	ATP6V0A1	ATP6V0D1	ITGA5
cluster_1494	4	ATP6AP1	ATP6V1F	PSMA4	PSMD3
cluster_1495	4	ATP6AP2	ATP6V0E1	CCDC115	TMEM199
cluster_1496	4	ATP6AP2	ATP6V1A	ATP6V1B2	ATP6V1E1
cluster_1497	4	ATP6V0A1	ATP6V0A2	ATP6V0D1	ATP6V1B1
cluster_1498	4	ATPIF1	CALR	PDIA3	PDIA4
cluster_1499	4	ATPIF1	MED20	MED23	MED4
cluster_1500	4	ATRX	HIST1H2BH	HIST1H2BK	HIST1H2BL
cluster_1501	4	ATXN1	PSMA4	PSMB1	PSMC3
cluster_1502	4	ATXN1	SF3A2	U2AF1	U2AF2
cluster_1503	4	ATXN2	HELZ	PRRC2B	TRNAU1AP
cluster_1504	4	ATXN2	PTPN23	TNRC6B	YTHDF2
cluster_1505	4	ATXN7L3	TAF6L	UBC	USP27X
cluster_1506	4	AURKB	ECT2	KIF14	TBC1D2B
cluster_1507	4	AURKB	KIF20A	PRC1	SNAPC4
cluster_1508	4	AXL	DNAJA1	DNAJA2	RUVBL1
cluster_1509	4	AZIN1	KIF5C	KLC2	KLC4
cluster_1510	4	B2M	KPNB1	RANBP2	RANGAP1
cluster_1511	4	B3GNT8	INTS1	INTS12	INTS2
cluster_1512	4	B4GALT3	ERLEC1	OS9	SEL1L
cluster_1513	4	BABAM1	BRCC3	BRE	C2orf73
cluster_1514	4	BACH1	MAFF	MAFG	MAFK
cluster_1515	4	BAG3	MCM5	MCM6	MCM7
cluster_1516	4	BAG5	POLR2B	POLR2F	POLR3E
cluster_1517	4	BAG5	SLC12A4	SLC12A6	SLC12A7
cluster_1518	4	BAHCC1	HDAC1	RBBP4	RBBP7
cluster_1519	4	BAHD1	HDAC1	HDAC2	KDM1A
cluster_1520	4	BARD1	CPSF2	CPSF3	WDR33
cluster_1521	4	BASP1	PSMC3	PSMC6	PSMD4
cluster_1522	4	BBS1	BBS2	BBS7	BBS9
cluster_1523	4	BCAP31	CANX	LIPA	RPN2
cluster_1524	4	BCAP31	NTNG1	PTPN1	RPN1
cluster_1525	4	BCAP31	SERPINF2	SSR1	STIM1
cluster_1526	4	BCAR1	KIAA0355	MEX3B	TNRC6C
cluster_1527	4	BCAR1	MED12L	MED18	MED24
cluster_1528	4	BCAS2	CDC5L	PRPF19	UNKL
cluster_1529	4	BCAS2	LINS	PLRG1	PRPF19
cluster_1530	4	BCCIP	CRCP	POLR1A	POLR3E
cluster_1531	4	BCCIP	EMD	LMNB1	RPN2
cluster_1532	4	BCL11A	BCL11B	ZAK	ZNF296
cluster_1533	4	BCL11A	BCL6	MBD3	MTA3
cluster_1534	4	BCL2L13	FUS	HNRNPK	PCBP1
cluster_1535	4	BCL2L14	PPP2R1A	PPP2R2A	PPP2R2D
cluster_1536	4	BCL6	PSMA1	PSMB4	PSMD4
cluster_1537	4	BCLAF1	RHBDD1	SF3B1	THRAP3
cluster_1538	4	BCOR	DDB1	PCGF1	RING1
cluster_1539	4	BCOR	FUBP3	PRRC2B	UBAP2L
cluster_1540	4	BCOR	MLLT1	MLLT3	PCGF1
cluster_1541	4	BCORL1	CBX2	PHC1	PRNP
cluster_1542	4	BDP1	KIF14	NPM1	PRC1
cluster_1543	4	BHLHE41	CRY1	CRY2	DEC1
cluster_1544	4	BHLHE41	CSNK1E	DEC1	RORC
cluster_1545	4	BICD1	MCCC2	PCCA	PCCB
cluster_1546	4	BICD1	TAB1	TAB2	TAB3
cluster_1547	4	BICD2	EIF4ENIF1	YTHDF1	ZC3H7A
cluster_1548	4	BICD2	EXOSC2	EXOSC6	EXOSC7
cluster_1549	4	BIRC6	KRT18	KRT19	KRT8
cluster_1550	4	BLK	CNOT1	CNOT10	CNOT7
cluster_1551	4	BLVRA	CLPP	HSCB	PDK1
cluster_1552	4	BMI1	CBX7	EED	RNF2
cluster_1553	4	BMI1	EIF4E2	GIGYF2	KCTD3
cluster_1554	4	BMI1	RNF2	ZDHHC18	ZDHHC23
cluster_1555	4	BMP1	NCAPD2	NCAPG	SMC2
cluster_1556	4	BMX	S100A7	SERPINB3	SERPINB4
cluster_1557	4	BNC2	FOXP1	FOXP2	FOXP4
cluster_1558	4	BNIP1	NBAS	SCFD2	SLC24A5
cluster_1559	4	BPTF	C1QBP	MBD2	SAP130
cluster_1560	4	BPTF	IL1A	MYBL2	SAP130
cluster_1561	4	BRD1	DPF1	PBRM1	SS18L1
cluster_1562	4	BRD1	FOXP1	FOXP4	ZFHX4
cluster_1563	4	BRD2	BRD3	C2CD5	FIBP
cluster_1564	4	BRD2	BRD3	LIG3	XRCC1
cluster_1565	4	BRD3	GTF3C1	GTF3C2	GTF3C3
cluster_1566	4	BRD4	CHD4	LETM2	RNF2
cluster_1567	4	BRD4	HSPA1A	HSPA8	NNMT
cluster_1568	4	BRIX1	FTSJ3	PTPN2	RBM34
cluster_1569	4	BRMS1L	ING1	RBP1	SAP30
cluster_1570	4	BRMS1L	SIN3A	SIN3B	SULF2
cluster_1571	4	BRPF1	CSNK2A2	CSNK2B	JADE3
cluster_1572	4	BRWD3	H3F3A	HIST1H4A	SSRP1
cluster_1573	4	BSCL2	CYSRT1	HOXA1	KRTAP6-3
cluster_1574	4	BSG	CLTC	FLNA	MYH9
cluster_1575	4	BSG	FUBP3	YTHDF2	YTHDF3
cluster_1576	4	BTBD9	COPS6	DCUN1D1	NEDD8
cluster_1577	4	BTNL9	GOSR1	GOSR2	STX5
cluster_1578	4	BTRC	C11orf49	LRRC49	TPGS1
cluster_1579	4	BTRC	CASP3	CASP7	FBXW11
cluster_1580	4	BTRC	CUL1	DLG5	SKP1
cluster_1581	4	BTRC	FBXW11	TUBGCP5	TUBGCP6
cluster_1582	4	BUB1	DSN1	MIS12	NSL1
cluster_1583	4	BUB3	HDAC1	HDAC2	RBBP7
cluster_1584	4	BUD13	MTA1	MTA2	MTA3
cluster_1585	4	BYSL	CSNK1G2	LTV1	TSR1
cluster_1586	4	BZW2	EIF2B1	EIF2B2	EIF2B4
cluster_1587	4	C10orf88	DENND1A	EIF4E2	GIGYF2
cluster_1588	4	C11orf16	CATSPER1	CYSRT1	HOXA1
cluster_1589	4	C11orf30	NUP214	NUP88	NUP98
cluster_1590	4	C11orf49	LRRC49	TPGS2	TTLL1
cluster_1591	4	C11orf73	PHB	RPA2	SERBP1
cluster_1592	4	C11orf74	LRPPRC	SLIRP	SSBP1
cluster_1593	4	C12orf66	C7orf60	ITFG2	KPTN
cluster_1594	4	C14orf1	LSM2	SNRPB	SNRPG
cluster_1595	4	C14orf119	DDX17	FUS	PTBP1
cluster_1596	4	C15orf59	CEP135	NIN	SASS6
cluster_1597	4	C16orf70	POMP	PSMG1	PSMG2
cluster_1598	4	C17orf49	LMNA	SAP130	ZNF512B
cluster_1599	4	C17orf49	LMNB1	SUDS3	ZNF512B
cluster_1600	4	C17orf50	KRTAP10-1	KRTAP10-5	KRTAP10-8
cluster_1601	4	C18orf8	EIF2S3	GSPT1	RPS27
cluster_1602	4	C1QBP	CFH	METTL15	VWA8
cluster_1603	4	C1QBP	CLPP	LYRM5	PDHA1
cluster_1604	4	C1QBP	HSPD1	LRPPRC	NEUROG3
cluster_1605	4	C21orf33	DUSP4	HSPD1	LRPPRC
cluster_1606	4	C21orf33	GFM1	HSPD1	SAR1B
cluster_1607	4	C21orf33	GRSF1	GTF2E2	TSFM
cluster_1608	4	C2CD2L	PCDHGB2	PCDHGB4	PCDHGB5
cluster_1609	4	C2orf44	CEP85	CNOT2	KIAA0355
cluster_1610	4	C4orf26	CCT3	CCT6A	CCT7
cluster_1611	4	C6orf141	HDAC3	NCOR1	TBL1X
cluster_1612	4	C7orf26	INTS5	INTS6	INTS8
cluster_1613	4	C8orf59	HIST1H2BH	HIST1H2BJ	HIST1H2BK
cluster_1614	4	C9orf24	CATSPER1	CYSRT1	KRTAP9-3
cluster_1615	4	C9orf72	CUL3	VCP	WLS
cluster_1616	4	C9orf72	RGPD1	RGPD2	RGPD4
cluster_1617	4	C9orf78	EIF2B3	EIF2B4	EIF2B5
cluster_1618	4	C9orf78	GTF3C2	GTF3C4	GTF3C5
cluster_1619	4	C9orf78	RFC1	RFC2	RFC5
cluster_1620	4	CABIN1	CALD1	HIRA	UBN2
cluster_1621	4	CABIN1	HIRA	POLR2A	UBN1
cluster_1622	4	CABIN1	MEF2B	MEF2BNB-MEF2B	UBN2
cluster_1623	4	CABS1	TRAPPC10	TRAPPC3	TRAPPC9
cluster_1624	4	CAD	TUBA1A	TUBB	VWA2
cluster_1625	4	CALM1	PSMD12	PSMD2	UCHL5
cluster_1626	4	CALR	DNAJB11	ELAVL1	PDIA4
cluster_1627	4	CAMK2A	H3F3A	HIST1H3A	HIST3H3
cluster_1628	4	CAMK2A	H3F3C	HIST1H2AC	HIST3H2A
cluster_1629	4	CAMK2G	PSMB1	PSMD12	PSMD13
cluster_1630	4	CAMSAP2	CDC25B	CGN	EEA1
cluster_1631	4	CANX	CCDC47	LRRC59	TPP1
cluster_1632	4	CANX	CKAP4	LMAN1	PTPRH
cluster_1633	4	CANX	CKAP4	TGOLN2	TOR3A
cluster_1634	4	CANX	EMD	LRRC59	MTNR1A
cluster_1635	4	CANX	ESYT2	LRRC59	MAP2K2
cluster_1636	4	CANX	FZD6	RPN1	TGOLN2
cluster_1637	4	CANX	KIAA1715	SEC61B	SLC6A4
cluster_1638	4	CANX	LRRC59	PCYOX1L	TGOLN2
cluster_1639	4	CANX	RPN1	RPN2	VTCN1
cluster_1640	4	CANX	SEC61B	SEC62	SLC9A6
cluster_1641	4	CAPG	RAB11A	RAB25	RAB4A
cluster_1642	4	CAPN3	PSMA3	PSMC3	PSMD1
cluster_1643	4	CAPRIN1	G3BP1	PDZD9	USP10
cluster_1644	4	CAPZA1	CAPZA2	CAPZB	CCDC53
cluster_1645	4	CAPZA2	IQGAP1	MYH9	NCKIPSD
cluster_1646	4	CAPZA2	MYH10	MYH9	PTMA
cluster_1647	4	CAPZB	HSPA5	PHB	WASF3
cluster_1648	4	CARKD	HSPA1A	HSPA5	TRIM67
cluster_1649	4	CARM1	CSDE1	GEMIN5	STRAP
cluster_1650	4	CASP10	CASP8	DEDD	DEDD2
cluster_1651	4	CASP14	DSC1	PRKAB1	TGM3
cluster_1652	4	CAV1	CDC42	G6PD	RAB11A
cluster_1653	4	CAV1	CDC42	KRAS	OLA1
cluster_1654	4	CAV1	CDC42	LYN	TNF
cluster_1655	4	CAV1	CDC42	PRPS2	RAC1
cluster_1656	4	CAV1	EPHA2	FLOT1	PDGFRA
cluster_1657	4	CAV1	FLOT1	FLOT2	TMEM63B
cluster_1658	4	CAV1	KRAS	MCAM	PML
cluster_1659	4	CAV1	LAMP1	MAP1LC3A	RAB7A
cluster_1660	4	CAV1	LATS1	RAB35	RAC1
cluster_1661	4	CAV1	LYN	RAC1	SH3RF1
cluster_1662	4	CAV1	MCAM	SLC5A6	TMEM17
cluster_1663	4	CAV1	NOS2	RAC1	RAC2
cluster_1664	4	CAV1	PTGIS	PTGS1	PTGS2
cluster_1665	4	CBFB	HSPA4	HSPA4L	HSPH1
cluster_1666	4	CBX1	CBX3	H3F3A	PIM1
cluster_1667	4	CBX3	CBX5	H3F3A	ZNF483
cluster_1668	4	CBX3	H3F3A	HIST1H3A	LRRK2
cluster_1669	4	CBX3	HIST1H3A	HIST2H2BE	KDM6B
cluster_1670	4	CBY1	CDK16	CDK18	RAB3IP
cluster_1671	4	CBY1	CGN	DAB2IP	RASAL2
cluster_1672	4	CBY1	CGN	LNX1	NADK
cluster_1673	4	CBY1	GAB2	PRPS2	SRGAP2
cluster_1674	4	CCDC12	PPIL1	RBM22	RECQL
cluster_1675	4	CCDC14	CDK1	CEP63	KIAA0753
cluster_1676	4	CCDC14	KIAA0753	SKA3	SPICE1
cluster_1677	4	CCDC40	STIM1	VAPA	VAPB
cluster_1678	4	CCDC47	DNAJC1	LRRC59	MSX2
cluster_1679	4	CCDC47	EMC1	EMC2	PAICS
cluster_1680	4	CCDC47	ESYT2	FKBP8	IRF3
cluster_1681	4	CCDC47	POR	SPOP	STT3B
cluster_1682	4	CCDC85B	PSMA1	PSMC1	PSMC6
cluster_1683	4	CCDC88A	GNAI1	GNAI2	GNAI3
cluster_1684	4	CCDC9	THOC2	THOC5	THOC7
cluster_1685	4	CCDC97	COMMD2	COMMD4	COMMD6
cluster_1686	4	CCHCR1	CEP63	KIAA0753	SSX2IP
cluster_1687	4	CCHCR1	HAUS1	HAUS6	HAUS8
cluster_1688	4	CCNA1	PARK2	RPA1	TP53
cluster_1689	4	CCNA2	COPS5	CUL1	SKP1
cluster_1690	4	CCNC	CDK19	CDK8	DNAJC12
cluster_1691	4	CCNC	ENTHD2	MED18	MED31
cluster_1692	4	CCND1	MCM3	MCM6	MCM7
cluster_1693	4	CCND2	DNAJA1	TUBA1B	TUBB4B
cluster_1694	4	CCNF	GPC3	HDLBP	RAF1
cluster_1695	4	CCNT1	DDX42	FIP1L1	VAV3
cluster_1696	4	CCNT1	FIP1L1	MKI67	TOX4
cluster_1697	4	CCP110	CEP97	FTL	PIPSL
cluster_1698	4	CCT2	CCT3	CCT6B	MAPK15
cluster_1699	4	CCT2	CCT3	GTF2I	TCP1
cluster_1700	4	CCT2	CCT5	CCT6A	TIPRL
cluster_1701	4	CCT2	CCT6A	MECOM	TCP1
cluster_1702	4	CCT3	CCT4	CCT6B	WBSCR27
cluster_1703	4	CCT3	CCT4	RNF181	TCP1
cluster_1704	4	CCT3	CCT6A	PRKY	TCP1
cluster_1705	4	CCT3	CCT7	CCT8	NXF5
cluster_1706	4	CCT4	TCP1	TUBB4B	USP9X
cluster_1707	4	CCT5	CCT6A	CCT7	PPM1B
cluster_1708	4	CCT5	CCT8	TCP1	TRAF3IP3
cluster_1709	4	CCT6A	CCT7	DCAF8L2	TCP1
cluster_1710	4	CCT8L2	POLR2A	POLR2I	RPAP2
cluster_1711	4	CD2BP2	SF3A2	SNRPB2	WBP11
cluster_1712	4	CD3EAP	CD6	POLR1A	POLR1E
cluster_1713	4	CD40	NUP160	NUP85	NUP98
cluster_1714	4	CD59	DBN1	FLNA	SYNPO
cluster_1715	4	CD6	CIRH1A	WDR43	WDR75
cluster_1716	4	CD6	ERCC3	GTF2H1	GTF2H4
cluster_1717	4	CD74	POLR2E	POLR3A	POLR3B
cluster_1718	4	CD9	DSC1	DSG1	TGM3
cluster_1719	4	CD99L2	LYN	RAB2A	RAB35
cluster_1720	4	CDC123	GRAMD4	RPA1	TRIM28
cluster_1721	4	CDC123	HSPA8	RCCD1	ZRANB1
cluster_1722	4	CDC123	NXT1	STAU1	ZRANB1
cluster_1723	4	CDC14B	GINS1	GINS3	GINS4
cluster_1724	4	CDC16	CDC20	CDC27	TTK
cluster_1725	4	CDC16	CDC23	CDC27	KIF2B
cluster_1726	4	CDC16	CDC27	SMAD2	SMAD3
cluster_1727	4	CDC25B	MAGI1	MAPKAPK2	ZNF638
cluster_1728	4	CDC25C	FHL3	KCTD3	ZBTB21
cluster_1729	4	CDC25C	HSPD1	LRPPRC	SLIRP
cluster_1730	4	CDC25C	MIF	NF1	SIPA1L1
cluster_1731	4	CDC34	CHD4	PARP1	SMC5
cluster_1732	4	CDC34	NCAPD2	SMC2	SMC4
cluster_1733	4	CDC37	CKS1B	CKS2	HSP90AA1
cluster_1734	4	CDC37	FNIP1	FNIP2	HSP90AA1
cluster_1735	4	CDC37L1	RPS10	RPS17	RPS7
cluster_1736	4	CDC42	EPHA2	GOLIM4	KRAS
cluster_1737	4	CDC42	EPHA2	LRCH3	RAC1
cluster_1738	4	CDC42	GRIA2	RAB11A	RAC1
cluster_1739	4	CDC42	LTBR	RHOA	RHOJ
cluster_1740	4	CDC42	MAPK6	RAB2A	STX7
cluster_1741	4	CDC42	MARCKS	RHOA	TCEB2
cluster_1742	4	CDC42	MYO9A	RHOA	RHOB
cluster_1743	4	CDC42	POLR2C	RAB5C	RHOA
cluster_1744	4	CDC42	RHOA	SH3GLB2	STX4
cluster_1745	4	CDC45	ORC2	ORC3	ORC5
cluster_1746	4	CDC73	POLR2A	POLR2C	POLR2G
cluster_1747	4	CDCA5	CLTC	FLNA	LIMA1
cluster_1748	4	CDCA5	RBBP4	RUVBL1	RUVBL2
cluster_1749	4	CDCA8	EEF1B2	EEF1D	EEF1G
cluster_1750	4	CDH5	DNAJC1	PDZD8	ST7
cluster_1751	4	CDK1	HIST1H1A	HIST1H1B	HIST1H1D
cluster_1752	4	CDK1	LMNB1	PTPN1	TMPO
cluster_1753	4	CDK11A	CDK11B	DDX41	NKAP
cluster_1754	4	CDK11A	CDK11B	PCGF3	PCGF5
cluster_1755	4	CDK19	CDK8	PRMT5	WDR77
cluster_1756	4	CDK2	E2F5	TFDP1	TFDP2
cluster_1757	4	CDK2AP1	GATAD1	SNX27	ZNF512B
cluster_1758	4	CDK4	CDK6	RBL1	RBL2
cluster_1759	4	CDK5RAP2	DYNLL1	DYNLL2	PCNT
cluster_1760	4	CDK5RAP2	PCNT	TUBGCP2	TUBGCP3
cluster_1761	4	CDK7	ERCC2	GTF2H2	GTF2H5
cluster_1762	4	CDK7	GTF3C1	GTF3C3	GTF3C5
cluster_1763	4	CDK7	PSMA4	PSMA5	PSMD4
cluster_1764	4	CDK8	MED17	MED23	PPP1R12A
cluster_1765	4	CDKN2B	CDKN2C	GRM1	MAP2K5
cluster_1766	4	CDR2	PPP3CB	PPP3CC	PPP3R1
cluster_1767	4	CDV3	RAB11A	RAB25	STX7
cluster_1768	4	CEBPA	CEBPB	CEBPG	HIST1H4A
cluster_1769	4	CEBPA	HIST1H4A	JDP2	TP53
cluster_1770	4	CEBPA	HIST1H4A	MNT	MYC
cluster_1771	4	CEBPZ	NOC2L	NOG	PDCD11
cluster_1772	4	CENPA	CENPI	CENPN	CENPU
cluster_1773	4	CENPC	DSN1	MIS12	PMF1
cluster_1774	4	CEP128	CEP135	COMMD3-BMI1	OFD1
cluster_1775	4	CEP128	CEP135	ECH1	NIN
cluster_1776	4	CEP128	CEP162	PCM1	PKN2
cluster_1777	4	CEP128	CNTRL	NIN	PRKACA
cluster_1778	4	CEP128	CNTRL	OFD1	SRSF2
cluster_1779	4	CEP131	CEP192	OFD1	SLMAP
cluster_1780	4	CEP152	GLI2	OFD1	PCM1
cluster_1781	4	CEP170	STX8	VAMP8	VTI1B
cluster_1782	4	CEP19	YTHDF1	YTHDF2	YTHDF3
cluster_1783	4	CEP55	KIAA0355	TNRC6B	TNRC6C
cluster_1784	4	CEP85	HELZ	SMG7	TLE2
cluster_1785	4	CERKL	EIF3B	EIF3G	EIF3I
cluster_1786	4	CFDP1	EIF3A	EIF3K	EIF3M
cluster_1787	4	CFL1	CLIP1	LDHA	PKM
cluster_1788	4	CFL1	ENO1	ISOC2	PKM
cluster_1789	4	CGN	MOB3C	PTPN14	SIPA1L1
cluster_1790	4	CHAC2	HSP90AA1	HSP90AB1	RNF148
cluster_1791	4	CHAMP1	FTL	PIPSL	POGZ
cluster_1792	4	CHAMP1	HMGA2	POGZ	WIZ
cluster_1793	4	CHAMP1	POGZ	ZMYM4	ZNF460
cluster_1794	4	CHCHD3	DNAJA2	MTX2	SAMM50
cluster_1795	4	CHCHD3	IMMT	MTM1	SAMM50
cluster_1796	4	CHCHD3	IMMT	MTX2	MYO19
cluster_1797	4	CHCHD4	NDUFB7	NDUFC2	NDUFS5
cluster_1798	4	CHCHD6	CLEC5A	IMMT	SAMM50
cluster_1799	4	CHD3	CHD4	MATR3	ZKSCAN1
cluster_1800	4	CHD3	H3F3A	RIOK1	ZHX1
cluster_1801	4	CHD4	RBBP4	SALL3	SMC5
cluster_1802	4	CHERP	DDX46	PSMB10	U2SURP
cluster_1803	4	CHERP	PHF5A	RBM17	TOLLIP
cluster_1804	4	CHERP	RBM17	SFSWAP	U2SURP
cluster_1805	4	CHMP2A	RAB2A	RAB5C	RAB7A
cluster_1806	4	CHORDC1	DRG1	RPL31	RPL35A
cluster_1807	4	CHUK	IKBKB	MTOR	RPTOR
cluster_1808	4	CHUK	IKBKB	TP63	TP73
cluster_1809	4	CIC	LSM14A	OTUD4	YTHDF2
cluster_1810	4	CIC	POLR3A	POLR3E	ZNRD1
cluster_1811	4	CIC	PPP2CB	PPP2R1A	PPP2R2A
cluster_1812	4	CIITA	PSMC2	PSMC3	PSMC5
cluster_1813	4	CIRH1A	HAVCR2	UTP18	WDR36
cluster_1814	4	CIRH1A	MAD2L1	NOL11	WDR43
cluster_1815	4	CIRH1A	UTP15	UTP18	XPO7
cluster_1816	4	CIT	FGF2	IFI16	PARK2
cluster_1817	4	CIT	GPNMB	KIF20A	RAF1
cluster_1818	4	CKAP4	CMTR1	LMNB1	VAPA
cluster_1819	4	CKAP4	CSNK1E	FKBP8	NUP155
cluster_1820	4	CKAP4	DERL1	ESYT1	YIF1B
cluster_1821	4	CKAP4	ESYT2	NEK1	NUP155
cluster_1822	4	CKAP4	KCTD10	LMNB1	RPN1
cluster_1823	4	CKAP4	KIAA1715	LYPD3	PTPN1
cluster_1824	4	CKAP4	LMAN1	MST1R	VAPA
cluster_1825	4	CKAP4	LRRC59	PRMT3	PTPN1
cluster_1826	4	CKAP4	LRRC59	RNF8	SSR1
cluster_1827	4	CKAP4	OSBPL1A	VAPA	VAPB
cluster_1828	4	CKAP4	PTPN1	ST7	TMEM169
cluster_1829	4	CKAP4	RPN2	SOCS5	VAPA
cluster_1830	4	CLASP1	CLASP2	GSK3A	GSK3B
cluster_1831	4	CLASP1	CLASP2	MAPRE3	TRIM36
cluster_1832	4	CLASP1	CLASP2	MARK2	MARK3
cluster_1833	4	CLINT1	STX8	VAMP4	VTI1B
cluster_1834	4	CLIP1	DRG1	RPL23A	RPL9
cluster_1835	4	CLK2	CLK3	GTF2H1	GTF2H3
cluster_1836	4	CLK2	CLK3	LUC7L	LUC7L2
cluster_1837	4	CLK2	CLK3	SRSF12	ZNF638
cluster_1838	4	CLK2	RBM7	SKIV2L2	ZCCHC8
cluster_1839	4	CLP1	CPSF6	CPSF7	NUDT21
cluster_1840	4	CLPB	RHOA	RHOG	STX7
cluster_1841	4	CLPP	COX8A	PDHA1	TRIT1
cluster_1842	4	CLPP	HSCB	MDH2	QSOX2
cluster_1843	4	CLPP	LONP1	NGEF	SSBP1
cluster_1844	4	CLSTN2	NUP160	NUP37	NUP85
cluster_1845	4	CLTC	FLNA	IQGAP1	PPME1
cluster_1846	4	CLUH	MCM4	MCM5	MCM7
cluster_1847	4	CLUH	PSMA1	PSMB5	PSMB6
cluster_1848	4	CMTM8	COG1	COG3	COG5
cluster_1849	4	CNBP	KDM4C	RPL3	RPL30
cluster_1850	4	CNNM3	HNRNPK	RBMX	SRSF3
cluster_1851	4	CNOT1	CNOT10	CNOT3	CTTN
cluster_1852	4	CNOT1	CNOT3	CNOT7	MEX3C
cluster_1853	4	CNOT10	NEK1	RQCD1	TNRC6B
cluster_1854	4	CNOT2	CNOT6	CNOT6L	SUGT1
cluster_1855	4	CNOT2	HSCB	RQCD1	TNKS1BP1
cluster_1856	4	CNOT2	PRRC2A	RAN	ZC3H7A
cluster_1857	4	CNPY3	TRAPPC11	TRAPPC3	TRAPPC5
cluster_1858	4	CNTRL	HIST1H1A	HIST1H1B	HIST1H1C
cluster_1859	4	CNTRL	HSPD1	LONP1	PDHA1
cluster_1860	4	COG3	HAUS1	HAUS3	HAUS4
cluster_1861	4	COL11A1	ME2	PYCR1	PYCR2
cluster_1862	4	COL3A1	HLA-DMB	SLC18B1	TMEM150C
cluster_1863	4	COMMD1	COMMD2	COMMD8	FAM21C
cluster_1864	4	COMMD2	COMMD3	COMMD4	SPACA1
cluster_1865	4	COMMD2	COMMD4	OFD1	PCM1
cluster_1866	4	COMMD3	COMMD7	COMMD9	FAS
cluster_1867	4	COMMD3-BMI1	H2AFZ	HIST2H2BE	HMGA1
cluster_1868	4	COPA	COPG2	COPZ1	UBE2R2
cluster_1869	4	COPE	PSMA1	PSMD12	PSMD2
cluster_1870	4	COPRS	LSM3	LSM4	LSM6
cluster_1871	4	COPRS	SNRPB	SNRPD3	SNRPN
cluster_1872	4	COPS2	COPS3	COPS6	PRAME
cluster_1873	4	COPS2	COPS4	COPS7A	GRK5
cluster_1874	4	COPS2	COPS6	COPS7B	RAB40A
cluster_1875	4	COPS2	COPS7A	COPS7B	CT45A5
cluster_1876	4	COPS2	COPS8	GFER	GPS1
cluster_1877	4	COPS3	COPS4	COPS6	ERCC6
cluster_1878	4	COPS3	COPS7A	COPS8	DDIT3
cluster_1879	4	COPS4	COPS6	COPS8	USHBP1
cluster_1880	4	COPS4	COPS7A	COPS7B	RAB18
cluster_1881	4	COPS4	COPS7B	COPS8	DLD
cluster_1882	4	COPS4	COPS8	GPS1	TGOLN2
cluster_1883	4	COPS5	CUL1	PTGS2	RBX1
cluster_1884	4	COPS5	CUL2	CUL5	FEM1C
cluster_1885	4	COPS5	CUL2	NEDD8	ZYG11B
cluster_1886	4	COPS5	CUL5	NEDD8	RHOBTB2
cluster_1887	4	COPS6	COPS7B	COPS8	HOGA1
cluster_1888	4	COPS6	COPS7B	DDX58	MYEOV2
cluster_1889	4	COQ2	DARS	EPRS	MARS
cluster_1890	4	CORO1A	IFT172	IFT57	IFT80
cluster_1891	4	CORO1B	LRRC59	RPN2	SEC62
cluster_1892	4	COX11	SCO1	SFXN1	SLC25A12
cluster_1893	4	COX15	HIST1H2BC	HIST1H2BD	VDAC1
cluster_1894	4	COX15	PPIA	VDAC1	VDAC3
cluster_1895	4	COX2	COX4I1	COX6C	SMDT1
cluster_1896	4	COX2	SLC27A5	VDAC2	VDAC3
cluster_1897	4	COX4I1	FASTKD5	LONP1	TUBG1
cluster_1898	4	COX4I1	PMPCA	PMPCB	TBCK
cluster_1899	4	COX6C	CYC1	NDUFS2	SLC39A7
cluster_1900	4	COX6C	CYC1	SCCPDH	SLC39A8
cluster_1901	4	COX7A2	COX7A2L	SCCPDH	USMG5
cluster_1902	4	CP	DDHD2	HP	TF
cluster_1903	4	CPEB1	CPSF1	FIP1L1	SYMPK
cluster_1904	4	CPEB1	NMD3	OTUD4	YTHDF3
cluster_1905	4	CPSF3	CPSF4L	FIP1L1	WDR33
cluster_1906	4	CRCP	LRIF1	POLR2C	POLR2F
cluster_1907	4	CREG1	MRM1	PMPCA	PMPCB
cluster_1908	4	CREM	PSMA3	PSMB1	PSMB5
cluster_1909	4	CRY1	CRY2	CSNK1D	CSNK1E
cluster_1910	4	CRY1	CRY2	CSNK2A1	CSNK2B
cluster_1911	4	CRYAB	CS	MDH2	MRPL11
cluster_1912	4	CS	EIF5B	MRPL12	TRAP1
cluster_1913	4	CS	FASTKD2	HINT2	SH2D3C
cluster_1914	4	CS	HINT2	PGD	TRAP1
cluster_1915	4	CSDE1	NUMA1	YTHDF1	YTHDF2
cluster_1916	4	CSGALNACT2	NDUFB3	NDUFB9	NDUFC2
cluster_1917	4	CSNK1E	PRPF3	PRPF4	USP39
cluster_1918	4	CSNK2A1	CSNK2A2	RBL1	RBL2
cluster_1919	4	CTAG1A	CTAG1B	TRIM55	TRIM63
cluster_1920	4	CTAG1A	CTAG1B	UBQLN1	UBQLN2
cluster_1921	4	CTAGE1	CTAGE6	MIA2	MIA3
cluster_1922	4	CTBP1	CTBP2	CUL4A	CUL4B
cluster_1923	4	CTBP1	FANCC	FANCE	FANCF
cluster_1924	4	CTCF	SURF6	TRAF2	UTP23
cluster_1925	4	CTNNB1	KAT2A	KAT2B	TADA3
cluster_1926	4	CTTN	METTL17	PDHA1	TACO1
cluster_1927	4	CTTNBP2NL	NHLRC2	STRIP1	STRN3
cluster_1928	4	CUL2	CUL5	NEDD8	RNF187
cluster_1929	4	CUL2	DCUN1D1	KLHDC10	NEDD8
cluster_1930	4	CUL3	EGFL7	KIF14	KIF20A
cluster_1931	4	CUL3	ESR1	TP53	TRIM8
cluster_1932	4	CUL3	FOXN1	RPA2	TP53
cluster_1933	4	CUL3	FUK	HSPA8	TRIM67
cluster_1934	4	CUL3	HSPA8	NTRK1	WDFY4
cluster_1935	4	CUL3	KLHL42	RPA1	RPA2
cluster_1936	4	CUL3	PARK2	RBAK	TRIM28
cluster_1937	4	CUL3	PLEKHA4	TRIM28	ZNF829
cluster_1938	4	CUL3	PRNP	PTPRZ1	TRIM67
cluster_1939	4	CUL3	PRPF8	SERPINB2	STAU1
cluster_1940	4	CUL3	RPA3	TP53	TSC22D1
cluster_1941	4	CUL3	RPA3	TRIM28	ZFP1
cluster_1942	4	CUL3	STAU1	TRIM67	ZFYVE1
cluster_1943	4	CUL3	TRIM25	TRIM67	UBAC1
cluster_1944	4	CUL5	DCUN1D1	GDI1	NEDD8
cluster_1945	4	CUL7	NOP56	SLC9A3	ZC3H18
cluster_1946	4	CX3CL1	GOSR2	STX5	STX8
cluster_1947	4	CXADR	CYP2S1	EPHA2	LAMP2
cluster_1948	4	CXCL10	CXCL11	CXCR3	PF4
cluster_1949	4	CXXC1	DAXX	SETD1A	SETD1B
cluster_1950	4	CXXC1	EPB41L1	EPB41L3	SETD1A
cluster_1951	4	CXXC1	H2AFX	KANSL1	KAT8
cluster_1952	4	CYB5A	HSPA5	PHB	PHB2
cluster_1953	4	CYC1	DHODH	NDUFS8	OGDH
cluster_1954	4	CYC1	NDUFV1	UQCRC1	ZFYVE1
cluster_1955	4	CYC1	RYBP	SFXN1	UQCRC2
cluster_1956	4	CYFIP1	CYFIP2	NCKAP1	RNF4
cluster_1957	4	CYSRT1	FASLG	KRTAP12-3	NOTCH2NL
cluster_1958	4	CYSRT1	FEZF1	KRTAP1-1	KRTAP10-8
cluster_1959	4	CYSRT1	FOXD4L1	KRTAP6-2	KRTAP6-3
cluster_1960	4	CYSRT1	GPATCH2L	KRTAP10-9	KRTAP4-12
cluster_1961	4	CYSRT1	HOXA1	KRTAP10-8	RALGDS
cluster_1962	4	CYSRT1	KRTAP1-3	KRTAP10-8	MTNR1A
cluster_1963	4	DAAM1	ESR1	ESR2	KIF14
cluster_1964	4	DAB1	HDLBP	RAF1	TRIM67
cluster_1965	4	DAP	GNB2L1	RBM8A	RPL31
cluster_1966	4	DARS	IARS	MARS	TLE2
cluster_1967	4	DARS	KARS	PIK3R3	QARS
cluster_1968	4	DAZAP2	FAM168A	RPS27A	UBA52
cluster_1969	4	DBN1	DYNC1I2	IQGAP1	MYH9
cluster_1970	4	DCAF11	PFDN5	PFDN6	VBP1
cluster_1971	4	DCAF13	EXOSC2	EXOSC3	EXOSC4
cluster_1972	4	DCAF15	SEPT11	SEPT2	SEPT7
cluster_1973	4	DCAF4	MTA2	RBBP7	SIN3A
cluster_1974	4	DCAF6	EIF3A	EIF3B	EIF3H
cluster_1975	4	DCAF8	DNAJC1	PTPN1	SEC61B
cluster_1976	4	DCLK1	KCTD3	KIF13B	PPP1CA
cluster_1977	4	DCP2	HELZ	KIAA0430	TNRC6A
cluster_1978	4	DCTN1	RAB2A	RAB35	RAB7A
cluster_1979	4	DCTN4	MCCC1	PCCA	PCCB
cluster_1980	4	DDB1	DNAJA1	LUC7L3	RUVBL2
cluster_1981	4	DDIT4L	LSM3	LSM5	LSM7
cluster_1982	4	DDX17	EIF4A3	NIF3L1	RBMX
cluster_1983	4	DDX23	DHX8	PNISR	SNRNP40
cluster_1984	4	DDX23	PRPF4	SART1	SPAG9
cluster_1985	4	DDX28	EPDR1	MRPS27	MRPS34
cluster_1986	4	DDX28	MPHOSPH8	MRPL18	MRPS12
cluster_1987	4	DDX3X	KLHL29	RPS23	RPS9
cluster_1988	4	DDX42	PRPF4B	SHFM1	TOP1
cluster_1989	4	DDX46	PPM1G	PUF60	U2SURP
cluster_1990	4	DDX46	PSMC2	PSMC4	PSMD1
cluster_1991	4	DDX5	DHX9	FBXO46	HNRNPR
cluster_1992	4	DDX5	HNRNPC	PRKDC	TCF4
cluster_1993	4	DDX5	IGF2BP1	USP35	XRCC6
cluster_1994	4	DDX5	NUDT5	PRKDC	XRCC6
cluster_1995	4	DDX5	PRKDC	PRPF19	SETD1A
cluster_1996	4	DDX50	DDX54	EIF2B1	LUC7L
cluster_1997	4	DDX54	GLTSCR2	RBM19	SLC14A2
cluster_1998	4	DDX58	LSM4	LSM5	LSM6
cluster_1999	4	DDX58	MED12	MED16	MED17
