cluster_0	4	MCM7	SF3A1	SF3B1	SNRPA1
cluster_1	3	ACTN1	ACTN4	TPM1
cluster_2	3	ADAR	DHX9	HNRNPM
cluster_3	3	AMFR	DERL1	SYVN1
cluster_4	3	ATP5F1A	ATP5F1B	ATP5F1D
cluster_5	3	C1QBP	PHB1	PHB2
cluster_6	3	CALR	CALU	P4HB
cluster_7	3	CENPF	TERF1	TERF2
cluster_8	3	EHD1	STX12	STX7
cluster_9	3	HNRNPH1	HNRNPK	VCP
cluster_10	3	STX6	STX8	VTI1A
cluster_11	4	SART1	SNRPA1	SNRPD1	TPR
cluster_12	3	GABARAPL1	MAP1LC3A	SNCA
cluster_13	3	PRPF3	SART1	TFIP11
cluster_14	4	ACIN1	PRPF6	SF3A1	SNRPA1
cluster_15	3	CDK2	MCM2	SNU13
cluster_16	3	ENO2	ENO3	GAPDH
cluster_17	3	LSM2	SNRPD1	SNRPD3
cluster_18	3	PAFAH1B2	RTCB	RTRAF
cluster_19	4	PRPF3	PRPF6	SART1	SNU13
cluster_20	3	DDOST	DERL1	RPN1
cluster_21	3	HNRNPU	SNRNP70	TRA2A
cluster_22	3	SART1	SNRPA1	UPF3B
cluster_23	3	CLNS1A	SNRPGP15	SNRPN
cluster_24	3	HSPA5	SART1	SNRPD1
cluster_25	3	CCT4	CCT5	XPO1
cluster_26	3	PSMA5	PSMB7	S100A9
cluster_27	3	RAB11A	RAB1A	RAB1B
cluster_28	4	DHX15	SNRNP200	SNRPA1	SNRPD2
cluster_29	3	HIPK3	HNRNPA2B1	HNRNPH1
cluster_30	3	NEDD4	RPS3A	RPSA
cluster_31	3	CCNB1	RPS18	RPS3
cluster_32	3	CHEK1	NFATC1	NFATC2
cluster_33	3	PARP2	XPC	XRCC6
cluster_34	3	DDX1	PICALM	RTRAF
cluster_35	3	PRMT2	TRAPPC2	TRAPPC2B
cluster_36	3	CAPZA1	CAPZB	HSPA8
cluster_37	3	SYPL1	VAMP3	VAMP8
cluster_38	3	ANKRD27	RAB40B	RAB40C
cluster_39	3	TUBB	TUBB4B	XPO1
cluster_40	3	AP2A1	AP2A2	MYO6
cluster_41	3	BCL10	BIRC2	BIRC3
cluster_42	3	MVB12A	MVB12B	VPS37A
cluster_43	3	PSEN1	PSMA5	PSMB1
cluster_44	4	KRT1	KRT10	KRT2	SFN
cluster_45	3	IMMT	VDAC2	VDAC3
cluster_46	3	NUDT21	RPL18	RPS3
cluster_47	3	DKC1	NOP58	TCOF1
cluster_48	3	MTA1	MTA2	TP53
cluster_49	3	BECN1	WDR81	WDR91
cluster_50	4	PRPF3	SART1	SNRPA1	TARDBP
cluster_51	3	APP	ENO3	FKBP1A
cluster_52	3	ATP5PB	MRPL40	MRPL42
cluster_53	3	BRCA2	MORF4L1	MORF4L2
cluster_54	3	PSMA4	PSMB5	RAN
cluster_55	3	ACTR1A	ACTR1B	ZW10
cluster_56	4	PSMC2	PSMD12	PSMD3	SQSTM1
cluster_57	3	APP	EIF5	FERMT2
cluster_58	3	DYNC1LI1	PSMC6	PSMD8
cluster_59	3	GEMIN2	GEMIN6	GEMIN8
cluster_60	3	CALR	SH3GL1	SH3GLB1
cluster_61	3	HNRNPM	HNRNPR	MTA2
cluster_62	3	BLM	CAND1	COPS5
cluster_63	3	FLNB	PSMD12	PSMD3
cluster_64	3	MMS19	PRPF3	PRPF6
cluster_65	3	DARS1	NF2	RARS1
cluster_66	3	IPO5	LAS1L	NOL9
cluster_67	3	RPS19	STX7	UBL4A
cluster_68	3	MAP2K1	MAP2K2	PDLIM5
cluster_69	3	AIMP1	HSP90B1	MARS1
cluster_70	3	LSM8	SNRPF	SNRPN
cluster_71	4	NAA15	PSMC3	PSMD12	PSMD3
cluster_72	3	CDC20	FZR1	NUP98
cluster_73	3	CNTNAP1	KCNA1	KCNA2
cluster_74	4	SF3A1	SNRPA1	SNRPN	ZBTB1
cluster_75	3	RANGAP1	SH3GLB1	TPRKB
cluster_76	3	PPP1CC	RPL13	RPL7
cluster_77	3	LUC7L3	SART1	SNRPD2
cluster_78	3	HNRNPR	SYNCRIP	UPF1
cluster_79	3	PHF5A	SF3B3	SF3B6
cluster_80	3	IK	NOLC1	SAP18
cluster_81	3	DARS1	IARS1	TLN1
cluster_82	3	COIL	SNRPA1	SNRPN
cluster_83	5	DKC1	GTPBP4	NMD3	NOP58	RRS1
cluster_84	3	ACVR1	ACVR1B	BMPR2
cluster_85	3	HLA-DRB1	HLA-DRB3	SEMA4F
cluster_86	4	BUD31	ISY1	SYF2	TRA2A
cluster_87	3	NHERF1	RPL23	RPS3
cluster_88	3	CCT6A	CCT8	FBXW11
cluster_89	3	EGFR	PSMD1	PSMD2
cluster_90	3	CDK5RAP3	RPL10A	RPS3
cluster_91	3	FANCC	RPL18	RPS3A
cluster_92	4	INTS11	INTS3	INTS6	TRIM25
cluster_93	3	DPYSL2	DPYSL3	G3BP1
cluster_94	3	DDX18	PES1	PRPF40A
cluster_95	3	PSMC3	PSMD11	RC3H1
cluster_96	3	CKAP5	INTS2	INTS7
cluster_97	3	CDC14B	ZKSCAN4	ZNF174
cluster_98	3	APP	EEF1B2	EEF1D
cluster_99	3	CASP1	CASP10	SERPINB9
cluster_100	3	DDX18	DDX5	GTPBP4
cluster_101	3	OGFOD1	STK26	TWF2
cluster_102	3	PABPC1	PIN1	RPL4
cluster_103	3	HNRNPL	INTS3	INTS6
cluster_104	3	CUL1	KEAP1	PPP1CC
cluster_105	3	AP2A1	AP2B1	DAB2
cluster_106	3	ESR1	KRT1	KRT10
cluster_107	3	HSPA1L	RPL3	UBL4A
cluster_108	3	ATP5F1B	MTCH2	NDUFS1
cluster_109	3	DLG1	GRIA1	GRIK2
cluster_110	3	GTPBP4	NOC2L	SDAD1
cluster_111	3	SPRTN	SRSF1	SRSF5
cluster_112	3	SUPT3H	TAF5L	TRIM25
cluster_113	3	KRT2	KRT5	MTM1
cluster_114	3	AKAP12	DYNC1LI1	DYNLRB1
cluster_115	3	ATP6V0A1	ATP6V0A2	MUC1
cluster_116	3	AMFR	RPL5	UBL4A
cluster_117	3	GPN3	RPAP2	ZFC3H1
cluster_118	3	DAZAP1	SOD1	TIAL1
cluster_119	3	CDC40	ILF2	ISY1
cluster_120	3	KDM6A	KMT2C	WDR82
cluster_121	3	BRCA1	KEAP1	PPP1R9B
cluster_122	4	RPL11	RPL5	RPS14	TP73
cluster_123	3	HNRNPA0	HNRNPH1	NPM1
cluster_124	3	DCAF13	DDX18	UTP20
cluster_125	3	CCT5	CCT7	STUB1
cluster_126	3	DYNC1H1	RPS24	RPS5
cluster_127	3	CDK11A	CDK11B	ESR1
cluster_128	4	LAP3	SH3GL1	SH3GLB1	TPRKB
cluster_129	3	PDHB	PDK2	PDK3
cluster_130	4	PSMA4	PSMB4	PSMB6	PSMB8
cluster_131	3	CACNG2	GRIA1	GRIA2
cluster_132	3	CUL1	CUL3	IRAK1
cluster_133	3	EML1	EML4	TUBB
cluster_134	4	HSPA4	RPS3	RPSA	UBL4A
cluster_135	4	GTF3C3	POLR3A	POLR3C	POLR3D
cluster_136	3	BARD1	HNRNPDL	HNRNPUL1
cluster_137	3	EXOSC4	NCL	RPS3
cluster_138	3	COPA	COPB1	SHMT2
cluster_139	5	AARS1	DARS1	IARS1	LARS1	QARS1
cluster_140	3	SF3A1	SF3B1	USP39
cluster_141	3	MED17	MED24	TFIP11
cluster_142	3	CPEB1	CSTF2T	SYMPK
cluster_143	3	NOL7	RNF2	UTP4
cluster_144	3	NIFK	RRS1	SREK1
cluster_145	3	AIMP1	DARS1	PTPN6
cluster_146	3	ACAA1	HSD17B4	SCP2
cluster_147	3	BUB1B	PTTG1	PTTG2
cluster_148	3	NAP1L4	NCL	RPL18
cluster_149	3	SF3B3	SNRNP200	TUBB
cluster_150	3	ATP5ME	ATP5PD	ATP5PO
cluster_151	4	PSMA3	PSMA5	PSMB3	SART3
cluster_152	3	CDK9	MED28	ZC3H13
cluster_153	4	RC3H2	UBE2B	UBE2V1	UBE2V2
cluster_154	3	MED24	MED6	SMAD3
cluster_155	3	RPL30	RPL6	WWOX
cluster_156	3	CUL3	MTDH	NTRK1
cluster_157	3	ARF1	CCT3	CCT6A
cluster_158	5	DDX18	DDX24	DDX55	DDX56	GTPBP4
cluster_159	3	DCUN1D1	NEDD8	RBX1
cluster_160	4	MTREX	NOP2	PUM3	RRS1
cluster_161	3	BMAL1	BMAL2	NPAS2
cluster_162	3	EEF1B2	RPL7A	RPS2
cluster_163	3	REC8	SMC3	SYCP3
cluster_164	3	DDX18	DDX24	KMT2E
cluster_165	3	SF3B3	SNRPA1	TCERG1
cluster_166	3	RPL6	RPS2	SIRT1
cluster_167	3	APRT	RPL23	RPL6
cluster_168	3	UBE2D1	UBE2D2	UBQLN1
cluster_169	3	DLGAP5	TUBA4A	TUBB3
cluster_170	3	IPO4	RPL5	RPS8
cluster_171	5	AKR1B1	ENO2	ENO3	FABP5	PGAM1
cluster_172	3	RPL23	RPL30	USP14
cluster_173	4	BRCA1	KEAP1	MCM2	NME1
cluster_174	3	ATP6V0C	ATP6V0D1	ATP6V0D2
cluster_175	3	ALYREF	NOP2	RBM34
cluster_176	3	DKC1	NIFK	SRP14
cluster_177	3	SRP68	SRP72	STAU1
cluster_178	3	RFC3	RFC5	VCP
cluster_179	4	DDX24	MAK16	MDM2	NOC2L
cluster_180	3	CLK1	NCL	RPL5
cluster_181	4	WASHC2A	WASHC4	WASHC5	XPO1
cluster_182	3	APP	URI1	UXT
cluster_183	3	KAT8	MSL3	PRKDC
cluster_184	3	EHMT2	MED30	MED6
cluster_185	3	RPS27A	RPS3	WBP2
cluster_186	3	PTGIS	PTGS1	PTGS2
cluster_187	3	BRD8	EPC1	MEAF6
cluster_188	3	KEAP1	MCM2	PTGES3
cluster_189	3	ATP6V1A	DARS1	EEF1E1
cluster_190	3	HCFC1	NFE2L1	NFE2L3
cluster_191	3	WASHC2C	WASHC4	WASHC5
cluster_192	4	LSM5	PRPF3	SART1	SNRPD2
cluster_193	4	SNRPA1	SNRPE	SNRPN	SNUPN
cluster_194	3	MAT2A	RPS3	RPS3A
cluster_195	3	HNRNPA2B1	HNRNPA3	MCM5
cluster_196	3	GRWD1	NCL	RPL11
cluster_197	3	AATF	MPHOSPH10	NOL6
cluster_198	3	GATAD2A	GATAD2B	IKZF1
cluster_199	3	IMMT	SLC25A12	SLC25A13
cluster_200	3	DDX19A	DDX19B	DDX25
cluster_201	4	CDKN2A	GNL3	NCL	RPL11
cluster_202	3	PEX14	PNPLA3	SLC27A2
cluster_203	3	GTF3C1	SRSF5	SRSF7
cluster_204	3	CDC5L	FTSJ3	NOP2
cluster_205	4	POLR3A	POLR3B	POLR3H	RAE1
cluster_206	3	HSPD1	THBS3	THBS4
cluster_207	3	PSMA5	PSMD1	SEC24C
cluster_208	3	ALYREF	SRSF1	SRSF7
cluster_209	4	EEF1E1	HNRNPA2B1	IARS1	QARS1
cluster_210	3	BTRC	RPS10	RPS18
cluster_211	3	CTSK	CTSL	CTSV
cluster_212	4	RPL22	RPL24	RPS27A	STRAP
cluster_213	3	ECPAS	RPS23	RPS26
cluster_214	4	CDC20	FZR1	PTTG1	PTTG2
cluster_215	3	ACTR1B	APP	DCTN6
cluster_216	3	DDX56	GTPBP4	RPF2
cluster_217	3	ATP5F1C	ATP5PO	PRKN
cluster_218	3	APBB1	JAG1	NEURL1
cluster_219	5	DDX18	DDX47	GTPBP4	NOP2	NOP58
cluster_220	4	ATP1A1	DDOST	RPN1	STAU1
cluster_221	3	CENPA	H2AC4	H2BC3
cluster_222	4	SART1	SF3A1	SF3B1	TRMT112
cluster_223	4	POLR1C	POLR3A	POLR3B	SMARCA5
cluster_224	3	DNAJC19	PAM16	TIMM17A
cluster_225	3	MRPS10	MRPS11	MRPS15
cluster_226	3	PSMC4	PSMD3	TMOD3
cluster_227	3	DDX18	NOP58	POLR1E
cluster_228	3	MRPL12	NDUFA13	SLC25A10
cluster_229	3	ATXN7L3	KAT2B	TADA1
cluster_230	3	CAPNS1	ISOC1	PAFAH1B1
cluster_231	3	CCNB2	CKS1B	CKS2
cluster_232	4	AGFG1	ALAD	LAP3	OGT
cluster_233	3	CEBPZ	NIP7	NOP2
cluster_234	3	ARID1B	DPF2	EPAS1
cluster_235	4	TADA2B	TADA3	TAF5L	TAF6L
cluster_236	3	AATF	DDX52	MMS19
cluster_237	3	MAF1	POLR3A	POLR3B
cluster_238	5	DYNC1LI2	RPS23	RPS26	RPS5	RPSA
cluster_239	3	CNBP	EGFR	ZC3HAV1
cluster_240	4	RPL36	RPL4	RPL7	WDR12
cluster_241	5	DDX24	DKC1	NOC2L	PUM3	SHMT2
cluster_242	4	RPL5	RPS4X	RPS7	XRN1
cluster_243	3	MRPS10	MRPS5	SDHB
cluster_244	3	APLF	POLB	TDP1
cluster_245	3	ACTR2	ALAD	OGT
cluster_246	3	EPRS1	QARS1	RNF126
cluster_247	4	ACTR10	ACTR1B	CAPZA2	DCTN3
cluster_248	3	MTMR1	MTMR2	SBF2
cluster_249	3	GBP1	GBP2	GBP3
cluster_250	3	CKB	NHERF1	NPEPPS
cluster_251	4	ACTR10	DCTN4	DCTN6	MAPK8IP3
cluster_252	3	CPSF1	CPSF4	WDR33
cluster_253	3	CRY1	CRY2	LRPPRC
cluster_254	4	DPF2	NFATC1	NFATC2	SMARCD2
cluster_255	3	POP4	RBM4	RPP40
cluster_256	6	CAPNS1	ISOC1	OGFOD1	STK26	TBCB	YWHAE
cluster_257	3	DYSF	HDAC6	RIPOR2
cluster_258	3	ACTBL2	ACTR10	DCTN3
cluster_259	3	APOO	APOOL	MICOS13
cluster_260	3	RPL3	RPS8	RPS9
cluster_261	3	CNOT3	CNOT9	TNRC6A
cluster_262	3	ARID4B	PHF23	SUDS3
cluster_263	3	DDX18	NAT10	UBC
cluster_264	3	PRPF4	RPS10	RPS19
cluster_265	3	FAF1	RPL24	UBL4A
cluster_266	3	EIF4H	HNRNPA0	HNRNPDL
cluster_267	3	IPO5	RPL13	RPL23A
cluster_268	4	AIMP1	MARS1	QARS1	VARS1
cluster_269	3	MYB	NCL	RPL4
cluster_270	3	CCDC8	NDC1	OBSL1
cluster_271	3	MECP2	NOL8	URB1
cluster_272	3	ATP1A1	RAB2A	RPN1
cluster_273	3	UQCC1	UQCC2	YARS2
cluster_274	7	PTGES3	RPL14	RPL18	RPL19	RPL21	RPL4	RPS27A
cluster_275	3	CCT2	CCT6A	EEF1D
cluster_276	3	EGLN2	EGLN3	SIAH2
cluster_277	4	RHOT2	RPL9	RPS2	RPS26
cluster_278	3	CAND1	TARDBP	ZNF346
cluster_279	3	IKZF2	IKZF3	SIN3B
cluster_280	3	HNRNPDL	HNRNPH3	NR3C1
cluster_281	3	ABLIM3	ABRA	ACTA1
cluster_282	4	ATIC	ISOC1	OGFOD1	STK26
cluster_283	3	ISOC1	STK24	TBCB
cluster_284	3	GPRASP2	RPL28	RPS2
cluster_285	3	ING3	JADE2	MEAF6
cluster_286	3	HECW2	RPL24	TUBG1
cluster_287	3	DHX36	HEBP1	S100A6
cluster_288	3	AK6	TAF9B	USP22
cluster_289	3	MUC1	VMA12	VMA22
cluster_290	4	ATXN7L3	SIRT1	SUPT7L	TADA2B
cluster_291	3	LSM3	LSM4	ZMAT2
cluster_292	3	FTSJ3	NSA2	UBE2A
cluster_293	4	GRIA1	GRIA2	GRIK2	GRIP1
cluster_294	3	SF3B5	TADA1	TADA2B
cluster_295	3	MED15	MED7	RELA
cluster_296	3	ELAVL1	POLR2D	POLR2J
cluster_297	3	FIS1	PEX11B	PEX11G
cluster_298	3	IMP3	PWP2	RRP9
cluster_299	3	RPLP1	RPS26	TMEM165
cluster_300	3	ANKFY1	WASHC2A	WASHC4
cluster_301	3	MRPS18B	MRPS26	MRPS28
cluster_302	3	MRPS16	MRPS25	MRPS9
cluster_303	3	FKBP3	NELFB	SYNCRIP
cluster_304	3	ABI1	ABI2	PCMT1
cluster_305	3	RPL4	RPS27A	TARS1
cluster_306	3	HINT1	TAGLN2	UBE2V1
cluster_307	3	ALOX5	MTMR3	MTMR4
cluster_308	3	SF3A1	SF3B3	TRIM55
cluster_309	3	POLR3D	POLR3GL	POLR3K
cluster_310	3	AKR1C1	AKR1C3	SIAH2
cluster_311	3	NDUFA13	NDUFB5	NDUFS6
cluster_312	5	CAPNS1	EIF5	FERMT2	ISOC1	TBCB
cluster_313	4	NTRK1	TRAPPC11	TRAPPC12	TRAPPC8
cluster_314	3	CUL7	HDAC4	HDAC5
cluster_315	3	CAND1	CUL5	GARS1
cluster_316	3	CUL1	CUL5	DEPTOR
cluster_317	3	BRD2	BRD3	RUVBL2
cluster_318	3	ACTR10	ACTR1B	RABEP1
cluster_319	3	MCM7	PSMD12	PSMD2
cluster_320	3	HDAC2	ING2	SINHCAF
cluster_321	3	RPL38	RPS19	RRBP1
cluster_322	3	HCN1	HCN3	HCN4
cluster_323	3	ITFG2	KPTN	VWCE
cluster_324	4	ECE1	RPL19	RPS26	RPSA
cluster_325	3	PSME3	SF3B2	SF3B3
cluster_326	4	CLPP	MRPL12	MRPS30	SLC25A10
cluster_327	3	ENAH	EVL	NECTIN4
cluster_328	3	CCDC8	CUL7	HSD17B4
cluster_329	3	PGBD1	ZKSCAN3	ZNF232
cluster_330	3	GP6	NCF1	TGFB1I1
cluster_331	3	SF3B1	SNRNP200	TUBA1B
cluster_332	3	DNM1	IRF2BPL	NPM3
cluster_333	3	CCNC	GTF2F1	MED21
cluster_334	5	DLST	MRPL15	MRPL39	MRPL40	SLC25A10
cluster_335	3	NTRK1	PTPRF	PTPRS
cluster_336	3	ATP6V1D	RPS15	RPS18
cluster_337	6	ACTB	DMAP1	EPC1	MBTD1	MORF4L1	MORF4L2
cluster_338	3	H2AC20	H2BC21	H4C1
cluster_339	3	EXOSC10	NCL	RPL18A
cluster_340	4	HNRNPA1	SRSF1	SRSF6	SRSF7
cluster_341	3	PTGES2	UQCR11	UQCRQ
cluster_342	3	CNDP2	RPL23	RPLP2
cluster_343	3	HNRNPD	HNRNPH1	KHSRP
cluster_344	3	RAD18	RPL10A	RPS2
cluster_345	3	H2AZ1	H4C1	MBTD1
cluster_346	4	CRYAB	TRAPPC2	TRAPPC2B	TRAPPC9
cluster_347	3	CYP2C8	PSEN1	RNF32
cluster_348	3	COG1	COG2	COG7
cluster_349	3	IGF2BP3	NMT1	PDCD6
cluster_350	3	CUL4B	CUL5	TRIM27
cluster_351	3	EP400	EPC2	MORF4L1
cluster_352	3	CBS	IARS1	QARS1
cluster_353	3	B2M	KPNB1	NEMP1
cluster_354	4	GPN3	POLR3B	PPP1CA	RPAP2
cluster_355	4	PATL1	PRPF3	SART1	SF3A1
cluster_356	3	CUL4A	CUL5	TRIM16
cluster_357	3	AFG3L2	NDUFS1	NDUFS8
cluster_358	3	MRPS11	MRPS14	MRPS2
cluster_359	4	MPV17	NDUFB5	NDUFB9	NDUFS6
cluster_360	3	DARS1	MARS1	XPNPEP1
cluster_361	3	DOCK5	ELMO1	ELMO3
cluster_362	4	GATAD2A	GATAD2B	H2AC20	H2BC21
cluster_363	3	CTIF	MIF4GD	SLBP
cluster_364	5	RANBP9	RPS12	RPS13	RPS27	RPS27L
cluster_365	5	MRPL13	MRPL15	MRPL38	MRPL41	OGDH
cluster_366	3	TBL3	UTP15	WDR36
cluster_367	3	RPL7A	RPS19	TRAP1
cluster_368	3	PPAN	PUM3	RRP9
cluster_369	3	DDX18	NOP2	SRSF3
cluster_370	3	PSMC5	PSMD8	TP53BP1
cluster_371	3	MMS19	PWP2	WDR36
cluster_372	3	HNRNPDL	HNRNPH1	LSM14A
cluster_373	4	C2orf49	DDX1	FAM98B	RTRAF
cluster_374	3	ASCC1	ASCC2	CSRP1
cluster_375	4	AKR1C1	AKR1C2	AKR1C3	AKR1C4
cluster_376	3	FYB1	MAP3K7	PRKCQ
cluster_377	3	IRF2BP2	IRF2BPL	RBM39
cluster_378	3	DNAJB1	DNAJB4	DNAJB5
cluster_379	3	AKR1B1	ENO2	PCMT1
cluster_380	3	CEP250	SRSF3	SRSF7
cluster_381	3	HNRNPA3	HNRNPAB	LIN28A
cluster_382	3	AP3S1	RNF13	RNF167
cluster_383	4	RPL13A	RPL3	RPLP2	RPS8
cluster_384	3	ECT2	NUP188	NUP93
cluster_385	3	CCT6A	CCT6B	FASN
cluster_386	4	DYNC1I2	RPS13	RPS26	RPS5
cluster_387	3	TCP11L1	TTC5	TUBB
cluster_388	3	COQ4	MRPS15	MRPS35
cluster_389	4	ENO2	ENO3	FKBP1A	PPIB
cluster_390	3	PLPP1	PLPP2	PLPP3
cluster_391	3	GRB10	IRS1	IRS2
cluster_392	4	LUC7L	LUC7L2	SNRNP70	TRA2A
cluster_393	3	DPPA4	PCGF1	TP53BP1
cluster_394	3	POLR1B	POLR1D	TRIM25
cluster_395	3	MRPS11	MRPS34	SUPV3L1
cluster_396	4	CCT3	CCT6A	CCT6B	CLTC
cluster_397	4	GPN3	POLR1A	POLR3A	POLR3B
cluster_398	4	RPL38	RPS2	RPS4X	RUVBL2
cluster_399	3	CFTR	IGF2BP3	RTRAF
cluster_400	4	RPL23	RPL3L	RPS16	RPS23
cluster_401	3	NXF2	STAU2	UPF1
cluster_402	3	EWSR1	MED15	MED8
cluster_403	3	MAK16	NOL12	TUBA8
cluster_404	3	DERL2	EMC1	EMC3
cluster_405	4	HNRNPR	LUC7L	LUC7L2	SYNCRIP
cluster_406	3	LAMTOR3	RPS18	RPS7
cluster_407	3	B3GALT2	GNPTAB	GNPTG
cluster_408	3	NUMA1	RPL35A	RPS13
cluster_409	3	PRKN	SRSF1	SRSF3
cluster_410	4	NCL	RPS2	RRS1	SF3B4
cluster_411	3	ISYNA1	TPD52L1	UCHL3
cluster_412	3	PKD2L2	SERPINB3	SERPINB4
cluster_413	4	ASB11	PSMC3	PSMD11	PSMD2
cluster_414	3	BRPF3	ING5	KAT7
cluster_415	7	EIF3C	NCL	RPL7	RPL8	RPS24	RPS3A	RPS4X
cluster_416	3	AP2S1	REPS1	RUNDC3A
cluster_417	3	COLGALT1	PLOD1	PLOD2
cluster_418	4	IARS1	LARS1	LNX1	MARS1
cluster_419	3	BTRC	COPS7A	COPS7B
cluster_420	3	RPL26	RPLP2	RPS8
cluster_421	3	GON7	OSGEP	TPRKB
cluster_422	3	COTL1	HEBP1	PCBP1
cluster_423	3	CCT6B	CCT7	SEPTIN12
cluster_424	4	CENPH	CENPI	CENPN	CENPP
cluster_425	4	FAU	RPS17	RPS19	RPS7
cluster_426	3	CSH1	CSH2	GH1
cluster_427	3	CLK3	LUC7L	LUC7L2
cluster_428	3	UGT1A10	UGT1A7	UGT1A9
cluster_429	3	EIF3D	RPS27	RPS4X
cluster_430	6	NCL	RPL9	RPS26	RPS4X	RPS5	SLC25A1
cluster_431	4	RPL10A	RPL10L	RPL12	S100A10
cluster_432	3	DLX5	HOXC8	MSX1
cluster_433	3	NDUFA8	NDUFAF1	NDUFB5
cluster_434	3	RRN3	TAF1A	UBTF
cluster_435	4	HECW2	PWP2	RRP9	WDR36
cluster_436	3	ATP6V1B1	CCT2	CCT6B
cluster_437	3	RANBP3	RPL24	RPL27A
cluster_438	3	NECAP1	NECAP2	UFC1
cluster_439	3	GRSF1	RPL14	RPL28
cluster_440	3	NSMCE3	SMC5	STN1
cluster_441	3	PRKCA	WWC2	WWC3
cluster_442	3	CDC34	CUL2	CUL3
cluster_443	4	EEF1A1	EEF1A1P5	ENO2	ENO3
cluster_444	3	ABCF1	APP	EIF2B2
cluster_445	4	ACIN1	RPL7	RPS13	RRS1
cluster_446	3	EDC4	IGF2BP3	NELFB
cluster_447	5	NGDN	RPL18A	RPS14	RPS2	RPS8
cluster_448	3	EEF1A1	EEF1A1P5	RAC1
cluster_449	4	ABCF1	IGF2BP3	MAP2	NMT1
cluster_450	3	ZNF212	ZNF282	ZNF398
cluster_451	3	EBNA1BP2	EIF2B4	FTSJ3
cluster_452	4	ABCF1	EIF2B2	HNRNPA2B1	IGF2BP3
cluster_453	4	ILF3	PGRMC1	RPS20	UBL4A
cluster_454	3	EIPR1	VPS51	ZUP1
cluster_455	3	PQBP1	RIDA	SUGP1
cluster_456	3	CLOCK	PER2	RORC
cluster_457	3	DDX23	PIP4K2A	PRPF8
cluster_458	3	PSMC2	PSMD3	SPRTN
cluster_459	3	PPP3CB	PPP3R1	RCAN1
cluster_460	3	CISD1	TSPO	VDAC3
cluster_461	3	ERO1A	ERO1B	PDIA2
cluster_462	5	AURKB	RPS16	RPS25	RPS27	RPS4X
cluster_463	3	RPL14	RPS3	SCD
cluster_464	3	PSMA8	PSMC3	PSMD8
cluster_465	3	RPS14	RPS2	THAP12
cluster_466	3	NCL	RBM42	RPS14
cluster_467	5	ECSIT	NDUFA8	NDUFB5	NDUFB8	NDUFS7
cluster_468	3	ADNP	EBNA1BP2	RRS1
cluster_469	3	GGA1	GGA2	STAB1
cluster_470	3	RPL23	RPL39	RPL3L
cluster_471	3	HBS1L	RPS20	RPS5
cluster_472	4	CDC20	CKS1B	CKS2	FZR1
cluster_473	3	PSMA7	PSMA8	TSC22D2
cluster_474	3	IARS1	LARS1	TIPRL
cluster_475	3	DAZ1	DAZ4	DZIP1L
cluster_476	3	TNFRSF1A	VANGL1	VANGL2
cluster_477	3	IRGM	NOD1	NOD2
cluster_478	3	H2AC11	ILF3	RPS2
cluster_479	3	NDUFA5	NDUFB10	NDUFB9
cluster_480	3	CAMTA2	PSME3	PSME3IP1
cluster_481	3	BCCIP	CSE1L	SMS
cluster_482	4	MTA1	MTA2	NANOG	NANOGP8
cluster_483	3	IARS1	RARS1	TRIM25
cluster_484	3	CRY1	KRT10	KRT2
cluster_485	3	ABCE1	ABCF1	RTRAF
cluster_486	3	ACTR10	DCTN6	SPMIP6
cluster_487	4	MRPS22	MRPS23	MRPS27	SMURF1
cluster_488	3	BAP1	TRIM63	USP28
cluster_489	3	CAT	PRDX1	PRDX2
cluster_490	3	TPCN2	TRAPPC5	TRAPPC8
cluster_491	3	DPF2	SMARCD2	UPF2
cluster_492	4	BRIX1	FTSJ3	PTPN2	RBM34
cluster_493	3	NSFL1C	PARP6	PLAA
cluster_494	3	COG1	COG5	PARP16
cluster_495	3	CCDC12	HNRNPL	PPIE
cluster_496	3	IFNA14	IFNA21	IFNA6
cluster_497	3	COG2	COG5	COMTD1
cluster_498	4	CCT5	CCT6A	CCT6B	TXNDC9
cluster_499	3	GHRL	PTGIR	TBXA2R
cluster_500	3	CGGBP1	SPIN1	SPIN2B
cluster_501	3	NGDN	WDR46	ZNF512
cluster_502	3	CYLD	DSC1	DSG1
cluster_503	3	SREBF1	TADA2B	TADA3
cluster_504	3	GAK	KCTD7	RABGEF1
cluster_505	5	ABCF1	DIMT1	EIF2B2	NELFB	PTBP1
cluster_506	3	ARHGAP17	COMMD2	COMMD4
cluster_507	3	CAPN1	GNS	MVD
cluster_508	3	RPL10A	RPL18	URB1
cluster_509	3	HLA-DRB1	HLA-DRB5	MS4A1
cluster_510	3	ACTB	LMX1B	MEIS2
cluster_511	6	INTS1	INTS10	INTS12	INTS3	INTS5	INTS6
cluster_512	3	TFAP4	YEATS2	ZZZ3
cluster_513	3	BARD1	TRAPPC11	TRAPPC8
cluster_514	5	MRPL24	MRPL38	MRPL39	MRPL41	TP53
cluster_515	4	INTS1	INTS5	INTS6	NABP2
cluster_516	3	GNMT	HUWE1	PREX2
cluster_517	3	CENPF	NANOG	NANOGP8
cluster_518	9	RPL11	RPL14	RPL23	RPL6	RPL9	RPS10	RPS16	RPS2	UQCRB
cluster_519	3	PRPF19	SYF2	USB1
cluster_520	3	AAMP	DHPS	SRP9
cluster_521	3	CSGALNACT2	EMC3	EMC4
cluster_522	3	MMS19	MSL1	MSL2
cluster_523	3	EEF2	IL4I1	NUP62
cluster_524	3	PI4KA	PPP3CB	PPP3CC
cluster_525	3	MAFF	MAFG	PARP1
cluster_526	3	GPN3	POLR2M	RPRD1A
cluster_527	4	HERC5	RPL14	RPL18	RPS2
cluster_528	3	CHTF18	DSCC1	ZUP1
cluster_529	3	COQ9	FKBP8	PTPMT1
cluster_530	4	ATP1A1	HSD17B12	RPN1	UBC
cluster_531	3	DDX24	EBNA1BP2	OTUB1
cluster_532	5	RPL10A	RPL14	RPL5	RPLP2	SSR3
cluster_533	3	FKBP9	HEXA	PDCD10
cluster_534	6	ATP6AP2	ATP6V0C	ATP6V0D2	KIAA2013	VMA12	VMA21
cluster_535	3	RAD51	SFR1	SWI5
cluster_536	3	PSME3	RAB40A	RAB40AL
cluster_537	4	MSH2	RPLP0	RPS24	RPS5
cluster_538	3	TAF13	TAF2	TAF7L
cluster_539	3	ILF3	RPL13	SENP3
cluster_540	4	KAT8	MSL1	MSL2	MSL3
cluster_541	6	DIMT1	EIF2B2	FKBP3	NELFB	NMT1	YBX1
cluster_542	3	RAB1A	RAB1C	RABIF
cluster_543	3	HNRNPL	INTS2	INTS8
cluster_544	3	CANX	RPS5	UBL4A
cluster_545	3	AP3B1	AP3M1	VASN
cluster_546	4	SEPTIN10	SEPTIN6	SEPTIN8	XPO1
cluster_547	3	ATP1A1	HSD17B12	TMED2
cluster_548	3	NR2F6	RXRA	RXRG
cluster_549	5	RICTOR	RPL13	RPL23	RPS3A	RPS5
cluster_550	4	FOSL2	IRF2BP1	IRF2BP2	IRF2BPL
cluster_551	3	ARID1A	ARID1B	EYA2
cluster_552	5	KARS1	RPL17	RPL19	RPL21	RPL36
cluster_553	3	PFDN5	PSMC4	PSMD8
cluster_554	4	CTDP1	INTS1	INTS3	INTS6
cluster_555	3	HSPA5	SEPTIN10	SEPTIN6
cluster_556	4	CKS1B	CKS2	HSP90AA1	HSP90AA2P
cluster_557	3	DICER1	GNL2	GTPBP4
cluster_558	3	GATAD1	HECW2	SINHCAF
cluster_559	3	RPL14	RPL8	RSBN1L
cluster_560	3	INTS1	INTS6	PPP1CB
cluster_561	3	BHLHA15	NOL12	PPAN
cluster_562	3	CCT3	CCT6B	CFAP300
cluster_563	3	DEFA5	RPL24	RPS3
cluster_564	5	DIMT1	IGF2BP3	NELFB	NMT1	PA2G4
cluster_565	4	ATP5F1A	ATP5F1B	HSP90AA1	HSP90AA2P
cluster_566	3	PTRH2	RPS15	RPS2
cluster_567	3	MEAF6	MORF4L1	RPL10
cluster_568	3	RGS3	SEPTIN10	SEPTIN8
cluster_569	3	MAB21L2	MEIS2	PBX2
cluster_570	5	POLR1B	POLR1D	POLR3A	POLR3B	SKAP1
cluster_571	3	CKMT1A	CKMT2	HSPE1
cluster_572	3	AZIN1	KIF5B	KIF5C
cluster_573	3	RPL6	RPSA	SRSF10
cluster_574	4	CCDC93	COMMD4	COMMD7	DENND10
cluster_575	3	HSP90AA1	HSP90AA2P	NUMA1
cluster_576	3	KAT14	TP53INP1	YEATS2
cluster_577	3	CFTR	HSD17B12	TECR
cluster_578	3	C1QTNF2	ITFG2	SZT2
cluster_579	3	EIF2B3	EIF3C	NELFB
cluster_580	3	EFL1	PANK4	RANGAP1
cluster_581	3	IRF2BP1	IRF2BP2	NFATC2
cluster_582	3	AKAP14	EFCAB7	SPA17
cluster_583	3	CAPRIN1	G3BP2	PIN1
cluster_584	3	ZNF24	ZNF396	ZSCAN1
cluster_585	3	GPRC5B	IPPK	LPAR1
cluster_586	3	RPL23	RPS2	TOR1AIP2
cluster_587	3	NCSTN	SAP18	TRIM55
cluster_588	3	TRIM45	UBE2D3	UBE2D4
cluster_589	3	CSNK1G1	CSNK1G2	CSNK1G3
cluster_590	3	CNDP2	HNRNPL	PEPD
cluster_591	4	CCT5	CCT6A	CCT8	HEY1
cluster_592	4	EMC3	EMC7	EMC8	UBQLN2
cluster_593	3	EMC3	EMC7	PDIA4
cluster_594	3	CCDC40	FAM83D	HMMR
cluster_595	3	CUL2	CUL5	SKP2
cluster_596	3	MT-ND5	NDUFB11	NDUFS7
cluster_597	3	FKBP8	MRPL11	MRPL15
cluster_598	4	HNRNPUL2	RPL18	RPL35A	RPS14
cluster_599	3	RPL27	SLC25A3	UBL4A
cluster_600	3	IPO8	RPL23A	RPLP0
cluster_601	3	RPL13	RPL26	ZNF317
cluster_602	3	CCT6A	CCT7	METTL6
cluster_603	3	PPP1CA	SFRP2	SFRP5
cluster_604	3	PURA	RPS8	RRS1
cluster_605	3	DUSP16	DUSP8	VBP1
cluster_606	3	DMXL2	ROGDI	WDR7
cluster_607	3	HSD17B12	SSR3	TMCO1
cluster_608	3	EED	INTS1	INTS3
cluster_609	4	IGF2BP3	MEPCE	RTRAF	YBX3
cluster_610	3	CAVIN1	HECTD3	ZZEF1
cluster_611	4	CDK2	DPYSL2	DPYSL3	MCM2
cluster_612	3	BEND7	MBD3L1	ZNF219
cluster_613	3	CDK9	RPS4X	UBL4A
cluster_614	3	MAB21L1	MEIS2	PBX3
cluster_615	4	M6PR	RPL37A	RPL6	RPS28
cluster_616	4	PWP2	TBL3	WDR3	ZNF746
cluster_617	5	DAP3	MRPS18B	MRPS31	MRPS9	RBM3
cluster_618	3	SF3A1	SNRPA1	VASN
cluster_619	4	MRPL32	MRPL37	MRPL40	STOML2
cluster_620	3	CALU	RPL21	RPL32
cluster_621	14	EGFR	RPL14	RPL22	RPL23	RPL3	RPL38	RPL4	RPL6	RPL7	RPLP2	RPS15A	RPS20	RPS27	RPS3
cluster_622	3	PPAN	WDR46	ZNF317
cluster_623	3	MZF1	SCAND1	ZNF202
cluster_624	4	LHX6	SSBP2	SSBP3	SSBP4
cluster_625	3	CLDND1	GOLGA7	GYPA
cluster_626	3	ILF3	RPL4	UQCRH
cluster_627	3	AKIRIN1	AKIRIN2	PSMB3
cluster_628	3	DDX24	RPL18A	TSPYL1
cluster_629	3	ACTR1B	DCTN4	SEH1L
cluster_630	3	ABCF2	NCL	RPL6
cluster_631	3	DLGAP5	NEMP1	RAN
cluster_632	3	CSTF3	PABPC1	PAPOLB
cluster_633	3	GFM2	RPL17	RPS5
cluster_634	4	RPL13	RPL28	RPS2	TRO
cluster_635	4	ILF3	LNX1	RPL4	RPS27L
cluster_636	4	EMC3	EMC4	EMC7	IFNA21
cluster_637	3	ATP5F1B	MT-ATP8	SLC27A3
cluster_638	4	EEF1A1	EEF1A1P5	LIG4	RPL11
cluster_639	3	CENPX	FANCF	RMI1
cluster_640	3	CUL7	CUL9	SIRT7
cluster_641	4	PDRG1	SCP2	URI1	UXT
cluster_642	3	CCT5	CCT8	TRIM28
cluster_643	3	RPL18A	RPL7	TSPYL2
cluster_644	4	DARS1	GFPT1	IARS1	MARS1
cluster_645	5	FGF8	RPS15	RPS16	RPS3	RPS3A
cluster_646	3	BCL7A	BCL7C	INO80
cluster_647	3	EAPP	HSF1	TSSC4
cluster_648	3	TYW3	ZKSCAN3	ZKSCAN4
cluster_649	5	GNL1	RPL5	RPL7	RPLP0	RPS15A
cluster_650	4	LGALS3BP	RPL23	RPL38	RPS4X
cluster_651	3	ACTB	ASB12	MTMR8
cluster_652	3	CAVIN3	NENF	PTBP3
cluster_653	3	CHMP4A	DCK	RBBP7
cluster_654	3	HSD17B8	MRPS2	MRPS23
cluster_655	5	TBC1D14	TRAPPC12	TRAPPC13	TRAPPC2	TRAPPC2B
cluster_656	3	ANKHD1	CAND1	KEAP1
cluster_657	3	EGFR	RPN1	UQCRC2
cluster_658	5	RPL13	RPL15	RPL5	RPS13	SPP1
cluster_659	3	INSIG1	INSIG2	SREBF1
cluster_660	3	ISOC1	OGFOD1	PRCP
cluster_661	3	AKR1B1	ENO3	PGK2
cluster_662	3	GTF3C2	RPL13	RPS2
cluster_663	3	MRPL15	MRPL39	MTARC1
cluster_664	4	DIDO1	GNL3	RPL18A	RRS1
cluster_665	3	DVL1	DVL1P1	LRRK2
cluster_666	3	AP3M1	AP3M2	AP3S2
cluster_667	3	CHLSN	H1-1	PRR11
cluster_668	6	LUC7L	MRPS22	MRPS27	MRPS5	MRPS9	PTCD3
cluster_669	3	CANX	DARS1	EPRS1
cluster_670	3	RBM23	RSRP1	ZNF579
cluster_671	3	SPCS1	SPCS2	TM2D3
cluster_672	3	SDHA	SDHAF3	SDHAF4
cluster_673	3	BATF2	CEBPG	DBP
cluster_674	6	RPS2	RPS3A	RPSA	SLC25A4	SLC25A5	UBL4A
cluster_675	9	DCAF1	NCL	RPL13	RPL14	RPL15	RPL18	RPL6	RPL7	RPS8
cluster_676	3	CDSN	KLK7	VAV1
cluster_677	3	CHERP	SNRPE	U2SURP
cluster_678	6	PARP1	RPL14	RPL19	RPL27A	RPL35	RPS8
cluster_679	3	FBXO17	SARS2	TUFM
cluster_680	3	PARP14	PARP9	RPA2
cluster_681	3	ATP6V0C	LMNA	VMA12
cluster_682	3	ATP1B1	RPL26	RPS19
cluster_683	16	RPL13	RPL14	RPL18A	RPL21	RPL27	RPL3	RPL38	RPL7	RPLP2	RPS16	RPS19	RPS27	RPS3	RPS3A	RPS8	TUBGCP4
cluster_684	3	NDUFS1	RPL27	RPS15
cluster_685	3	RPS15	RPS19	STT3B
cluster_686	3	CENPS	FAAP20	FANCB
cluster_687	3	INTS1	INTS2	SLAMF1
cluster_688	3	HMGN4	HPF1	PARP1
cluster_689	3	RPL10A	RPL5	ZNF707
cluster_690	3	BNIP1	SCFD2	SEC22B
cluster_691	3	ADD1	ADD3	ANKRD29
cluster_692	3	DAP3	MRPS23	ZNF133
cluster_693	4	NCL	PLOD2	RPL24	UBL4A
cluster_694	3	H2AX	MRPS35	PTCD3
cluster_695	3	NCL	POLR1C	RPL13A
cluster_696	4	DYNLT3	RPS16	RPS29	RPS3
cluster_697	3	AMFR	SARAF	SLC13A2
cluster_698	3	HLA-B	INTS4	INTS5
cluster_699	3	CSTA	LORICRIN	PI3
cluster_700	3	PDRG1	PFDN4	UXT
cluster_701	3	RPS15A	RPS4X	TUBB2B
cluster_702	3	GSN	RBM18	TMOD2
cluster_703	4	DDOST	RPN1	RPN2	UQCRC2
cluster_704	4	EMC3	EMC4	EMC8	GNRH1
cluster_705	3	CCDC59	RPL26L1	RPS14
cluster_706	3	CHD9	EPB41L5	MDK
cluster_707	4	MECP2	RMP24	RMP64	RPP40
cluster_708	10	RPL12	RPL13A	RPL27	RPL27A	RPL3	RPL7	RPL9	RPS11	RPS16	RPS2
cluster_709	3	AHCYL2	RPL17	RPS8
cluster_710	3	DAP3	MRPS9	U2AF2
cluster_711	3	DYNC1LI1	DYNC1LI2	DYNLT3
cluster_712	3	IFRD1	MEF2C	MYOD1
cluster_713	4	PURB	RPS2	RPSA	RRS1
cluster_714	6	DAP3	MRPS23	MRPS31	MRPS9	PTCD3	ZNF746
cluster_715	3	CBX4	CBX6	USP26
cluster_716	3	ATP6V0A1	MEAK7	TMEM185A
cluster_717	3	ADSL	DRG2	NT5C2
cluster_718	3	CHLSN	NCL	RPL8
cluster_719	3	EFTUD2	RPUSD2	SH3GLB2
cluster_720	3	CEP85	SOX13	SOX5
cluster_721	3	IMPDH2	RPL15	RPS6
cluster_722	3	FSBP	MDM2	RAD54B
cluster_723	3	MSLN	NDUFB5	NDUFB9
cluster_724	4	AP3B1	AP3D1	CDK11A	CDK11B
cluster_725	4	RPL6	RPS9	SEC61B	UBL4A
cluster_726	3	LMO4	SSBP3	SSBP4
cluster_727	7	RPL13	RPL14	RPL23A	RPL24	RPL31	RPS13	TCF3
cluster_728	3	ERAP1	KIR2DL3	KIR2DS2
cluster_729	3	PPP2R5C	PPP2R5E	PRR14
cluster_730	7	PHF6	RPL22	RPL30	RPL4	RPLP0	RPS18	RPS25
cluster_731	3	COQ8A	COXFA4L3	NDUFS3
cluster_732	3	INTS1	INTS5	NPY2R
cluster_733	3	PSMA4	PSMB8	RPP38
cluster_734	3	JKAMP	PTGDR2	RNF5
cluster_735	3	LAGE3	USP34	ZFYVE19
cluster_736	4	EPRS1	MARS1	QARS1	TRMT6
cluster_737	3	ATP6V1B2	SRXN1	SULT1A1
cluster_738	3	DES	RPL17	RPL29
cluster_739	5	IMP3	RPL17	RPS13	RPS15A	RPSA
cluster_740	3	CCDC9	PNN	RALYL
cluster_741	3	CFTR	DAP3	PTCD3
cluster_742	3	GGPS1	RPS14	RPS4X
cluster_743	3	CDH2	IARS2	PPT2
cluster_744	3	BAX	COQ9	COXFA4L3
cluster_745	3	CCT2	CCT5	YAP1
cluster_746	4	FSAF1	RPL17	RPL23A	RPS15
cluster_747	5	RPL18A	RPL37A	RPL6	RRS1	TPR
cluster_748	3	H2AC1	RPS14	RPSA
cluster_749	3	DUSP5	RPL36	RPL5
cluster_750	3	ASS1	NAMPT	PEPD
cluster_751	3	CCNY	CCNYL1	HOXB5
cluster_752	5	PRUNE2	RPS24	RPS26	RPS5	RPSA
cluster_753	4	LAMTOR3	NDUFB11	NDUFB5	NDUFB9
cluster_754	3	BMP2K	STAMBP	STAMBPL1
cluster_755	3	APP	RMP24	RMP64
cluster_756	3	MRPS28	RPS19	RPS28
cluster_757	3	ASPSCR1	GLTP	SHKBP1
cluster_758	4	RPL18	RPL30	RPL37A	ZC3H10
cluster_759	3	CCT7	ODF1	PDCL
cluster_760	4	MRPS22	MRPS23	MRPS31	SMURF2
cluster_761	3	HNRNPDL	MRPS35	MRPS9
cluster_762	3	GLUD1	GLUD2	HYPK
cluster_763	6	MRPL58	RPL13	RPL3	RPL4	RPS15	RPS8
cluster_764	3	CHML	RAB32	RABGGTA
cluster_765	3	CHMP4B	CHMP4BP1	SPAST
cluster_766	3	SEPTIN1	SEPTIN4	UBC
cluster_767	3	ELAVL1	SIK1	SIK3
cluster_768	3	CBLL2	VIRMA	WTAP
cluster_769	4	ACTR1A	ACTR1B	DCTN3	PDGFD
cluster_770	6	BTRC	DAP3	MRPS22	MRPS27	MRPS31	MRPS35
cluster_771	3	ATXN7L3B	ENY2	TAF10
cluster_772	10	NEDD1	RPL13	RPL3	RPL38	RPS19	RPS2	RPS3	RPS3A	RPS4X	RPS9
cluster_773	4	BCL7A	BCL7C	DPF3	PBRM1
cluster_774	3	RIPPLY2	TLE4	TLE5
cluster_775	4	RPL26L1	RPL7	RPS8	ZC3H8
cluster_776	5	MOGS	NCL	RPL31	RPS24	UBL4A
cluster_777	7	SART1	SF3A1	SF3B1	SF3B3	SFPQ	SNRPA1	SNRPD2
cluster_778	7	SUPT3H	SUPT7L	TADA1	TADA3	TAF10	TAF5L	TP53
cluster_779	3	DTX4	NLRP4	TBK1
cluster_780	3	EIF3I	RPL37A	RPS13
cluster_781	3	C17orf75	FAM91A1	HUWE1
cluster_782	3	EMC10	EMC8	KCNK16
cluster_783	3	DUSP13A	DUSP13B	PRDX5
cluster_784	6	MRPL12	MRPL39	MRPL4	MRPL41	SLC25A10	SOX2
cluster_785	6	CFTR	MRPL11	MRPL12	MRPL41	MRPS30	SLC25A10
cluster_786	7	ABCF1	DDX1	IGF2BP3	RTCB	RTRAF	TRIM25	YBX3
cluster_787	4	IGF2BP1	NCL	RPL37A	RRS1
cluster_788	34	RPL11	RPL13	RPL14	RPL15	RPL18	RPL18A	RPL19	RPL21	RPL23	RPL23A	RPL24	RPL27	RPL27A	RPL30	RPL36	RPL37A	RPL3L	RPL4	RPL5	RPL6	RPL7	RPL7A	RPL8	RPL9	RPS16	RPS18	RPS2	RPS20	RPS23	RPS25	RPS26	RPS6	RPS8	RPS9
cluster_789	7	RPL13	RPL26	RPS10	RPS18	RPS19	RPS4X	TRIM29
cluster_790	3	HDGF	MRPS22	MRPS27
cluster_791	7	PSMB1	RPL10A	RPL24	RPL5	RPL7A	RPS15A	RPS23
cluster_792	3	ILF3	PC	RPS3A
cluster_793	7	ENO2	ENO3	FKBP1A	HINT1	TAGLN2	TAGLN3	TXN
cluster_794	8	RPL13A	RPL17	RPL19	RPL5	RPS14	RPS15	RPS5	SEC61A1
cluster_795	3	KCTD1	TFAP2A	TFAP2C
cluster_796	3	IGBP1	NUBP2	PPP1R14B
cluster_797	4	CUL1	CUL3	NTRK1	SENP3
cluster_798	3	KCTD3	PDZK1	SHKBP1
cluster_799	3	ATP5PF	ENO3	FABP5
cluster_800	3	PSMB4	PSMD9	SEM1
cluster_801	7	NCL	RPL23A	RPL6	RPS2	RPSA	RRS1	YBX1
cluster_802	3	IMPDH1	IMPDH2	SLC25A44
cluster_803	3	NACA2	NACA4P	RPL10
cluster_804	3	FBXO2	NTM	OPCML
cluster_805	3	DICER1	RPL15	RPS2
cluster_806	3	PSMA2	SEM1	UBE3C
cluster_807	3	OSER1	PSMB3	PSMB9
cluster_808	3	CGA	CGB1	CGB2
cluster_809	4	DUSP11	RPL32	RPS15	RPS2
cluster_810	3	PSMC3	PSMD12	STKLD1
cluster_811	3	GTF2A1L	HOXA5	RBFOX2
cluster_812	3	CT55	VPS33A	VPS41
cluster_813	3	CLIC4	TAGLN2	TAGLN3
cluster_814	3	CST1	CST4	GKN1
cluster_815	8	DAP3	FBXW11	MRPS22	MRPS23	MRPS27	MRPS28	MRPS9	PTCD3
cluster_816	3	ACAA1	TRAPPC5	TRAPPC9
cluster_817	3	FASTKD2	MTERF3	RNF157
cluster_818	3	HYPK	NAA16	TSGA10IP
cluster_819	3	ACVR1	BMPR1A	USP15
cluster_820	5	CDK12	RPL14	RPL37A	RPS14	RRS1
cluster_821	3	PSMD11	PSMD8	PUS1
cluster_822	4	CALR	DUSP13A	DUSP13B	P4HB
cluster_823	3	DVL2	FZD5	RNF43
cluster_824	4	FBXO17	HSP90AA1	HSP90AA2P	SARS2
cluster_825	6	PRPF6	RBM14	SF3A1	SF3B1	SNRPA1	SNRPD2
cluster_826	6	AIMP1	DARS1	EEF1E1	EIF2S1	MARS1	QARS1
cluster_827	6	EEF1E1	EPRS1	IARS1	LARS1	QARS1	UBA1
cluster_828	10	EP400	EPC1	H2AZ1	ING3	MBTD1	MEAF6	MORF4L1	MORF4L2	MYCL	TRRAP
cluster_829	3	DCTN5	DCTN6	PMEPA1
cluster_830	3	PABIR1	PABIR2	PPP2CA
cluster_831	3	MRPL19	MRPL41	TRIM55
cluster_832	3	FKBP2	PPIB	TAGLN
cluster_833	3	KIF21A	KIF21B	TBX3
cluster_834	6	ACTR10	ACTR1B	DCTN3	DCTN4	DCTN6	GPS2
cluster_835	4	EMC10	EMC3	EMC7	SDF2L1
cluster_836	3	CIDEB	LTB4R2	MVB12A
cluster_837	6	ATP1A1	CLN3	DDOST	RPN1	SLC25A3	UQCRC2
cluster_838	3	EEF1D	RPL15	RPL18
cluster_839	6	AP3B1	AP3D1	AP3M1	AP3M2	AP3S1	XPO1
cluster_840	3	ARID1B	QPRT	SMARCD2
cluster_841	11	NOS2	RPL23	RPL31	RPL5	RPL7	RPS17	RPS18	RPS3	RPS3A	RPS4X	SLC25A5
cluster_842	3	RPL14	RPSA	ZNF768
cluster_843	6	NDUFS4	RPL14	RPL23	RPS14	RPS2	SLC25A5
cluster_844	3	RPL23	RPS4X	ZNRD2
cluster_845	40	RPL10A	RPL12	RPL13	RPL14	RPL15	RPL17	RPL18	RPL21	RPL22	RPL23	RPL26L1	RPL27	RPL27A	RPL28	RPL3	RPL30	RPL34	RPL35	RPL36	RPL37A	RPL4	RPL5	RPL6	RPL7	RPL7A	RPL8	RPL9	RPLP2	RPS11	RPS13	RPS14	RPS15	RPS16	RPS18	RPS2	RPS26	RPS29	RPS7	RPS8	RPS9
cluster_846	3	CUL4A	DDA1	TRPC4AP
cluster_847	4	BTF3	BTF3L4	NACA	NACA2
cluster_848	3	CELSR3	PSG1	PSG9
cluster_849	3	NKX3-1	RPL37A	RPSA
cluster_850	10	RPL15	RPL19	RPL21	RPL24	RPL31	RPL32	RPL34	RPL6	RPS12	RPS3A
cluster_851	18	NCL	RPL11	RPL13A	RPL18	RPL3	RPL30	RPL34	RPL8	RPLP0	RPS11	RPS13	RPS14	RPS25	RPS27	RPS8	RPS9	RPSA	ZBTB1
cluster_852	6	CDKN1A	NCL	RPS16	RPS25	RPS4X	RPS9
cluster_853	8	DYRK2	RPL18	RPL4	RPL7	RPL7A	RPLP0	RPLP0P6	RPS2
cluster_854	4	HINT1	HSPA4L	TAGLN2	TAGLN3
cluster_855	3	NOB1	POLR1D	POLR3B
cluster_856	7	ATP1A1	HSD17B12	PPP2R1A	RPN1	SLC25A3	TMCO1	UQCRC2
cluster_857	3	CCT5	CCT6A	TTC27
cluster_858	3	NEMP1	RANGAP1	RGPD2
cluster_859	3	DNAAF10	POLR1C	POLR3A
cluster_860	13	FAU	PNO1	PYM1	RPS13	RPS24	RPS26	RPS27	RPS3	RPS6	RPS7	RPS9	RPSA	TSR1
cluster_861	6	EMC10	EMC3	EMC4	EMC7	EMC8	TRDN
cluster_862	3	IARS1	MARS1	ZNF746
cluster_863	3	NSUN4	RPL13	RPL30
cluster_864	4	RPL35A	RPL37	RPS13	RPS3
cluster_865	9	ILF3	NCL	RBM39	RPL27A	RPS13	RPS14	RPS2	RPS3	RRS1
cluster_866	3	EMC6	EMC7	EMC9
cluster_867	14	RPL10L	RPL21	RPL22	RPL27	RPL27A	RPL31	RPL34	RPL36	RPL38	RPL7A	RPLP2	RPS12	RPS2	RPS27
cluster_868	3	SEPTIN7	SEPTIN8	ZWILCH
cluster_869	3	GAPVD1	SNX24	SPATA46
cluster_870	3	HPS3	HPS6	TCL1B
cluster_871	58	NCL	RPL11	RPL12	RPL13	RPL13A	RPL14	RPL15	RPL17	RPL18	RPL18A	RPL19	RPL21	RPL22	RPL23	RPL23A	RPL24	RPL26L1	RPL27	RPL27A	RPL28	RPL3	RPL31	RPL35A	RPL36	RPL37A	RPL4	RPL5	RPL6	RPL7	RPL7A	RPL8	RPL9	RPLP0	RPLP0P6	RPLP1	RPS10	RPS12	RPS13	RPS14	RPS15	RPS16	RPS17	RPS18	RPS19	RPS2	RPS20	RPS23	RPS24	RPS25	RPS26	RPS27	RPS3	RPS3A	RPS4X	RPS5	RPS7	RPS8	RRS1
cluster_872	3	GAR1	RPL37A	RPS4X
cluster_873	3	GNPNAT1	GPD1	GPD1L
cluster_874	3	GORASP2	GTF2A1	RPUSD2
cluster_875	6	CCT2	CCT3	CCT5	CCT6A	CCT6B	KLHDC2
cluster_876	6	ILF2	ILF3	RPL8	RPL9	RPS16	TXN2
cluster_877	4	NBPF1	NBPF20	NBPF3	NBPF9
cluster_878	12	CD4	NCL	RPL18	RPL22	RPL7	RPLP0	RPLP1	RPS10	RPS12	RPS19	RPS9	RPSA
cluster_879	7	BCL7A	BCL7B	BCL7C	DPF3	SMARCA2	SMARCD2	SS18
cluster_880	7	PRPF3	PRPF6	PRPF8	SF3A1	SNRPD1	SNRPD2	SUPT16H
cluster_881	4	DCUN1D1	KCTD3	NEDD8	SHKBP1
cluster_882	3	NACA	NACA2	TXLNA
cluster_883	18	RPL13	RPL18A	RPL22	RPL23	RPL24	RPL30	RPL6	RPS11	RPS13	RPS25	RPS3	RPS3A	RPS4X	RPS6	RPS8	RPS9	UBL4A	VCP
cluster_884	7	RPS15A	RPS24	RPS26	RPS6	RPS7	RPS8	WDR26
cluster_885	5	HNRNPC	HNRNPL	HNRNPM	HNRNPR	SYNCRIP
cluster_886	5	PRKN	PRPF19	PRPF6	SART1	SNRNP200
cluster_887	5	DARS1	EPRS1	IARS1	QARS1	VBP1
cluster_888	5	DYNC1I2	PSMA2	PSMA5	PSMC5	PSMD8
cluster_889	5	ADARB1	BRIX1	EBNA1BP2	NIFK	RRS1
cluster_890	5	RAB1A	RAB1B	RAB1C	STX12	STX7
cluster_891	5	PRPF6	RC3H1	SNRNP200	SNRPD2	SNRPD3
cluster_892	5	BCCIP	DDX18	DDX24	DKC1	GNL3
cluster_893	5	DDX27	DDX54	NIFK	RBM34	SSB
cluster_894	5	ATP6V1B2	DARS1	EEF1E1	EPRS1	IARS1
cluster_895	5	EVI5	MYO5B	RAB3B	STX3	SYTL4
cluster_896	5	MTOR	RPL23	RPL23A	RPL5	RPS6
cluster_897	5	AIMP1	DARS1	IARS1	RARS1	UBC
cluster_898	5	MRPS22	MRPS25	MRPS26	MRPS35	MRPS9
cluster_899	26	RPL13	RPL17	RPL18A	RPL24	RPL27A	RPL32	RPL34	RPL35	RPL35A	RPL36	RPL4	RPLP2	RPS14	RPS15A	RPS19	RPS2	RPS20	RPS21	RPS25	RPS3	RPS4X	RPS5	RPS7	RPS8	UBA52	UBL4A
cluster_900	23	RPL11	RPL23	RPL23A	RPL24	RPL26	RPL31	RPL37A	RPL8	RPS10	RPS14	RPS15	RPS17	RPS18	RPS2	RPS25	RPS27	RPS3	RPS4X	RPS6	RPS7	RPS8	RPS9	TUBGCP3
cluster_901	5	AHNAK	HNRNPAB	HNRNPD	HNRNPDL	HNRNPH1
cluster_902	21	FAU	HEY1	RPL11	RPL12	RPL15	RPL23	RPL8	RPL9	RPS10	RPS14	RPS15A	RPS16	RPS17	RPS18	RPS19	RPS20	RPS25	RPS29	RPS3	RPS5	RPS7
cluster_903	5	CCT3	CCT4	CCT5	CCT6A	TRIM25
cluster_904	5	PAN2	RPL18	RPL5	TUBA1B	UBL4A
cluster_905	5	PAN2	RPL6	RPL7	SMN1	UBL4A
cluster_906	3	EID1	RPL21	RPL37A
cluster_907	5	CCNC	ESR2	MED21	MED6	MED7
cluster_908	3	LSM5	TMCO6	ZNF511
cluster_909	5	GPN3	MYZAP	POLR2M	RPAP2	WWP2
cluster_910	7	INTS1	INTS11	INTS2	INTS3	INTS5	INTS9	PPP2CB
cluster_911	3	RPL38	RPL5	SLC1A2
cluster_912	34	RPL10A	RPL10L	RPL12	RPL13A	RPL15	RPL17	RPL19	RPL21	RPL22	RPL23A	RPL24	RPL27	RPL27A	RPL29	RPL3	RPL31	RPL32	RPL34	RPL35	RPL4	RPL7A	RPL9	RPLP0	RPS12	RPS13	RPS15A	RPS2	RPS23	RPS24	RPS25	RPS26	RPS27	RPS27L	RPS28
cluster_913	8	DARS1	EEF1E1	IARS1	KARS1	LARS1	MARS1	QARS1	RARS1
cluster_914	5	INTS1	INTS2	INTS4	INTS5	TGOLN2
cluster_915	31	RAD21	RPL11	RPL13	RPL17	RPL22	RPL23	RPL23A	RPL30	RPL35A	RPL5	RPL6	RPS10	RPS11	RPS13	RPS14	RPS15A	RPS16	RPS17	RPS18	RPS19	RPS2	RPS20	RPS21	RPS25	RPS27A	RPS3	RPS3A	RPS4X	RPS5	RPS6	RPS7
cluster_916	10	RPL30	RPL35A	RPL37	RPL37A	RPS11	RPS13	RPS15	RPS15A	RPS3	RPS9
cluster_917	5	IK	NCSTN	S100A9	SAP18	TRA2A
cluster_918	11	RPL10L	RPL12	RPL23A	RPL32	RPL8	RPL9	RPS17	RPS2	RPS25	RPS26	RPS28
cluster_919	3	TEDC1	TEDC2	TUBE1
cluster_920	5	DDX18	GNL1	KRR1	NOP58	PES1
cluster_921	8	CALM1	CALM2	CALM3	RPL13A	RPL22	RPS14	RPS15A	RPS8
cluster_922	5	DDX28	MRPL39	MRPL4	MRPS30	TRUB2
cluster_923	10	CDC5L	ILF3	NCL	RPL12	RPL9	RPS11	RPS16	RPS25	RPS3	RPS4X
cluster_924	9	NCL	RPL10A	RPL12	RPL23	RPL35	RPS15A	RPS23	RPS9	UBE2A
cluster_925	7	LUZP4	RPL22	RPL26	RPL35	RPS13	RPS7	RPSA
cluster_926	5	CAVIN3	CDH2	NENF	PPT2	SSR4
cluster_927	3	HNRNPL	MRPL41	MRPL42
cluster_928	5	H1-2	NCL	PPAN	RPL30	ZC3HAV1
cluster_929	5	ISL1	ISL2	LHX4	SSBP2	SSBP4
cluster_930	3	MRPL17	MRPL39	NFATC2
cluster_931	6	FKBP1A	FKBP1B	HINT1	PIN1	TAGLN2	TAGLN3
cluster_932	29	CEP57	CEP76	RPL10L	RPL11	RPL17	RPL21	RPL22	RPL23	RPL23A	RPL24	RPL26	RPL30	RPL31	RPL38	RPLP2	RPS11	RPS14	RPS15	RPS15A	RPS16	RPS17	RPS18	RPS23	RPS25	RPS3	RPS3A	RPS4X	RPS7	RPS9
cluster_933	3	GPR161	PRKACG	PRKAR1B
cluster_934	5	MC1R	THBS3	THBS4	TUBA4A	TUBB3
cluster_935	3	CCDC116	GNL1	PAPSS1
cluster_936	8	ACTL6A	ARID1A	ARID1B	BCL7A	BCL7C	DPF2	DPF3	SS18
cluster_937	13	ACTA2	NOP56	RPL10A	RPL14	RPL17	RPL18	RPL7A	RPS15A	RPS16	RPS23	RPS26	RPS4X	UBL4A
cluster_938	5	HNRNPM	PRAME	RPL22	RPS13	UBL4A
cluster_939	31	EEF1A1	EEF1A1P5	EEF2	NOP56	PABPC1	RPL10A	RPL10L	RPL11	RPL12	RPL14	RPL18	RPL21	RPL23	RPL31	RPL4	RPL5	RPL6	RPL7	RPL7A	RPS15A	RPS16	RPS19	RPS2	RPS23	RPS24	RPS3A	RPS4X	RPS5	RPS6	RPS7	UBL4A
cluster_940	5	DUSP11	MRPL19	MRPL21	MRPL4	MRPL44
cluster_941	3	ABAT	FAH	LDHA
cluster_942	6	SF3B2	SF3B3	SNRPA1	SNRPD1	SNRPD2	YBX1
cluster_943	6	DARS1	EPRS1	GARS1	MARS1	QARS1	RARS1
cluster_944	6	PRPF8	SNRNP200	SNRPD1	SNRPD2	SNRPD3	WWOX
cluster_945	6	DLD	MRPL11	MRPL13	MRPL23	MRPL37	MRPL42
cluster_946	6	HNF4A	MED16	MED17	MED21	MED24	MED7
cluster_947	6	POLR3A	POLR3B	POLR3F	POLR3GL	POLR3H	POLR3K
cluster_948	3	MRPS22	MRPS26	NPM1
cluster_949	13	HNRNPM	NCL	NFX1	PABPC1	RPL13	RPL13A	RPL17	RPL22	RPL3	RPL6	RPL7A	RPS19	RPS3A
cluster_950	3	CTAGE6	MIA2	MIA3
cluster_951	6	NOP56	POLR1B	RPL11	RPL30	RPL9	RPS5
cluster_952	12	EIF2A	ILF3	RPS10	RPS13	RPS16	RPS19	RPS23	RPS24	RPS29	RPS5	RPS6	RPS7
cluster_953	6	TRAPPC12	TRAPPC3L	TRAPPC5	TRAPPC6A	TRAPPC6B	TRAPPC8
cluster_954	6	FBXO25	NCL	RPL12	RPS10	RPS27A	RPS8
cluster_955	3	NCF1	NCF1B	PTEN
cluster_956	6	POT1	RPS19	RPS2	RPS6	RPS7	RPS8
cluster_957	4	LRRC49	NICN1	TPGS2	TTLL1
cluster_958	9	AIMP1	AIMP2	CIAPIN1	DARS1	EEF1E1	EPRS1	IARS1	LARS1	MARS1
cluster_959	3	COMMD3	COMMD4	SPACA1
cluster_960	20	NAP1L1	NCL	NOP56	RPL10A	RPL11	RPL12	RPL14	RPL15	RPL17	RPL18	RPL24	RPL31	RPL37A	RPL5	RPL6	RPL9	RPS3	RPS3A	RPS4X	RPS6
cluster_961	7	DYNLL1	FAU	RPS2	RPS21	RPS3	RPS5	RPSA
cluster_962	11	PCK1	RPL10L	RPL14	RPL23	RPL4	RPLP0	RPLP0P6	RPS15A	RPS3	RPS3A	RPS6
cluster_963	7	EEF1A1	EEF1A1P5	PPP2R1A	RPS19	RPS3	RPS8	RPSA
cluster_964	7	HEATR1	PSMA2	PSMA5	PSMB3	PSMB8	PSMD3	PSMD8
cluster_965	7	ABCF1	DDX1	EDC4	EIF2B2	EIF2B3	RTCB	XPO1
cluster_966	7	MYBBP1A	NOP56	RIOX2	RPL14	RPL18	RPL18A	RPL8
cluster_967	6	CHERP	NCL	RPS2	RPS8	RPSA	U2SURP
cluster_968	30	AHSA1	EEF1A1	EEF1A1P5	FAU	RACK1	RPL11	RPL13	RPL17	RPL22	RPL23	RPL31	RPL38	RPL6	RPL9	RPS10	RPS11	RPS13	RPS14	RPS15	RPS15A	RPS16	RPS18	RPS2	RPS20	RPS23	RPS25	RPS3	RPS3A	RPS4X	RPS7
cluster_969	20	EEF1A1	EEF1A1P5	NCL	RPL10A	RPL13A	RPL14	RPL15	RPL17	RPL18	RPL19	RPL21	RPL24	RPL6	RPL7A	RPL9	RPS4X	RPS6	RPS8	SLC25A5	YAP1
cluster_970	42	EEF1A1	EEF1A1P5	RPL10A	RPL10L	RPL13	RPL13A	RPL14	RPL17	RPL18A	RPL21	RPL22	RPL23	RPL24	RPL26	RPL26L1	RPL3	RPL31	RPL5	RPL6	RPL7	RPLP0	RPLP0P6	RPLP2	RPS10	RPS11	RPS13	RPS14	RPS15	RPS15A	RPS16	RPS17	RPS18	RPS2	RPS23	RPS25	RPS3	RPS3A	RPS4X	RPS6	RPS8	RPS9	TUBG1
cluster_971	7	CRY1	CRY2	DARS1	EPRS1	IARS1	MARS1	RARS1
cluster_972	6	RMP64	RPL13	RPL18	RPL18A	RRP8	ZNF512
cluster_973	8	RPL15	RPL23A	RPL5	RPL9	RPLP0	RPS23	RPS6	VASN
cluster_974	9	INTS10	INTS11	INTS2	INTS4	INTS5	INTS6	INTS7	INTS9	SEM1
cluster_975	3	AHCYL1	SRXN1	THADA
cluster_976	3	MRPL53	SPR	SUGP1
cluster_977	3	C9orf78	H2AZ2	HEXA
cluster_978	18	NF2	RPL13	RPL13A	RPL14	RPL15	RPL18	RPL18A	RPL3	RPL4	RPL8	RPS2	RPS3	RPS3A	RPS4X	RPS5	RPS7	SLC25A5	SLC25A6
cluster_979	6	NACA2	RPL23	RPL32	RPS13	RPS21	RPS25
cluster_980	39	FAU	NCL	RC3H1	RPL11	RPL12	RPL13	RPL18	RPL22	RPL23	RPL23A	RPL24	RPL27A	RPL28	RPL29	RPL30	RPL38	RPL4	RPL7	RPL8	RPL9	RPS10	RPS11	RPS13	RPS14	RPS15A	RPS16	RPS17	RPS19	RPS2	RPS20	RPS24	RPS25	RPS3	RPS3A	RPS5	RPS6	RPS7	RPS8	SLC25A5
cluster_981	10	CRBN	HNRNPM	RPL26	RPL26L1	RPL27	RPL35	RPS25	RPS3A	RPS8	RPSA
cluster_982	6	BCL7A	BCL7B	BCL7C	DPF2	SMARCD3	SS18
cluster_983	7	RACK1	RPL22	RPS17	RPS18	RPS25	RPSA	WDR76
cluster_984	4	HSPA1A	HSPA1B	PINK1	TUBB
cluster_985	4	LSM2	SNRPA1	SNRPF	SNRPN
cluster_986	4	RAE1	SART1	SF3A1	SF3A3
cluster_987	4	NFATC1	NFATC2	XRCC5	XRCC6
cluster_988	4	ARID1A	ARID1B	NR3C1	SMARCC2
cluster_989	4	NPM1	PSMC5	PSMD1	PSMD12
cluster_990	4	PPP2CA	PSMC6	PSMD1	PSMD3
cluster_991	4	PSMC2	PSMD1	PSMD2	TPM4
cluster_992	4	PEX19	PSMA5	PSMB1	PSMB4
cluster_993	4	AP2A1	AP2A2	AP2B1	SNX9
cluster_994	4	EFTUD2	PRPF19	SNRNP200	USP37
cluster_995	4	DDX1	KRT18	RTCB	RTRAF
cluster_996	4	PSMA5	PSMB4	PSMB7	SYAP1
cluster_997	4	CCT2	CCT4	CCT5	TXNL1
cluster_998	4	H2BC10	H2BC11	ZKSCAN4	ZNF174
cluster_999	4	NIFK	RBM4	RRP8	SCAF1
cluster_1000	4	GTF2F1	POLR2B	POLR2D	POLR2J
cluster_1001	4	H2BC10	H2BC11	PARP2	XPC
cluster_1002	4	CALR	ENO2	ENO3	P4HB
cluster_1003	4	BMAL1	CLOCK	KAT2B	NPAS2
cluster_1004	4	SNRNP35	SNRNP48	SNRPE	SNRPG
cluster_1005	4	ATP5F1A	ATP5F1B	CALR	P4HB
cluster_1006	4	PSMA3	PSMA4	PSMB2	XPOT
cluster_1007	4	DAZAP1	G3BP1	TIA1	TIAL1
cluster_1008	4	IKZF2	NFATC1	NFATC2	SATB1
cluster_1009	4	GTF2A2	MACROD2	TERF1	TERF2
cluster_1010	4	ACAD9	NDUFA8	NDUFB11	NDUFB5
cluster_1011	4	MYL12A	MYL12B	RPL13	RPL18
cluster_1012	4	SNRPA1	SNRPG	SNRPGP15	ZNF346
cluster_1013	4	BRD8	DMAP1	EP400	SOX2
cluster_1014	4	ARID4A	ARID4B	H2BC10	H2BC11
cluster_1015	4	AIMP1	AIMP2	HNRNPL	MARS1
cluster_1016	4	RHOA	RPL18	RPS27A	SLC25A5
cluster_1017	4	CDK11A	CDK11B	CTR9	LEO1
cluster_1018	4	NDC80	NSL1	PMF1	SPC25
cluster_1019	4	PTTG1	PTTG1IP	PTTG2	USP44
cluster_1020	4	SNRPA1	SNRPD1	SNRPD2	SRP14
cluster_1021	4	ATXN2	CAND1	CUL3	NTRK1
cluster_1022	4	CAND1	COPS5	CUL5	UPF3B
cluster_1023	4	LUC7L3	SRSF7	TRA2B	ZRANB2
cluster_1024	4	COPA	COPB1	COPB2	LMAN1
cluster_1025	4	PSMB4	PSMB5	PSMB6	PSME2
cluster_1026	4	AIMP1	AIMP2	EEF1E1	TWF1
cluster_1027	4	RBM7	SF3A1	SF3A3	SF3B1
cluster_1028	4	CDC40	SNW1	TADA2A	XAB2
cluster_1029	4	CDC14B	RPL26	RPL36	RPS12
cluster_1030	4	POP4	RBM4B	RPP25	RPP40
cluster_1031	4	BMI1	DPF2	RNF2	SMARCD2
cluster_1032	4	WASHC1	WASHC2A	WASHC2C	WASHC4
cluster_1033	4	CAND1	COPS5	NOP16	TARDBP
cluster_1034	4	AP3B1	AP3D1	AP3S1	TPCN2
cluster_1035	12	ABCE1	RPL21	RPL32	RPL35A	RPL36	RPL4	RPL7	RPS12	RPS25	RPS27	RPS29	RPS3A
cluster_1036	4	CCDC8	CUL7	KLHL2	OBSL1
cluster_1037	4	MRPL17	MRPL2	MRPL40	PHB2
cluster_1038	4	EED	EP400	EPC1	EPC2
cluster_1039	4	SNRNP70	SRSF12	SRSF8	TRA2A
cluster_1040	4	COPA	COPB1	COPG1	POU5F1
cluster_1041	4	HNRNPM	PRPF19	RPS10	RPS24
cluster_1042	4	AP5Z1	FOXK1	NFATC1	NFATC2
cluster_1043	4	BTRC	CAND1	CUL4A	CUL5
cluster_1044	4	NOC4L	NOP14	STX12	STX7
cluster_1045	4	LMO2	MED14	MED17	MED24
cluster_1046	4	AFG3L2	NDUFS8	PHB1	PHB2
cluster_1047	4	PIH1D1	SUPT6H	URI1	UXT
cluster_1048	4	COMMD1	CUL4A	CUL4B	CUL5
cluster_1049	4	POLR1B	POLR1C	POLR1D	POLR1G
cluster_1050	4	CCT2	CCT6A	CCT7	WWOX
cluster_1051	4	AFG3L2	CYC1	NDUFS8	UQCRQ
cluster_1052	4	MT-ND1	NDUFA8	NDUFB11	NDUFS6
cluster_1053	4	CLINT1	RPL5	RPS28	RPS6
cluster_1054	4	GABARAPL1	MAP1LC3A	TBC1D10A	TBC1D10B
cluster_1055	4	RGS3	ZKSCAN8	ZNF397	ZSCAN30
cluster_1056	4	C1D	EXOSC7	EXOSC8	RBM7
cluster_1057	4	NDUFA8	NDUFB11	NDUFS7	NDUFV3
cluster_1058	4	MED12	MED15	MED16	MYO1C
cluster_1059	4	DDX23	PRPF8	SNRNP200	ZBTB46
cluster_1060	4	CACNB1	CACNB2	CACNB3	CBARP
cluster_1061	4	H2AC20	H2BC21	TAF1A	TAF1B
cluster_1062	4	CUL1	CUL2	CUL3	NSFL1C
cluster_1063	4	COG1	COG6	COG7	COG8
cluster_1064	4	CLP1	TSEN15	TSEN2	TSEN34
cluster_1065	4	CCT2	CCT3	CCT6B	MAPK15
cluster_1066	4	PEX1	PEX6	THBS3	THBS4
cluster_1067	4	BACH2	DDIT3	MAFF	NFE2L3
cluster_1068	4	COPA	COPB1	MOV10	NXF1
cluster_1069	4	HINT1	TAGLN	TAGLN2	UCHL3
cluster_1070	4	HEPACAM2	PTPRF	PTPRS	TGFBR2
cluster_1071	4	PSMB2	PSMB4	SULT1A3	SULT1A4
cluster_1072	7	EIF2S2	FAU	RPL15	RPL37A	RPS10	RPS12	RPS19
cluster_1073	4	ATP5F1C	ATP5PB	ATP5PO	ATP6V0D1
cluster_1074	4	MED18	MED21	MED28	MED7
cluster_1075	4	CLIC2	CLIC4	CLIC5	TPRN
cluster_1076	4	BTBD9	DCUN1D1	KCTD10	NEDD8
cluster_1077	4	CAND1	IPO9	KEAP1	NTRK1
cluster_1078	4	MDM2	PSMA7	PSMA8	RAD23A
cluster_1079	4	ILF3	RPS11	RPS24	SF3B6
cluster_1080	4	MACROD1	PARP2	RNF146	XPC
cluster_1081	4	BIRC2	BIRC3	NOD2	TLR3
cluster_1082	4	AJUBA	EGLN2	EGLN3	WTIP
cluster_1083	4	CCT3	CCT6B	CCT7	MLST8
cluster_1084	4	NGRN	NOP53	PPAN	ZC3HAV1
cluster_1085	4	ACVR1	ACVR1B	BMPR1A	SMURF1
cluster_1086	7	DAP3	MRPS18B	MRPS22	MRPS31	MRPS35	MRPS7	UBC
cluster_1087	4	ZNF232	ZNF397	ZNF483	ZNF496
cluster_1088	4	DAD1	MLEC	RPN2	TMEM258
cluster_1089	4	AKR1B1	AKR1B15	FABP5	GLO1
cluster_1090	4	DDX23	PIP4K2B	PIP4K2C	PRPF8
cluster_1091	4	CUL1	CUL3	CUL4B	OIP5
cluster_1092	4	MSL1	MSL2	RNF20	RNF40
cluster_1093	4	ELAVL1	RPS15	RPS28	SLC25A5
cluster_1094	4	CCDC47	COPS5	CUL3	NTRK1
cluster_1095	4	PRP4K	RPL5	RPS11	RPS14
cluster_1096	4	CAPZA1	CAPZB	EIF4A3	MAGOH
cluster_1097	4	CUL3	KCTD7	NTRK1	RABGEF1
cluster_1098	4	CCZ1	CCZ1B	THBS3	THBS4
cluster_1099	4	CHTF18	DDX11	DDX12P	DSCC1
cluster_1100	4	ATP5PD	ATP5PO	CFTR	STOML2
cluster_1101	4	CCT3	CCT6A	PACRG	WDTC1
cluster_1102	4	KRT1	KRT2	KRT77	PRSS1
cluster_1103	4	BAHCC1	BRMS1L	GATAD1	SINHCAF
cluster_1104	4	CCT2	CCT6B	CCT7	MAPK10
cluster_1105	4	EEF1A1	EEF1A1P5	RUVBL1	RUVBL2
cluster_1106	4	H2AC20	H2BC21	MSL1	MSL2
cluster_1107	4	CCDC12	PPIE	RBM22	SYF2
cluster_1108	33	HNRNPM	PABPC1	RACK1	RPL13	RPL17	RPL18	RPL23A	RPL24	RPL26	RPL27A	RPL34	RPL35	RPL38	RPL4	RPL7A	RPL8	RPS11	RPS13	RPS15A	RPS16	RPS18	RPS19	RPS2	RPS20	RPS21	RPS25	RPS3	RPS3A	RPS6	RPS8	RPS9	RPSA	SFN
cluster_1109	4	CHCHD10	COXFA4L3	ECH1	NDUFS3
cluster_1110	4	KCTD7	RABGEF1	UBE2D1	UBE2D3
cluster_1111	4	CARD8	KAT14	YEATS2	ZZZ3
cluster_1112	4	COX20	SLX1A	UQCC1	UQCC2
cluster_1113	4	ATP6V1D	ATP6V1E1	ATP6V1H	TCIRG1
cluster_1114	4	PSMA1	PSMB3	PSMB9	PSME3IP1
cluster_1115	4	DCUN1D1	ELOB	ELOC	NEDD8
cluster_1116	4	ABI1	ABI2	CCDC22	CYFIP2
cluster_1117	4	ILF3	RPLP0	RPN2	UBL4A
cluster_1118	4	POLR2D	POLR2I	POLR2J	SYDE1
cluster_1119	4	BRD9	SMARCD1	SMARCD2	SS18
cluster_1120	4	HDAC5	HSP90AA1	HSP90AA2P	HUWE1
cluster_1121	4	KCTD7	RABGEF1	RBCK1	RNF31
cluster_1122	4	CPNE3	KEAP1	MCM2	NTRK1
cluster_1123	4	GFOD1	GFOD2	NKIRAS2	RALGAPA1
cluster_1124	4	DAP3	MRPS18B	MRPS23	VCP
cluster_1125	4	ILF2	ILF3	JUP	RPL21
cluster_1126	4	CUL3	MCM2	MMS19	NTRK1
cluster_1127	4	CEP57	CEP76	HSP90AA1	HSP90AA2P
cluster_1128	7	RPL5	RPLP0	RPLP0P6	RPS15A	RPS16	RPS26	VAPA
cluster_1129	4	CD79B	INTS4	INTS5	INTS7
cluster_1130	4	ATP5F1A	ATP5F1B	RPN1	UQCRC2
cluster_1131	4	IL4I1	NUP214	NUP62	NUP93
cluster_1132	4	DDX1	EEF1A1	EEF1A1P5	RTCB
cluster_1133	4	EMC10	EMC3	EMC4	SCGB1D1
cluster_1134	4	HSP90AA1	HSP90AA2P	RPS6KA2	RPS6KA3
cluster_1135	4	MAN2A1	SEC23B	TMED1	TMED9
cluster_1136	4	CUL1	KEAP1	NTRK1	PPP1R12A
cluster_1137	40	FAU	NCL	PYM1	RPL19	RPL26	RPL27	RPL28	RPL8	RPL9	RPS10	RPS12	RPS13	RPS14	RPS15	RPS15A	RPS16	RPS17	RPS18	RPS19	RPS2	RPS20	RPS21	RPS23	RPS24	RPS25	RPS26	RPS27	RPS27L	RPS28	RPS29	RPS3	RPS3A	RPS4X	RPS5	RPS6	RPS7	RPS8	RPS9	RPSA	TSR1
cluster_1138	4	BSG	DDX23	PRPF6	PRPF8
cluster_1139	4	EEFSEC	RPL9	RPS20	RPS3
cluster_1140	4	CAND1	CUL3	RBM45	TARDBP
cluster_1141	4	CCT2	CCT4	CCT6B	CDK15
cluster_1142	4	CUL1	CUL3	DDIT3	KEAP1
cluster_1143	4	EEF1A1	EEF1A1P5	EEF1AKMT1	PBDC1
cluster_1144	4	ASB4	CUL2	CUL4A	CUL5
cluster_1145	4	DGCR8	HERC5	RRP8	ZNF2
cluster_1146	4	HSP90AA1	HSP90AA2P	SHC1	UBASH3B
cluster_1147	4	EFL1	OSGEP	PANK4	TP53RK
cluster_1148	4	CNDP2	FTO	MVD	PEPD
cluster_1149	4	KCTD10	KCTD7	MON1A	RABGEF1
cluster_1150	4	DGCR8	RBM34	ZC3HAV1	ZNF777
cluster_1151	4	BATF	BATF2	DBP	EPAS1
cluster_1152	6	RPL13	RPL37A	RPLP0	RPLP0P6	TUBA8	UBL4A
cluster_1153	4	ATP6V0A2	ATP6V0C	ATP6V0E1	VMA21
cluster_1154	4	PDHB	PPP3CB	PPP3CC	PPP3R1
cluster_1155	14	RBM34	RPL10A	RPL14	RPL27A	RPL3	RPL35A	RPL36AL	RPL37A	RPL7	RPS14	RPS15	RPS27	RPS7	UBL4A
cluster_1156	4	DET1	HSP90AA1	HSP90AA2P	KLHL10
cluster_1157	6	HAUS2	RPL38	RPL5	RPLP0	RPLP0P6	RPS13
cluster_1158	4	ILF2	ILF3	KHDRBS2	RPS3
cluster_1159	4	CCT2	CCT7	THBS3	THBS4
cluster_1160	4	CCT4	CCT5	CCT8	WDR76
cluster_1161	4	PDRG1	RUVBL1	RUVBL2	UXT
cluster_1162	4	CCT2	HSP90AA1	HSP90AA2P	TCP1
cluster_1163	4	COXFA4	COXFA4L3	NDUFS3	SAMM50
cluster_1164	4	IQSEC2	THBS3	THBS4	TTLL5
cluster_1165	8	EEF1A1	H2AC7	RPL18	RPL7	RPS13	RPS24	RPS3	RPS6
cluster_1166	4	EEF1A1	EEF1A1P5	EIF4A3	MAGOH
cluster_1167	4	BMAL1	HSP90AA1	HSP90AA2P	NPAS2
cluster_1168	6	AKR1B1	ENO2	ENO3	PGK1	TAGLN2	TAGLN3
cluster_1169	8	EIF2S1	RPL13	RPL15	RPL27A	RPL7A	RPLP0	RPLP0P6	RPS27L
cluster_1170	4	ISCA1	RAB40A	RAB40AL	RAB40B
cluster_1171	4	CDK11A	CDK11B	HSP90AA1	HSP90AA2P
cluster_1172	4	HECW2	SUPT20H	TADA2B	TAF5L
cluster_1173	4	DCT	EDEM2	FBLN7	TXNDC11
cluster_1174	4	UCK1	UCK2	UCKL1	UPRT
cluster_1175	4	DCUN1D2	DCUN1D3	RNF7	UBE2F
cluster_1176	4	TTC9C	UBQLN4	USP34	ZFYVE19
cluster_1177	7	EIF2AK2	ILF2	RPL6	RPLP0	RPLP0P6	RPS2	RPS3A
cluster_1178	4	ATAD3A	RPN1	SLC25A3	UQCRC2
cluster_1179	7	CCT2	CCT3	CCT4	CCT6A	CCT6B	CDK11A	CDK11B
cluster_1180	4	DMAP1	EP400	HECW2	YEATS4
cluster_1181	4	ANXA2	ANXA2P2	RPL11	RPS13
cluster_1182	8	CDC42EP4	SEPTIN10	SEPTIN11	SEPTIN12	SEPTIN3	SEPTIN4	SEPTIN6	SEPTIN8
cluster_1183	8	MRPS16	MRPS2	MRPS25	MRPS26	MRPS27	MRPS34	MRPS9	TRMT10B
cluster_1184	4	HDAC5	SIK1	SIK2	SIK3
cluster_1185	4	DYNC1I1	DYNC1LI2	DYNLT3	TRIM58
cluster_1186	7	SF3B1	SF3B2	SF3B3	SF3B5	SNRPA1	SNRPE	SNRPN
cluster_1187	7	MTCH2	NDUFA8	NDUFB11	NDUFB5	NDUFB8	NDUFB9	NDUFS1
cluster_1188	19	EEF1A1	EEF1A1P5	EEF2	FUS	RPL11	RPL12	RPL14	RPL18	RPL4	RPL9	RPLP1	RPS14	RPS27	RPS5	RPS8	RPS9	SLC25A5	TUFM	UBL4A
cluster_1189	4	MRPS15	MRPS27	MRPS9	STRBP
cluster_1190	7	EEF1A2	PABPC1	RPL12	RPL30	RPL4	RPS11	RPSA
cluster_1191	43	FAU	RPL10L	RPL11	RPL15	RPL17	RPL19	RPL21	RPL22	RPL23A	RPL24	RPL26	RPL27	RPL27A	RPL28	RPL3	RPL31	RPL32	RPL34	RPL35A	RPL36	RPL7A	RPL9	RPLP0P6	RPLP1	RPLP2	RPS10	RPS11	RPS13	RPS15	RPS15A	RPS16	RPS17	RPS18	RPS19	RPS23	RPS24	RPS25	RPS26	RPS27	RPS28	RPS4X	RPS6	RPS9
cluster_1192	4	NANOG	NANOGP8	SALL4	VRTN
cluster_1193	12	CDH1	NOP56	RPL14	RPL15	RPL23A	RPL24	RPL29	RPL34	RPL6	RPL7A	RPS2	RPS26
cluster_1194	7	FAU	NCL	PTBP1	RPL36	RPS27	RPS7	RPSA
cluster_1195	4	CAND1	CYLD	DIMT1	TARDBP
cluster_1196	7	BRD8	EP400	EPC1	EPC2	MBTD1	MEAF6	MORF4L2
cluster_1197	4	RPL26L1	RPS15	RPS3	ZNF169
cluster_1198	7	ZKSCAN8	ZNF232	ZNF263	ZNF397	ZNF444	ZNF445	ZSCAN20
cluster_1199	4	AHCYL1	UBE2D1	UBE2D2	ZNRD2
cluster_1200	4	LAS1L	NOL9	TEX10	WDR18
cluster_1201	13	DAP3	GRSF1	MRPS15	MRPS2	MRPS22	MRPS25	MRPS26	MRPS27	MRPS28	MRPS31	MRPS34	MRPS7	PTCD3
cluster_1202	7	MTHFD1	RPL32	RPL35A	RPL7	RPLP0	RPLP0P6	RPS21
cluster_1203	7	CNBP	DDX27	MACROH2A2	NR3C1	PPAN	RBM34	ZNF512
cluster_1204	4	POLR2A	PSMA5	PSMA6	PSMB9
cluster_1205	9	ADRM1	PSMA3	PSMA5	PSMB7	PSMC5	PSMD1	PSMD2	PSMD8	TRIM25
cluster_1206	7	PDCD7	RNPC3	SNRNP35	SNRNP48	ZCRB1	ZMAT5	ZRSR2
cluster_1207	4	FSBP	GMCL1	GMCL2	RAD54B
cluster_1208	4	ANAPC10	ANAPC13	FZR1	HHEX
cluster_1209	6	COMMD2	COMMD3	COMMD4	COMMD5	COMMD6	COMMD7
cluster_1210	4	AAR2	EAPP	NCDN	TSSC4
cluster_1211	30	EEF2	PTEN	RPL10A	RPL12	RPL13	RPL13A	RPL14	RPL23	RPL27	RPL27A	RPL31	RPL38	RPL7	RPLP0	RPLP0P6	RPLP2	RPS13	RPS15A	RPS17	RPS2	RPS20	RPS25	RPS26	RPS27	RPS3	RPS4X	RPS6	RPS9	SLC25A5	TUFM
cluster_1212	8	BTRC	MRPL12	MRPL4	MRPL40	MRPL41	MRPL44	MRPS18A	SLC25A10
cluster_1213	4	CHMP4B	CHMP4BP1	H2BC10	H2BC11
cluster_1214	4	ABI1	ABI2	NCKAP1L	ZNF511
cluster_1215	7	C1QBP	RPL15	RPL18	RPL28	RPS2	RRS1	UBL4A
cluster_1216	5	LSM6	SNRPD1	SNRPD3	SNRPE	SNRPN
cluster_1217	5	NPM1	PRPF6	SNRPD1	SNRPD2	SNRPF
cluster_1218	6	PRPF3	PRPF6	SF3A1	SF3B3	SNRNP70	TRA2A
cluster_1219	5	PSMA5	PSMB5	PSMC2	PSMC6	UBE2C
cluster_1220	6	DDX23	EFTUD2	PRPF6	PRPF8	SART1	TRIM25
cluster_1221	5	DDX46	SF3A1	SF3A3	SNRPA1	SNRPE
cluster_1222	6	GEMIN5	SNRPA1	SNRPF	SNRPG	SNRPGP15	SNRPN
cluster_1223	10	SART1	SF3B2	SF3B3	SF3B6	SNRPA1	SNRPD1	SNRPD2	SNRPE	SNRPG	SNRPGP15
cluster_1224	5	SNRNP70	SNRPA1	SNRPGP15	SNRPN	TRA2A
cluster_1225	5	AIMP1	DNAJA1	EEF1E1	QARS1	RARS1
cluster_1226	5	AIMP1	AIMP2	APP	IARS1	QARS1
cluster_1227	5	ACTR1B	CAPZA1	CAPZB	DCTN4	DCTN6
cluster_1228	5	RPL13	RPL8	RPS6	RPS7	UPF2
cluster_1229	5	PHB1	PHB2	RPL7	RPS4X	UBL4A
cluster_1230	6	DDX24	DDX27	NIFK	RBBP6	RBM34	RBM4
cluster_1231	4	ACTR10	CCDC120	DCTN5	DCTN6
cluster_1232	5	EWSR1	HNRNPA3	HNRNPAB	HNRNPDL	HNRNPH3
cluster_1233	5	NOP2	NOP58	RPL3	RPL4	SUMO2
cluster_1234	5	LTV1	NOB1	RPS14	RPS2	RPSA
cluster_1235	5	RBM42	SNRPE	SNRPG	SNRPGP15	SNRPN
cluster_1236	6	LGALS3	RPL12	RPL35	RPL7A	RPS20	SLC25A5
cluster_1237	4	EP400	EPC1	MAX	PPP2CA
cluster_1238	6	BAG3	NCL	RPS12	RPS2	RPSA	SLC25A5
cluster_1239	5	MRPS26	MRPS28	MRPS35	MRPS9	PTCD3
cluster_1240	6	GTF3C1	HNRNPM	HNRNPR	NCL	RPL13	RPS2
cluster_1241	5	MID2	PSMC2	PSMD11	PSMD2	PSMD3
cluster_1242	5	EEF1G	PABPC1	RPL38	RPL5	RPL8
cluster_1243	6	MRPL23	MRPL39	MRPL42	MRPL45	MRPL52	MRPL58
cluster_1244	4	MRPS18B	MRPS22	MRPS23	QARS1
cluster_1245	5	EEF1A1	EEF1A1P5	PSMC6	PSMD1	PSMD11
cluster_1246	5	DDX24	NANOG	NANOGP8	NOP58	POU5F1
cluster_1247	5	MRPL16	MRPL18	MRPL2	MRPL28	MRPS7
cluster_1248	5	COQ9	COXFA4	MRPL12	PTPMT1	SLC25A10
cluster_1249	4	ATOH1	RPL3	RPL4	TUFM
cluster_1250	9	ICAM1	IGSF8	NCL	NOP56	RPL14	RPL19	RPL6	RPS4X	SRP14
cluster_1251	5	KNOP1	MACROH2A2	RRP8	ZCCHC17	ZNF512
cluster_1252	4	ARL11	ASB12	CADPS2	MTMR8
cluster_1253	6	EEF2	ILF3	LGR4	RPL5	RPL7	SLC25A5
cluster_1254	5	HNRNPM	ILF2	NCL	PUF60	RPL6
cluster_1255	5	KPNA1	KPNA6	MEAF6	MORF4L1	MORF4L2
cluster_1256	5	GTPBP4	RPL10A	RPL26L1	RPL5	ZRSR2
cluster_1257	4	HSP90AA1	HSP90AA2P	NLRP2	NLRP7
cluster_1258	4	ATP6V0A1	ATP6V0A2	HOXB5	TMEM185A
cluster_1259	4	ARID5B	C16orf87	H2BC1	MIER3
cluster_1260	6	INTS1	INTS3	INTS6	RPA1	RPA2	RPA3
cluster_1261	4	HSP90AA1	HSP90AA2P	TERF1	TERF2
cluster_1262	5	LDHA	LDHB	RAB1A	RAB1B	RAB1C
cluster_1263	5	FASTKD2	NGRN	RCC1L	RPUSD3	RPUSD4
cluster_1264	14	DDX18	DDX27	DDX56	DKC1	FTSJ3	GTPBP4	MPHOSPH10	NOP2	NOP56	NOP58	PES1	PUM3	RPF2	UTP14A
cluster_1265	6	CENPS	CENPX	FAAP100	FAAP20	FANCG	FANCL
cluster_1266	4	FYTTD1	NCL	RPL10A	RPL6
cluster_1267	10	PSMA4	PSMA5	PSMA6	PSMA7	PSMC2	PSMC3	PSMC5	PSMD12	PSMD8	RNF185
cluster_1268	4	SULT1A1	SULT1A2	SULT1A3	SULT1A4
cluster_1269	6	BCAS2	PPIE	SYF2	TSSC4	USB1	YJU2
cluster_1270	9	ATP1B3	EEF2	RPL22	RPL26	RPL35	RPLP2	RPS19	RPS8	RPS9
cluster_1271	5	EEF1A1	EEF1A1P5	EEF1B2	EEF1D	EEF1G
cluster_1272	6	EEF1A1	EEF1A1P5	NOP56	RPL31	RPS3	SSB
cluster_1273	4	FBXO17	NMT1	NMT2	SARS2
cluster_1274	4	DAP3	DUSP11	MRPS15	MRPS26
cluster_1275	5	EEF1A1	EEF1A1P5	SART1	SNRPA	SNRPD1
cluster_1276	4	EID2	EID3	MAGEB1	MAGEH1
cluster_1277	7	HNRNPU	MRPL10	MRPL13	MRPL23	MRPL27	MRPL42	MRPL44
cluster_1278	4	ACTBL2	BCL7A	BCL7B	BCL7C
cluster_1279	8	CRK	EEF1A1	EEF1A1P5	RPL23	RPS19	RPS25	RPS3	RPS5
cluster_1280	6	DAP3	MRPS23	MRPS24	MRPS31	MRPS35	ZNF324B
cluster_1281	4	BTBD1	TRAPPC4	TRAPPC5	TRAPPC9
cluster_1282	8	EEF1A1	EEF1A1P5	RPL11	RPLP2	RPS19	RPS20	RPS3	TUBGCP2
cluster_1283	4	PCID2	PSMD6	SEM1	ZFAND2B
cluster_1284	27	AURKA	EEF1A1	EEF1A1P5	EEF2	ILF2	ILF3	NCL	RPL11	RPL12	RPL22	RPL23	RPL27	RPL30	RPL38	RPLP0	RPLP0P6	RPLP2	RPS10	RPS11	RPS14	RPS16	RPS19	RPS27	RPS3	RPS3A	RPS4X	RPS5
cluster_1285	15	CDC73	EEF1A1	EEF1A1P5	NCL	RPL11	RPL22	RPL7	RPLP0	RPLP0P6	RPS10	RPS17	RPS27A	RPS3	RPS5	RPSA
cluster_1286	5	ADRB2	HNRNPA2B1	HNRNPF	HNRNPH1	HNRNPK
cluster_1287	6	FTSJ3	PSIP1	RPL6	RPS11	RPS24	RRS1
cluster_1288	5	HNRNPD	NCL	RPS12	RPS28	RPSA
cluster_1289	4	MRPL53	PPIB	RBMS1	SUGP1
cluster_1290	7	CLNS1A	CYLD	PAN2	RPL15	RPS2	RPS21	UBL4A
cluster_1291	7	ALDOA	ALDOC	FABP5	FKBP2	GPX4	TAGLN	TAGLN2
cluster_1292	33	EEF1A1	EEF1A1P5	EEF2	NCL	RPL17	RPL22	RPL23	RPL24	RPL31	RPS10	RPS11	RPS12	RPS13	RPS14	RPS15	RPS15A	RPS16	RPS17	RPS18	RPS19	RPS20	RPS24	RPS25	RPS3	RPS3A	RPS4X	RPS5	RPS6	RPS8	RPS9	SLC25A5	SMURF1	TUFM
cluster_1293	6	CAND1	COPS5	CUL3	CUL5	DNAJC10	NTRK1
cluster_1294	5	MRPS9	PSMA4	PSMA5	PSMB1	PSMB2
cluster_1295	4	BCL7A	BCL7C	GSN	MYO1B
cluster_1296	12	PRPF4	SF3A1	SF3A3	SF3B1	SF3B3	SNRPA1	SNRPD2	SNRPE	SNRPF	SNRPG	SNRPGP15	SNRPN
cluster_1297	12	MRPL10	MRPL11	MRPL12	MRPL19	MRPL28	MRPL39	MRPL43	MRPL44	MRPL46	MRPS30	NPM1	SLC25A10
cluster_1298	5	ABCF2	DDX18	DKC1	NAT10	WDR36
cluster_1299	17	FAU	PABPC1	RPL37A	RPL4	RPS10	RPS14	RPS19	RPS20	RPS23	RPS24	RPS25	RPS26	RPS29	RPS3	RPS6	SERBP1	TSR1
cluster_1300	5	CDC42EP4	SEPTIN1	SEPTIN10	SEPTIN3	SEPTIN9
cluster_1301	4	BRD2	BRD3	CAMKV	PIP4K2A
cluster_1302	10	BHLHA15	RPL26L1	RPL3	RPL7A	RPLP0	RPS15	RPS17	RPS27A	RPS3	RPS3A
cluster_1303	4	CCT2	CCT6A	CCT8	U2AF2
cluster_1304	7	COPS5	CUL1	CUL3	CUL5	FBXO17	NTRK1	SARS2
cluster_1305	6	CAND1	CUL1	CUL3	NTRK1	PURA	TARDBP
cluster_1306	4	SEPTIN1	SEPTIN10	SEPTIN4	SEPTIN8
cluster_1307	4	MRPL12	SEPTIN2	SEPTIN7	SLC25A10
cluster_1308	9	CEP250	DAP3	MRPS14	MRPS18B	MRPS22	MRPS23	MRPS35	MRPS9	PTCD3
cluster_1309	8	NIFK	PPAN	RPL30	RPS14	RPS2	RPSA	ZC3HAV1	ZNF574
cluster_1310	10	DERL1	PSMA1	PSMA6	PSMB6	PSMB7	PSMC2	PSMD1	PSMD11	PSMD2	PSMD3
cluster_1311	4	HSPA8	NACA	NACA2	NACA4P
cluster_1312	17	EEF1A1	EEF1A1P5	EEF2	HDAC6	NCL	RPL21	RPL3	RPLP2	RPS15	RPS15A	RPS17	RPS18	RPS3	RPS5	RPS6	RPS7	RPSA
cluster_1313	9	GTPBP4	NOC2L	NSA2	RBM28	RBM34	RPL18A	RPS14	SDAD1	ZNF512
cluster_1314	7	EIF4A3	MAGOH	PRPF3	PRPF6	SART1	SNRPD1	SNRPD2
cluster_1315	4	MRPL17	MRPL47	MRPL9	POU5F1
cluster_1316	4	EIF5	FERMT2	SCLY	UBFD1
cluster_1317	18	CAVIN3	CDH2	ILF2	ILF3	NENF	PPT2	RPL14	RPL21	RPL3	RPL32	RPL8	RPS16	RPS2	RPS26	RPS3A	RPS8	RPSA	TUFM
cluster_1318	5	FKBP1A	TAGLN	TAGLN2	TAGLN3	YKT6
cluster_1319	7	CAND1	CUL1	CUL3	CUL5	KEAP1	NAP1L4	NTRK1
cluster_1320	4	COMMD2	COMMD3	COMMD5	DENND10
cluster_1321	4	EIF3I	SRSF6	SRSF7	TRA2B
cluster_1322	5	FKBP1B	GSTO1	TAGLN	TAGLN2	TAGLN3
cluster_1323	57	CD81	EEF1A1	EEF1A1P5	EIF3CL	FAU	HNRNPM	ICAM1	IGSF8	ILF2	ILF3	NCL	PABPC1	RACK1	RPL11	RPL12	RPL13	RPL13A	RPL17	RPL18	RPL19	RPL22	RPL23A	RPL24	RPL26	RPL26L1	RPL27	RPL27A	RPL30	RPL31	RPL35	RPL35A	RPL36	RPL4	RPL5	RPL6	RPL7A	RPL8	RPL9	RPLP0	RPLP0P6	RPLP2	RPS13	RPS14	RPS15	RPS16	RPS18	RPS19	RPS2	RPS23	RPS25	RPS28	RPS3	RPS3A	RPS4X	RPS6	RPS8	RPS9
cluster_1324	5	COMMD2	COMMD3	COMMD6	COMMD8	KIF2B
cluster_1325	4	ABI1	ABI2	LHX4	WASF2
cluster_1326	7	PSMA2	PSMA5	PSMA6	PSMC1	PSMC2	SEM1	UBQLN2
cluster_1327	7	ATP1A1	ATP5MG	DDOST	RPN1	UQCRC2	VDAC2	VDAC3
cluster_1328	14	EEF1A1	EEF1A1P5	EEF2	NCL	RPL10A	RPL15	RPL19	RPL21	RPL7	RPLP0	RPLP0P6	RPLP2	RPS3	YWHAQ
cluster_1329	17	KRI1	RPL10L	RPL12	RPL22	RPL23A	RPL29	RPL31	RPL32	RPL34	RPL35	RPL7A	RPL9	RPS12	RPS2	RPS23	RPS25	RPS28
cluster_1330	8	BRIX1	DDX18	FTSJ3	RPL11	RPL3	RPS13	RRS1	SURF2
cluster_1331	10	GPN3	MYZAP	POLR2B	POLR2C	POLR2E	POLR2G	POLR2I	POLR2M	RPAP2	XPO1
cluster_1332	6	FKBP2	HINT1	NUTF2	TAGLN	TAGLN2	TAGLN3
cluster_1333	5	LGR4	PRPF8	SF3B1	SF3B3	SNRNP200
cluster_1334	15	ABCF1	DDX1	DIMT1	EDC4	EIF2B2	EIF2B3	FKBP3	IGF2BP3	NELFB	NMT1	RFC2	RFC4	RTCB	RTRAF	YBX3
cluster_1335	51	EEF2	HDAC5	HUWE1	ILF2	ILF3	NCL	NOP2	PABPC1	RACK1	RPL10A	RPL12	RPL13	RPL13A	RPL15	RPL18	RPL22	RPL23	RPL27	RPL27A	RPL3	RPL4	RPL5	RPL6	RPL7	RPL7A	RPL8	RPL9	RPLP0	RPLP0P6	RPS10	RPS11	RPS13	RPS14	RPS15A	RPS16	RPS17	RPS18	RPS19	RPS23	RPS24	RPS25	RPS3	RPS3A	RPS4X	RPS7	RPS8	RPS9	RPSA	SLC25A5	SLC25A6	TUFM
cluster_1336	4	MRPL53	NDUFA7	SUGP1	VDAC3
cluster_1337	17	DDX23	EFTUD2	PRPF3	PRPF31	PRPF8	SART1	SF3A1	SF3A3	SF3B1	SF3B3	SNRNP200	SNRNP40	SNRPA1	SNRPE	SNRPF	SNRPGP15	SNRPN
cluster_1338	7	CPNE2	MYZAP	POLR2B	POLR2D	POLR2I	POLR2J	POLR2M
cluster_1339	8	E4F1	RPL19	RPL26	RPL26L1	RPS24	RPS27A	RPS3A	RPS8
cluster_1340	4	CSTPP1	EIF3F	LRRC49	TPGS1
cluster_1341	23	FAU	KNOP1	RPL19	RPL24	RPL37A	RPLP1	RPS12	RPS15A	RPS16	RPS17	RPS18	RPS24	RPS25	RPS26	RPS27	RPS27A	RPS27L	RPS28	RPS3A	RPS4X	RPS7	RPS8	ZNF317
cluster_1342	5	FARSB	RPL24	RPLP0	RPLP0P6	RPLP1
cluster_1343	6	MRPL12	SEPTIN10	SEPTIN3	SEPTIN6	SEPTIN8	SLC25A10
cluster_1344	23	PSMA1	PSMA2	PSMA3	PSMA4	PSMA5	PSMA6	PSMA7	PSMA8	PSMB1	PSMB2	PSMB3	PSMB4	PSMB9	PSMC2	PSMC5	PSMD1	PSMD11	PSMD12	PSMD14	PSMD2	PSMD8	PSME3	SEM1
cluster_1345	5	CAVIN3	CDH2	FBXO17	PPT2	SARS2
cluster_1346	6	DDX5	SF3A1	SF3B2	SF3B3	SNRNP200	TCEA1
cluster_1347	6	HNRNPM	HNRNPR	MORF4L1	MORF4L2	MRGBP	SYNCRIP
cluster_1348	6	RAB1A	RAB1B	RAB1C	RAB5A	RAB5B	RAB5C
cluster_1349	6	DDX1	EDC4	RPA1	RPA2	RPA3	RTRAF
cluster_1350	6	ACTR10	ACTR1A	ACTR1B	DCTN2	DCTN3	LMNB1
cluster_1351	4	CAND1	CUL3	CUL5	LDHD
cluster_1352	9	DDX27	DHX30	DKC1	FTSJ3	PUM3	RPL18A	RPL26L1	RRP8	ZNF71
cluster_1353	6	NCL	RPL13	RPL34	RPLP2	RPS26	SRPK2
cluster_1354	6	ATXN7L1	ATXN7L3	SUPT20H	SUPT3H	TADA1	TADA2B
cluster_1355	6	ATP6V0A1	ATP6V0A2	RPL10L	RPS15	RPS18	RPS2
cluster_1356	10	DDX1	EIF2B3	FLII	IGF2BP3	LRRFIP1	NMT1	RFC2	RFC4	RTCB	RTRAF
cluster_1357	10	MRPL10	MRPL28	MRPL30	MRPL35	MRPL39	MRPL44	MRPL45	MRPL48	MRPS18A	MRPS30
cluster_1358	6	CPSF2	PSMA3	PSMB3	PSMB4	PSMB5	PSMB6
cluster_1359	6	AK6	TAF13	TAF1L	TAF5L	TAF9	TAF9B
cluster_1360	6	ADRB2	KRT1	KRT10	KRT2	KRT5	KRT9
cluster_1361	6	RPL26L1	RPL3	RPS15	RPS27A	RPS3A	ZNF324B
cluster_1362	4	BKGD	CCT2	CCT3	CCT6A
cluster_1363	7	EMC1	EMC10	EMC3	EMC4	EMC7	EMC9	MMGT1
cluster_1364	6	MACROH2A2	NIFK	NOP56	RFC1	RPL18A	RRP8
cluster_1365	6	EEF1A1	EEF1A1P5	PIK3R2	RPS10	RPS5	RPS7
cluster_1366	6	COQ9	COXFA4	COXFA4L3	CPT2	NDUFS3	PTPMT1
cluster_1367	6	CUL3	IL4I1	KEAP1	MCM2	NUP62	OBSL1
cluster_1368	4	MOV10	MRPL12	NXF1	SLC25A10
cluster_1369	9	ABCE1	PSMA2	PSMA5	PSMB3	PSMC2	PSMD1	PSMD13	PSMD14	PSMD8
cluster_1370	9	MED12	MED13	MED14	MED16	MED21	MED24	MED6	MED7	VDR
cluster_1371	4	CKB	NPEPPS	SCLY	UBFD1
cluster_1372	9	GRSF1	MRPL11	MRPL2	MRPL21	MRPL24	MRPL28	MRPL4	MRPL47	MRPL48
cluster_1373	10	AQR	CCDC12	CDC40	CRNKL1	DHX8	EAPP	PPIE	SYF2	TSSC4	XAB2
cluster_1374	6	CLPX	CUL1	CUL4B	KEAP1	MCM2	NTRK1
cluster_1375	11	H1-1	KRR1	LIN28B	NIFK	NOL12	NSA2	PRR11	RBM34	RPL6	RPL8	ZC3HAV1
cluster_1376	11	CDC5L	DVL3	EAPP	ISY1	KIAA1143	PPIE	SYF2	TSSC4	USB1	WDR83	YJU2
cluster_1377	7	MED12	MED13	MED14	MED15	MED17	MED24	NR1I3
cluster_1378	7	EWSR1	SRSF1	SRSF3	SRSF5	SRSF6	SRSF7	TRA2B
cluster_1379	7	SUPT20H	SUPT3H	SUPT7L	TADA1	TADA2B	TADA3	YEATS2
cluster_1380	5	RPLP0P6	RPS12	RPS17	RPS27A	VCAM1
cluster_1381	7	CMTR2	PDCD7	SNRNP35	SNRNP48	SNRPF	SNRPN	ZMAT5
cluster_1382	7	CCT2	CCT3	CCT6A	CCT6B	CCT7	TUBB2A	TUBB2B
cluster_1383	7	H1-1	H1-4	NOL12	PPAN	PRR11	SF3B1	SF3B2
cluster_1384	24	DHX9	EEF1A1	EEF1A1P5	HNRNPM	ILF2	ILF3	MOV10	NOP56	NXF1	RPL10L	RPL13	RPL31	RPL34	RPL6	RPL9	RPS10	RPS13	RPS15A	RPS2	RPS24	RPS26	RPS3	RPS5	UBL4A
cluster_1385	11	INTS1	INTS10	INTS11	INTS13	INTS3	INTS4	INTS5	INTS6	INTS6L	INTS8	NABP1
cluster_1386	8	ERG	HNRNPM	ILF2	ILF3	NCL	RPL7A	RPLP0	RPS18
cluster_1387	12	EPC2	FOXR2	H2AZ1	JAZF1	MAX	MBTD1	MEAF6	MORF4L1	MORF4L2	MYCL	RUVBL1	RUVBL2
cluster_1388	14	PABPC1	PABPC4	RPL23	RPL32	RPL35A	RPL37A	RPL39	RPL3L	RPL9	RPS15	RPS18	RPS3A	RPS4X	RPS9
cluster_1389	6	DHX9	HNRNPM	HNRNPU	MRE11	RPL26L1	RPL27
cluster_1390	29	HNRNPC	HNRNPM	HNRNPR	ILF3	MYBBP1A	NCL	RPL10A	RPL11	RPL12	RPL14	RPL21	RPL30	RPL5	RPL7A	RPLP0	RPLP0P6	RPS11	RPS14	RPS15A	RPS17	RPS2	RPS27	RPS27L	RPS3	RPS3A	RPS5	RPS6	RPSA	VHL
cluster_1391	11	MRPS14	MRPS18B	MRPS2	MRPS23	MRPS25	MRPS27	MRPS28	MRPS5	MRPS9	PTCD3	TP53
cluster_1392	10	MRPS11	MRPS15	MRPS2	MRPS22	MRPS25	MRPS27	MRPS34	MRPS5	PDF	TRMT10B
cluster_1393	7	HNRNPC	HNRNPM	HNRNPR	RBMX	RPL31	RPS28	RPSA
cluster_1394	8	EEF1A1	EEF1A1P5	EIF4A1	ILF2	RPL19	RPL8	RPS26	RPSA
cluster_1395	11	AKR1B1	AKR1B15	ENO2	ENO3	FABP5	GPX4	HINT1	STIP1	TAGLN	TAGLN2	TAGLN3
cluster_1396	10	FTSJ3	MYBBP1A	NCSTN	NOP2	NOP56	NOP58	RPS11	RPS14	RPS7	RRS1
cluster_1397	5	BCAS2	DDX23	EFTUD2	SF3B3	SNRNP200
cluster_1398	5	SF3B1	SF3B2	SF3B3	SNRNP200	SNRPB2
cluster_1399	5	PLRG1	PRPF19	RBM39	SF3B1	SNRNP200
cluster_1400	5	SART1	SF3A1	SMARCC1	SMARCC2	SNRPA1
cluster_1401	5	ELP1	PSMC4	PSMC5	PSMD11	PSMD12
cluster_1402	5	FLNC	PSMC4	PSMD12	PSMD13	PSMD3
cluster_1403	5	CALM1	CALM2	CALM3	PSMD12	PSMD2
cluster_1404	5	BRCA1	CUL3	H2BC10	H2BC11	MCM2
cluster_1405	5	DDX18	NAT10	NOP56	NOP58	UTP20
cluster_1406	5	AHR	PSMC2	PSMC3	PSMC4	PSMD3
cluster_1407	5	ACTN4	PSMA3	PSMA6	PSMB5	PSMB8
cluster_1408	5	CALR	EZR	MSN	P4HB	RDX
cluster_1409	5	ECD	PSMC3	PSMC5	PSMD1	PSMD2
cluster_1410	5	PPL	PSMA1	PSMA5	PSMB4	PSMB6
cluster_1411	5	H3-4	RREB1	TAF13	TAF3	TAF8
cluster_1412	5	BRIX1	GLYR1	MED4	NIFK	NOP2
cluster_1413	5	CAD	CCT3	CCT4	CCT6A	CCT8
cluster_1414	5	BCL2L14	KANK4	TRAPPC11	TRAPPC2	TRAPPC2B
cluster_1415	5	CCDC8	CEP250	CUL7	HDAC5	HUWE1
cluster_1416	5	DDX5	ELAC2	HNRNPF	HNRNPH1	HNRNPK
cluster_1417	5	ARID4B	DDB1	SAP130	SAP30	SUDS3
cluster_1418	5	MED12	MED14	MED16	MED17	PPARGC1A
cluster_1419	27	BRIX1	EEF1A1	EEF1A1P5	FBL	GLYR1	NOC2L	NOC3L	PUM3	RPL11	RPL15	RPL18A	RPL23	RPL4	RPL5	RPL6	RPL7	RPL9	RPS13	RPS15A	RPS2	RPS24	RPS3	RPS4X	RPS5	RPS7	RPS8	RRS1
cluster_1420	5	APLF	H2BC10	H2BC11	POLB	SPIN2B
cluster_1421	5	BRD8	DMAP1	EPC2	MYC	YEATS4
cluster_1422	5	CDK2	CYLD	H2AC4	H2BC3	MCM2
cluster_1423	5	MACROH2A2	NIFK	PRP4K	RBM34	ZNF2
cluster_1424	5	MRPS10	MRPS14	MRPS5	MRPS7	TUFM
cluster_1425	7	NOL12	PPAN	PUM3	RPL10A	RPL14	RPL28	ZCCHC7
cluster_1426	5	EPRS1	IARS1	LARS1	NARS1	RARS1
cluster_1427	5	AIMP1	AIMP2	EPRS1	PTBP1	QARS1
cluster_1428	5	APLF	PARP2	POLB	SPIN2B	XPC
cluster_1429	5	H2AC20	H2BC21	MORF4L1	MORF4L2	MRGBP
cluster_1430	5	ACTL6A	H2AZ1	MAX	MBTD1	MYCL
cluster_1431	5	ATP6AP1	ATP6AP2	ATP6V0A2	ATP6V0C	ATP6V0D2
cluster_1432	5	CYC1	MRPL15	MRPL37	MRPL4	MTCH2
cluster_1433	5	BRPF3	ING5	JADE3	KAT6B	MEAF6
cluster_1434	5	ACTN1	ACTN4	CD81	ICAM1	IGSF8
cluster_1435	5	RPS10	RPS26	TMED10	TMED2	UBL4A
cluster_1436	5	ATP6V0A1	ATP6V0A2	BCAM	MCAM	SERINC2
cluster_1437	5	APLF	POLB	SPIN2B	SSRP1	SUPT16H
cluster_1438	5	MRE11	NANOG	NANOGP8	NBN	POU5F1
cluster_1439	5	PSMA2	PSMA8	PSMB2	PSMB5	VIM
cluster_1440	5	FAM117B	NRBP1	OSBPL1A	TSC22D2	TSC22D3
cluster_1441	5	FASTKD2	MTERF3	NGRN	RBMX	YARS2
cluster_1442	5	CALM1	CALM2	CALM3	HSP90AA1	HSP90AA2P
cluster_1443	5	BBX	NIFK	RPL18A	RRP8	SRBD1
cluster_1444	5	CENPS	CENPX	FANCM	RPA1	RPA2
cluster_1445	5	MBD3L1	ZBTB2	ZNF219	ZNF423	ZNF521
cluster_1446	5	CUL2	CUL3	CYLD	DNAJB6	NTRK1
cluster_1447	5	ZNF215	ZNF396	ZSCAN18	ZSCAN20	ZSCAN32
cluster_1448	7	ACTR10	ACTR1A	ACTR1B	DCTN3	DCTN5	DCTN6	DEFB127
cluster_1449	6	COPRS	PAN2	RIOK1	RPL15	RPS2	UBL4A
cluster_1450	5	CD81	FLNA	ICAM1	IGSF8	RPS23
cluster_1451	5	ANKRD44	ANKRD52	PPP6R2	PPP6R3	USP10
cluster_1452	26	DHX30	FTSJ3	GNL2	GNL3	INO80B	RPL11	RPL13	RPL18	RPL18A	RPL19	RPL21	RPL23A	RPL3	RPL30	RPL4	RPL6	RPL7	RPL7A	RPL8	RPLP0	RPS2	RPS3	RPS3A	RPS8	RRP12	RSL1D1
cluster_1453	21	BAG3	PSMA2	PSMA3	PSMA5	PSMA6	PSMA7	PSMB1	PSMB3	PSMB4	PSMB5	PSMC1	PSMC2	PSMC3	PSMC5	PSMD12	PSMD3	PSMD5	PSMD8	PSME1	PSME2	SEM1
cluster_1454	5	COMMD2	COMMD3	COMMD4	COMMD8	ODAD3
cluster_1455	5	ESPL1	RFFL	TRIM55	TRIM63	USP28
cluster_1456	5	CAVIN3	NENF	PPT2	SPTAN1	SPTBN1
cluster_1457	5	BLM	CENPS	CENPX	FAAP100	FANCM
cluster_1458	13	TBC1D14	TRAPPC11	TRAPPC12	TRAPPC13	TRAPPC2	TRAPPC2B	TRAPPC2L	TRAPPC3L	TRAPPC5	TRAPPC6A	TRAPPC6B	TRAPPC8	TRAPPC9
cluster_1459	5	ISG15	RACK1	RPL24	RPL27A	RPS27A
cluster_1460	5	ILF2	ILF3	RPSA	SSR4	UBL4A
cluster_1461	14	MRPS18B	MRPS18C	MRPS2	MRPS22	MRPS23	MRPS25	MRPS27	MRPS31	MRPS33	MRPS34	MRPS5	MRPS6	PTCD3	TRMT10B
cluster_1462	5	HSP90AA1	HSP90AA2P	LARP4B	SRPK1	YTHDC2
cluster_1463	18	CCNC	MED1	MED11	MED14	MED15	MED16	MED17	MED20	MED21	MED22	MED24	MED27	MED28	MED30	MED6	MED7	TCL1B	ZC3H13
cluster_1464	5	DHX9	FLII	HNRNPM	LRRFIP1	RPL27
cluster_1465	5	RAB5A	RAB5B	RAB5C	RPN1	UQCRC2
cluster_1466	11	MRPS18C	MRPS22	MRPS23	MRPS24	MRPS25	MRPS26	MRPS27	MRPS28	MRPS31	MRPS34	TRMT10B
cluster_1467	20	DHX9	HNRNPM	HNRNPR	ILF2	MYBBP1A	RPL19	RPL23A	RPL35	RPL4	RPS11	RPS16	RPS2	RPS20	RPS26	RPS27	RPS3	RPS3A	RPS6	RPS9	SND1
cluster_1468	5	RPA1	RPA2	RPA3	WASHC4	WASHC5
cluster_1469	5	NANOG	NANOGP8	POU5F1	TIA1	TIAL1
cluster_1470	5	ASB2	HNRNPA2B1	HNRNPD	HNRNPH1	HNRNPK
cluster_1471	14	C1QBP	MRPL12	MRPL18	MRPL19	MRPL21	MRPL22	MRPL3	MRPL38	MRPL4	MRPL44	MRPL45	MRPL46	MRPS30	SLC25A10
cluster_1472	14	DHX9	EWSR1	ILF2	RPL12	RPL29	RPL7A	RPL8	RPLP0	RPLP2	RPS10	RPS19	RPS25	RPS27A	RPSA
cluster_1473	5	IK	RBM14	S100A9	SAP18	TPBG
cluster_1474	5	CHERP	RPA1	RPA2	RPA3	U2SURP
cluster_1475	8	DDX17	HNRNPA0	HNRNPA3	HNRNPD	HNRNPDL	HNRNPF	HNRNPH1	HNRNPL
cluster_1476	8	MOV10	NXF1	PSMC2	PSMC3	PSMC4	PSMD1	PSMD2	PSMD3
cluster_1477	8	MRPL10	MRPL12	MRPL14	MRPL4	MRPL53	MRPS30	NDUFA7	SLC25A10
cluster_1478	19	BRIX1	DDX56	NOLC1	NOP2	NOP56	NOP58	RPL11	RPL15	RPL18A	RPL19	RPL23A	RPL4	RPL5	RPL6	RPS14	RPS23	RPS4X	RPS6	RRS1
cluster_1479	8	FAU	PA2G4	RPL18A	RPL23A	RPL30	RPLP0P6	RPS27L	UBL4A
cluster_1480	8	ATXN7L3	SUPT20H	SUPT3H	SUPT7L	TADA1	TAF5L	TAF6L	USP27X
cluster_1481	11	DDX18	DDX24	DKC1	EBNA1BP2	GTPBP4	POLR1B	POLR1C	POLR1D	PUM3	TBL3	WDR36
cluster_1482	8	BRCA1	CDK2	CUL3	MCM2	NACA	NACA2	NACA4P	NTRK1
cluster_1483	16	ECPAS	PSMA2	PSMA5	PSMA6	PSMC2	PSMC4	PSMC5	PSMC6	PSMD1	PSMD11	PSMD12	PSMD13	PSMD14	PSMD3	PSMD8	SEM1
cluster_1484	5	ACVR1B	ACVR2B	BMPR1A	HSP90AA1	HSP90AA2P
cluster_1485	5	ILF2	MTERF3	NGRN	RPL6	RPL7
cluster_1486	15	DAP3	HNRNPA1	MRPS10	MRPS15	MRPS18B	MRPS18C	MRPS22	MRPS23	MRPS24	MRPS27	MRPS28	MRPS31	MRPS35	MRPS9	PTCD3
cluster_1487	4	AK6	RUVBL1	RUVBL2	TAF9
cluster_1488	4	PCBP1	PCBP2	RUVBL1	RUVBL2
cluster_1489	3	ABI1	CDH1	WASF2
cluster_1490	3	ACTB	ACTR2	ACTR3
cluster_1491	3	ACTB	RUVBL1	RUVBL2
cluster_1492	3	AGRN	DAG1	MAP2
cluster_1493	3	AK6	NCOR1	TAF9
cluster_1494	3	APP	ARCN1	COPB1
cluster_1495	3	ARRB1	ARRB2	ITCH
cluster_1496	3	ASPH	STX8	VTI1B
cluster_1497	3	ATP5F1A	HSPA1A	HSPA1B
cluster_1498	3	ATRX	XRCC5	XRCC6
cluster_1499	3	BABAM2	BRCC3	RAD51
cluster_1500	3	BAX	PSMC3	PSMC5
cluster_1501	3	BMI1	CHD3	RNF2
cluster_1502	3	BRCA1	TP63	TP73
cluster_1503	3	CCAR2	SMC2	SMC4
cluster_1504	3	CCT3	CCT8	STOM
cluster_1505	3	CD2BP2	DDX20	GEMIN4
cluster_1506	3	CDC5L	ORC4	ORC6
cluster_1507	3	CFTR	MSN	RDX
cluster_1508	3	CFTR	VAPA	VAPB
cluster_1509	3	CLIC1	PSMA1	PSMA5
cluster_1510	3	CLIP1	KATNB1	PAFAH1B1
cluster_1511	3	CTNNB1	HNRNPA2B1	HNRNPK
cluster_1512	3	DBN1	DST	LIMA1
cluster_1513	3	DDX17	EFTUD2	HNRNPK
cluster_1514	3	DDX3X	HNRNPA2B1	TPR
cluster_1515	3	DHX9	EIF6	HNRNPU
cluster_1516	3	EFTUD2	SNRNP200	THOC6
cluster_1517	3	EGFR	MYO1B	MYO1D
cluster_1518	3	ERCC1	ERCC4	POLR2A
cluster_1519	3	ESR1	SMC1A	SMC3
cluster_1520	3	EZR	MSN	RHOA
cluster_1521	3	FLOT1	FLOT2	VAMP2
cluster_1522	3	H2BC10	H2BC11	RACGAP1
cluster_1523	3	HDAC1	HDAC2	MACROH2A1
cluster_1524	3	HDAC1	SMAD2	SMAD3
cluster_1525	3	HDAC5	HUWE1	XPO1
cluster_1526	3	HDAC6	PSMC5	PSMD1
cluster_1527	3	HNRNPC	SMARCA4	SMARCC1
cluster_1528	3	HNRNPU	SEPTIN2	SEPTIN7
cluster_1529	3	HSPD1	PACSIN2	PACSIN3
cluster_1530	3	IKBKG	MTOR	RPTOR
cluster_1531	3	KPNA2	KPNB1	UBL4A
cluster_1532	3	LIMA1	MAPRE1	SYNPO
cluster_1533	3	LMAN1	TMED10	TMED2
cluster_1534	3	MRE11	NBN	SLX4
cluster_1535	3	NCOR1	SMARCD1	SMARCE1
cluster_1536	3	NONO	SFPQ	SMARCA2
cluster_1537	3	PAFAH1B1	SNRPD2	SNRPF
cluster_1538	3	PCBP1	PCBP2	RACK1
cluster_1539	3	PRKCZ	TLR4	TLR9
cluster_1540	3	PSMC2	PSMC4	YBX1
cluster_1541	3	PSMC3	PSMC6	RUVBL1
cluster_1542	3	RAB11A	RAB5A	RAB5B
cluster_1543	3	RAB5B	RAB5C	VAPA
cluster_1544	3	RAB7A	VPS26A	VPS35
cluster_1545	3	RAD52	SUMO1	ZBTB16
cluster_1546	3	RNF2	SUZ12	THOC6
cluster_1547	3	STX3	STX6	VAMP4
cluster_1548	4	CAND1	CYLD	KEAP1	ZYX
cluster_1549	4	FBL	NOP58	PRPF3	SART1
cluster_1550	4	HDAC1	HDAC2	NONO	SFPQ
cluster_1551	3	ACTR2	CLTA	CLTB
cluster_1552	3	APP	BET1L	SNAP25
cluster_1553	3	BMAL1	CLOCK	SIRT1
cluster_1554	3	COPS3	COPS8	CTNNB1
cluster_1555	3	CPSF6	SMARCC1	SMARCC2
cluster_1556	3	CREBBP	EP300	KAT6A
cluster_1557	3	CXXC1	PES1	SETD1A
cluster_1558	3	DDX5	DHX9	PRKDC
cluster_1559	3	DLG2	DLG4	LRP2
cluster_1560	3	DNMT3A	DNMT3B	POLR2C
cluster_1561	3	DSN1	RNF20	RNF40
cluster_1562	3	ERCC1	TAF10	TAF12
cluster_1563	3	KLF6	PAX5	RUNX1
cluster_1564	3	LMAN2	TMED10	TMED5
cluster_1565	3	MCM3	RPA1	RPA2
cluster_1566	3	POLR2D	POLR2E	XRCC5
cluster_1567	3	RAB7A	VPS18	VPS41
cluster_1568	4	PINK1	PSMC6	PSMD1	PSMD2
cluster_1569	3	CAV3	KCNMA1	SCN5A
cluster_1570	3	CBX1	CBX3	MECP2
cluster_1571	3	CDK5	KEAP1	NTRK1
cluster_1572	3	COPS3	COPS7A	VCP
cluster_1573	3	CTSA	GLB1	RHOA
cluster_1574	3	CWC15	PLRG1	PRPF19
cluster_1575	3	DMAP1	SRCAP	YEATS4
cluster_1576	3	ELF4	FOXO4	MDM2
cluster_1577	3	HSCB	ISCU	NFS1
cluster_1578	3	LITAF	PUM1	PUM2
cluster_1579	3	MAPK1	MAPK3	SYNE2
cluster_1580	3	SDHB	SLC25A3	UQCRC2
cluster_1581	6	ATP5F1A	ATP5F1B	ATP5MG	VDAC1	VDAC2	VDAC3
cluster_1582	3	ACIN1	BCAS2	SRSF10
cluster_1583	3	ANAPC7	CDC27	VCP
cluster_1584	3	AURKB	BRCA2	MAP9
cluster_1585	3	DNM2	PACSIN1	SNX18
cluster_1586	3	SMAD4	SMAD6	SMAD7
cluster_1587	3	AIM2	NLRP2	PYCARD
cluster_1588	3	DCAF13	IFI16	SIRT7
cluster_1589	3	DLG1	MAP1A	TGFA
cluster_1590	3	DTX3L	PARP9	STAT1
cluster_1591	3	EFTUD2	PRKDC	PRPF8
cluster_1592	3	SLC30A5	STX2	VAMP2
cluster_1593	3	AAK1	CLTC	NUMB
cluster_1594	3	APBB1IP	PACSIN1	PACSIN2
cluster_1595	3	CPSF6	DDX17	DDX5
cluster_1596	3	HDAC1	NFYB	NFYC
cluster_1597	3	PSMA1	PSMA6	TPM4
cluster_1598	4	ASCC3	PABPC1	RPS2	RPS3
cluster_1599	3	DNMT3A	EHMT1	EHMT2
cluster_1600	4	PRMT5	SNRPE	SNRPN	WDR77
cluster_1601	4	PRPF19	PRPF8	SNRNP200	SNRNP70
cluster_1602	4	TOMM40	VDAC1	VDAC2	VDAC3
cluster_1603	3	ACE	MYH9	MYL3
cluster_1604	3	AP1S2	CLINT1	CLTA
cluster_1605	3	BET1L	STX17	STX5
cluster_1606	3	CAMK2A	CDK5R1	ITGA2B
cluster_1607	3	CAV2	KCNMA1	PTGS1
cluster_1608	3	CCT2	CCT8	TUBB
cluster_1609	3	COPS3	COPS4	SKP1
cluster_1610	3	ELAVL1	LARP4B	SRPK1
cluster_1611	3	EPN3	TNKS	TNKS2
cluster_1612	3	GTF2F1	SF3A1	SF3A3
cluster_1613	3	H3-3A	SF3B1	SF3B2
cluster_1614	3	RAD51	RAD51B	XRCC2
cluster_1615	3	RRAGB	RRAGC	SQSTM1
cluster_1616	3	STX18	VAMP8	VTI1A
cluster_1617	3	CAND1	CUL3	PPP4C
cluster_1618	3	CHAMP1	MRE11	RAD50
cluster_1619	3	CNOT1	CNOT7	DDX6
cluster_1620	3	COPB1	COPG1	TAP1
cluster_1621	3	EIF4A3	MAGOH	RAN
cluster_1622	3	HBA1	HBB	HSPA8
cluster_1623	3	KALRN	RAC1	RHOB
cluster_1624	3	PTEN	SPTAN1	SPTBN1
cluster_1625	4	HDAC1	HDAC2	MORF4L1	MORF4L2
cluster_1626	3	ANAPC4	CCNA2	CDC27
cluster_1627	3	CHEK1	MSH2	MSH6
cluster_1628	3	DPP3	NDRG1	NDRG2
cluster_1629	3	ELL3	ICE1	ICE2
cluster_1630	3	SLC25A20	SLC25A5	SLC25A6
cluster_1631	3	ARL14EP	DGKZ	VHL
cluster_1632	3	BAIAP2	CYFIP2	NCKAP1
cluster_1633	3	HNRNPM	ILF3	LMNB1
cluster_1634	4	MSH2	MSH6	XRCC5	XRCC6
cluster_1635	4	PSMC6	PSMD2	PSMD3	STAU1
cluster_1636	3	FLII	LRRFIP1	TMOD1
cluster_1637	3	PSMB1	PSMB5	PSMB6
cluster_1638	3	BRCA1	CUL3	NFE2L2
cluster_1639	3	RRAGA	RRAGC	TSC1
cluster_1640	3	AAAS	SLF1	UBE2A
cluster_1641	3	ACIN1	THRAP3	U2AF1
cluster_1642	3	ACTN1	ADORA2A	CDAN1
cluster_1643	3	CNOT1	G3BP1	TNKS1BP1
cluster_1644	3	PSMA1	PSMB1	SUGT1
cluster_1645	3	ANXA1	ATG4B	S100A11
cluster_1646	3	CHD4	EP300	MTA1
cluster_1647	3	H2BC12	H2BC12L	HDAC5
cluster_1648	3	IQCB1	KRT18	KRT8
cluster_1649	4	MAP2	PSMC5	PSMD13	PSMD8
cluster_1650	3	CYTH2	GNAQ	PSD
cluster_1651	3	DHX9	PSMD13	PSMD8
cluster_1652	3	LSM6	PRMT5	WDR77
cluster_1653	4	ACTR2	ARPC2	CAPZA1	CAPZB
cluster_1654	3	ASH2L	CTNNB1	RBBP5
cluster_1655	3	ACADM	VDAC1	VDAC2
cluster_1656	3	ACTR3	ARPC2	PPP1R12A
cluster_1657	3	APOA1	SERPINA1	VCP
cluster_1658	3	ELANE	THBS1	THBS2
cluster_1659	3	EPRS1	RARS1	TUBB
cluster_1660	3	HNRNPF	HNRNPH1	HSPA5
cluster_1661	3	KCNC1	KCNC2	KCNH1
cluster_1662	3	MPRIP	PLK1	RAI14
cluster_1663	3	NUP50	SMARCC2	SMARCD1
cluster_1664	3	PSMC4	PSMD1	TUBA4A
cluster_1665	4	PARP2	RPA1	RPA2	XPC
cluster_1666	4	AKAP8L	LAS1L	NOL9	XPO1
cluster_1667	3	ABCB1	CSPG4	LGALS3
cluster_1668	3	ARID1A	NCOA1	SMARCC1
cluster_1669	3	CIP2A	TNPO2	XPO1
cluster_1670	3	CREBBP	DUX4	HES6
cluster_1671	3	DDX1	ESR1	RTCB
cluster_1672	3	MLLT1	MLLT3	SIRT1
cluster_1673	3	AURKB	HASPIN	RAD52
cluster_1674	3	MED17	MED6	SMARCA4
cluster_1675	3	PSMB1	PSMB2	UBE2A
cluster_1676	3	HDAC2	PHC1	PHC2
cluster_1677	3	SMC1B	STAG1	STAG2
cluster_1678	3	DNAJA1	DNAJA2	HSPA5
cluster_1679	3	MICAL3	MICALL2	RAB8B
cluster_1680	4	CHD4	MTA1	MTA2	SIN3A
cluster_1681	3	ACTR3	WASF1	WASF2
cluster_1682	3	CDK1	NCAPD2	NCAPG
cluster_1683	3	PSMC5	PSMC6	SIAH1
cluster_1684	3	FXR1	FXR2	G3BP1
cluster_1685	4	POLR1C	POLR3A	RUVBL1	RUVBL2
cluster_1686	3	ANXA11	NTRK1	SIRT7
cluster_1687	3	CCT2	CCT3	HSP90B1
cluster_1688	3	CDK2	ITGA4	RAC1
cluster_1689	3	CYC1	SDHA	UQCRQ
cluster_1690	3	PSMC5	PSMD11	USP4
cluster_1691	3	SNRPD3	SRSF1	TP53
cluster_1692	3	ACTN4	ALDOA	ALDOC
cluster_1693	3	ESR1	EZH2	SUZ12
cluster_1694	3	PSMC2	PSMC3	SHMT2
cluster_1695	3	CENPE	KIF23	PRC1
cluster_1696	3	GEMIN6	PHAX	SNRNP70
cluster_1697	3	ADGRB1	LIN7A	MAGI2
cluster_1698	3	ANKRD23	MYPN	TTN
cluster_1699	3	CLIC4	CLIC5	CLIC6
cluster_1700	3	HUS1	RAD1	ZBTB14
cluster_1701	3	CDH2	DDR1	DDR2
cluster_1702	3	FASLG	TNFRSF1A	TNFRSF1B
cluster_1703	3	ACVR2A	ACVR2B	ERBIN
cluster_1704	3	H2BC17	H2BC5	XPC
cluster_1705	3	KPNA1	KPNA6	RAN
cluster_1706	3	ACACA	PSMB2	PSMB7
cluster_1707	3	ABCC4	NHERF1	SLC4A7
cluster_1708	3	EXOSC10	FOXA1	XRN2
cluster_1709	3	FGF13	NOS3	PSEN1
cluster_1710	3	STN1	TRIP4	XPO1
cluster_1711	4	CEP85	PSMA6	PSMA7	PSMB5
cluster_1712	3	BCLAF1	SPIN1	THRAP3
cluster_1713	3	CEP41	HIP1	HIP1R
cluster_1714	3	DBH	PPT1	TMEM9
cluster_1715	3	EHD3	RAB8A	SLC1A1
cluster_1716	3	IFI16	RFC2	RFC3
cluster_1717	3	PPP1CA	RPL13	RPS24
cluster_1718	3	RBBP4	RBBP7	SMARCA2
cluster_1719	4	LIN28A	SNRPF	SNRPG	SNRPGP15
cluster_1720	3	CCNA2	CCNE1	CTNNB1
cluster_1721	3	CITED2	NFIC	SMAD3
cluster_1722	3	COPS5	CUL3	MAPKAPK2
cluster_1723	3	KRT10	KRT16	KRT5
cluster_1724	3	COPS5	CUL4B	SKIC8
cluster_1725	3	DDX5	DHX38	SNRPD3
cluster_1726	3	TBL1X	TBL1XR1	XPO1
cluster_1727	3	HLA-DRA	HLA-DRB1	MARCHF1
cluster_1728	3	SNRPB2	SRRM1	SRRM2
cluster_1729	3	ADCY3	CD79B	SLC12A6
cluster_1730	3	OSGEP	RANGAP1	TP53RK
cluster_1731	3	CHD4	SMARCC1	SMARCE1
cluster_1732	3	EMD	MCM4	MCM6
cluster_1733	3	EXOC1	STRN	STRN3
cluster_1734	3	HSP90AB1	PSMA2	PSMA3
cluster_1735	3	RBM14	SRSF1	SRSF10
cluster_1736	3	EXOSC5	EXOSC9	MPHOSPH6
cluster_1737	3	NOCT	RAB8B	RPH3A
cluster_1738	3	AMOT	CUL3	KEAP1
cluster_1739	3	NSFL1C	PSMC1	PSMD2
cluster_1740	3	SETD1A	SETD1B	ZNF207
cluster_1741	3	AURKA	OSBPL3	OSBPL6
cluster_1742	3	CABP1	MAP2	NMT1
cluster_1743	3	KATNB1	KIF20B	NDEL1
cluster_1744	3	FLRT1	PCDH17	PCDH7
cluster_1745	4	SNRNP70	SRRM1	SRRM2	TRA2A
cluster_1746	3	MAPKAPK2	MAPKAPK5	ZFP36L1
cluster_1747	3	OLA1	SNRPE	SNRPF
cluster_1748	3	APP	CCZ1	CCZ1B
cluster_1749	3	DAPP1	LRRK2	TAOK3
cluster_1750	3	NFYA	TAF11	TAF12
cluster_1751	3	CPT1A	HADHA	TOMM40
cluster_1752	3	HAX1	MAP2	NUFIP1
cluster_1753	3	LLGL1	STX3	SYTL4
cluster_1754	3	PAXIP1	RFC2	RFC4
cluster_1755	3	CAND1	CCP110	CEP97
cluster_1756	3	CHUK	HSPB1	IKBKB
cluster_1757	3	FRK	FYN	TXK
cluster_1758	4	NFYB	NFYC	TAF11	TAF12
cluster_1759	3	AGO3	RRP1B	TARBP2
cluster_1760	3	LARS1	SDCBP	SDCCAG8
cluster_1761	3	DAG1	LGALS8	LGALS9
cluster_1762	3	EVI5	SYTL4	TBC1D30
cluster_1763	3	NDUFA12	NDUFS4	SDHB
cluster_1764	3	ADCY5	AQP3	CAV1
cluster_1765	3	CDC14B	NUCKS1	PHF2
cluster_1766	3	KLHL7	NUP153	NUTF2
cluster_1767	3	MOB1B	SIX1	SKI
cluster_1768	3	ABL1	PSMA4	PSMA7
cluster_1769	3	ATP9A	SLC35B2	SYP
cluster_1770	3	CCNY	ELAVL1	GNAZ
cluster_1771	3	FYN	KCNA2	KCNA4
cluster_1772	4	NONO	SFPQ	SRRM1	SRRM2
cluster_1773	3	ARF4	ARF5	CLN3
cluster_1774	3	EFNA5	EPOR	SRC
cluster_1775	3	H4C1	MMS22L	TONSL
cluster_1776	3	CCT3	COPA	TCP1
cluster_1777	3	RC3H2	TRIM45	UBE2B
cluster_1778	3	POGZ	RNF2	SIRT7
cluster_1779	3	B2M	TAPBP	TPST1
cluster_1780	3	NLGN1	NLGN2	NLGN3
cluster_1781	3	PABPC1	RPS3	SUMO1
cluster_1782	3	THOC1	THOC5	ZC3H14
cluster_1783	3	LIN7C	MPDZ	PATJ
cluster_1784	3	BRSK1	MARK1	PRKAA1
cluster_1785	3	APP	YWHAB	YWHAG
cluster_1786	3	NUDT16	PTPN6	RPS19BP1
cluster_1787	3	GATA4	ID2	NKX2-5
cluster_1788	3	ADCYAP1R1	CLU	EPPIN
cluster_1789	3	CFAP410	SKAP1	SKAP2
cluster_1790	3	CLDN1	CLDN3	CLDN5
cluster_1791	3	DZIP1	HIVEP2	NPM1
cluster_1792	3	ELP6	PSMC4	PSMC5
cluster_1793	3	FOXO4	MYBL2	NLK
cluster_1794	3	BRD8	EP400	TP53
cluster_1795	3	EAF1	PINX1	RBMX2
cluster_1796	3	GLYCTK	RBP1	SNF8
cluster_1797	3	FOXP3	GATA3	IKZF4
cluster_1798	3	POLR2F	POLR2H	POLR2J
cluster_1799	3	PSMA6	PSMB1	RPP30
cluster_1800	3	PTPRS	TNF	TNFSF9
cluster_1801	3	DSN1	SALL1	SALL2
cluster_1802	3	POLR2F	POLR2G	SETX
cluster_1803	3	CCDC137	NVL	RRP8
cluster_1804	3	ELAVL1	NUAK1	NUAK2
cluster_1805	3	CBX8	EED	SUZ12
cluster_1806	3	ACTL6B	EP400	MAX
cluster_1807	3	ANP32E	DMAP1	VPS72
cluster_1808	3	EIF3A	EIF3E	NAP1L4
cluster_1809	3	ANXA13	ANXA2	CCR10
cluster_1810	3	APP	CCT7	CCT8
cluster_1811	3	ATF7	JUND	YY1
cluster_1812	3	CDK5RAP2	MZT2A	MZT2B
cluster_1813	3	ABLIM1	CDK2	CYLD
cluster_1814	3	ATP5F1C	ATP5IF1	ATP5PB
cluster_1815	3	CSGALNACT2	GOSR1	GOSR2
cluster_1816	3	NEO1	PTAFR	PTK2
cluster_1817	3	AAAS	CTDNEP1	VEZT
cluster_1818	3	ARL6IP1	HGS	VMP1
cluster_1819	3	NMT1	NMT2	TGFB1
cluster_1820	3	ARL1	DHCR7	PTPN1
cluster_1821	3	RACK1	TNFRSF11A	WIPI1
cluster_1822	3	CSF1R	KIT	PDGFRA
cluster_1823	3	IRF2	MDM2	PAK6
cluster_1824	3	CDV3	SCP2	UBL4A
cluster_1825	3	CKAP4	ECT2	MBD1
cluster_1826	3	PAFAH1B1	YWHAG	YWHAH
cluster_1827	4	ATF7	JUND	NFATC1	NFATC2
cluster_1828	4	DDX17	DDX5	DHX9	INO80B
cluster_1829	3	LRIG3	PLXNA3	PTPRK
cluster_1830	3	AP1S1	UBA1	USH1C
cluster_1831	3	ENO1	LDHA	LDHB
cluster_1832	3	NIPBL	SMC1A	STAG3
cluster_1833	3	PSMA1	PSMB2	SEC23A
cluster_1834	3	ANXA4	IRF9	NFKB1
cluster_1835	3	APPL1	CLCN3	TPCN2
cluster_1836	3	AQR	ISY1	SF3A2
cluster_1837	3	BMS1	MACROH2A2	RBM19
cluster_1838	3	HEG1	LGALS3	SLC17A5
cluster_1839	3	CHST12	ITM2B	LRFN3
cluster_1840	3	BIN2	KIF1B	PARD6A
cluster_1841	3	COPS2	COPS7A	SKP2
cluster_1842	3	DTX1	EGR2	TAX1BP3
cluster_1843	3	SNRPD2	SNRPE	YWHAH
cluster_1844	3	CDC16	HAUS6	PLCH1
cluster_1845	3	LMAN2	OSBPL6	TMED2
cluster_1846	3	PAXBP1	TERF2	TFIP11
cluster_1847	3	POLR2E	POLR3F	POLR3G
cluster_1848	3	ANAPC7	CCDC8	CDC23
cluster_1849	3	CENPA	CENPT	RSF1
cluster_1850	3	LBR	MECP2	SPOUT1
cluster_1851	3	AURKA	EPRS1	IARS1
cluster_1852	4	PRPF3	SART1	SEPTIN2	SEPTIN7
cluster_1853	4	NOC2L	PUM3	RPF2	SURF6
cluster_1854	3	APP	RAB1B	RAB1C
cluster_1855	3	IGFBP5	LOXL3	LTBP1
cluster_1856	3	NUP160	NUP85	NUP98
cluster_1857	3	SNRPG	SNRPGP15	TOP1
cluster_1858	4	HDAC5	HUWE1	NONO	SFPQ
cluster_1859	3	CLEC16A	RAB39B	WHAMM
cluster_1860	3	MAP1LC3C	PIK3R4	WDR81
cluster_1861	3	CAND1	CUL1	NCBP2
cluster_1862	3	PABPC1	PABPC4	PRNP
cluster_1863	3	CTNNB1	MOV10	NXF1
cluster_1864	3	SLC30A5	SLC30A6	SPPL2B
cluster_1865	3	LARP1	LIN28A	UPF1
cluster_1866	4	DMAP1	EP400	HDAC1	HDAC2
cluster_1867	3	SNAPC1	SNAPC2	SNAPC5
cluster_1868	3	SNX2	SNX4	SNX6
cluster_1869	3	COPS5	FBXW11	KEAP1
cluster_1870	3	H1-0	PARP2	RPA4
cluster_1871	3	AKT1	PIK3CA	PIK3CB
cluster_1872	3	PHF6	PRPF8	SNRNP200
cluster_1873	3	ATRX	RAD1	RAD9A
cluster_1874	3	FTSJ3	GNL3L	GTPBP4
cluster_1875	4	CYC1	MTCH2	NDUFS1	TOMM40
cluster_1876	3	KANSL2	NECAB1	NECAB3
cluster_1877	3	HNRNPL	STK38	STK38L
cluster_1878	3	LIMK1	MBP	RPS6KA6
cluster_1879	3	EIF4ENIF1	KLHDC3	SYMPK
cluster_1880	3	AP3D1	AP3S1	EGFR
cluster_1881	3	CCT3	CCT7	DTL
cluster_1882	3	EXOSC7	EXOSC8	TP53
cluster_1883	3	PABPC4	UPF1	YWHAQ
cluster_1884	3	ACVR2B	BMPR1A	PDGFRB
cluster_1885	3	BNIP1	SRPRB	STX18
cluster_1886	3	MCM4	ORC1	ORC5
cluster_1887	3	ALS2	CFAP410	NEK1
cluster_1888	4	ARCN1	COPA	COPB1	LNPK
cluster_1889	3	ACACA	PSMC6	PSMD2
cluster_1890	3	COPA	COPB2	TRIP10
cluster_1891	4	CMTR1	H2BC10	H2BC11	PARG
cluster_1892	3	CNN2	TUFT1	ZYX
cluster_1893	3	ADAM22	DLG4	LRRC7
cluster_1894	3	CDK2	CUL7	UCHL1
cluster_1895	3	CLN6	DERL1	EDEM1
cluster_1896	4	CD63	LGALS3	LGALS8	LGALS9
cluster_1897	3	BANF1	LUC7L3	TRA2B
cluster_1898	3	EHD3	RAB11FIP2	RAB11FIP5
cluster_1899	3	ARHGAP27	CDC42	MCF2
cluster_1900	3	POLD3	POLD4	RNF8
cluster_1901	3	SNAP23	SNTG1	VAMP5
cluster_1902	3	BACE1	SORCS1	SORT1
cluster_1903	3	HDAC1	HUS1	RAD9A
cluster_1904	3	ANAPC5	CDC27	TFDP1
cluster_1905	3	CWC27	DHX38	SLU7
cluster_1906	3	PLK1	PSMA2	PSMB6
cluster_1907	3	MAU2	NUF2	SRCAP
cluster_1908	3	CLTC	PLEKHA5	SYNJ1
cluster_1909	3	GP1BA	GP5	SELP
cluster_1910	3	GSTP1	MAPK1	TTN
cluster_1911	3	NOS2	SNRPB	SNRPD3
cluster_1912	3	PIH1D1	URI1	XPO1
cluster_1913	3	CLNS1A	LSM10	LSM11
cluster_1914	3	NUP214	NUP93	SOX2
cluster_1915	3	CANX	HYAL3	TOR3A
cluster_1916	3	FBXL4	KIF3A	PKP1
cluster_1917	3	NDUFA8	NDUFB11	NDUFS2
cluster_1918	3	GOSR2	RINT1	SEC22B
cluster_1919	3	RFC4	RFC5	RUVBL2
cluster_1920	3	ALOX5	AMOTL1	TRIM65
cluster_1921	3	FBXW11	PLCH1	RASSF3
cluster_1922	3	CAMKV	NOS1AP	PIP4K2A
cluster_1923	3	BET1L	CNN3	YKT6
cluster_1924	3	BNIP2	NCBP1	NFIC
cluster_1925	3	FHOD1	PPARG	TNP1
cluster_1926	3	AQR	CDC40	CRNKL1
cluster_1927	3	CYFIP1	CYFIP2	WWOX
cluster_1928	3	POLR2D	POLR2L	SMARCD1
cluster_1929	4	DDX5	HNRNPD	HNRNPH1	IPO11
cluster_1930	3	ATG9A	PSMD11	PSMD6
cluster_1931	3	GFI1	KDM1A	ZNF217
cluster_1932	3	BAHD1	HDAC1	ZMYND11
cluster_1933	3	NFKBIA	PSMA1	PSMA2
cluster_1934	3	B4GALT7	B4GAT1	FKRP
cluster_1935	3	ILF2	ILF3	RBM3
cluster_1936	3	MYL12A	MYL12B	PTEN
cluster_1937	3	LRRC8B	LRRC8C	LRRC8D
cluster_1938	3	DLD	DLST	OGDHL
cluster_1939	3	BSG	SLC16A1	SLC16A4
cluster_1940	4	BRD8	EPC1	KAT5	PLAGL2
cluster_1941	3	APOE	C9	LCAT
cluster_1942	3	OBSL1	SIRT7	TJP2
cluster_1943	3	HIPK1	PLCE1	SIAH1
cluster_1944	3	FBLN1	WNT4	WNT7A
cluster_1945	3	HMGN1	LIG4	RPS19BP1
cluster_1946	3	PEX10	PEX2	PEX5
cluster_1947	3	ASAP1	ASAP2	RAB11FIP3
cluster_1948	3	DVL1	ITCH	NDFIP2
cluster_1949	3	CD24	CDK14	FGR
cluster_1950	3	CEP63	COL17A1	DST
cluster_1951	3	CNTLN	FXYD1	GOPC
cluster_1952	3	ITGA2	LGALS3	LGALS8
cluster_1953	3	ACVR2A	BMPR1A	TLR2
cluster_1954	3	CMTM6	PMEL	TPCN1
cluster_1955	3	KIF5A	KIF5C	KLC2
cluster_1956	3	NIP7	RBM4B	RSL24D1
cluster_1957	3	CIAO1	CIAO2B	ELP2
cluster_1958	3	FYN	GNB1	GNG2
cluster_1959	3	CEP128	PLK4	TTK
cluster_1960	3	ELAVL1	TNPO3	XPO4
cluster_1961	3	ARPC1B	ARPC2	AURKA
cluster_1962	3	CALD1	CUL7	OBSL1
cluster_1963	3	SYNE1	TIAM2	TNIK
cluster_1964	3	SNX15	TNFAIP2	VPS36
cluster_1965	3	FLNB	FLNC	ITGB6
cluster_1966	3	ARL3	KLK3	UBA52
cluster_1967	3	DYNC1I2	EIF3A	EIF3B
cluster_1968	3	NUP205	NUP93	TPR
cluster_1969	3	CXADR	NCOA1	NR4A2
cluster_1970	3	INTS11	INTS3	INTS9
cluster_1971	3	DDN	MAGI1	SSTR3
cluster_1972	3	COG4	COG5	VCP
cluster_1973	4	CUL3	HAX1	KEAP1	NTRK1
cluster_1974	3	KCNB1	KCNE5	KCNH1
cluster_1975	3	BANF1	SMARCC2	SMARCE1
cluster_1976	3	FAF1	KCTD13	TNFAIP1
cluster_1977	3	AGO1	MEX3B	OTUD7B
cluster_1978	3	CASC3	NCBP3	TRA2A
cluster_1979	3	PSMD1	PSMD14	STUB1
cluster_1980	3	RAB3GAP1	RAB3GAP2	SIRT2
cluster_1981	3	PMPCB	POLDIP2	SHMT2
cluster_1982	3	BMI1	SUZ12	ZC3H13
cluster_1983	3	DMPK	PAK6	RAC1
cluster_1984	3	CHST9	STX5	USE1
cluster_1985	3	CAPN1	CD99L2	GAS2
cluster_1986	3	CD38	CD3E	LAT
cluster_1987	3	IFT56	IFT74	VCP
cluster_1988	3	FIG4	PIKFYVE	SNX27
cluster_1989	3	SF3B5	SNRPA	SNRPD1
cluster_1990	3	UBE2V1	YWHAG	YWHAZ
cluster_1991	4	BRIX1	EBNA1BP2	KRR1	ZNF346
cluster_1992	3	RFC4	TAF12	TAF9B
cluster_1993	7	HTATSF1	SNRPA1	SNRPD2	SNRPE	SNRPF	SNRPG	SNRPGP15
cluster_1994	3	RRP1B	SMCHD1	SRPK2
cluster_1995	3	HSPA5	NYX	SPACA3
cluster_1996	3	ADGRL2	FLRT1	FLRT3
cluster_1997	3	ARMC8	PTPN21	RMND5A
cluster_1998	3	NOP10	RBM34	REXO4
cluster_1999	3	ARHGDIG	DRD3	RDX
