cluster_0	6	DBN1	FLNA	JUP	LIMA1	MYH9	SYNPO
cluster_1	6	STX12	STX6	STX7	STX8	VAMP4	VTI1B
cluster_2	6	TAF1	TAF4	TAF6	TAF7	TAF9	WDR5
cluster_3	5	CDC42	DBN1	FLNA	IQGAP1	LIMA1
cluster_4	5	CDC5L	MRE11	NBN	RAD50	SNW1
cluster_5	5	DDX20	GEMIN2	GEMIN4	GEMIN5	SRP54
cluster_6	5	KPNB1	NUP107	NUP153	NUP98	RCC1
cluster_7	5	LSM1	SNRPD2	SNRPD3	SNRPE	SNRPF
cluster_8	5	SNRPB	SNRPD2	SNRPD3	SNRPE	STRAP
cluster_9	4	ACOX1	UBA1	UBE2N	UBE2V1
cluster_10	4	ACTN1	ACTN4	TPM1	TPM3
cluster_11	4	ANLN	LIMA1	LYN	MYH9
cluster_12	4	ATRX	PRKDC	XRCC5	XRCC6
cluster_13	4	BAG6	HSPA1A	HSPA1B	HSPA8
cluster_14	4	BRCA1	JUN	MCM2	TERF2IP
cluster_15	4	CBX1	CBX3	CBX5	CHAF1B
cluster_16	4	CBX5	ORC1	ORC2	ORC3
cluster_17	4	CDC5L	SMC1A	SMC3	SNW1
cluster_18	4	CLTA	CLTB	GAK	HSPA8
cluster_19	4	CLTB	GAK	HIP1R	PICALM
cluster_20	4	DBN1	LIMA1	MYO1C	PTEN
cluster_21	4	EGFR	IQGAP1	LIMA1	MYH9
cluster_22	4	GTF2F1	HNRNPA1	HNRNPU	NCL
cluster_23	4	HSPA1A	HSPA1B	SMAD2	SMAD3
cluster_24	4	KPNB1	NUP153	SMAD2	SMAD3
cluster_25	4	LRWD1	ORC2	ORC3	ORC4
cluster_26	4	MCM7	SF3A1	SF3B1	SNRPA1
cluster_27	4	POLR2A	SMARCA2	SMARCA4	SMARCB1
cluster_28	4	STX16	STX6	STX7	VAMP4
cluster_29	3	ABL1	CDK1	FYN
cluster_30	3	ABL1	PRKDC	XRCC6
cluster_31	3	ACTB	ARRB1	ARRB2
cluster_32	3	ACTB	CORO1B	CORO1C
cluster_33	3	ACTB	HSP90AA1	HSP90AB1
cluster_34	3	ACTL6A	CDC5L	SNW1
cluster_35	3	ACTN1	ACTN4	DNM1L
cluster_36	3	ACTR1A	DCTN2	DNM1L
cluster_37	3	ACTR2	ACTR3	CORO1A
cluster_38	3	AKT1	MTOR	RPTOR
cluster_39	3	AMFR	DERL1	SYVN1
cluster_40	3	ANKFY1	VPS26A	VPS35
cluster_41	3	ANXA1	HSPA1A	HSPA1B
cluster_42	3	APEX1	PRKDC	XRCC5
cluster_43	3	APH1A	PSEN1	PSEN2
cluster_44	3	APP	FLOT1	FLOT2
cluster_45	3	AR	NR3C1	TP53
cluster_46	3	ATP5F1A	ATP5F1B	ATP5F1D
cluster_47	3	ATRX	SMC1A	SMC3
cluster_48	3	ATXN1	NCOR1	NCOR2
cluster_49	3	AURKA	UBA1	UBE2N
cluster_50	3	BABAM1	BABAM2	BRCC3
cluster_51	3	BABAM1	TNKS	TNKS2
cluster_52	3	BAX	BCL2	BCL2L1
cluster_53	3	BAX	PSMC3	PSMC5
cluster_54	3	BCL10	MALT1	PYCARD
cluster_55	3	BLM	TERF1	TERF2
cluster_56	3	BMI1	RNF2	TRIM27
cluster_57	3	BRCA1	JUN	RAD18
cluster_58	3	BRCA1	TP63	TP73
cluster_59	3	BRCA2	SMAD2	SMAD3
cluster_60	3	C1QBP	PHB1	PHB2
cluster_61	3	CBX1	CBX3	MAX
cluster_62	3	CCAR2	SMC2	SMC4
cluster_63	3	CD2BP2	DDX20	GEMIN4
cluster_64	3	CD36	FYN	SRC
cluster_65	3	CDC20	CDC27	MAD1L1
cluster_66	3	CDC42	PARD3	PKHD1
cluster_67	3	CDH1	SNX1	SNX2
cluster_68	3	CDK1	PPP1CA	PPP1CC
cluster_69	3	CDKN1A	ESR1	JUN
cluster_70	3	CENPF	NUP107	NUP133
cluster_71	3	CFTR	VAPA	VAPB
cluster_72	3	COIL	XRCC5	XRCC6
cluster_73	3	CTNNB1	PRPF6	SNRPD1
cluster_74	3	DBN1	DNM1L	IQGAP1
cluster_75	3	DDX1	RTCB	XPO1
cluster_76	3	DDX20	GEMIN2	NCBP1
cluster_77	3	DDX6	YWHAB	YWHAQ
cluster_78	3	DHX9	HNRNPA2B1	SNRPB2
cluster_79	3	DLG2	DLG4	NOS1
cluster_80	3	DSN1	KNL1	PML
cluster_81	3	EFTUD2	SNRNP200	THOC6
cluster_82	3	EHD1	STX12	STX7
cluster_83	3	ENO2	ENO3	SOD1
cluster_84	3	ERCC1	ERCC4	POLR2A
cluster_85	3	FGA	FGB	FGG
cluster_86	3	FLNA	IQCB1	MYH9
cluster_87	3	GEMIN6	GEMIN7	SMN1
cluster_88	3	GNAI1	GNAI2	PTEN
cluster_89	3	GNAI1	GNAI3	RANGAP1
cluster_90	3	GNAI2	GNAI3	PLEKHA7
cluster_91	3	GRB2	SNRNP200	SNRPD2
cluster_92	3	GTF2B	JUN	MCM2
cluster_93	3	H2AX	SMARCA2	SMARCA4
cluster_94	3	HDAC1	HDAC2	MACROH2A1
cluster_95	3	HDAC3	NCOR1	ZBTB33
cluster_96	3	HNRNPC	SMARCA4	SMARCC1
cluster_97	3	HNRNPU	NPM1	RARA
cluster_98	3	HSPA5	IQGAP1	MYH9
cluster_99	3	HSPD1	PACSIN2	PACSIN3
cluster_100	3	HTT	PACSIN1	PACSIN2
cluster_101	3	IFI16	TOP2A	TOP2B
cluster_102	3	IPO5	KPNB1	NUP153
cluster_103	3	KATNA1	KATNB1	PAFAH1B1
cluster_104	3	LRRK2	TPM1	TPM3
cluster_105	3	MDM2	TAF1	TBP
cluster_106	3	MRE11	NBN	SLX4
cluster_107	3	NCOR1	SF3A1	SF3B3
cluster_108	3	NUP107	NUP153	XPO1
cluster_109	3	PAFAH1B1	SNRPD2	SNRPF
cluster_110	3	POLR2A	POLR2E	SNW1
cluster_111	3	PRKN	UBE2N	UBE2V1
cluster_112	3	PSMC3	PSMC6	RUVBL1
cluster_113	3	RAB10	RAB5C	RAB7A
cluster_114	3	RBBP5	SMARCC1	SMARCE1
cluster_115	3	SF3B1	SF3B2	THOC1
cluster_116	3	SNAP23	STX1B	STX4
cluster_117	3	STK24	STRN3	XPO1
cluster_118	3	STX16	STX6	VTI1A
cluster_119	3	TAF6	TAF7	USF1
cluster_120	3	UPF3A	UPF3B	XPO1
cluster_121	5	EFTUD2	SART1	SNRPA1	SNRPD1	TPR
cluster_122	4	BNIP1	STX12	STX6	VAMP4
cluster_123	4	CDC5L	SMC2	SMC4	SNW1
cluster_124	4	CENPA	FBL	HNRNPU	NPM1
cluster_125	4	CENPE	CEP131	OFD1	PCM1
cluster_126	4	DNM2	PACSIN1	PACSIN2	PACSIN3
cluster_127	4	SCAMP5	STX6	STX8	VAMP4
cluster_128	4	SMAD2	SMAD3	TP63	TP73
cluster_129	4	SNAP23	STX1A	STX4	VAMP5
cluster_130	6	DDX23	PRPF3	PRPF4	PRPF6	SNRNP40	TXNL4A
cluster_131	4	ABL1	CTNNB1	FYN	SRC
cluster_132	4	BRCA1	ESR1	JUN	MYC
cluster_133	4	EXOSC10	EXOSC2	EXOSC4	UPF1
cluster_134	4	POLR2A	POLR2D	POLR2E	XRCC5
cluster_135	3	ACIN1	HNRNPA1	PNN
cluster_136	3	ACTR2	CLTA	CLTB
cluster_137	3	AP1B1	AP1G1	ARF6
cluster_138	3	APBB1	ENAH	VASP
cluster_139	3	APEX1	MRE11	RAD50
cluster_140	3	ATP6V1A	ATP6V1B1	PKP4
cluster_141	3	AURKB	BIRC5	INCENP
cluster_142	3	BTK	DBN1	FLNA
cluster_143	3	CCND1	NCOA1	NCOA3
cluster_144	3	DDX1	HUWE1	RTRAF
cluster_145	3	ERCC2	GTF2H4	TBP
cluster_146	3	GLE1	NUP153	NUP42
cluster_147	3	KAT7	ORC1	ORC2
cluster_148	3	MAP1LC3A	MAP1LC3B	PINK1
cluster_149	3	MECP2	SMARCA2	SMARCB1
cluster_150	3	MOB1A	MOB1B	RASSF2
cluster_151	3	POLR2E	POLR2H	POLR2K
cluster_152	3	STOM	STX6	VAMP4
cluster_153	6	HSPA1A	HSPA1B	HSPA8	PACSIN1	PACSIN2	PACSIN3
cluster_154	6	MYC	SMARCA2	SMARCA4	SMARCB1	SMARCC1	SMARCC2
cluster_155	5	ERCC1	TAF10	TAF12	TAF6	TAF7
cluster_156	5	SMARCA2	SMARCA4	SMARCC2	SMARCE1	TERT
cluster_157	4	AURKA	PPP1CA	PPP1CB	PPP1CC
cluster_158	4	CPSF6	SMARCB1	SMARCC1	SMARCC2
cluster_159	4	GNAI1	GNAI2	GNAI3	GNB2
cluster_160	4	HDAC1	HDAC2	MEN1	SIN3A
cluster_161	4	UBA1	UBE2A	UBE2B	UBE2V1
cluster_162	3	ACTR1B	DCTN4	RAB11A
cluster_163	3	ACTR2	ARPC3	CALR
cluster_164	3	AFDN	EZR	SRGAP2
cluster_165	3	CAND1	NPM1	OSBP
cluster_166	3	CAPN3	PSMC3	PSMD1
cluster_167	3	CBX2	CBX4	CENPE
cluster_168	3	CD44	TGFBR1	TGFBR2
cluster_169	3	CDC45	CDK2	MCM2
cluster_170	3	CDH1	SEPTIN2	SEPTIN7
cluster_171	3	CDK1	PPP2R1A	PPP2R1B
cluster_172	3	CPSF6	MDC1	TP53BP1
cluster_173	3	CSNK1A1	DYNLL1	DYNLL2
cluster_174	3	CWC15	PLRG1	PRPF19
cluster_175	3	CXXC1	PES1	SETD1A
cluster_176	3	FBL	KLF6	NOP56
cluster_177	3	HNRNPU	RPS3	UBXN6
cluster_178	3	NONO	SFPQ	SMARCD1
cluster_179	3	NUP153	SMARCC2	SMARCE1
cluster_180	3	ORC2	ORC3	ORC6
cluster_181	3	PAFAH1B2	RTCB	RTRAF
cluster_182	3	POLR2A	POLR2I	POLR2K
cluster_183	3	PPP2CA	PPP2R1A	RACK1
cluster_184	3	RUVBL1	SMARCA2	SMARCC2
cluster_185	3	THOC5	THOC7	ZPR1
cluster_186	4	LITAF	RPS27A	UBA52	UBB
cluster_187	3	CCAR2	SF3A2	SF3B3
cluster_188	3	CHEK2	DHX9	HNRNPU
cluster_189	3	CLASP1	CNTRL	NIN
cluster_190	3	MEN1	POLR2A	POLR2B
cluster_191	3	MRE11	SMARCC1	SMARCC2
cluster_192	3	RPA1	RPA2	TP53
cluster_193	3	SAP18	SMARCB1	SMARCC2
cluster_194	5	MDC1	MRE11	NBN	RAD50	TP53BP1
cluster_195	4	DDX1	LRRFIP1	RTCB	RTRAF
cluster_196	4	LRWD1	NFATC1	ORC2	ORC5
cluster_197	6	AURKA	PSMA1	PSMA5	PSMA6	PSMB5	PSMB7
cluster_198	4	ANLN	MYH9	PPP1CB	UACA
cluster_199	4	ERCC1	ERCC4	MDC1	TP53BP1
cluster_200	4	KAT2A	KAT2B	SMAD2	SMAD3
cluster_201	4	MDC1	TERF1	TERF2	TP53BP1
cluster_202	4	SMARCA1	SMARCA4	SMARCC1	SMARCC2
cluster_203	3	APP	RPS27A	UBB
cluster_204	3	CHEK2	NBN	RAD50
cluster_205	3	CLIC1	PSMA1	PSMA5
cluster_206	3	COPS3	COPS8	CTNNB1
cluster_207	3	CPNE3	PA2G4	SND1
cluster_208	3	CREBBP	EP300	TRERF1
cluster_209	3	CTNNB1	PTPN11	PTPN6
cluster_210	3	DDOST	DERL1	RPN1
cluster_211	3	GTPBP4	IMP3	NIFK
cluster_212	3	MYC	NUP133	NUP98
cluster_213	3	OFD1	PCM1	SPAG5
cluster_214	3	PRKN	UBE2A	UBE2B
cluster_215	3	RAB8A	WDR81	WDR91
cluster_216	4	ACTR2	ACTR3	ARPC3	STXBP1
cluster_217	4	CLTC	CNTRL	OFD1	PCM1
cluster_218	4	CREBBP	EP300	SMAD2	SMAD3
cluster_219	4	CTSA	GABARAP	GABARAPL1	GABARAPL2
cluster_220	4	FOS	SMARCC1	SMARCC2	SMARCE1
cluster_221	4	POLR2A	POLR2B	POLR2D	POLR2I
cluster_222	3	GTF3C3	SMARCA4	SMARCC2
cluster_223	3	ILF2	ILF3	MCM7
cluster_224	3	SF3B1	SF3B3	SMAD5
cluster_225	4	PINK1	PSMC6	PSMD1	PSMD2
cluster_226	5	HNRNPU	NPM1	PML	RPL11	RPL5
cluster_227	3	AGO2	HTT	RPL4
cluster_228	3	APEX1	SRPK1	SRPK2
cluster_229	3	BARD1	SNRPB	SNRPC
cluster_230	3	CLIC2	CLIC4	CLIC5
cluster_231	3	EFTUD2	PRKDC	PRPF8
cluster_232	3	RAD23A	RAD23B	UBQLN4
cluster_233	4	ACTR2	ACTR3	ARPC2	TRAF6
cluster_234	4	ANLN	DBN1	FLNA	FSCN1
cluster_235	4	AR	CREBBP	EP300	NR3C1
cluster_236	4	HDAC6	PSMC5	PSMD1	PSMD2
cluster_237	4	NDRG1	PSMC2	PSMC3	PSMD2
cluster_238	3	CBX3	CBX5	L3MBTL1
cluster_239	3	COPB1	COPG1	GBF1
cluster_240	3	HDAC2	MAX	SIN3A
cluster_241	3	NCL	NPM1	RB1
cluster_242	3	NOP56	NOP58	NUFIP1
cluster_243	5	ATP5F1A	ATP5F1B	VDAC1	VDAC2	VDAC3
cluster_244	4	NCOA1	NCOA2	NCOA3	SUMO1
cluster_245	7	ARID1A	GATA1	SMARCA4	SMARCB1	SMARCC1	SMARCC2	SMARCE1
cluster_246	4	AKAP8L	BMI1	RNF2	SUZ12
cluster_247	4	AR	HSPA1A	HSPA1B	NR3C1
cluster_248	4	HNRNPL	PPP1CA	PPP1CB	SYNPO
cluster_249	5	DDX20	GEMIN2	GEMIN4	GEMIN6	NUFIP1
cluster_250	5	SNRNP70	SNRPD2	SNRPD3	SNRPE	UBL4A
cluster_251	3	CCT4	CCT5	XPO1
cluster_252	3	CIAO2B	CSE1L	MMS19
cluster_253	4	CPSF6	DDX17	DDX5	HNRNPK
cluster_254	3	ADA	DPP4	FAP
cluster_255	3	CDC16	CDC27	PPP5C
cluster_256	3	CRY2	DDX20	GEMIN5
cluster_257	3	CTNNB1	FLT1	KDR
cluster_258	3	CTSA	GLB1	RHOA
cluster_259	3	DCAF7	PPP1CA	PPP1CB
cluster_260	3	DDX21	DHX9	PINX1
cluster_261	3	HDAC2	RBBP4	SRRM2
cluster_262	3	IKBKG	KRT18	KRT8
cluster_263	3	KAT2A	KAT2B	RELA
cluster_264	3	LRRK2	RAB1A	RAB1B
cluster_265	3	MVB12B	TSG101	VPS37A
cluster_266	3	PSMA5	PSMB7	S100A9
cluster_267	3	PSMC3	PSMD13	RANBP9
cluster_268	4	CNTRL	DYNC1H1	NIN	OFD1
cluster_269	3	ADRM1	PSMD1	PSMD2
cluster_270	3	ANAPC7	CDC27	VCP
cluster_271	3	CYFIP1	CYFIP2	FMR1
cluster_272	3	HDAC1	NFYB	NFYC
cluster_273	3	HDAC4	HDAC7	MEF2C
cluster_274	3	HIPK3	HNRNPA2B1	HNRNPH1
cluster_275	3	LSM2	LSM3	SF3B2
cluster_276	3	SMAD4	SMAD6	SMAD7
cluster_277	5	STX17	VPS16	VPS18	VPS33A	VPS41
cluster_278	4	APP	ARCN1	COPB1	COPZ1
cluster_279	4	CREBBP	EP300	MDC1	TP53BP1
cluster_280	4	HSF1	TAF1	TAF7	TBP
cluster_281	4	CREB1	HDAC1	HDAC2	RBBP4
cluster_282	4	FBL	HNRNPU	MAGED2	NCL
cluster_283	3	AGO4	PRMT5	WDR77
cluster_284	3	BCL3	NFKB2	RELB
cluster_285	3	CCNB1	RPS18	RPS3
cluster_286	3	COPS3	COPS7A	VCP
cluster_287	3	ECT2	PSMA6	PSMD4
cluster_288	3	GABARAP	GABARAPL1	LGMN
cluster_289	3	GTF2F1	SF3A1	SF3A3
cluster_290	3	HIF1A	NCOA1	NCOA2
cluster_291	3	HNRNPF	HNRNPH1	NCBP1
cluster_292	3	KPNB1	NFATC1	NFATC2
cluster_293	3	POT1	TINF2	TNKS
cluster_294	3	SLC25A20	SLC25A5	SLC25A6
cluster_295	3	SP1	TAF4	TAF7
cluster_296	3	TIMM10	TIMM13	TIMM9
cluster_297	4	CDKN1A	EFTUD2	PRPF8	SNRNP200
cluster_298	4	STX6	STX7	STX8	VPS11
cluster_299	3	ANLN	FLNA	LMNA
cluster_300	3	CDK19	HNRNPL	MED27
cluster_301	3	PRMT2	TRAPPC2	TRAPPC2B
cluster_302	3	UBA1	UBE2C	UBE2V1
cluster_303	4	KAT2A	KAT2B	TADA3	WDR5
cluster_304	5	BARD1	POLR2A	POLR2B	POLR2E	POLR2H
cluster_305	5	MDC1	POLR2A	POLR2B	POLR2C	POLR2E
cluster_306	4	H3-3A	TAF3	TAF5	TAF6
cluster_307	3	ACTR3	ARPC2	CDH1
cluster_308	3	ANK2	GABARAPL1	GABARAPL2
cluster_309	3	CAND1	KEAP1	SLX4
cluster_310	3	CAPZA1	CAPZB	DCTN1
cluster_311	3	LITAF	UBQLN1	UBQLN2
cluster_312	3	SYPL1	VAMP3	VAMP8
cluster_313	4	HNRNPU	NPM1	RPL10	ZNF622
cluster_314	3	BRCA1	MORF4L1	MORF4L2
cluster_315	3	DBN1	MYH9	PIK3C3
cluster_316	3	DDX19A	DDX19B	XPO1
cluster_317	3	DYNC1LI1	DYNC1LI2	FLNA
cluster_318	3	GAPDH	PSMD11	PSMD3
cluster_319	3	HTT	PSMC5	PSMD4
cluster_320	3	NUP107	NUP98	TRIM25
cluster_321	3	PRPF3	PRPF4	SART3
cluster_322	3	TAP1	TAP2	TAPBP
cluster_323	4	ADAR	THOC1	THOC2	THOC7
cluster_324	3	BMAL1	CLOCK	KAT2B
cluster_325	3	CCND1	PPP1CB	PPP1CC
cluster_326	3	CRTAP	MIA3	P3H1
cluster_327	4	ACTR1A	ACTR1B	DCTN2	ZW10
cluster_328	3	APP	KLC1	KLC2
cluster_329	3	BRCA2	DSN1	NSL1
cluster_330	3	DSN1	RNF20	RNF40
cluster_331	3	KPNA3	KPNA4	NCBP1
cluster_332	3	PINK1	TOMM20	TOMM22
cluster_333	3	SNW1	THOC1	THOC2
cluster_334	4	ADRM1	PSMB2	PSMC1	YWHAE
cluster_335	4	IQGAP1	PPP1CA	PPP1CB	PTK2
cluster_336	3	ATP5F1C	UQCRC1	UQCRC2
cluster_337	3	ATP5PB	ATP5PD	SDHA
cluster_338	3	CHD4	EP300	MTA1
cluster_339	3	DDX17	DDX5	WBP11
cluster_340	3	PSMA1	PSMB1	SUGT1
cluster_341	3	PSMC4	PSMD1	TUBA4A
cluster_342	3	TMED10	TMED2	TMED9
cluster_343	4	ABI1	CYFIP1	CYFIP2	HSPA8
cluster_344	4	GEMIN5	GEMIN6	GEMIN8	SMN1
cluster_345	5	DNMT3A	DNMT3B	POLR2A	POLR2C	POLR2H
cluster_346	3	DLG3	DLG4	PTK2B
cluster_347	3	MTA2	POLR2A	POLR2C
cluster_348	3	POLR1E	POLR1G	RNF2
cluster_349	3	PPP1R8	SF3A2	SF3B1
cluster_350	3	PSEN1	PSMA5	PSMB1
cluster_351	9	DNM1L	PSMA4	PSMC1	PSMC2	PSMC3	PSMC4	PSMC5	PSMC6	PSMD2
cluster_352	3	ANXA5	CPNE3	GPI
cluster_353	3	LSM4	LSM6	PPIH
cluster_354	3	THOC2	THOC7	TP53BP1
cluster_355	5	FLNC	PSMC4	PSMD12	PSMD13	PSMD3
cluster_356	4	KRT1	KRT10	KRT2	SFN
cluster_357	3	CCND1	CDC27	FZR1
cluster_358	3	CLTB	VPS33A	VPS41
cluster_359	3	DDX17	DHX15	RBM15
cluster_360	3	ADRB2	CEACAM1	CEACAM5
cluster_361	4	PPP2CA	PSMC6	PSMD1	PSMD3
cluster_362	4	DYNC1I2	DYNC1LI1	DYNC1LI2	NIN
cluster_363	3	ADRM1	PSMC2	SNRNP200
cluster_364	3	CCT3	CCT5	LRRK2
cluster_365	3	PSMC5	PSMC6	SIAH1
cluster_366	4	HEY1	SNRPB	SNRPD1	SNRPD3
cluster_367	3	AKAP6	PDE4A	PRKAR2A
cluster_368	3	DNMT3A	DNMT3B	EHMT2
cluster_369	4	HDAC3	NCOR1	NCOR2	NR1D1
cluster_370	4	SCNN1A	SCNN1B	SCNN1D	SCNN1G
cluster_371	3	KPNB1	YWHAE	YWHAZ
cluster_372	3	SPTAN1	SPTBN1	SVIL
cluster_373	3	AP1B1	AP2A2	VCP
cluster_374	3	AURKB	CNTRL	OFD1
cluster_375	3	CDC40	CRNKL1	SNW1
cluster_376	3	FERMT2	SNRPD1	SNRPF
cluster_377	3	PPP1CA	YWHAE	YWHAH
cluster_378	3	STX1A	STX4	VAPB
cluster_379	4	BRD8	CDC5L	DMAP1	SNW1
cluster_380	4	ERCC2	GTF2F1	GTF2H1	GTF2H4
cluster_381	3	ACADM	VDAC1	VDAC2
cluster_382	3	EXOSC10	MTREX	SP1
cluster_383	3	PSMC2	PSMC3	SHMT2
cluster_384	5	SNCA	YWHAB	YWHAE	YWHAH	YWHAQ
cluster_385	3	AGO1	AGO2	DICER1
cluster_386	3	ATP5PB	MRPL40	MRPL42
cluster_387	3	BIRC2	BIRC3	IKBKG
cluster_388	3	DYNC1I2	DYNC1LI2	YBX1
cluster_389	3	HDAC6	HNRNPK	HNRNPR
cluster_390	3	NCBP1	SF3A2	SNRPA1
cluster_391	4	EEF2	PPP2CA	PPP2R1A	PPP2R1B
cluster_392	5	KAT2A	KAT2B	SUPT3H	TCF3	TRRAP
cluster_393	3	CAPZA2	MACF1	MYH9
cluster_394	3	KRT10	KRT2	SMAD3
cluster_395	3	PSMA4	PSMB5	RAN
cluster_396	6	GRK5	PSMC1	PSMC2	PSMC6	PSMD11	PSMD2
cluster_397	4	GEMIN2	GEMIN6	GEMIN8	MMS19
cluster_398	3	ATP5F1A	CHCHD3	IMMT
cluster_399	3	GABARAPL1	MAP1LC3A	TBC1D2
cluster_400	10	CAD	PSMC2	PSMC3	PSMC4	PSMC5	PSMC6	PSMD1	PSMD12	PSMD2	PSMD4
cluster_401	4	EIF4A3	MAGOH	UPF3A	UPF3B
cluster_402	6	ABI1	CYFIP1	CYFIP2	EZR	NCKAP1	WASF2
cluster_403	4	ADD1	SMARCA2	SMARCA4	SMARCC1
cluster_404	3	CLTB	PICALM	TNRC6A
cluster_405	3	CNOT1	CNOT7	DDX6
cluster_406	3	LSG1	NOP56	RPL10
cluster_407	3	OCRL	RAB6A	RAB6B
cluster_408	4	PSMA6	PSMC5	PSMD11	USP4
cluster_409	3	ANXA1	YWHAQ	YWHAZ
cluster_410	3	BIRC2	RAC1	XIAP
cluster_411	3	EIF4A3	MAGOH	RAN
cluster_412	4	FLNA	LIMA1	MYH9	RALA
cluster_413	7	PHF5A	SF3A2	SF3B1	SF3B2	SF3B3	SF3B4	SNRPA1
cluster_414	4	BMAL1	CLOCK	CREBBP	EP300
cluster_415	6	PSMA5	PSMB5	PSMC2	PSMC6	PSMD4	UBE2C
cluster_416	3	DIMT1	HNRNPA2B1	PTBP1
cluster_417	3	DYNC1LI1	PSMC6	PSMD8
cluster_418	3	CCAR2	HNRNPA1	TARDBP
cluster_419	3	COPA	COPG1	SOD1
cluster_420	3	EIF3E	EIF3K	RACK1
cluster_421	3	UVRAG	VPS16	VPS18
cluster_422	3	MEF2A	MEF2D	XPO1
cluster_423	4	ARRB1	ARRB2	PRMT5	WDR77
cluster_424	3	PPP5C	PRPF8	SNRNP200
cluster_425	4	CDC20	CDC27	FZR1	MAD2L2
cluster_426	5	PHB1	PHB2	VDAC1	VDAC2	VDAC3
cluster_427	5	APC	CAPZA2	FLNA	IQGAP1	SYNPO
cluster_428	5	DNM1L	YWHAB	YWHAE	YWHAQ	YWHAZ
cluster_429	4	RUNX1	SMARCA4	SMARCB1	SMARCC1
cluster_430	3	CDC5L	POLR3D	POLR3E
cluster_431	3	HSP90AB1	UBA52	UBC
cluster_432	3	IQGAP1	LIMA1	RAP1A
cluster_433	3	LAS1L	NOL9	XPO1
cluster_434	3	PSMC2	PSMD4	RELA
cluster_435	4	CISD2	STX12	STX7	VAMP4
cluster_436	3	ATP5F1C	NDUFS3	SSBP1
cluster_437	3	DDX3X	PABPC1	TDRD3
cluster_438	3	NUP107	NUP85	PRKDC
cluster_439	6	ARRB1	ARRB2	RPS27A	UBA52	UBB	UBC
cluster_440	4	MED1	MED17	MED21	TP53
cluster_441	4	CLK2	DDX5	HNRNPF	HNRNPM
cluster_442	3	HTT	TUBA1A	TUBB
cluster_443	3	POLR3A	PTGES3	URI1
cluster_444	3	FLNB	PSMD12	PSMD3
cluster_445	3	JUNB	JUND	SMAD4
cluster_446	3	SMAD4	THOC2	THOC5
cluster_447	4	CREBBP	EP300	NFATC1	NFATC2
cluster_448	4	SF3A1	SNRNP200	SNRPA1	VHL
cluster_449	3	AQR	HNRNPA1	XAB2
cluster_450	3	CDCA5	SMC1B	STAG1
cluster_451	3	MMS19	PRPF3	PRPF6
cluster_452	4	ARRB1	ARRB2	MAPK1	MAPK3
cluster_453	4	DDX41	EIF4A3	FMR1	MAGOH
cluster_454	3	ABL1	NCK1	NOTCH3
cluster_455	3	COPA	COPB1	PDGFRB
cluster_456	3	CX3CL1	CX3CR1	ITGB3
cluster_457	3	FKBP1A	FKBP1B	SOD1
cluster_458	3	HLA-DRA	HLA-DRB1	MARCHF1
cluster_459	3	MAML1	MAML2	RBPJ
cluster_460	3	EED	EHMT2	RNF2
cluster_461	5	DDX42	SF3A1	SF3A2	SF3B1	SF3B4
cluster_462	4	RNF20	RNF40	UBE2A	UBE2B
cluster_463	5	CAPZA1	PSMA1	PSMA6	PSMB3	PSMB6
cluster_464	3	EPRS1	RARS1	TUBB
cluster_465	3	GNAI3	YWHAH	YWHAQ
cluster_466	3	ITGA4	SDCBP	VCAM1
cluster_467	3	DARS1	NF2	RARS1
cluster_468	3	CDK7	HNRNPU	RRP1B
cluster_469	3	EXOSC5	EXOSC9	MPHOSPH6
cluster_470	3	GGA1	GGA3	TSG101
cluster_471	3	CSTA	EVPL	IVL
cluster_472	5	PRKN	PRPF19	PRPF6	SART1	SNRNP200
cluster_473	3	OLA1	SNRPE	SNRPF
cluster_474	4	DBN1	FLNA	PALM	SYNPO
cluster_475	3	ANXA1	RPLP0	RPS14
cluster_476	3	BCLAF1	MCM7	THRAP3
cluster_477	3	CDK1	NCAPD2	NCAPG
cluster_478	3	KRT1	KRT10	TJP1
cluster_479	5	ABL1	CDC27	FYN	NCK1	PIK3R1
cluster_480	4	NAA15	PSMC3	PSMD12	PSMD3
cluster_481	4	EZH2	H3-3A	RNF2	SUZ12
cluster_482	4	DDX5	DHX9	HNRNPK	TBP
cluster_483	3	BECN1	PIK3C3	PIK3R4
cluster_484	3	CDC5L	MCM3	MCM4
cluster_485	3	PSMB2	PSMC2	SEC23A
cluster_486	5	MRE11	MSH2	MSH6	NBN	RAD50
cluster_487	4	ANLN	EEF1D	LIMA1	SYNPO
cluster_488	3	DISC1	DPYSL2	DPYSL3
cluster_489	3	ELL	ELL3	TP53
cluster_490	3	HNRNPU	IGHMBP2	RPL5
cluster_491	5	NOP56	NPM1	RPL10	RPS6	USP10
cluster_492	6	DDX46	SF3A1	SF3A2	SF3A3	SNRPA1	SNRPE
cluster_493	3	DDX5	HNRNPH1	IPO11
cluster_494	3	LIG4	NHEJ1	XRCC4
cluster_495	3	NPM1	PPID	RPS3
cluster_496	3	DDX41	DHX8	MAGOH
cluster_497	3	RNF2	RPS6KA4	RRP1B
cluster_498	4	CSNK2B	NPM1	RPL13	RPL5
cluster_499	3	FBL	MNDA	PRMT6
cluster_500	3	ADD1	CAPZA2	IQGAP1
cluster_501	3	GABARAP	MAP1LC3B	RASSF3
cluster_502	4	MAP2	PSMC5	PSMD13	PSMD8
cluster_503	4	COIL	SNRPA1	SNRPF	SNRPN
cluster_504	3	MLLT1	MLLT3	SIRT1
cluster_505	7	PSMA3	PSMA4	PSMA5	PSMB2	PSMB3	PSMB5	PSMB6
cluster_506	3	CILK1	PSMC6	PSMD1
cluster_507	3	COXFA4	NDUFS3	PARK7
cluster_508	3	EZH2	PML	SUZ12
cluster_509	3	MAPK1	MAPK3	SNCA
cluster_510	5	CEP85	PSMA6	PSMA7	PSMB5	PSMC2
cluster_511	4	GTF2F2	TAF10	TAF4	TAF5
cluster_512	4	GTF3C3	POLR3A	POLR3D	POLR3E
cluster_513	3	LIN7B	LIN7C	MPP7
cluster_514	3	CHEK1	MSH2	MSH6
cluster_515	3	ECT2	NCK1	PIK3R1
cluster_516	9	EPB41	PSMA1	PSMA6	PSMA7	PSMB1	PSMB3	PSMB5	PSMB7	PSMC4
cluster_517	6	PSMA6	PSMC2	PSMD12	PSMD3	PSMD4	SQSTM1
cluster_518	4	ANXA5	GPI	PA2G4	SND1
cluster_519	4	CDC5L	MSH2	MSH6	SNW1
cluster_520	4	CXXC1	DPY30	SETD1A	SETD1B
cluster_521	4	PSMC3	PSMC6	PSMD2	STIP1
cluster_522	3	AP2A1	AP2A2	BIN1
cluster_523	3	GNL3L	HNRNPU	RPL10
cluster_524	3	MT-CO2	NDUFS1	NDUFV2
cluster_525	3	CCNT1	TAF1	TAF7
cluster_526	4	SNX1	SNX2	SNX6	VPS29
cluster_527	3	CLK2	CLK3	SNRNP70
cluster_528	6	PSMA1	PSMA6	PSMC2	PSMD1	PSMD2	TPM4
cluster_529	3	HUS1	RAD1	ZBTB14
cluster_530	3	SDCBP	UBB	UBC
cluster_531	5	NFYB	NFYC	TAF11	TAF12	TAF6
cluster_532	4	BMI1	EED	PHC2	RNF2
cluster_533	3	ECT2	YWHAB	YWHAZ
cluster_534	4	DARS1	DNM1L	LARS1	RARS1
cluster_535	4	GABARAPL2	HSPA4L	MAP1LC3A	MAP1LC3B
cluster_536	3	RBM5	RNF2	SUZ12
cluster_537	4	CUL3	GABARAP	GABARAPL2	MAP1LC3C
cluster_538	3	ANAPC15	ANAPC4	CDC27
cluster_539	3	ASH2L	HCFC1	RBBP5
cluster_540	3	CDC20	DAXX	FZR1
cluster_541	3	CHD4	FOXA1	RBBP4
cluster_542	3	CORO1A	GIT2	RABGAP1L
cluster_543	3	DHX15	NF2	PRPF19
cluster_544	3	CAPZA2	ITPR1	SYNPO
cluster_545	4	PRKCI	YWHAE	YWHAH	YWHAZ
cluster_546	4	BIRC2	BIRC3	BIRC5	XIAP
cluster_547	4	EIF6	PSMA4	PSMB1	PSMB3
cluster_548	4	DDX5	HNRNPR	SYNCRIP	UPF1
cluster_549	6	DSN1	KNL1	MIS12	NSL1	PMF1	ZWINT
cluster_550	3	COPS5	CUL3	MAPKAPK2
cluster_551	4	FBL	L3MBTL1	NOP56	NOP58
cluster_552	3	CUL3	DYNLT1	KEAP1
cluster_553	3	NSFL1C	PSMC1	PSMD2
cluster_554	3	RRP9	THOC1	THOC5
cluster_555	3	CCT6A	CCT8	HTT
cluster_556	4	MMGT1	STX12	STX6	STX8
cluster_557	3	BAP1	MTA1	RBBP7
cluster_558	3	DDB1	RPS7	RPS9
cluster_559	7	CBX1	CBX3	CBX5	DSN1	MIS12	NSL1	PMF1
cluster_560	3	CDC42	EPRS1	LARS1
cluster_561	3	FLNA	IKBKB	IQGAP1
cluster_562	4	AHR	COPS5	CUL4B	NEDD8
cluster_563	3	HNRNPU	NCL	PITX2
cluster_564	3	DARS1	IARS1	TLN1
cluster_565	4	GTF2F1	TAF1	TAF11	TBP
cluster_566	5	CAPZA2	LIMA1	MYH9	SYNPO	TWF2
cluster_567	4	CIRSR	SRSF1	SRSF2	U2AF1
cluster_568	5	ACACA	PSMB2	PSMB7	PSMC6	PSMD2
cluster_569	3	COPS3	COPS4	STK11
cluster_570	7	PDS5A	PDS5B	SMC1A	SMC3	STAG1	STAG2	WAPL
cluster_571	4	CEACAM1	CEACAM5	CEACAM6	CEACAM8
cluster_572	3	AHCTF1	NUP107	NUP37
cluster_573	3	CDH1	KRT1	KRT9
cluster_574	3	PSMA6	PSMB1	RPP30
cluster_575	4	COX15	SSBP1	VDAC1	VDAC2
cluster_576	4	CENPC	DSN1	MIS12	PMF1
cluster_577	4	HSPA1A	HSPA1B	TELO2	TTI1
cluster_578	3	FOXC1	FOXC2	SMARCA5
cluster_579	5	ABI1	CYFIP2	GRB2	NCKAP1	WASF1
cluster_580	3	PAXIP1	RFC2	RFC4
cluster_581	6	AR	ERCC2	ERCC3	GTF2H1	GTF2H2	GTF2H3
cluster_582	3	HLA-DRB1	HLA-DRB3	SEMA4F
cluster_583	3	SNRPB2	SRRM1	SRRM2
cluster_584	4	MTOR	RPTOR	TELO2	TTI1
cluster_585	3	ATP5F1C	ATP5IF1	ATP5PB
cluster_586	3	CLOCK	RCOR1	TP53BP1
cluster_587	3	DKC1	H2AX	KRR1
cluster_588	3	HFE	TF	TFR2
cluster_589	3	RAD18	SLF1	SLF2
cluster_590	4	BMI1	CTCF	EED	SUZ12
cluster_591	4	CDK19	CDK7	MED17	MED21
cluster_592	3	IARS1	MARS1	NMT1
cluster_593	3	NHERF1	RPL23	RPS3
cluster_594	4	ARMC8	MAEA	RMND5A	WWC1
cluster_595	4	CNOT1	CNOT2	CNOT7	EGLN3
cluster_596	4	ACIN1	PNN	SRRM1	SRRM2
cluster_597	3	HMBOX1	NHP2	NOP10
cluster_598	4	DARS1	EPRS1	LARS1	SOD1
cluster_599	3	ATP6V0D1	LAMTOR2	SLC38A9
cluster_600	3	ERCC2	GTF2H1	TCEA1
cluster_601	3	PRKDC	SRSF10	TRA2B
cluster_602	4	MCM3	MCM4	MCM6	MCM7
cluster_603	3	HSP90AB1	TUBGCP2	TUBGCP3
cluster_604	3	HDAC4	YY1	ZNF638
cluster_605	3	IFI16	RFC2	RFC3
cluster_606	3	ITPR2	TRPC1	TRPC4
cluster_607	3	SNRPA1	SNRPD3	TRDMT1
cluster_608	6	ARID1A	SMARCA4	SMARCB1	SMARCC1	SMARCD2	TP53
cluster_609	3	COL1A1	COL1A2	VWF
cluster_610	4	CLNS1A	LSM2	LSM3	LSM6
cluster_611	3	HNRNPR	LSM4	SYNCRIP
cluster_612	4	DAXX	RFC1	RFC2	RFC3
cluster_613	3	TBL1X	TBL1XR1	XPO1
cluster_614	4	AGO1	AGO2	PRMT5	WDR77
cluster_615	3	EEA1	STX12	STX6
cluster_616	4	CHD4	MTA1	POLD3	RBBP4
cluster_617	4	RFC1	RFC3	RFC4	TP53
cluster_618	3	RCC2	SNRPD1	SNRPD3
cluster_619	4	BMI1	EZH2	FUS	SUZ12
cluster_620	4	NCBP1	THOC1	THOC2	THOC5
cluster_621	3	DDX18	PES1	PRPF40A
cluster_622	3	DDX23	PAXBP1	SNRNP40
cluster_623	4	ERCC2	ERCC3	GTF2E2	GTF2H1
cluster_624	3	AAMP	GABARAPL2	MAP1LC3B
cluster_625	3	CENPC	NPM1	RPL18
cluster_626	3	H3C1	LRWD1	ORC2
cluster_627	3	SNAPC1	SNAPC2	SNAPC3
cluster_628	5	EIF4G1	SF3A1	SF3A2	SF3A3	SF3B3
cluster_629	5	HNRNPU	NEDD4	RPL18A	RPS3A	RPSA
cluster_630	3	PSMC3	PSMD11	RC3H1
cluster_631	3	CDC14B	ZKSCAN4	ZNF174
cluster_632	3	CKAP5	INTS2	INTS7
cluster_633	3	ERCC2	ERCC3	ERCC6
cluster_634	3	HSPA1A	IFT88	TUBB
cluster_635	3	CHCHD6	IMMT	SAMM50
cluster_636	3	CLGN	RPN1	RPN2
cluster_637	5	GRB2	PSMC2	PSMD11	PSMD13	PSMD14
cluster_638	4	BRCA1	EED	EZH2	SUZ12
cluster_639	5	PSMA1	PSMB10	PSMB5	PSMB6	PSMB7
cluster_640	4	COPS2	COPS4	COPS7A	GRK5
cluster_641	4	ABL1	PSMA4	PSMA7	PSMD4
cluster_642	3	PDS5B	RAD21	WAPL
cluster_643	4	CASP3	CASP7	PSEN1	PSEN2
cluster_644	3	COPS7A	COPS7B	PMF1
cluster_645	3	HABP4	SRSF1	SRSF2
cluster_646	3	HNRNPF	HNRNPK	SUPT5H
cluster_647	4	NCAPD2	NCAPG	SMC2	SMC4
cluster_648	4	GGA1	GGA2	GGA3	SORT1
cluster_649	3	SF3B3	SNRPD1	USP7
cluster_650	4	CEP128	CNTRL	NIN	PRKACA
cluster_651	4	MCM4	MCM6	SMC1A	SMC3
cluster_652	3	CABIN1	HIRA	TP53BP1
cluster_653	6	LSM2	LSM3	LSM4	LSM6	LSM7	PKN2
cluster_654	3	HNRNPL	INTS3	INTS6
cluster_655	3	CAPZA2	FLNA	G3BP1
cluster_656	5	ACTN4	PSMA3	PSMA6	PSMB5	PSMB8
cluster_657	4	DMAP1	EP400	HDAC1	HDAC2
cluster_658	3	ESRRB	NCOA2	NCOA3
cluster_659	3	ISY1	SYF2	TRA2A
cluster_660	3	STAG1	STAG2	USP37
cluster_661	4	PPARG	RARA	RXRA	TRIP4
cluster_662	3	CAND1	CUL3	USP32
cluster_663	3	RUFY1	TELO2	TTI1
cluster_664	3	ADAM17	TNFRSF1A	TNFRSF1B
cluster_665	3	DPM1	DPM2	DPM3
cluster_666	4	CABIN1	HIRA	MEF2A	MEF2D
cluster_667	5	PSMC1	PSMC2	PSMC4	PSMC5	USP44
cluster_668	4	FBF1	IFT20	IFT74	IFT81
cluster_669	3	SCAF1	THOC1	THOC7
cluster_670	3	ACLY	HNRNPH1	HNRNPK
cluster_671	3	HNRNPDL	PARK7	PTBP1
cluster_672	3	LSM4	SF3A3	SF3B3
cluster_673	3	POLR2A	SETD1A	SETD1B
cluster_674	3	CHD7	MTA1	MTA2
cluster_675	3	IFT20	IFT57	ZDHHC17
cluster_676	3	COPB2	TUBB	TUBB4B
cluster_677	5	IARS1	IKBKG	LARS1	MARS1	RARS1
cluster_678	3	CTNNB1	PPARG	RXRA
cluster_679	3	RARA	RXRA	TADA3
cluster_680	3	SMG5	UPF1	UPF3A
cluster_681	3	SNX2	SNX4	SNX6
cluster_682	5	CDK5RAP3	NPM1	RPL10A	RPL36	RPS3
cluster_683	4	ARCN1	COPA	COPB1	LNPK
cluster_684	4	EPRS1	IARS1	MARS1	TXLNA
cluster_685	3	AIMP1	EEF1E1	EIF4G1
cluster_686	3	E2F1	ERCC3	GTF2H1
cluster_687	3	EMD	MCM4	MCM6
cluster_688	3	PRPF19	SNRNP200	TSC22D1
cluster_689	7	PRPF3	PRPF6	PRPF8	SF3A1	SNRPD1	SNRPD2	SUPT16H
cluster_690	4	BMAL1	CLOCK	RARA	RXRA
cluster_691	3	AURKA	EPRS1	IARS1
cluster_692	3	COPA	COPB2	TRIP10
cluster_693	3	CNOT1	CNOT10	CPAP
cluster_694	8	GTF2B	POLR2A	POLR2C	POLR2E	POLR2F	POLR2G	POLR2H	POLR2J
cluster_695	6	COPS3	COPS4	COPS7A	COPS7B	COPS8	DCAF1
cluster_696	5	CEP128	CEP131	CNTRL	PCM1	SLAIN2
cluster_697	4	FOXK2	SF3A2	SF3B1	SNRNP200
cluster_698	3	AFF4	MLLT3	PES1
cluster_699	4	DDOST	EDEM3	RPN1	RPN2
cluster_700	3	MCM3	RFC3	RFC4
cluster_701	3	AP2A1	FCHO1	FCHO2
cluster_702	3	EP400	ESR1	TRRAP
cluster_703	3	FLNA	PIK3R1	PLCG1
cluster_704	5	KIF2C	RPL5	RPL7	RPL9	RPS25
cluster_705	7	KAT2A	TADA1	TADA3	TAF10	TAF5L	TAF6L	TP53BP1
cluster_706	3	DHX9	NCL	USP7
cluster_707	3	HOOK3	VPS16	VPS41
cluster_708	5	ADRM1	PSMD12	PSMD14	PSMD2	SGTA
cluster_709	4	NOP56	RRP1B	RRS1	WDR74
cluster_710	3	CAND1	CUL1	NCBP2
cluster_711	4	EXOSC10	EXOSC2	EXOSC9	H3C1
cluster_712	3	ADCY2	ADCY5	GNAS
cluster_713	3	EZH1	GATA4	JARID2
cluster_714	3	CENPC	NDC80	NUF2
cluster_715	3	GIT2	LMNB1	VPS51
cluster_716	4	PSMA3	PSMA4	PSMB2	XPOT
cluster_717	3	NBN	POLR1A	POLR1B
cluster_718	3	AKR1B1	FABP5	TRAF6
cluster_719	3	NOS2	SNRPB	SNRPD3
cluster_720	3	MTX2	SAMM50	TOMM22
cluster_721	5	AP1B1	AP2A1	AP2A2	EPS15	FCHO1
cluster_722	3	CSK	IGF1R	INSR
cluster_723	3	AQR	GCFC2	SYF2
cluster_724	3	AQR	RBM22	RBM4
cluster_725	3	NF1	SDC2	TIAM1
cluster_726	3	NIFK	RRP8	SCAF1
cluster_727	4	ESRRB	HNRNPF	HNRNPH1	HNRNPH2
cluster_728	4	TUBG1	TUBGCP2	TUBGCP3	TUBGCP4
cluster_729	5	IKBKG	PSMA3	PSMB5	PSMB8	PSMD13
cluster_730	3	ATF7	JUND	MEF2A
cluster_731	3	CWC15	SF3A2	SF3B4
cluster_732	4	ANAPC5	CDC20	CDC27	TFDP1
cluster_733	3	RAD51	RAD51B	XRCC2
cluster_734	6	HCFC1	HDAC1	HDAC2	RBBP4	RBBP7	SIN3A
cluster_735	3	TGFB2	TGFB3	TGFBR3
cluster_736	7	HERC3	PSMA4	PSMC2	PSMC4	PSMC5	PSMD2	PSMD4
cluster_737	3	SUPT3H	TAF5L	TRIM25
cluster_738	3	RBBP4	RBBP7	TOPORS
cluster_739	3	KRT2	KRT5	MTM1
cluster_740	8	CLIC4	PSMA1	PSMA2	PSMA3	PSMA5	PSMB1	PSMB4	PSMB7
cluster_741	3	ATP6V0A1	ATP6V0A2	MUC1
cluster_742	9	AIMP1	DARS1	EEF1E1	EPRS1	IARS1	LARS1	MARS1	RARS1	SDCBP
cluster_743	15	PSMA1	PSMA2	PSMA3	PSMA4	PSMA5	PSMA6	PSMA7	PSMB1	PSMB2	PSMB3	PSMB4	PSMB5	PSMB6	PSMB7	SKP1
cluster_744	4	ANLN	CAPZA2	SH3KBP1	SYNPO
cluster_745	3	COPS5	NEDD8	UCHL1
cluster_746	3	NCL	PABPC1	TERT
cluster_747	4	DSN1	KNL1	MDC1	MIS12
cluster_748	3	ANLN	APOB	MYH9
cluster_749	3	CHMP1A	CHMP1B	CLTC
cluster_750	3	GRB2	JAK1	JAK2
cluster_751	3	NUP214	NUP88	NXF1
cluster_752	4	PSMA1	PSMB1	PSMB3	TRIM27
cluster_753	3	LATS1	LATS2	NF2
cluster_754	4	CEP128	CEP162	PCM1	PKN2
cluster_755	3	BRD8	EWSR1	VPS72
cluster_756	3	SLC30A5	SLC30A6	SPPL2B
cluster_757	3	CDH2	GRIN1	GRIN2D
cluster_758	3	PSMA4	PSMA7	PSMB1
cluster_759	3	MCM2	MMS22L	TONSL
cluster_760	3	PSMB6	PSMD1	TUBA1A
cluster_761	4	ATF7	FOS	JUNB	JUND
cluster_762	4	LATS1	LATS2	MOB1A	MOB1B
cluster_763	3	APP	GGA1	GGA2
cluster_764	3	SFN	SNRPF	SNRPN
cluster_765	3	ANAPC7	CCDC8	CDC23
cluster_766	3	TUBG1	YWHAH	YWHAZ
cluster_767	5	AIMP1	DARS1	EEF1E1	EIF2S1	MARS1
cluster_768	4	AQR	CDK8	ISY1	XAB2
cluster_769	3	GATAD2A	MBD2	RBPJ
cluster_770	3	IARS1	LARS1	OFD1
cluster_771	3	CEP128	CNTRL	SORBS1
cluster_772	3	CASK	CEP128	PCM1
cluster_773	4	AIMP1	DNAJA1	EEF1E1	RARS1
cluster_774	3	MYH9	SYNPO	WNK1
cluster_775	5	PSMA5	PSMB3	PSMD1	PSMD2	YWHAZ
cluster_776	3	GPN3	RPAP2	ZFC3H1
cluster_777	8	ELP1	PSMA2	PSMB5	PSMC4	PSMC5	PSMD11	PSMD12	PSMD4
cluster_778	3	HNRNPL	KDM6A	KMT2C
cluster_779	3	POLR2F	POLR2G	SETX
cluster_780	4	CHD4	MTA2	MTA3	SMARCAD1
cluster_781	3	TAF11	TAF7	TRIM24
cluster_782	3	EXOSC5	TBL3	WDR3
cluster_783	7	AHR	PSMC2	PSMC3	PSMC4	PSMD3	PSMD4	PSMD5
cluster_784	4	BABAM2	BRCC3	MDC1	TP53BP1
cluster_785	3	BAX	CASP3	CASP7
cluster_786	3	DAZAP1	SOD1	TIAL1
cluster_787	3	ILF2	SMURF2	YBX1
cluster_788	3	LRRK2	MRPL19	MRPL28
cluster_789	3	H2AX	H3-4	H4C1
cluster_790	3	HNRNPU	PSMD6	RPS3A
cluster_791	3	CDC40	ILF2	ISY1
cluster_792	5	GAPDH	YWHAE	YWHAG	YWHAQ	YWHAZ
cluster_793	8	PSMA2	PSMA6	PSMB1	PSMB3	PSMB5	PSMC3	PSMD13	VHL
cluster_794	4	AR	DDX19A	DDX19B	NR3C1
cluster_795	6	DBN1	IQGAP1	LIMA1	PPP1CB	SYNPO	ZDHHC5
cluster_796	7	BANF1	CHD4	HDAC1	HDAC2	MTA2	RBBP4	RBBP7
cluster_797	4	PPP1R15A	PSMC5	PSMC6	PSMD11
cluster_798	3	CEP63	KIAA0753	WDR62
cluster_799	3	HADHA	HADHB	VDAC1
cluster_800	3	MYOG	POLR2C	POLR2J
cluster_801	3	EXOSC10	EXOSC9	SUMO2
cluster_802	3	KIF3B	KIF3C	KIFAP3
cluster_803	4	DARS1	EPRS1	IARS1	VBP1
cluster_804	3	NAPA	VAMP2	VAMP8
cluster_805	4	CDK19	MED17	MED6	SMARCA4
cluster_806	4	POLR1A	POLR1B	POLR1E	POLR1G
cluster_807	4	PSMA3	PSMA4	PSMB6	PSMB8
cluster_808	3	LRRK2	RIPK1	TRADD
cluster_809	4	RHOA	RPS27A	UBB	UBC
cluster_810	3	COPS5	CUL1	FBXO31
cluster_811	3	HSPA1L	HSPA5	HSPA6
cluster_812	3	ACTA2	ACTBL2	LRRK2
cluster_813	3	CDK11A	CDK11B	KPNB1
cluster_814	4	GNAI1	GNAI3	TUBA1A	TUBB3
cluster_815	3	ACVRL1	ENG	ITGA5
cluster_816	3	CCT5	CCT7	STUB1
cluster_817	3	KAT2A	TRRAP	ZNF148
cluster_818	5	PPL	PSMA1	PSMA5	PSMB4	PSMB6
cluster_819	3	BMI1	PKP1	SUZ12
cluster_820	3	EZR	WASHC2A	WASHC5
cluster_821	3	NHERF1	TRPC4	TRPC5
cluster_822	3	GRIA1	GRIA2	GRIK2
cluster_823	3	ACTN4	ALDOA	ALDOC
cluster_824	3	CDKN2A	ORC4	ORC5
cluster_825	3	EXOSC8	LSM4	LSM7
cluster_826	3	KCNA2	KCNA4	KCNAB2
cluster_827	3	MAPKAP1	PRKCA	TIAM1
cluster_828	3	ATG9A	PSMD11	PSMD6
cluster_829	4	EP300	GTF3C1	GTF3C3	GTF3C5
cluster_830	4	HSPB1	TUBA1A	TUBA4A	TUBB3
cluster_831	6	CDC5L	RFC2	RFC3	RFC4	RFC5	SNW1
cluster_832	3	CSNK1D	CSNK1E	CTNNB1
cluster_833	3	EXOSC10	EXOSC3	EXOSC7
cluster_834	3	CBL	PSMC1	PSMC5
cluster_835	3	DLAT	DLD	OGDH
cluster_836	3	IFT57	IFT74	KNSTRN
cluster_837	3	ATRX	RAD1	RAD9A
cluster_838	3	KAT2A	MAP3K7	TADA3
cluster_839	3	EXOSC4	EXOSC7	EXOSC9
cluster_840	3	FLII	GRB2	LRRFIP2
cluster_841	6	KPNB1	LRRK2	NUP107	NUP133	NUP153	NUP160
cluster_842	3	DCTN1	EML1	EML4
cluster_843	3	EHMT1	L3MBTL1	WIZ
cluster_844	5	PARD6B	YWHAB	YWHAH	YWHAQ	YWHAZ
cluster_845	4	CREBBP	EP300	H3-4	H4C1
cluster_846	4	ARMC8	PTPN21	RMND5A	WDR26
cluster_847	3	CDC42	RPL22	RPL23
cluster_848	9	ACTA1	CAPZA2	IQGAP1	LIMA1	MYH9	MYO18A	MYO1C	PPP1CA	PPP1CB
cluster_849	5	ABCE1	FLNA	IQGAP1	PPP1CB	PPP1CC
cluster_850	3	PDS5A	SIRT6	WAPL
cluster_851	4	EHMT1	HDAC1	HDAC2	WIZ
cluster_852	9	PSMC5	PSMD1	PSMD11	PSMD13	PSMD2	PSMD3	PSMD4	PSMD7	PTPN6
cluster_853	4	BRCA1	HUS1	RAD1	RAD9A
cluster_854	5	SOD1	YWHAB	YWHAG	YWHAQ	YWHAZ
cluster_855	3	CSNK2A1	CSNK2A2	XPO1
cluster_856	3	EXOSC2	EXOSC4	HNRNPD
cluster_857	3	GRIPAP1	RAB4A	RABGEF1
cluster_858	4	MOB1A	MOB1B	STK3	STK4
cluster_859	3	GTF3C3	GTF3C4	TP53
cluster_860	3	MYO1C	TUBA1A	TUBB3
cluster_861	3	NDUFA12	NDUFS4	UQCRH
cluster_862	3	UQCRB	UQCRC1	UQCRFS1
cluster_863	3	KDM1A	PSMC1	PSMC3
cluster_864	4	H3-4	H4C1	NCOA2	NCOA3
cluster_865	3	MTCH1	NDUFS1	NDUFV1
cluster_866	3	CHD4	MTA2	NR4A1
cluster_867	3	AXIN1	PSMD2	PSMD6
cluster_868	5	ABL1	CRK	FYN	NCK1	NEDD9
cluster_869	3	LDHA	LDHB	SOD1
cluster_870	5	COPS2	COPS7A	COPS7B	COPS8	EIF3E
cluster_871	3	HNRNPD	INTS7	SYNCRIP
cluster_872	4	ATP5F1A	CHCHD6	MTX2	SAMM50
cluster_873	6	ANAPC5	ANAPC7	CDC20	CDC27	E2F1	FZR1
cluster_874	3	LSM6	LSM7	PPP2R5C
cluster_875	5	DMTN	YWHAB	YWHAE	YWHAG	YWHAZ
cluster_876	3	CDC37	YWHAE	YWHAQ
cluster_877	3	EPRS1	HUWE1	MARS1
cluster_878	7	ADRM1	LRRK2	PSMC6	PSMD11	PSMD2	PSMD5	PSMD6
cluster_879	3	CEP70	HNRNPU	RPL13
cluster_880	4	CHD4	H3-3A	RBBP4	RBBP7
cluster_881	3	COG2	COG5	COG6
cluster_882	3	DDX41	EIF4A3	POLDIP3
cluster_883	3	SEC23A	SEC23B	SEC24C
cluster_884	3	DHX9	FLII	HNRNPM
cluster_885	4	ANLN	CAPZA2	DBN1	NUMB
cluster_886	3	CEP128	COPA	OFD1
cluster_887	5	AIMP1	EPRS1	IKBKE	LARS1	RARS1
cluster_888	4	SEC23A	SEC23B	SEC24B	SEC31A
cluster_889	6	BMI1	EED	EZH2	PCGF1	RNF2	SUZ12
cluster_890	3	BARD1	HNRNPDL	HNRNPUL1
cluster_891	3	GTF3C3	GTF3C5	XPO1
cluster_892	6	CTR9	DNMT3A	DNMT3B	LEO1	PAF1	RTF1
cluster_893	5	IQGAP1	LZTS2	MYH9	MYO18A	SYNPO
cluster_894	4	CBL	IQGAP1	MYH9	SHC1
cluster_895	4	TNFRSF1A	TRPC1	TRPC4	TRPC5
cluster_896	3	DDX56	NOC2L	XPO1
cluster_897	4	AARS1	DARS1	IARS1	LARS1
cluster_898	4	DDX19A	DDX19B	NUP214	NUP88
cluster_899	4	CIAO1	CIAO2B	ELP2	MMS19
cluster_900	4	HDAC1	HDAC2	KDM5A	RBBP7
cluster_901	3	AURKAIP1	GTF3C1	GTF3C3
cluster_902	4	EFTUD2	PRPF19	SNCA	SNRNP200
cluster_903	3	AIMP1	PSMA7	PSMC6
cluster_904	4	GTF2E1	TAF1	TAF11	TAF6
cluster_905	5	DYNC1I2	PSMA2	PSMA5	PSMC5	PSMD8
cluster_906	3	PSMD2	PSMD4	UBQLN4
cluster_907	3	RFC4	RFC5	RUVBL2
cluster_908	3	COPS3	COPS7B	EWSR1
cluster_909	3	RING1	RYBP	TP53
cluster_910	3	BET1	RAB9A	RRBP1
cluster_911	3	CHUK	CLTC	IKBKB
cluster_912	4	CHCHD3	IMMT	TOMM20	TOMM22
cluster_913	4	SMARCD2	SMARCD3	TBL1X	TBL1XR1
cluster_914	6	KPNB1	NUP107	NUP153	NUP85	RANGAP1	SEH1L
cluster_915	3	BRCA1	FANCA	FANCC
cluster_916	4	CDC5L	DDX19A	DDX19B	SNW1
cluster_917	3	IQGAP1	NPHS1	NPHS2
cluster_918	3	MED23	MED27	RBPJ
cluster_919	5	ACD	POT1	TERF1	TERF2	TINF2
cluster_920	4	AMFR	ERLIN1	ERLIN2	SYVN1
cluster_921	3	PRPF8	SF3B3	YAP1
cluster_922	3	SART1	TP53	USP39
cluster_923	3	AURKB	STK3	STK4
cluster_924	3	OSGEP	RPRD1B	TP53RK
cluster_925	3	POLR2D	POLR2L	SMARCD1
cluster_926	11	ELP6	PSMA2	PSMA3	PSMA4	PSMA6	PSMB3	PSMB5	PSMB6	PSMB8	PSMC4	PSMC5
cluster_927	3	ILK	PARVB	RSU1
cluster_928	3	EXOSC7	EXOSC8	TP53
cluster_929	4	ACTB	ACTR2	ACTR3	ARPC1B
cluster_930	3	ERLIN1	ERLIN2	RAB8A
cluster_931	3	LMNB1	PCGF2	PHC3
cluster_932	4	PIK3R1	PLCG1	PTPN11	PTPN6
cluster_933	3	MED17	MED24	TFIP11
cluster_934	8	ADRM1	PLEKHA7	PSMC5	PSMC6	PSMD11	PSMD13	PSMD6	PSMD7
cluster_935	3	FTSJ3	NAP1L4	PES1
cluster_936	3	HNRNPR	ILF3	LMO7
cluster_937	3	COPS5	JUN	MEF2C
cluster_938	3	HSPA1A	HSPA8	MAPK6
cluster_939	4	KPNB1	MORF4L1	MORF4L2	MRGBP
cluster_940	4	EPRS1	IARS1	LARS1	UBA1
cluster_941	3	HUS1	PCNA	RAD9A
cluster_942	4	CTR9	LEO1	PAF1	XPO1
cluster_943	4	CAV1	PTGIS	PTGS1	PTGS2
cluster_944	3	AIMP1	DARS1	PTPN6
cluster_945	3	ACTB	BBS1	BBS4
cluster_946	3	BUB1B	PTTG1	PTTG2
cluster_947	3	ACTN2	PSMA3	PSMB5
cluster_948	3	DYRK1A	SRSF1	SRSF5
cluster_949	3	RACGAP1	YWHAB	YWHAG
cluster_950	3	SF3B3	SNRNP200	TUBB
cluster_951	3	COPB2	COPG1	RUFY1
cluster_952	3	DDX18	DKC1	GAR1
cluster_953	4	CBR3	GABARAP	GABARAPL1	KEAP1
cluster_954	3	PEX10	PEX14	PEX2
cluster_955	3	ATP5ME	ATP5PD	ATP5PO
cluster_956	4	FOXM1	PRPF8	SART1	SNRNP200
cluster_957	3	CAPZA2	DAPK1	LIMA1
cluster_958	4	HNRNPH1	HNRNPK	MATR3	SIRT6
cluster_959	4	PSMA3	PSMA5	PSMB3	SART3
cluster_960	3	ATXN10	CEP128	CEP162
cluster_961	3	CLINT1	STX8	VAMP4
cluster_962	3	EME1	MUS81	SLX4
cluster_963	3	PSMA4	PSMC5	TFIP11
cluster_964	3	ATF3	DDIT3	FOS
cluster_965	4	EWSR1	TAF1	TAF4	TAF9B
cluster_966	7	HSPB1	PSMA3	PSMA6	PSMB2	PSMC1	PSMD1	PSMD6
cluster_967	3	GRB2	TUBA4A	TUBB3
cluster_968	3	TAF1B	TAF1C	TRIM24
cluster_969	4	DBN1	LIMA1	RRAS2	SYNPO
cluster_970	4	OSGEP	RANGAP1	TP53RK	TPRKB
cluster_971	3	STAT3	STAT5A	STAT5B
cluster_972	3	HSPD1	YWHAG	YWHAZ
cluster_973	3	CDK19	CDK8	MED7
cluster_974	3	ARF1	CCT3	CCT6A
cluster_975	5	NFKBIA	PSMA1	PSMA2	PSMA4	PSMD3
cluster_976	4	BCAR1	IQGAP1	MYO18A	MYO1C
cluster_977	3	COPS5	COPS6	WIPI2
cluster_978	3	PEX11A	PEX11B	PEX11G
cluster_979	3	ATP5PB	ATP5PO	MTCH1
cluster_980	3	MAPK6	RPS27A	UBA52
cluster_981	3	CBL	MYO1C	SHC1
cluster_982	30	ADRM1	FKBP8	PSMA1	PSMA2	PSMA3	PSMA4	PSMA5	PSMA6	PSMA7	PSMB1	PSMB2	PSMB3	PSMB5	PSMB7	PSMC1	PSMC2	PSMC3	PSMC4	PSMC5	PSMC6	PSMD1	PSMD11	PSMD12	PSMD13	PSMD14	PSMD2	PSMD3	PSMD4	PSMD6	PSMD7
cluster_983	4	S100A4	SEPTIN2	SEPTIN6	SEPTIN7
cluster_984	4	E2F6	KDM5C	MGA	TFDP1
cluster_985	3	MRPS18B	MRPS9	PARK7
cluster_986	6	BRD4	MED1	MED12	MED14	MED17	MED24
cluster_987	3	ARPC1B	ARPC2	AURKA
cluster_988	3	CTNNB1	UBE2D1	UBE2D2
cluster_989	3	RPL12	RPS7	VIM
cluster_990	4	HDAC2	HUWE1	RBBP4	RBBP7
cluster_991	6	HIF1AN	PSMC2	PSMC5	PSMD10	PSMD13	PSMD14
cluster_992	6	PMS2	PSMC1	PSMC2	PSMC3	PSMC6	PSMD5
cluster_993	3	ACTR1A	ACTR1B	G3BP1
cluster_994	3	AFF4	H3C1	MLLT1
cluster_995	3	MED1	MED19	ZNF281
cluster_996	3	BANF1	FBL	RPL10
cluster_997	3	HDAC2	RBBP7	SALL1
cluster_998	4	CUL3	NTRK1	WDR81	WDR91
cluster_999	4	CCT5	CCT6A	CCT8	PLEKHA7
cluster_1000	3	EMG1	NPM1	RPL10
cluster_1001	4	CLK1	NCL	NPM1	RPL5
cluster_1002	4	COPA	COPB1	COPG1	STK4
cluster_1003	3	CRK	PSMC1	PSMC6
cluster_1004	4	CHUK	IKBKB	MTOR	RPTOR
cluster_1005	3	PCGF3	RB1	RING1
cluster_1006	5	APPBP2	COPS2	COPS3	COPS7B	COPS8
cluster_1007	4	PSMB4	PSMD1	PSMD11	SMAD1
cluster_1008	7	RPS27A	UBA52	UBB	UBC	YWHAB	YWHAG	YWHAZ
cluster_1009	4	AEBP2	EED	EZH1	JARID2
cluster_1010	4	KDM4A	RFC2	RFC4	RFC5
cluster_1011	4	NUP107	NUP133	NUP160	RAF1
cluster_1012	4	KPNA2	TAF10	TAF3	TAF8
cluster_1013	3	ACD	POT1	TERT
cluster_1014	3	DDX18	DDX24	KMT2E
cluster_1015	4	BCL10	CARD11	MALT1	TRAF6
cluster_1016	3	CAPZA2	PPP1CB	RACGAP1
cluster_1017	6	ATG5	PSMA1	PSMA2	PSMA3	PSMA7	PSMC1
cluster_1018	3	ATXN3	PSMC5	PSMD7
cluster_1019	5	OSBPL3	YWHAB	YWHAE	YWHAG	YWHAH
cluster_1020	4	PSMA2	PSMA6	PSMC5	TPM3
cluster_1021	3	CBX1	CBX5	SUV39H2
cluster_1022	7	BIRC2	BIRC3	RPS27A	UBA52	UBB	UBC	XIAP
cluster_1023	3	CUL3	GPSM1	NTRK1
cluster_1024	3	EIF2B2	UBA52	UBB
cluster_1025	11	BAP1	PSMC2	PSMC4	PSMC5	PSMC6	PSMD11	PSMD2	PSMD3	PSMD4	PSMD7	PSMD8
cluster_1026	4	RING1	RYBP	YAF2	YY1
cluster_1027	3	PSMD2	PSMD7	SYNCRIP
cluster_1028	3	CTNNB1	CUL4A	DDB1
cluster_1029	4	HIF1AN	SRRM2	SRSF1	SRSF5
cluster_1030	3	ANXA1	CEP128	CEP89
cluster_1031	4	CEP128	ODF2	ODF2L	PCM1
cluster_1032	3	MARK4	MYH9	MYO18A
cluster_1033	3	APRT	RPL23	RPL6
cluster_1034	3	HNRNPA2B1	HNRNPF	IQCB1
cluster_1035	4	GTF3C1	GTF3C3	GTF3C4	SNW1
cluster_1036	4	HIPK3	SRSF1	SRSF5	TRA2B
cluster_1037	4	BRD8	DMAP1	EP400	SOX2
cluster_1038	5	ATP5F1B	NDUFA12	NDUFA2	NDUFB9	NDUFS1
cluster_1039	4	H3-4	H4C1	MMS22L	TONSL
cluster_1040	6	CHD4	GATAD2A	GATAD2B	MTA1	RBBP4	TRIM25
cluster_1041	4	ARID1A	ARID1B	DPF3	SMARCA4
cluster_1042	7	PSMA1	PSMA2	PSMC1	PSMD1	PSMD13	PSMD6	TNIK
cluster_1043	6	MRE11	NBN	RAD50	RPA1	RPA2	RPA3
cluster_1044	6	PRKDC	RPA1	RPA2	RPA3	XRCC5	XRCC6
cluster_1045	4	KCNA1	KCNA2	KCNA3	KCNA4
cluster_1046	3	LSM1	PSMB5	PSMB8
cluster_1047	3	HSPB1	TXNL1	USP14
cluster_1048	3	PSMB5	PSMC1	XRN1
cluster_1049	3	KXD1	PSMC3	PSMC4
cluster_1050	6	RPA1	RPA2	RPA3	THOC1	THOC2	THOC7
cluster_1051	4	TAF1	TAF6	TAF9B	USP37
cluster_1052	3	NPLOC4	UFD1	VCP
cluster_1053	3	MED19	MED21	MED7
cluster_1054	3	NCBP1	YWHAE	YWHAG
cluster_1055	3	ATM	ATR	CHEK2
cluster_1056	5	ELAVL1	YWHAB	YWHAG	YWHAH	YWHAQ
cluster_1057	5	EGFR	SNRPA1	SNRPD1	SNRPD2	SNRPF
cluster_1058	3	EBP	ERGIC3	STOM
cluster_1059	5	PSMA5	PSMB4	PSMB7	PSMD6	SYAP1
cluster_1060	10	ABCE1	PSMA2	PSMA5	PSMB3	PSMC2	PSMD1	PSMD13	PSMD14	PSMD4	PSMD8
cluster_1061	4	KLC2	LSM3	LSM4	LSM7
cluster_1062	4	EPRS1	LARS1	MARS1	RELA
cluster_1063	5	CDK20	PSMB2	PSMB5	PSMC6	PSMD1
cluster_1064	3	AMBRA1	ATG13	ULK1
cluster_1065	4	CDC16	CDC23	CDC27	KIF2B
cluster_1066	3	HNRNPA3	HNRNPH2	RAD21
cluster_1067	3	IPO4	RPL5	RPS8
cluster_1068	4	ATM	ATR	MSH2	MSH6
cluster_1069	3	GRB2	MED14	MED28
cluster_1070	3	H3-4	TAF13	TAF8
cluster_1071	3	AURKA	IGF2BP1	IGF2BP3
cluster_1072	3	RPL23	RPL30	USP14
cluster_1073	3	ACTB	EPB41L2	EPB41L3
cluster_1074	5	PEX19	PSMA5	PSMB1	PSMB4	PSMD6
cluster_1075	3	KRT14	KRT5	PKP2
cluster_1076	3	CDK9	CTR9	PAF1
cluster_1077	4	HDAC11	NUP133	NUP85	NUP98
cluster_1078	4	CAND1	CUL3	NTRK1	OPA1
cluster_1079	3	CEP120	LIMCH1	ODF2
cluster_1080	3	PSMD2	PSMD3	WRAP73
cluster_1081	3	NUP205	NUP93	TPR
cluster_1082	3	CDKN2AIP	HNRNPA1	HNRNPU
cluster_1083	3	KDM6A	KMT2D	SMAD9
cluster_1084	8	RFC1	RFC2	RFC3	RFC4	RFC5	RPA1	RPA2	RPA3
cluster_1085	3	PRKACB	RPL27A	RPS6
cluster_1086	3	PPP1R9A	PPP1R9B	RGS2
cluster_1087	4	JAK1	JAK2	PTPN11	PTPN6
cluster_1088	3	NF2	RFC1	RFC3
cluster_1089	5	PRPF19	SNRPA1	SNRPD1	SNRPD2	SRP14
cluster_1090	5	FLNA	HMGB2	MYO18A	MYO1C	SYNPO
cluster_1091	4	DDX18	FBL	NOP58	POLR1E
cluster_1092	3	BUB1	SPC24	SPC25
cluster_1093	5	AGO1	NPM1	RPL6	RPS2	SIRT1
cluster_1094	4	COPS3	COPS7A	COPS8	DDIT3
cluster_1095	4	IPO5	LAS1L	NOL9	PELP1
cluster_1096	3	CAND1	CCP110	CEP97
cluster_1097	3	RFC3	RFC5	VCP
cluster_1098	3	KIF1B	VIPAS39	VPS33B
cluster_1099	3	MED1	MED24	PPARA
cluster_1100	3	RBBP6	SRSF7	TRA2A
cluster_1101	4	RPS10	RPS26	TMED2	UBL4A
cluster_1102	4	PLRG1	PRPF19	SNRPA1	UCHL5
cluster_1103	5	NONO	RPA1	RPA2	RPA3	SFPQ
cluster_1104	5	RPA1	RPA2	RPA3	SMC1A	SMC3
cluster_1105	3	HSPA8	TADA3	TAF6L
cluster_1106	5	RPA1	RPA2	RPA3	TOP2A	TOP2B
cluster_1107	5	RPA1	RPA2	RPA3	SMC2	SMC4
cluster_1108	5	EXOSC10	MTREX	RPA1	RPA2	RPA3
cluster_1109	4	CDK11A	CDK11B	CTR9	LEO1
cluster_1110	3	CCHCR1	GRIPAP1	HSPB1
cluster_1111	8	MED1	MED14	MED17	MED23	MED24	MED6	MED7	PARP1
cluster_1112	4	WASHC2A	WASHC4	WASHC5	XPO1
cluster_1113	3	EIF3A	EIF3B	EIF3G
cluster_1114	3	ARMC8	EGFR	WDR26
cluster_1115	4	COPS5	CUL4A	CUL4B	SKIC8
cluster_1116	3	CHMP2A	CHMP2B	CHMP3
cluster_1117	3	PEX6	RPL27A	RPS14
cluster_1118	3	LIG3	PARP1	XRCC1
cluster_1119	5	PSMA1	PSMA2	PSMA4	PSMA6	WDR11
cluster_1120	3	MDM2	RYBP	YAF2
cluster_1121	3	ACTR5	DDB1	INO80
cluster_1122	4	CPT1A	NDUFA2	NDUFS1	NDUFV1
cluster_1123	4	CEP128	CEP63	ECD	KIAA0753
cluster_1124	3	EMD	TUBGCP2	TUBGCP4
cluster_1125	3	MED20	MED23	NCBP1
cluster_1126	11	MCC	PSMA1	PSMA3	PSMA6	PSMA7	PSMB3	PSMD13	PSMD14	PSMD2	PSMD6	PSMD8
cluster_1127	3	AKAP8L	DHX9	MATR3
cluster_1128	3	HNRNPL	MAEA	MKLN1
cluster_1129	4	IFT122	IFT140	NUDC	WDR35
cluster_1130	5	PRPF6	RC3H1	SNRNP200	SNRPD2	SNRPD3
cluster_1131	3	E2F6	MGA	PSMC3
cluster_1132	3	PSMC3	PSMD4	UBXN1
cluster_1133	3	CTTN	KCNA2	KCNA3
cluster_1134	8	ARCN1	COPA	COPB1	COPB2	COPG1	COPG2	COPZ1	XPO1
cluster_1135	4	CUL4A	CUL4B	DDB1	WDR26
cluster_1136	4	CRK	NCK1	PIK3C2B	PIK3R1
cluster_1137	3	APOO	APOOL	ATP5F1A
cluster_1138	5	C1D	EXOSC1	EXOSC7	MPHOSPH6	ZFC3H1
cluster_1139	4	TIMM10	TIMM10B	TIMM22	TIMM9
cluster_1140	3	CCHCR1	GIT2	IKBKG
cluster_1141	3	PDCD4	PSMB6	PSMC1
cluster_1142	3	CHMP1A	CHMP5	UBE2I
cluster_1143	3	FYCO1	SEC23B	SEC24B
cluster_1144	3	CD74	COPG1	COPG2
cluster_1145	3	MED21	MED6	SKP1
cluster_1146	4	HIF1A	PSMA4	PSMA7	PSMC3
cluster_1147	3	IQGAP1	NFKB2	NFKBIB
cluster_1148	15	PSMC1	PSMC2	PSMC4	PSMC5	PSMC6	PSMD1	PSMD10	PSMD13	PSMD14	PSMD2	PSMD4	PSMD6	PSMD8	PTPN2	UCHL5
cluster_1149	7	ATXN7	PSMC1	PSMC2	PSMC5	PSMC6	PSMD2	PSMD7
cluster_1150	4	PSMB7	PSMC4	PSMD3	TMOD3
cluster_1151	4	CCNA2	COPS5	COPS6	CUL1
cluster_1152	4	DDX1	IGF2BP3	QARS1	RTCB
cluster_1153	3	METTL1	TP53RK	TPRKB
cluster_1154	3	BATF	DDIT3	SNAPC5
cluster_1155	3	ICAM4	RHAG	SLC4A1
cluster_1156	3	ATP6V1A	DARS1	EEF1E1
cluster_1157	3	FUS	PSMB7	PSMD12
cluster_1158	3	HCFC1	NFE2L1	NFE2L3
cluster_1159	3	CHTF18	DSCC1	PCNA
cluster_1160	3	ING3	KAT7	MEAF6
cluster_1161	3	LIMA1	PPP1CB	UBC
cluster_1162	5	ATP6V1B2	LAMTOR1	LAMTOR2	RRAGC	SLC38A9
cluster_1163	4	DLAT	NDUFS2	NDUFS4	OGDH
cluster_1164	3	ACD	IPO5	TINF2
cluster_1165	3	POLR2B	POLR2L	TRIM25
cluster_1166	3	MAT2A	RPS3	RPS3A
cluster_1167	4	DHX9	HNRNPR	MATR3	NAA15
cluster_1168	4	STK11	YWHAG	YWHAH	YWHAZ
cluster_1169	3	GATAD2B	MTA2	ZBTB1
cluster_1170	6	COPS5	COPS6	CUL4A	CUL4B	DDB1	DTL
cluster_1171	3	EZR	SRP68	SRP72
cluster_1172	4	BRF1	GTF3C3	GTF3C4	GTF3C5
cluster_1173	3	BTRC	FBXW11	VCP
cluster_1174	4	LATS1	LATS2	STK3	STK4
cluster_1175	4	HNRNPH1	HNRNPK	RAMAC	RBMX
cluster_1176	3	FSAF1	SMARCB1	SMARCC1
cluster_1177	3	FBL	RPS6	TDRD3
cluster_1178	6	BUB1B	PSMA3	PSMA4	PSMA6	PSMB5	PSMD6
cluster_1179	3	PSMA2	PSMA6	RBX1
cluster_1180	3	GATAD2A	GATAD2B	KAT2B
cluster_1181	3	HMG20A	RCOR1	SNAI1
cluster_1182	4	PA2G4	SF3A1	SF3A3	SND1
cluster_1183	3	DDX17	FOS	MATR3
cluster_1184	4	CTR9	LEO1	RTF1	ZC3H18
cluster_1185	3	COPS7A	COPS8	MAPRE1
cluster_1186	3	LSM5	LSM6	PRPF31
cluster_1187	6	CHD4	EHMT2	MBD3	MTA1	MTA2	MTA3
cluster_1188	4	COPB1	COPG1	COPG2	TAPBP
cluster_1189	3	FBL	NOP58	TGS1
cluster_1190	3	FMNL1	LIMA1	SRGAP2
cluster_1191	5	CBY1	CTNNB1	HDAC4	HDAC7	MAGI1
cluster_1192	4	DLG2	DLG4	DYNLL1	DYNLL2
cluster_1193	5	DCTN1	PSMB6	PSMD11	PSMD14	PSMD7
cluster_1194	3	GTF3C1	SRSF5	SRSF7
cluster_1195	3	PRDX6	PSMD8	UCHL5
cluster_1196	3	POLR1A	POLR1E	RRN3
cluster_1197	3	ACLY	NCL	RPS3
cluster_1198	3	ANP32A	DMAP1	VPS72
cluster_1199	3	PRKN	SEPTIN4	SEPTIN5
cluster_1200	4	KDM6A	KMT2C	PAGR1	TP53
cluster_1201	3	GEMIN6	GEMIN8	SNRNP70
cluster_1202	3	HDAC4	SUMO2	ZBTB21
cluster_1203	4	MED12	MED23	MED28	RCOR1
cluster_1204	3	CRK	YWHAG	YWHAQ
cluster_1205	4	CDK11A	CDK11B	MCM4	MCM6
cluster_1206	3	ARID4B	AURKAIP1	SUDS3
cluster_1207	3	HSPD1	THBS3	THBS4
cluster_1208	3	PSMA5	PSMD1	SEC24C
cluster_1209	6	AAK1	AP2A1	AP2B1	AP2M1	CLTB	GAK
cluster_1210	3	AP3B1	AP3D1	CLTC
cluster_1211	8	ADRM1	EGFR	PSMA3	PSMA4	PSMA7	PSMD1	PSMD2	PSMD4
cluster_1212	3	BRCA2	PSMD3	PSMD6
cluster_1213	5	PDS5A	RPA1	RPA2	RPA3	WAPL
cluster_1214	3	LSM10	LSM3	LSM6
cluster_1215	3	NAP1L4	TAF3	TAF4
cluster_1216	6	C1D	EXOSC1	EXOSC3	EXOSC7	EXOSC8	ZCCHC8
cluster_1217	3	CARD11	MALT1	PRKCD
cluster_1218	3	CHD4	FOXJ2	GATAD2B
cluster_1219	3	CCNH	MNAT1	TP53
cluster_1220	3	SAP130	SUPT3H	TAF10
cluster_1221	5	EHMT2	MED12	MED23	MED30	MED6
cluster_1222	3	ECPAS	RPS23	RPS26
cluster_1223	3	JAM2	JAM3	PARD3
cluster_1224	3	CCDC14	CDK1	KIAA0753
cluster_1225	4	COPS4	COPS7B	COPS8	DLD
cluster_1226	4	COPA	COPB1	COPB2	LMAN1
cluster_1227	3	ACTR1B	APP	DCTN6
cluster_1228	5	DDX5	ELAC2	HNRNPF	HNRNPH1	HNRNPK
cluster_1229	3	NUDCD2	PSMB7	PSMD14
cluster_1230	4	DDX1	FKBP3	IGF2BP3	RTRAF
cluster_1231	5	ANAPC4	CDC20	CDK1	FBXO5	FZR1
cluster_1232	3	CIAO1	CIAO2B	ELP6
cluster_1233	3	RPL23	RPS27	TAB2
cluster_1234	3	DNAJB1	DNAJB4	WIPI2
cluster_1235	3	KIAA0753	MAP7	SPICE1
cluster_1236	3	CD2BP2	TUBGCP5	TUBGCP6
cluster_1237	3	EIF4A3	NCBP1	ZC3H18
cluster_1238	6	ELAVL1	MED1	MED20	MED21	MED23	MED28
cluster_1239	5	HECW2	PSMA7	PSMB1	PSMB3	PSMB7
cluster_1240	4	INTS3	INTS5	INTS6	NABP1
cluster_1241	3	HDAC5	IKZF2	IKZF4
cluster_1242	4	CDK11A	CDK11B	CSNK2A1	CSNK2A2
cluster_1243	4	OSBPL11	OSBPL9	VAPA	VAPB
cluster_1244	3	EXOSC10	EXOSC6	LSM8
cluster_1245	3	APBB1	JAG1	NEURL1
cluster_1246	3	NHERF1	PHLPP1	PHLPP2
cluster_1247	4	EIF4A3	MAGOH	PRMT5	WDR77
cluster_1248	3	CUL4A	CUL4B	PRMT5
cluster_1249	4	ELAVL1	GID8	MKLN1	YPEL5
cluster_1250	3	FYN	NCK1	RIMS2
cluster_1251	3	PSMD13	UCHL5	UNC45A
cluster_1252	3	CUL1	CUL3	FBXW5
cluster_1253	3	PAFAH1B1	YWHAG	YWHAH
cluster_1254	3	GP1BA	GP5	GP9
cluster_1255	4	BIRC2	DHX9	ILF2	ILF3
cluster_1256	5	PSMA6	PSMB4	PSMC3	PSMD4	UBD
cluster_1257	3	PSMB5	PSMB7	PYGL
cluster_1258	3	HAND1	HAND2	TCF4
cluster_1259	3	PSMD14	TXN	UCHL5
cluster_1260	4	COPS5	COPS6	NEDD8	UCHL3
cluster_1261	4	ARPC1A	ARPC2	BAG3	TPRKB
cluster_1262	3	H3-3A	ING2	SAP130
cluster_1263	4	COQ5	COQ7	MICOS13	PTPMT1
cluster_1264	3	CNOT7	CPEB3	TOB2
cluster_1265	4	CEP63	FAM161A	KIAA0753	SPICE1
cluster_1266	3	DES	S100A1	S100B
cluster_1267	12	C1D	DIS3	EXOSC1	EXOSC10	EXOSC2	EXOSC3	EXOSC4	EXOSC6	EXOSC7	EXOSC8	EXOSC9	MTREX
cluster_1268	3	FOXP1	GATAD2B	MTA1
cluster_1269	5	LIG3	RPA1	RPA2	RPA3	XRCC1
cluster_1270	4	RPL9	RPS25	RPS7	ZBTB14
cluster_1271	4	CCAR2	PSMA4	PSMC1	PSMD3
cluster_1272	3	CCND2	RPA1	RPA3
cluster_1273	3	TXN	UBE2D2	UBE2K
cluster_1274	3	CENPA	H2AC4	H2BC3
cluster_1275	4	HNRNPL	SEPTIN11	SEPTIN5	SEPTIN6
cluster_1276	3	GRB7	NPM1	RPS2
cluster_1277	4	KAT2A	SREBF1	TADA3	TRRAP
cluster_1278	3	HLA-F	HLA-G	TAP1
cluster_1279	4	HNRNPF	HNRNPH2	HNRNPH3	MCM3
cluster_1280	3	COG4	COG5	VCP
cluster_1281	3	ABCE1	VDAC2	VDAC3
cluster_1282	3	CEP128	ODF2	TRIM9
cluster_1283	3	ELP1	ELP4	ELP5
cluster_1284	3	CCNB1	CCNB2	PKMYT1
cluster_1285	3	PMPCA	PMPCB	PNPT1
cluster_1286	6	AP2A1	AP2A2	AP2B1	AP2M1	EPS15	GRB2
cluster_1287	3	ABCD1	ABCD2	ABCD3
cluster_1288	4	SART1	SF3A1	SF3B1	TRMT112
cluster_1289	3	GID8	MKLN1	SLX4
cluster_1290	5	CAPZA2	IQGAP1	MYH10	MYH9	MYO19
cluster_1291	3	ANK1	FIG4	PIKFYVE
cluster_1292	3	IL15	IL15RA	IL2RG
cluster_1293	3	RP9	SRSF1	U2AF1
cluster_1294	3	ARHGAP45	GMIP	RHOA
cluster_1295	9	HDAC1	HDAC2	KDM5B	MBD2	MBD3	MTA2	MTA3	RBBP4	RBBP7
cluster_1296	3	MED17	MED20	TKT
cluster_1297	3	INO80C	INO80E	YY1AP1
cluster_1298	4	PARD3	PKHD1	SMAD2	SMAD3
cluster_1299	3	FOXA3	RPA2	RPA3
cluster_1300	3	AGFG1	ARPC1A	TPRKB
cluster_1301	4	ACTR3	ARPC2	CCP110	CEP97
cluster_1302	3	CD4	HLA-DQA2	HLA-DQB1
cluster_1303	3	AIFM1	LRRK2	SFXN1
cluster_1304	3	OPRD1	OPRK1	VAPA
cluster_1305	5	ANKRD26	CEP128	CEP89	CNTRL	PCM1
cluster_1306	3	CCND1	PSMA6	PSMD7
cluster_1307	3	BCAR1	PSMD11	PSMD4
cluster_1308	3	ETFA	ETFB	NDUFAB1
cluster_1309	3	HNRNPF	HNRNPH2	MSI1
cluster_1310	4	HDAC3	NCOR1	SAFB	SAFB2
cluster_1311	3	EIF3E	EIF3L	RGS2
cluster_1312	3	NUP153	SEH1L	SLX4
cluster_1313	4	RPL22	RPL9	RPS25	STAC3
cluster_1314	3	C1D	EXOSC2	EXOSC7
cluster_1315	4	HOMER3	PSMA1	PSMA2	PSMC5
cluster_1316	5	RPL30	RPL9	RPS14	RPS3A	SMAD2
cluster_1317	4	CAPZA2	PSMB6	PSMC5	PSMD4
cluster_1318	4	CBX2	CBX4	H2AC4	H2BC3
cluster_1319	4	ISOC1	STK24	STK26	TBCB
cluster_1320	3	PSMD12	PSMD7	TRIM11
cluster_1321	3	AP2M1	CDH1	EPS15
cluster_1322	3	MED1	MED16	MED17
cluster_1323	4	AP3B1	AP3D1	ARRB1	ARRB2
cluster_1324	8	CDK19	CDK9	MED1	MED12	MED21	MED26	MED28	ZC3H13
cluster_1325	4	MEF2A	MEF2B	MEF2C	MEF2D
cluster_1326	3	MRPL12	SLC25A10	TRAP1
cluster_1327	3	AIMP2	PSMC6	PSMD4
cluster_1328	3	CCNB2	CKS1B	CKS2
cluster_1329	3	HNRNPH3	HNRNPUL1	SMN1
cluster_1330	6	ERCC3	GTF2H1	GTF2H2C	GTF2H3	GTF2H4	TP53BP1
cluster_1331	3	OSBPL11	OSBPL9	RAB11A
cluster_1332	3	CLU	KEAP1	MCM2
cluster_1333	10	CAPZA2	DBN1	FLNA	GSN	IQGAP1	LIMA1	MYH9	MYO18A	MYO19	SYNPO
cluster_1334	3	POLR3A	POLR3B	POLR3D
cluster_1335	3	CFAP410	NEK1	SPATA7
cluster_1336	4	MED1	MED15	MED23	NCOA6
cluster_1337	3	AP2A1	EPS15	RAB11FIP2
cluster_1338	3	CYLD	RNF31	SHARPIN
cluster_1339	3	POLR2B	POLR2C	TET3
cluster_1340	3	H3C1	MED14	MED16
cluster_1341	3	ARID1B	DPF2	EPAS1
cluster_1342	7	COPS2	COPS3	COPS4	COPS7A	COPS8	DTL	GPS1
cluster_1343	4	APC	STRN	STRN3	STRN4
cluster_1344	3	CDC5L	MED12	MED16
cluster_1345	3	HNRNPU	IK	RPS7
cluster_1346	7	ANAPC4	ANAPC5	ANAPC7	CDC16	CDC23	CDC27	SH3KBP1
cluster_1347	3	CD2BP2	NAA30	NAA35
cluster_1348	5	ADRM1	PAAF1	PSMC4	PSMC5	PSMD8
cluster_1349	4	PCGF2	PHC1	PHC3	SCMH1
cluster_1350	3	HNRNPA3	PHB2	PTBP1
cluster_1351	6	TAF1	TAF4	TAF5	TAF6	TBP	TBPL1
cluster_1352	3	CAD	MAP3K7	TAB2
cluster_1353	3	CEP120	KIAA0586	KIAA0753
cluster_1354	6	CAPZA2	DBN1	DIXDC1	FLNA	MYH9	MYO1C
cluster_1355	3	DDX1	IGF2BP3	PDCD6
cluster_1356	4	RAD21	RPS27A	UBA52	UBC
cluster_1357	3	AP2A1	AP2M1	TBC1D5
cluster_1358	3	PSMC5	PSMD1	PTGS2
cluster_1359	8	E2F6	MAX	MGA	PCGF6	RING1	RYBP	TFDP1	YAF2
cluster_1360	3	ATP2A1	PLN	SLN
cluster_1361	8	MED1	MED12	MED14	MED16	MED17	MED20	MED21	PPARGC1A
cluster_1362	3	MSN	MYH9	MYO19
cluster_1363	5	CCNH	MNAT1	RPA1	RPA2	RPA3
cluster_1364	3	MRPS10	MRPS5	SDHB
cluster_1365	3	PAK1	RPL27A	RPL7A
cluster_1366	3	SEC11C	STX12	VAMP4
cluster_1367	3	DHX15	HNRNPR	PEX3
cluster_1368	4	DSN1	KNL1	MLF1	PMF1
cluster_1369	3	APLF	POLB	TDP1
cluster_1370	3	RAB11A	RAB11B	RAB25
cluster_1371	5	PSMD11	PSMD12	PSMD6	PSMD7	USP20
cluster_1372	3	CD81	CFL1	IGSF8
cluster_1373	3	ARPC1A	ARPC5	PPP2R1B
cluster_1374	3	GOLGA2	IFT20	IFT27
cluster_1375	3	VPS29	WASHC2C	WASHC5
cluster_1376	6	CHD4	GATAD2B	MBD2	MBD3	TRIM27	ZNF219
cluster_1377	4	NDUFA9	NDUFS1	NDUFS3	NOA1
cluster_1378	5	PPFIA1	PSMC4	PSMD1	PSMD13	PSMD8
cluster_1379	4	CAND1	COPS5	CUL3	TTC5
cluster_1380	4	CHD4	MBD3	MTA1	TRIM33
cluster_1381	15	ADRM1	DLD	PSMC1	PSMC3	PSMC4	PSMC5	PSMC6	PSMD10	PSMD11	PSMD13	PSMD2	PSMD3	PSMD4	PSMD6	PSMD7
cluster_1382	3	IFT22	IFT74	IFT81
cluster_1383	5	MED15	MED24	MED6	SMAD2	SMAD3
cluster_1384	10	CDK2AP1	CHD4	ELAVL1	GATAD2A	HDAC2	MBD3	MTA1	MTA2	MTA3	RBBP4
cluster_1385	5	DDX23	KIFAP3	PRPF3	PRPF4	SART1
cluster_1386	3	GBP1	GBP2	GBP3
cluster_1387	3	MAP3K7	PSMC3	TAB1
cluster_1388	4	AHCYL1	PSMD12	PSMD4	PSMD6
cluster_1389	3	CAMK2D	RPS18	RPS4X
cluster_1390	5	RABEP1	YWHAE	YWHAG	YWHAH	YWHAQ
cluster_1391	5	PUF60	SF3A2	SF3A3	SF3B1	SF3B3
cluster_1392	5	GATAD2B	L3MBTL2	MBD3	MTA1	MTA2
cluster_1393	4	ACTR10	DCTN4	DCTN6	MAPK8IP3
cluster_1394	3	DPYSL2	DPYSL5	HSPA8
cluster_1395	3	SAFB	SAFB2	TP53
cluster_1396	3	NUAK1	PPP1R12A	PPP1R12B
cluster_1397	4	SSRP1	SUPT16H	XRCC5	XRCC6
cluster_1398	3	DAG1	DRP2	PRX
cluster_1399	3	CLK2	FAAP24	FANCM
cluster_1400	3	HIC1	MBD3	MTA1
cluster_1401	3	RBM8A	SMG1	SMG5
cluster_1402	3	CRY1	CRY2	LRPPRC
cluster_1403	3	PSMD13	STRN3	STRN4
cluster_1404	3	MED19	MED26	UBR5
cluster_1405	3	ACTA1	ACTR10	ACTR1B
cluster_1406	3	NUP133	NUP160	TMPO
cluster_1407	3	CDCA7L	PBX1	PBX2
cluster_1408	4	DAXX	NCL	RPL13	RPL23
cluster_1409	3	PDAP1	PDGFA	PDGFB
cluster_1410	3	CTR9	ELOA	LEO1
cluster_1411	5	APP	TRAPPC2L	TRAPPC3	TRAPPC4	TRAPPC9
cluster_1412	5	DDX1	RPA1	RPA2	RPA3	RTRAF
cluster_1413	10	KCMF1	PSMC1	PSMC5	PSMD11	PSMD12	PSMD13	PSMD3	PSMD7	PSMD8	UCHL5
cluster_1414	3	APP	EIF3G	EIF3M
cluster_1415	3	ASCL2	KMT2C	RBBP5
cluster_1416	4	FUBP1	SMARCA2	SMARCC1	SMARCC2
cluster_1417	4	DDX19A	DDX19B	SPTAN1	SPTBN1
cluster_1418	3	EXOSC4	SKIC2	SKIC3
cluster_1419	3	CCHCR1	CLOCK	PPP2R5D
cluster_1420	3	B2M	HLA-F	LILRB1
cluster_1421	6	ITPR1	TRPC1	TRPC3	TRPC4	TRPC5	TRPC6
cluster_1422	3	PSMA6	PSMD6	SGK1
cluster_1423	3	MBD3	MTA2	SRRM2
cluster_1424	4	CFTR	SEPTIN11	SEPTIN6	SEPTIN7
cluster_1425	14	MID1	PSMA1	PSMA6	PSMB1	PSMB4	PSMB5	PSMB6	PSMC1	PSMC2	PSMC6	PSMD14	PSMD2	PSMD3	PSMD7
cluster_1426	3	AURKA	MBD3	MTA3
cluster_1427	3	ACTBL2	ACTR10	DCTN3
cluster_1428	8	INTU	PSMC3	PSMC4	PSMC6	PSMD12	PSMD13	PSMD7	PSMD8
cluster_1429	3	UTP20	VPS18	VPS41
cluster_1430	5	NME2	PSMA2	PSMA7	PSMB4	PSMD12
cluster_1431	3	CEP250	HBA1	HBB
cluster_1432	3	KPNA2	MORF4L2	MRGBP
cluster_1433	3	EPB41	RPL38	RPS3A
cluster_1434	3	ANG	PSMC3	PSMD2
cluster_1435	3	COQ3	COQ4	NFS1
cluster_1436	4	EWSR1	PSMA4	PSMC6	PSMD7
cluster_1437	3	HSPD1	MRPL58	TMLHE
cluster_1438	5	ATXN3	CUL1	CUL4A	DDB1	NEDD8
cluster_1439	5	AXIN1	GID8	MAEA	RANBP10	WDR26
cluster_1440	3	ARCN1	COPB1	UBC
cluster_1441	3	RPL22	RPL24	STRAP
cluster_1442	3	ARCN1	COPG1	COPZ2
cluster_1443	3	COXFA4	NDUFAF4	TIMM29
cluster_1444	5	EXOSC10	EXOSC2	EXOSC3	EXOSC6	HDGF
cluster_1445	3	ABL1	RPLP1	RPS21
cluster_1446	4	AFF1	MLLT1	MLLT10	MLLT3
cluster_1447	3	PSMD11	PSMD2	UNC119
cluster_1448	3	MYBBP1A	NR4A1	RPL7
cluster_1449	3	EIF3E	TRIM55	TRIM63
cluster_1450	3	RABGAP1L	SGF29	TFPT
cluster_1451	3	EIF4H	HNRNPA0	HNRNPDL
cluster_1452	4	ASF1A	ASF1B	RBBP4	RBBP7
cluster_1453	4	ASF1A	ASF1B	MMS22L	TONSL
cluster_1454	3	MAPKAP1	MELK	MLST8
cluster_1455	3	ATP1A1	ZNRF1	ZNRF2
cluster_1456	3	MSH2	MUTYH	RPA4
cluster_1457	4	MIOS	SEC13	WDR24	WDR59
cluster_1458	4	FLNA	IQGAP1	MAPK14	MYO19
cluster_1459	4	CCDC8	CUL7	FBXW8	OBSL1
cluster_1460	4	COPS3	COPS4	GPS1	SKP1
cluster_1461	4	HSPA1A	HSPA1B	TRIM29	TUBB
cluster_1462	3	SLC30A10	SLC30A2	SLC30A3
cluster_1463	4	CARD8	E2F6	MGA	PCGF6
cluster_1464	8	MED26	POLR2A	POLR2B	POLR2C	POLR2E	POLR2F	POLR2G	TCEA1
cluster_1465	3	MYB	NCL	RPL4
cluster_1466	6	ACTR10	ACTR1A	ACTR1B	DCTN2	DCTN3	LMNB1
cluster_1467	3	GIGYF2	NF1	VCP
cluster_1468	4	KPNA2	MBD3	MTA2	RBBP7
cluster_1469	3	HNRNPU	ILF3	SLC25A17
cluster_1470	3	HMBOX1	RPL9	RPS25
cluster_1471	8	ANLN	CAPZA2	LIMA1	MYH9	MYO18A	PPP1CB	SYNPO	TNFAIP1
cluster_1472	4	COG3	COG4	COG7	SCFD1
cluster_1473	4	BMAL1	CLOCK	CRY1	CRY2
cluster_1474	3	ATP1A1	RAB2A	RPN1
cluster_1475	3	UQCC1	UQCC2	YARS2
cluster_1476	5	ATP5MF	COXFA4	NDUFA6	NDUFAF4	NDUFB9
cluster_1477	5	CAPZA2	HIP1R	LIMA1	MYH9	MYO19
cluster_1478	3	ARFGAP1	RPL11	RPL22
cluster_1479	4	BCAR3	PSMA2	PSMD1	PSMD2
cluster_1480	4	MMS22L	SSRP1	SUPT16H	TONSL
cluster_1481	4	RHOT2	RPL9	RPS2	RPS26
cluster_1482	3	CAND1	TARDBP	ZNF346
cluster_1483	4	NDC80	NUF2	SPC24	SPC25
cluster_1484	4	COPB2	COPG1	TELO2	TTI1
cluster_1485	3	ASF1A	ASF1B	RIF1
cluster_1486	6	IKBKE	PRPF19	SF3A1	SF3B1	SNRNP200	SNRPA1
cluster_1487	3	ERRFI1	PSMA7	PSMB6
cluster_1488	3	PHLPP2	RPL3	RPS11
cluster_1489	7	CDK2AP1	GATAD2A	GATAD2B	MTA2	MTA3	RBBP7	TCF20
cluster_1490	3	CDC42BPB	RPL3	RPL35
cluster_1491	3	HNRNPDL	HNRNPH3	NR3C1
cluster_1492	4	ANAPC5	ANAPC7	CDC23	CDT1
cluster_1493	3	CYCS	MICOS13	PTPMT1
cluster_1494	3	CAND1	CMSS1	JUN
cluster_1495	3	MDC1	RBM17	U2SURP
cluster_1496	3	GSTM2	GSTM4	GSTM5
cluster_1497	3	COX5A	COX6C	MT-CO1
cluster_1498	3	GPRASP2	RPL28	RPS2
cluster_1499	3	ISOC1	TBCB	VCL
cluster_1500	3	BRCA1	EMSY	PHF12
cluster_1501	4	ARID1A	ARID1B	DPF2	YAP1
cluster_1502	4	ACTG1	BRK1	NCKAP1	WASF1
cluster_1503	4	MPG	NPM1	RPL10	RRP1B
cluster_1504	4	NELFCD	RPS11	RPS14	RPS26
cluster_1505	3	LAS1L	PELP1	SMARCAD1
cluster_1506	3	LYPD3	SLMAP	STRN
cluster_1507	4	ITPR3	TRPC3	TRPC6	TRPC7
cluster_1508	3	CPSF2	MED17	WDR33
cluster_1509	3	LONP1	PSMC4	PSMC5
cluster_1510	3	AFF1	AFF4	HNRNPL
cluster_1511	3	DHX36	HEBP1	S100A6
cluster_1512	3	HCFC1	HCFC2	THAP2
cluster_1513	4	LSM2	LSM5	LSM6	PATL1
cluster_1514	3	CUL1	POMP	PSMG1
cluster_1515	3	PRKRIP1	SNRPE	SNRPG
cluster_1516	3	ASB1	EFTUD2	SNRPD1
cluster_1517	4	ASF1A	ASF1B	H3-4	H4C1
cluster_1518	3	RBL1	RBL2	TOP1
cluster_1519	3	MAEA	UBC	WDR26
cluster_1520	4	MED16	MED17	MED24	XRCC3
cluster_1521	4	ARMC8	MAEA	RANBP10	YPEL5
cluster_1522	3	MUC1	VMA12	VMA22
cluster_1523	3	KRT15	KRT19	PCM1
cluster_1524	8	PSMA4	PSMA6	PSMA7	PSMB1	PSMB2	PSMB3	PSMB5	PYCR3
cluster_1525	4	COXFA4	MCU	NDUFA9	NDUFAF4
cluster_1526	6	EXOSC10	EXOSC2	EXOSC4	EXOSC6	MTREX	UPF2
cluster_1527	4	COPS2	COPS4	GPS1	TP53
cluster_1528	9	PRKAB1	PSMA6	PSMA7	PSMB3	PSMC3	PSMC4	PSMD1	PSMD14	PSMD6
cluster_1529	3	CRKL	DOCK1	ELMO2
cluster_1530	4	H3C1	SUPT20H	TADA2B	TAF6L
cluster_1531	4	CILK1	CLUAP1	IFT172	IFT88
cluster_1532	4	IRS1	IRS2	MTOR	RPTOR
cluster_1533	3	MED23	SUPT20H	TAF6L
cluster_1534	9	ARMC8	GID8	MAEA	MKLN1	RAB8A	RANBP10	RMND5A	WDR26	YPEL5
cluster_1535	4	BTRC	FBXW11	STK3	STK4
cluster_1536	3	BBS1	BBS7	NUDC
cluster_1537	5	POP4	RBM4B	RPP25	RPP38	RPP40
cluster_1538	5	DBN1	LIMA1	MYH9	MYO19	STOM
cluster_1539	4	FOXN1	SMARCB1	SMARCC2	SMARCE1
cluster_1540	3	CIT	CUL7	OBSL1
cluster_1541	3	HMGB2	SSRP1	SUPT16H
cluster_1542	3	NOD1	PSMA7	PSMD2
cluster_1543	4	FLNA	MYH9	MYO19	PALLD
cluster_1544	3	HTR1A	HTR1B	HTR1D
cluster_1545	3	MAGI1	SH3BP4	TFAP2A
cluster_1546	4	RAB3GAP1	RAB3GAP2	VAPA	VAPB
cluster_1547	3	MBD2	MTA3	TFAP4
cluster_1548	3	ADAP1	NCL	RPS9
cluster_1549	3	BCL3	CTBP1	CTBP2
cluster_1550	3	AIPL1	MIOS	WDR24
cluster_1551	3	AQR	ISY1	SHMT2
cluster_1552	4	GLI1	IFT56	IFT74	IFT81
cluster_1553	3	SF3B5	TADA1	TADA2B
cluster_1554	4	AHSA1	PSMC4	PSMD2	PSMD3
cluster_1555	3	GRB2	IRS1	IRS2
cluster_1556	3	MED15	MED7	RELA
cluster_1557	4	CUL1	CUL5	NEDD8	UBA3
cluster_1558	6	DAP3	DLD	MRPS18B	MRPS22	MRPS31	MRPS35
cluster_1559	3	LRRK2	MYL12B	MYL6
cluster_1560	5	TJP1	TUBA1A	TUBA1C	TUBB	TUBB3
cluster_1561	3	DLD	POLR2C	POLR2H
cluster_1562	3	CDC23	CDC27	FOXP3
cluster_1563	3	CEBPE	CEBPG	FOS
cluster_1564	3	AKAP17A	SRRM2	SRSF1
cluster_1565	3	DTX3L	PARP14	PARP9
cluster_1566	5	CLK2	CPSF1	CPSF2	CPSF4	WDR33
cluster_1567	3	DYNC1H1	STRN	STRN4
cluster_1568	5	DDX18	NEMF	NOP56	RPL10	RPL11
cluster_1569	4	COPS2	COPS7A	GPS1	SKP2
cluster_1570	5	PSMA1	PSMA3	PSMA6	PSMD1	TFE3
cluster_1571	3	MORF4L1	MRGBP	MSL1
cluster_1572	3	CYBB	NCF1	NCF4
cluster_1573	8	PAAF1	PSMC3	PSMC4	PSMC5	PSMC6	PSMD10	PSMD6	ZFAND2B
cluster_1574	4	COPS6	CUL2	CUL4B	POP7
cluster_1575	3	MMUT	MRPL58	PDK1
cluster_1576	3	DYNC1I2	DYNLRB2	DYNLT1
cluster_1577	5	BBS1	BBS2	BBS4	BBS7	FLOT1
cluster_1578	3	VPS26A	WASHC2C	WASHC4
cluster_1579	4	ATXN7L3	ENY2	TAF10	USP22
cluster_1580	3	ELAVL1	POLR2D	POLR2J
cluster_1581	3	CDK7	MGA	PCGF6
cluster_1582	6	GATAD2A	GATAD2B	KPNA1	MBD3	MTA2	MTA3
cluster_1583	4	JAK1	JAK2	STAT5A	STAT5B
cluster_1584	6	ELAVL1	ING3	MEAF6	MORF4L1	MRGBP	VPS72
cluster_1585	3	COP1	DET1	TRIB2
cluster_1586	6	COPS2	COPS4	COPS7A	COPS7B	GPS1	UBE2M
cluster_1587	4	FKBP15	WASHC2C	WASHC4	WASHC5
cluster_1588	3	CAND1	CUL2	LAGE3
cluster_1589	3	SORT1	TUBA1C	TUBB
cluster_1590	3	LRRK2	MAP2K4	MAP2K7
cluster_1591	3	MED16	WBP11	ZC3H13
cluster_1592	4	H3-4	MGA	PCGF6	RING1
cluster_1593	3	RPS2	RPS3A	TOE1
cluster_1594	3	LLGL1	PARD6G	PRKCI
cluster_1595	3	ACTR3	ARPC1B	UBE3A
cluster_1596	3	LIMA1	MYO18A	SHMT2
cluster_1597	3	IFIT1	IFIT3	IFIT5
cluster_1598	4	ACTA1	BRK1	CYFIP1	NCKAP1
cluster_1599	3	TAF11	TAF12	TSNAX
cluster_1600	4	BTRC	DOCK1	ELMO2	FBXW11
cluster_1601	4	CAPZA2	DBN1	LIMA1	RAB1A
cluster_1602	3	RPLP1	RPS26	TMEM165
cluster_1603	3	CAPZA2	DCTN1	MYO19
cluster_1604	3	EGLN3	MIOS	WDR59
cluster_1605	3	DMBT1	SFTPA1	SFTPA2
cluster_1606	5	DSTN	MYH9	MYO18A	MYO1C	PPP1CB
cluster_1607	3	CCT5	CCT8	TFDP1
cluster_1608	3	APOOL	NDUFA12	NDUFB11
cluster_1609	3	CRAMP1	GON4L	H2AX
cluster_1610	3	EIF3B	EIF3K	VAPA
cluster_1611	3	COQ4	COQ5	MRPS16
cluster_1612	3	GPAA1	PIGK	PIGU
cluster_1613	3	RAB10	RAB12	RILPL1
cluster_1614	5	PSMC1	PSMC2	PSMC3	PSMD3	RPS6KB2
cluster_1615	3	ANKFY1	WASHC2A	WASHC4
cluster_1616	3	CDC37L1	RPS17	RPS7
cluster_1617	4	BMAL1	CLOCK	PHLDB3	SIRT1
cluster_1618	3	RPS27A	TRIM25	UBC
cluster_1619	4	TAX1BP1	UBA52	UBB	UBC
cluster_1620	3	DDX17	FBXW7	HNRNPK
cluster_1621	4	KATNA1	KATNAL1	KATNB1	KATNBL1
cluster_1622	4	CAND1	MCM9	NOP56	NOP58
cluster_1623	3	GATAD2B	MBD3	UHRF2
cluster_1624	4	CHD4	GATAD2B	NOTCH1	RBBP4
cluster_1625	3	CCDC40	PSMD9	VPS53
cluster_1626	4	GIGYF1	GIGYF2	SNRPB	SNRPC
cluster_1627	3	PABPC1	PAIP2	RPL11
cluster_1628	5	CPSF1	RPA1	RPA2	RPA3	SYMPK
cluster_1629	6	LAMTOR1	LAMTOR2	LAMTOR4	LAMTOR5	RRAGD	SLC38A9
cluster_1630	5	LMO2	MED14	MED17	MED20	MED24
cluster_1631	3	EGFR	TRAPPC3	TRAPPC5
cluster_1632	6	ACTR2	ACTR3	ANP32B	ARPC1B	ARPC2	ARPC5
cluster_1633	3	PAFAH1B2	PSMG1	PSMG2
cluster_1634	3	KANSL3	MED10	MED26
cluster_1635	5	CSNK2A2	MED20	MED21	MED23	MED6
cluster_1636	4	EXOSC1	EXOSC7	EXOSC8	MTMR3
cluster_1637	3	HNRNPK	QKI	RBMX
cluster_1638	5	HUWE1	TUBA1C	TUBB	TUBB2A	TUBB4B
cluster_1639	4	PSMD14	PSMD7	RNF20	UCHL5
cluster_1640	6	ANLN	CAPZA2	MICAL3	MYH9	MYO18A	MYO19
cluster_1641	4	NDUFA9	NDUFS1	NDUFS8	OPA1
cluster_1642	3	MYBBP1A	RSL1D1	YY1
cluster_1643	3	AKR1C1	AKR1C3	SIAH2
cluster_1644	4	PSMA1	PSMA5	PSMB1	SRSF2
cluster_1645	3	MYO5C	POC1A	SYNPO
cluster_1646	3	CDKN2A	COPS5	CUL2
cluster_1647	3	STK4	TUBA1C	TUBB4B
cluster_1648	3	GPN1	HNRNPH1	HNRNPH2
cluster_1649	4	LSM2	LSM4	LSM6	USP15
cluster_1650	3	DLAT	PDHA2	PDK3
cluster_1651	4	IRS1	IRS2	JAK1	JAK2
cluster_1652	4	PPP1CA	SON	SRSF5	SRSF7
cluster_1653	4	TECPR1	TRAPPC11	TRAPPC12	TRAPPC8
cluster_1654	3	DTNBP1	EXOC3	EXOC4
cluster_1655	3	AKT1	GAB2	MAPKAP1
cluster_1656	4	CDK1	CDK3	CKS1B	CKS2
cluster_1657	3	PSMA7	PSMD6	RMND5B
cluster_1658	3	COPS2	COPS8	GPS1
cluster_1659	4	IKBKG	POLR2B	POLR2D	POLR2E
cluster_1660	3	CNOT9	GIGYF1	GIGYF2
cluster_1661	3	GINS1	GINS2	GINS4
cluster_1662	3	CUL1	CUL5	DEPTOR
cluster_1663	8	RPL13	RPL5	RPL8	RPS15	RPS25	RPS6	RPS7	UPF2
cluster_1664	3	BRD2	BRD3	RUVBL2
cluster_1665	12	FBXO6	PSMA1	PSMA3	PSMA4	PSMC1	PSMC2	PSMC3	PSMC5	PSMC6	PSMD3	PSMD4	PSMD7
cluster_1666	3	ITCH	STAM	STAM2
cluster_1667	7	CNOT11	CNOT2	CNOT6	CNOT6L	CNOT7	NFKB1	TNKS1BP1
cluster_1668	3	CUL2	NEDD8	TFE3
cluster_1669	5	ATXN7L3	SIRT1	SUPT7L	TADA2B	USP22
cluster_1670	4	GID8	RANBP10	RANBP9	RMND5B
cluster_1671	3	RPS6KB2	SNRPB	SNRPE
cluster_1672	3	MCM7	PSMD12	PSMD2
cluster_1673	3	CDK3	CKS1B	SKP1
cluster_1674	3	CLTC	HELZ	MARF1
cluster_1675	3	MOB4	SNX24	STRN
cluster_1676	5	PATL1	PRPF3	PRPF4	SART1	SF3A1
cluster_1677	3	RASSF3	RASSF4	STK4
cluster_1678	5	AIMP1	DARS1	IARS1	RARS1	UBC
cluster_1679	3	RAB3GAP1	RAB3GAP2	SIRT2
cluster_1680	3	HDAC4	RFXANK	RFXAP
cluster_1681	3	HCN1	HCN3	HCN4
cluster_1682	3	CPSF2	CPSF4	ECT2
cluster_1683	4	CBL	PTPN11	PTPN6	SHC1
cluster_1684	4	ARMC8	MKLN1	RMND5A	ZMYND19
cluster_1685	3	CPSF1	CPSF2	GTF3C3
cluster_1686	3	HAP1	RPS10	RPS25
cluster_1687	7	MCC	MOB4	STK24	STRIP1	STRN	STRN3	STRN4
cluster_1688	3	IMPA1	IMPA2	PGLS
cluster_1689	3	REPS1	TRAPPC2	TRAPPC2L
cluster_1690	4	ECE1	RPL19	RPS26	RPSA
cluster_1691	5	CAPZA2	CARD10	DBN1	MYO19	MYO1C
cluster_1692	3	LIMA1	MYH9	SUN2
cluster_1693	4	CLPP	MRPL12	MRPS30	SLC25A10
cluster_1694	3	RHOT1	TRAK1	TRAK2
cluster_1695	4	MAP3K7	TAB1	TAB2	XPO1
cluster_1696	3	ELAVL1	FAAP20	FANCE
cluster_1697	3	DDX5	HNRNPK	MAPK10
cluster_1698	5	RAB11A	TBC1D14	TRAPPC10	TRAPPC3	TRAPPC9
cluster_1699	4	RPL10A	RPL4	RPSA	TFG
cluster_1700	4	HADH	PSMA1	PSMA2	PSMB8
cluster_1701	4	PIH1D1	SUPT6H	URI1	UXT
cluster_1702	3	EIF3A	EIF3C	MYH9
cluster_1703	8	ACTR2	ACTR3	ARPC1A	ARPC2	ARPC3	ARPC4	ARPC5	GRB2
cluster_1704	6	DDX1	EIF2B2	EIF2B3	IGF2BP3	RTCB	RTRAF
cluster_1705	5	CEP120	CEP128	KIAA0753	LTV1	SPICE1
cluster_1706	5	PRPF3	PRPF4	PRPF6	RBM42	SART1
cluster_1707	3	KCNIP1	KCNIP2	KCNIP4
cluster_1708	3	STK25	STK26	TRIM27
cluster_1709	3	SF3B1	SNRNP200	TUBA1B
cluster_1710	3	EWSR1	SSBP2	SSBP3
cluster_1711	3	EXOSC2	EXOSC3	KHSRP
cluster_1712	3	HLA-DPA1	LRFN1	NF1
cluster_1713	3	BRD8	DMAP1	MIS18A
cluster_1714	3	ARID4B	MYC	SAP130
cluster_1715	7	EPB41L1	PSMA4	PSMA5	PSMB3	PSMB4	PSMB5	PSMB7
cluster_1716	5	AFF4	DENND2D	ELL	MLLT1	MLLT3
cluster_1717	3	ATP6V1D	RPS15	RPS18
cluster_1718	4	MED1	MED15	MED6	SREBF2
cluster_1719	6	MCC	NPM1	RPL23A	RPL24	RPS14	RPS3A
cluster_1720	3	FAF1	KCTD13	TNFAIP1
cluster_1721	4	ERLIN2	INSIG1	SCAP	SREBF1
cluster_1722	3	ACVRL1	BAMBI	TGFBR1
cluster_1723	7	COG1	COG2	COG3	COG4	COG5	COG7	NTRK1
cluster_1724	3	EED	SRSF8	SUZ12
cluster_1725	3	HLA-DMB	HLA-DOA	HLA-DOB
cluster_1726	4	EXOSC2	EXOSC4	EXOSC9	LRRC47
cluster_1727	3	CIAO1	FBL	RRP1B
cluster_1728	4	EIF3A	EIF3D	EIF3M	IKBKE
cluster_1729	14	MED1	MED12	MED13	MED14	MED15	MED17	MED21	MED23	MED24	MED25	MED26	MED6	MED7	SREBF1
cluster_1730	3	GIGYF2	PRPF6	PRPF8
cluster_1731	4	CLK2	CLK3	SRSF12	ZNF638
cluster_1732	3	FBXW7	PSMA2	PSMA4
cluster_1733	4	BAG2	PSMC4	PSMD2	PSMD6
cluster_1734	7	ACTB	DMAP1	EPC1	MBTD1	MORF4L1	MORF4L2	MRGBP
cluster_1735	4	H2AC20	H2BC21	KAT2A	KAT2B
cluster_1736	7	RBCK1	RNF31	RPS27A	SHARPIN	UBA52	UBB	UBC
cluster_1737	3	CCDC68	RPS21	RPSA
cluster_1738	3	H2AC20	H2BC21	H4C1
cluster_1739	3	ATG12	EIF3A	EIF3E
cluster_1740	3	CDC73	PSMC2	PSMD2
cluster_1741	4	NPM1	RPL18	RPS14	SPTY2D1
cluster_1742	3	CWC27	LSM2	LSM6
cluster_1743	4	SAFB	SON	SRSF7	U2AF1
cluster_1744	3	ASCC1	CSRP1	TRIP4
cluster_1745	5	COPS5	COPS6	CUL3	DCUN1D1	KLHL8
cluster_1746	3	SF3B2	SF3B3	TMOD2
cluster_1747	3	RABGAP1	RABGAP1L	TUFT1
cluster_1748	3	EIF3C	EIF3E	SMAD9
cluster_1749	4	ACIN1	EPB41L2	EPB41L3	PNN
cluster_1750	3	DSC1	DSG1	JUP
cluster_1751	4	CCDC8	RFC2	RFC3	RFC5
cluster_1752	3	AP2A1	AP2B1	MMS19
cluster_1753	3	PTGES2	UQCR11	UQCRQ
cluster_1754	3	CNDP2	RPL23	RPLP2
cluster_1755	3	GABARAPL1	KEAP1	PGAM2
cluster_1756	6	ABCF1	PSMC5	PSMC6	PSMD13	PSMD7	PSMD8
cluster_1757	3	FTSJ3	PSMC2	PSMC4
cluster_1758	3	DNAJA3	NDUFA9	NDUFS7
cluster_1759	4	COPS2	COPS3	COPS4	IBTK
cluster_1760	4	FLNA	MYO19	PPP1CB	TJP1
cluster_1761	3	DGKE	IFT46	IFT70A
cluster_1762	5	EMSY	GATAD1	KDM5A	PHF12	SIN3B
cluster_1763	3	ASXL2	BAP1	MBD6
cluster_1764	4	CRY1	CRY2	CSNK1D	CSNK1E
cluster_1765	3	GATAD1	NFE2L1	PHF12
cluster_1766	4	PSMD4	PSMD6	PSMD7	UBAC1
cluster_1767	3	CD226	PVR	TIGIT
cluster_1768	6	NUP107	NUP133	NUP43	NUP85	NUP98	SPAST
cluster_1769	4	LMNA	PSMD10	PSMD6	PSMD7
cluster_1770	3	DOC2A	DOC2B	UNC13B
cluster_1771	3	RPL23A	RPS14	SMYD2
cluster_1772	3	DBN1	LIMA1	RNF168
cluster_1773	4	BSG	VPS50	VPS51	VPS53
cluster_1774	3	HNRNPU	ILF2	RHOB
cluster_1775	4	AGO1	AGO2	PHB1	PHB2
cluster_1776	3	RAD18	RPL10A	RPS2
cluster_1777	3	HAS1	HAS2	HAS3
cluster_1778	4	CREBBP	EP300	STAT5A	STAT5B
cluster_1779	3	H2AZ1	H4C1	MBTD1
cluster_1780	4	CRYAB	TRAPPC2	TRAPPC2B	TRAPPC9
cluster_1781	3	HDAC4	NF1	SUMO1
cluster_1782	3	COL7A1	LAMB3	LAMC2
cluster_1783	6	CEP128	CEP135	DVL2	KIAA0753	ODF2	SSX2IP
cluster_1784	3	ELAVL1	PCGF2	PHC1
cluster_1785	3	DEPDC5	ITFG2	KPTN
cluster_1786	3	CUL4B	CUL5	TRIM27
cluster_1787	4	CEP128	CEP135	CSNK1A1	PCM1
cluster_1788	4	JAK1	JAK2	STAM	STAM2
cluster_1789	3	GID8	KSR1	YPEL5
cluster_1790	5	ABCE1	COXFA4	NDUFA13	NDUFA5	NDUFAF4
cluster_1791	3	PHLDB3	PKN3	SKAP1
cluster_1792	8	NDUFA2	NDUFS2	NDUFS3	NDUFS6	NDUFS8	NDUFV1	NDUFV2	SDHA
cluster_1793	4	AP5Z1	FOXK1	FOXK2	HCFC1
cluster_1794	3	ORAI1	TRPC1	TRPC3
cluster_1795	4	EIF2B1	EIF2B2	EIF2B4	EIF2S1
cluster_1796	3	COPS4	GPS1	PTPN14
cluster_1797	6	PSMB6	PSMC2	PSMC4	PSMC5	PSMD13	ZCCHC8
cluster_1798	3	DMAP1	ING1	MRGBP
cluster_1799	3	ATG2A	ATG2B	WDR45
cluster_1800	4	ATP1A1	ATP6V1A	DDOST	RPN1
cluster_1801	5	NR0B2	SMARCA2	SMARCB1	SMARCC1	SMARCE1
cluster_1802	3	EIF3A	EIF3D	TFIP11
cluster_1803	4	NDUFA12	NDUFS5	NDUFV2	UQCRC1
cluster_1804	3	POP7	RMP64	UBE2O
cluster_1805	4	CEP131	LRRCC1	PCM1	PIBF1
cluster_1806	3	DSTYK	PSMB1	PSMB3
cluster_1807	3	CCT4	CCT6A	MYO19
cluster_1808	3	EIF2B1	EIF2B4	HNRNPL
cluster_1809	4	ATF5	BATF	CEBPE	CEBPG
cluster_1810	3	MRPS31	MRPS33	MRPS5
cluster_1811	4	AIFM1	COX4I1	OMA1	SFXN1
cluster_1812	5	EXOSC7	EXOSC8	RPA1	RPA2	RPA3
cluster_1813	4	PSMC1	PSMC2	PSMD2	RAD21
cluster_1814	5	CUL4A	CUL5	DCUN1D1	DDB1	WSB1
cluster_1815	3	METTL17	MYH9	PPP1CB
cluster_1816	6	ACTR10	ACTR1A	ACTR1B	BMERB1	DCTN4	DCTN6
cluster_1817	3	CEP128	NINL	PALS1
cluster_1818	3	CUL4A	CUL5	TRIM16
cluster_1819	5	CTTNBP2NL	STK24	STRN3	STRN4	TRIM25
cluster_1820	3	FOXP3	NOVA1	NOVA2
cluster_1821	3	PPARGC1A	SRSF4	SRSF6
cluster_1822	4	CMTR2	SNRPE	SNRPG	SNRPN
cluster_1823	3	CUL9	RBX1	UBE2G1
cluster_1824	3	EIPR1	VPS51	VPS54
cluster_1825	3	PCBP2	SRSF3	SRSF7
cluster_1826	3	SOAT1	STOM	VDAC1
cluster_1827	3	ELAVL1	PCGF6	RYBP
cluster_1828	4	PDLIM7	RBCK1	RNF31	SHARPIN
cluster_1829	3	DDX47	SRSF3	TRA2B
cluster_1830	4	EIF3A	EIF3C	EIF3E	NAP1L4
cluster_1831	4	EIF2B2	EIF2B3	EIF2B4	P2RX4
cluster_1832	3	ASB1	CAND1	CUL5
cluster_1833	3	DARS1	MARS1	XPNPEP1
cluster_1834	3	CCDC8	OBSL1	SCIN
cluster_1835	3	IL1R1	IL1RAP	TOLLIP
cluster_1836	3	GPN1	GPN3	UBC
cluster_1837	4	POLR1H	POLR2E	POLR2F	POLR2H
cluster_1838	3	P3H1	ZNF397	ZNF446
cluster_1839	3	CAND1	COPS5	RBM42
cluster_1840	4	DDX23	PRPF8	SNRNP200	ZBTB46
cluster_1841	3	AIMP1	CEP135	OFD1
cluster_1842	3	ANAPC5	CDC23	NCAPH2
cluster_1843	6	EIF2B1	EIF2B2	EIF2B3	EIF2B4	EIF2B5	STX12
cluster_1844	3	EBNA1BP2	MRTO4	MTMR2
cluster_1845	4	GATAD2A	GATAD2B	H2AC20	H2BC21
cluster_1846	4	ACTL6A	ACTR8	INO80	INO80C
cluster_1847	3	DCP1A	DCP1B	SMAD4
cluster_1848	4	TAF1A	TAF1B	TAF1C	TP53
cluster_1849	4	NDUFA1	NDUFA6	NDUFA8	NDUFS6
cluster_1850	3	ALKBH3	HNRNPH1	MATR3
cluster_1851	6	CAND1	COPS5	CUL2	CUL3	CUL4B	RAMAC
cluster_1852	5	CLTC	SOAT1	VDAC1	VDAC2	VDAC3
cluster_1853	5	PGK1	PSMA3	PSMA6	PSMB1	PSMB2
cluster_1854	3	AP5Z1	FOXK1	NAA10
cluster_1855	4	ATN1	GIGYF1	GIGYF2	MAGI1
cluster_1856	3	CSNK2A1	PSMA3	PSMA4
cluster_1857	5	GATAD2A	GATAD2B	MBD3	MTA1	ZBTB46
cluster_1858	3	HNRNPD	SRSF10	SRSF6
cluster_1859	4	AARSD1	ARPC1A	ARPC2	ARPC5
cluster_1860	4	NEDD4	STK24	STK25	STK26
cluster_1861	5	RANBP9	RPS12	RPS13	RPS27	RPS27L
cluster_1862	3	KLHL21	KLHL9	PLK1
cluster_1863	4	ASPM	MZT2B	TUBGCP5	TUBGCP6
cluster_1864	4	COXFA4	FOXRED1	NDUFAF4	NDUFS5
cluster_1865	3	CEP120	CKB	SPICE1
cluster_1866	14	PCK1	PSMA2	PSMA5	PSMB1	PSMB4	PSMB7	PSMC1	PSMC2	PSMC4	PSMC5	PSMD12	PSMD14	PSMD2	PSMD6
cluster_1867	3	EXOSC1	TBL3	WDR36
cluster_1868	3	APP	EIF2B2	EIF2B5
cluster_1869	3	IKZF1	PSMA1	PSMA4
cluster_1870	4	BRCA1	NSMCE1	NSMCE3	SMC5
cluster_1871	3	NUP188	NUP93	SLX4
cluster_1872	4	PPP2CA	PPP2CB	PPP2R1A	VCP
cluster_1873	4	H3-4	H4C1	TAF1A	TAF1B
cluster_1874	5	MRPL13	MRPL15	MRPL38	MRPL41	OGDH
cluster_1875	3	CNOT1	CNOT4	CNOT8
cluster_1876	3	IDH3A	IDH3B	IDH3G
cluster_1877	3	DRD2	KCNJ3	KCNJ9
cluster_1878	3	CKAP5	RPS16	RPS17
cluster_1879	3	SOX2	ZMYND8	ZNF687
cluster_1880	3	EIF2B2	EIF2B3	NMT1
cluster_1881	4	ACTR2	ACTR3	ARPC4	ZPR1
cluster_1882	3	EIF3A	EIF3H	YTHDF2
cluster_1883	4	MED12	MED15	MED16	MYO1C
cluster_1884	3	RPL7A	RPS19	TRAP1
cluster_1885	3	CD2AP	WASHC4	WASHC5
cluster_1886	5	EIF3E	EIF3I	EIF3K	EIF3M	TRAF6
cluster_1887	3	COPS2	COPS7A	PRKD1
cluster_1888	3	ALPG	ALPI	ALPP
cluster_1889	3	TUFT1	VPS50	VPS53
cluster_1890	3	FOXA1	SRSF6	SRSF9
cluster_1891	4	CBL	SHC1	SPTAN1	SPTBN1
cluster_1892	4	RAB30	TRAPPC10	TRAPPC4	TRAPPC9
cluster_1893	3	PPAN	PUM3	RRP9
cluster_1894	5	BBS1	BBS2	BBS7	BBS9	CLUAP1
cluster_1895	3	ACTR3	ARPC4	DNALI1
cluster_1896	5	NOB1	NPM1	RPL10	RPS14	RPS2
cluster_1897	3	DDX18	NOP2	SRSF3
cluster_1898	3	ADAMTS13	F8	VWF
cluster_1899	7	CAPZA2	DBN1	FLNA	KCTD10	LIMA1	MYO18A	MYO1C
cluster_1900	3	EIF2B4	EIF2B5	TRIM25
cluster_1901	4	CNOT1	CNOT3	CNOT7	MEX3C
cluster_1902	5	MAGED2	TUBA1A	TUBA1C	TUBB	TUBB4B
cluster_1903	3	EIF3E	EIF3I	HUWE1
cluster_1904	3	EPC1	KAT5	MBTD1
cluster_1905	5	COPS6	CUL4A	CUL5	DCAF7	DDB1
cluster_1906	3	CEP128	CEP135	PAFAH1B1
cluster_1907	4	EXOC1	SIKE1	STRN	STRN3
cluster_1908	3	PDE3B	PIK3R6	RAPGEF3
cluster_1909	3	ATP6V1D	COMMD4	COMMD8
cluster_1910	4	AP5Z1	FOXK1	RBL1	RBL2
cluster_1911	3	MMS19	PWP2	WDR36
cluster_1912	3	CSH1	CSH2	LOXL2
cluster_1913	3	HNRNPDL	HNRNPH1	LSM14A
cluster_1914	3	ANAPC11	FZR1	MAK
cluster_1915	4	ATXN7L3	H2AC20	H2BC21	USP22
cluster_1916	3	KLHL13	KLHL9	UBE2D1
cluster_1917	3	CDK16	HDAC4	MIF4GD
cluster_1918	3	CCHCR1	TUFT1	VPS51
cluster_1919	3	ANGPT1	ANGPT2	ITGA5
cluster_1920	3	EIF6	PPP2CB	PPP2R1A
cluster_1921	4	C2orf49	DDX1	FAM98B	RTRAF
cluster_1922	6	GFPT1	PSMC2	PSMC4	PSMD2	PSMD3	PSMD4
cluster_1923	3	ARFGEF1	KANK1	KIF21A
cluster_1924	4	AKR1C1	AKR1C2	AKR1C3	AKR1C4
cluster_1925	6	MID2	PSMB5	PSMC2	PSMD11	PSMD2	PSMD3
cluster_1926	4	CEP128	CEP135	NDE1	OFD1
cluster_1927	3	FBN1	FBN2	MFAP5
cluster_1928	5	PSMC2	PSMC4	PSMC5	PSMD7	TRIM5
cluster_1929	3	PEX1	PEX26	PEX6
cluster_1930	3	MED19	MED9	NUMA1
cluster_1931	3	IRF2BP2	IRF2BPL	RBM39
cluster_1932	3	ACLY	PPP2R2A	PPP2R2D
cluster_1933	4	EIF2B1	EIF2B4	EIF2B5	EIF2S2
cluster_1934	6	NME2	RPL38	RPS16	RPS19	RPS3	RPS6
cluster_1935	3	EZR	SEPTIN6	SEPTIN8
cluster_1936	3	HNRNPA3	HNRNPH3	PUF60
cluster_1937	3	ARID2	PBRM1	SMARCAD1
cluster_1938	3	HSPA5	TCTN2	TCTN3
cluster_1939	4	IFT20	IFT27	IFT57	SCLT1
cluster_1940	3	ECT2	RFC2	RFC5
cluster_1941	4	AP4B1	AP4E1	AP4S1	TEPSIN
cluster_1942	3	PRKCB	RBCK1	RNF31
cluster_1943	4	AURKB	KLHL13	KLHL21	KLHL9
cluster_1944	3	TNNC1	TNNI1	TNNT2
cluster_1945	3	CRBN	PSMA2	PSMB4
cluster_1946	3	AURKA	MED16	MED26
cluster_1947	3	HNRNPA3	HNRNPAB	LIN28A
cluster_1948	3	PAM16	SLC25A29	TFB2M
cluster_1949	4	BBS2	BBS7	THBS3	THBS4
cluster_1950	3	CD79B	VPS50	VPS51
cluster_1951	7	MRPL10	MRPL3	MRPL35	MRPL39	MRPL4	MRPL41	MRPL47
cluster_1952	6	EIF3B	EIF3C	EIF3E	EIF3I	EIF3K	EIF6
cluster_1953	3	LUC7L3	MED19	MED29
cluster_1954	3	CX3CL1	FN1	ITGA4
cluster_1955	5	G3BP1	GIGYF2	PHLDB2	SIPA1L1	ZNF638
cluster_1956	4	EPB41	SF3A1	SF3A3	SNRNP200
cluster_1957	4	AFF1	AFF4	ELL2	SIAH1
cluster_1958	3	CCDC8	CUL7	GNA13
cluster_1959	3	CCT6A	CCT6B	FASN
cluster_1960	4	ARRB1	ARRB2	BCLAF1	THRAP3
cluster_1961	3	RPL10	RPL10A	SRPRA
cluster_1962	4	CIITA	PSMC2	PSMC3	PSMC5
cluster_1963	4	CBL	FLT1	KDR	SHC1
cluster_1964	4	CTBP1	CTBP2	EHMT1	WIZ
cluster_1965	4	EGFR	PPP2CB	PPP2R1A	PPP2R1B
cluster_1966	3	PLPP1	PLPP2	PLPP3
cluster_1967	4	BORCS6	LAMTOR1	LAMTOR2	LAMTOR4
cluster_1968	3	MAPK6	SEPTIN3	SEPTIN5
cluster_1969	4	LRRK2	MTA1	RBBP4	RBBP7
cluster_1970	3	CAPZA2	MYO5C	N4BP3
cluster_1971	3	LIME1	STX6	STX7
cluster_1972	3	UBR5	UTP15	WDR43
cluster_1973	3	MRPS11	MRPS34	SUPV3L1
cluster_1974	3	GSK3B	RPLP1	RPS2
cluster_1975	3	ESRRA	ESRRG	SUMO1
cluster_1976	3	ATP6AP2	LAMTOR1	LAMTOR2
cluster_1977	3	EIF3I	EIF3K	YBX1
cluster_1978	4	CCT3	CCT6A	CCT6B	CLTC
cluster_1979	3	BBS2	BBS5	BBS9
cluster_1980	5	MED10	MED19	MED29	MED6	TARDBP
cluster_1981	4	FOXR2	POMP	PSMG1	PSMG2
cluster_1982	4	DPYSL2	DPYSL3	DPYSL4	DPYSL5
cluster_1983	3	IL6ST	LIF	LIFR
cluster_1984	3	EZH1	LCOR	MTF2
cluster_1985	3	CEP135	CEP290	ISOC1
cluster_1986	3	BYSL	PWP2	WDR3
cluster_1987	3	CTTNBP2	MOB4	RAPGEF2
cluster_1988	4	RRN3	TAF1A	TAF1C	TAF1D
cluster_1989	3	NCOA4	PSMC1	PSMD14
cluster_1990	5	NUP133	NUP160	NUP43	NUP85	POM121
cluster_1991	3	ZNF232	ZNF444	ZSCAN30
cluster_1992	3	FGF2	RPL6	RPS19
cluster_1993	3	MAD2L2	SHLD1	SHLD2
cluster_1994	4	PSMC2	PSMD3	PSMD4	SPRTN
cluster_1995	3	IFT43	IFTAP	PLK1
cluster_1996	3	RPS6	RPS6KA2	RRP1B
cluster_1997	3	CERKL	EIF3G	EIF3I
cluster_1998	5	BTBD1	COPS5	COPS6	CUL3	CUL5
cluster_1999	3	ABI3	EIF3H	EIF3M
